year,date,R0,R0_smoothed
2017,2017-01-01,1.252910575126293,1.252910575126293
2017,2017-01-02,0.8543204515514743,1.1699263223988003
2017,2017-01-03,1.539539548139464,1.3694508557364977
2017,2017-01-04,1.0295334051580447,1.3292154719593834
2017,2017-01-05,1.200841390905595,1.3123140406228466
2017,2017-01-06,1.3113346836240936,1.3208917655172414
2017,2017-01-07,1.3974514476404432,1.3325342210612021
2017,2017-01-08,1.1179361239182464,1.309303868793412
2017,2017-01-09,0.811494012976952,1.27013711504326
2017,2017-01-10,0.5029445413991455,1.2414161157283305
2017,2017-01-11,0.9976069511653308,1.228610720475922
2017,2017-01-12,1.4944525222570586,1.2927485560026961
2017,2017-01-13,1.2896400662725729,1.3044372124374626
2017,2017-01-14,0.890469330928579,1.2815445355582675
2017,2017-01-15,0.3892593953076233,1.2479534332242368
2017,2017-01-16,0.18132330030469304,1.2374899416178438
2017,2017-01-17,1.1312741873170882,1.1674682930686202
2017,2017-01-18,1.403555273770693,1.2026839230433988
2017,2017-01-19,0.9216711087937677,1.1887228083413364
2017,2017-01-20,0.2117473998987627,1.150554457140145
2017,2017-01-21,1.548465687488008,1.1896757406159026
2017,2017-01-22,1.3451514723026496,1.2245675527171684
2017,2017-01-23,1.3967323106800054,1.2976973559862908
2017,2017-01-24,0.4216352640768742,1.2977577864376797
2017,2017-01-25,0.021421254835931228,1.2843379756857731
2017,2017-01-26,0.7915507224620266,1.2134807764298006
2017,2017-01-27,1.3792896311329814,1.2034843970515279
2017,2017-01-28,1.349705704999428,1.2817065672985681
2017,2017-01-29,1.2137597735235348,1.3146604990445636
2017,2017-01-30,1.1253694209972938,1.3299460177686127
2017,2017-01-31,1.2493063592740767,1.346725989388603
2017,2017-02-01,1.267141109619117,1.3462427283835883
2017,2017-02-02,1.0779672838875578,1.345511094340888
2017,2017-02-03,0.7968640030249302,1.3403290942994264
2017,2017-02-04,1.474142661219468,1.342116885481639
2017,2017-02-05,1.1598330895824256,1.3255944845171221
2017,2017-02-06,0.5519615374302542,1.2674508479753883
2017,2017-02-07,1.5937795427830075,1.3228095106768956
2017,2017-02-08,1.3472249694582716,1.3351888400563945
2017,2017-02-09,1.3462621752929809,1.3458559084163737
2017,2017-02-10,1.2373609125234841,1.337355728356517
2017,2017-02-11,0.4004362020527136,1.3149576871131132
2017,2017-02-12,0.019977590992812762,1.3071737510611612
2017,2017-02-13,0.04795488847408643,1.3040491547340713
2017,2017-02-14,0.009090870872317981,1.2690817943108552
2017,2017-02-15,1.0237514049474026,1.2346138367972683
2017,2017-02-16,1.0788262865353642,1.236797585381389
2017,2017-02-17,0.4650492736359515,1.2237407036543326
2017,2017-02-18,0.07808344280689462,1.1132538218734518
2017,2017-02-19,0.172471265665209,1.0714769626491591
2017,2017-02-20,0.9157172996995087,1.0899552922076983
2017,2017-02-21,1.091269386901812,0.9730039372521848
2017,2017-02-22,1.2079220864865738,0.9211806627952579
2017,2017-02-23,0.2126824104727927,0.6998899260011637
2017,2017-02-24,1.3709801456791368,0.7321693140548553
2017,2017-02-25,1.2281556991399354,0.8371518820166501
2017,2017-02-26,0.9901660838002013,0.9007872351401508
2017,2017-02-27,1.2865428139238841,1.0215319961720954
2017,2017-02-28,0.9430773040877458,1.0524630944705236
2017,2017-03-01,0.33258718136174564,1.0220791531483313
2017,2017-03-02,0.2892146088611548,0.9835189943344512
2017,2017-03-03,1.5210138873231784,1.0775275235374924
2017,2017-03-04,1.6343271925526628,1.19260584821987
2017,2017-03-05,1.5360501446100585,1.260647931801353
2017,2017-03-06,1.2832535105246254,1.2762315054882136
2017,2017-03-07,0.9822384930094873,1.2714108763715353
2017,2017-03-08,1.0915036251365577,1.265076592086552
2017,2017-03-09,1.111808919553838,1.2802286855206668
2017,2017-03-10,1.2729269239751713,1.2723183745693312
2017,2017-03-11,1.114262409673478,1.264679662133997
2017,2017-03-12,1.1827334179636653,1.2754165990686148
2017,2017-03-13,0.7566504902913893,1.3722284541512926
2017,2017-03-14,1.410660531022543,1.398532116877862
2017,2017-03-15,0.4227152703957674,1.396639735608546
2017,2017-03-16,1.2002879522882832,1.3958298016798942
2017,2017-03-17,1.437400548646299,1.3932349963274842
2017,2017-03-18,1.0988401618360428,1.3598782074127804
2017,2017-03-19,0.0,1.4288413490624334
2017,2017-03-20,1.2754553968473517,1.4354019086018774
2017,2017-03-21,1.2752054962551937,1.4351273782100724
2017,2017-03-22,0.6531688148705239,1.4459283859890701
2017,2017-03-23,0.1372935353836212,1.4747955395335763
2017,2017-03-24,1.6673220352806737,1.4973854263260102
2017,2017-03-25,1.4361830392453079,1.5006068167314663
2017,2017-03-26,0.7965314208989512,1.5110858638619329
2017,2017-03-27,0.1857174211961899,1.4731014967004055
2017,2017-03-28,0.11076730619469478,1.4665903007829668
2017,2017-03-29,1.52449505458914,1.5070882498373235
2017,2017-03-30,1.1999003234360772,1.5085154251714257
2017,2017-03-31,1.1440827040629602,1.5008364667991527
2017,2017-04-01,1.3990825634220938,1.5099797952481333
2017,2017-04-02,1.229408547271697,1.377798086611595
2017,2017-04-03,0.6322434557693963,1.300059950754344
2017,2017-04-04,0.06016391965760197,1.244460835978023
2017,2017-04-05,0.5352449657813865,1.2395926672115016
2017,2017-04-06,1.1070629053553696,1.2598752876270565
2017,2017-04-07,1.210743945646423,1.2018664363208054
2017,2017-04-08,1.1819608726626893,1.1551508578078526
2017,2017-04-09,0.7655308403411079,1.151282520123816
2017,2017-04-10,1.23308975225353,1.1910706913359541
2017,2017-04-11,0.8588899705492385,1.2061751033979848
2017,2017-04-12,1.261267952796252,1.1136562928006293
2017,2017-04-13,1.0670490956223757,1.1027612664899862
2017,2017-04-14,1.5070824126212952,1.1701686368126067
2017,2017-04-15,1.512347106602513,1.196389276866178
2017,2017-04-16,1.2836355186668782,1.2089495153169894
2017,2017-04-17,1.3565233754880224,1.2462546750244659
2017,2017-04-18,1.4941006886648063,1.318173246715222
2017,2017-04-19,1.0252352243993608,1.3211997391301449
2017,2017-04-20,0.19283290179355897,1.3119279174055445
2017,2017-04-21,1.1513041977568814,1.3125064814823884
2017,2017-04-22,1.0568481659079532,1.311922440347288
2017,2017-04-23,0.8417591377933077,1.3163697486217816
2017,2017-04-24,0.7577660545274671,1.3056331888849129
2017,2017-04-25,1.109990662887387,1.3127435240453877
2017,2017-04-26,0.9642782360138815,1.3020976471162624
2017,2017-04-27,0.540708237876719,1.296127567617196
2017,2017-04-28,1.5513026448365173,1.3117610811677458
2017,2017-04-29,1.2183489835404615,1.2699551321684677
2017,2017-04-30,0.7790430612527388,1.2328441894002646
2017,2017-05-01,0.2837651816328599,1.1805074707506416
2017,2017-05-02,1.2858171431156484,1.0912631908715398
2017,2017-05-03,1.0516937807184614,1.0926588084953228
2017,2017-05-04,1.3294971398751794,1.1526986504303438
2017,2017-05-05,1.2022508296194172,1.156406489461001
2017,2017-05-06,0.26935740889445614,1.1276424860142635
2017,2017-05-07,1.3301912393190458,1.1591451184546968
2017,2017-05-08,1.3490265174355267,1.1931621463350324
2017,2017-05-09,0.9151930127434686,1.1832236603059443
2017,2017-05-10,0.4591120895053795,1.1652759876899725
2017,2017-05-11,0.8996844772132605,1.1726436840390404
2017,2017-05-12,0.6886813600694119,1.0493796356235205
2017,2017-05-13,0.7452257237625901,1.0036595409622566
2017,2017-05-14,0.6306674714359315,1.0003700508549056
2017,2017-05-15,1.3263253002915267,1.062283358147434
2017,2017-05-16,1.7379453074984412,1.1460487397305117
2017,2017-05-17,0.8517515725744392,1.1364798575516426
2017,2017-05-18,0.0989990885796762,1.062455398989956
2017,2017-05-19,0.1645452559335921,1.0069025607425948
2017,2017-05-20,0.30697347264446356,1.01099148572272
2017,2017-05-21,0.9787343822222065,0.974643374851541
2017,2017-05-22,0.3922288495594515,0.8900124421752887
2017,2017-05-23,1.1723562379378873,0.9162800169469236
2017,2017-05-24,0.30121831926368986,0.9098882084587224
2017,2017-05-25,0.03573102124265227,0.8547299749616856
2017,2017-05-26,0.010281651139733314,0.8067237921466274
2017,2017-05-27,0.008977721778241523,0.7501963419797041
2017,2017-05-28,0.03888467371592494,0.7058407308158462
2017,2017-05-29,0.6211059223595697,0.6362803776371612
2017,2017-05-30,1.2493134977718683,0.4739911456550492
2017,2017-05-31,1.5007631994553436,0.6424241026990017
2017,2017-06-01,0.8547206836054798,0.7011032740606237
2017,2017-06-02,1.4142138547236571,0.86091960154103
2017,2017-06-03,0.6006977842276875,0.8761302800451113
2017,2017-06-04,0.029788006216283833,0.8101354292095063
2017,2017-06-05,0.1032253388121439,0.7898861302007351
2017,2017-06-06,0.3275337715253599,0.7168671048001618
2017,2017-06-07,0.9596019386370952,0.7624717828664072
2017,2017-06-08,0.37033549899595597,0.7863973899860279
2017,2017-06-09,0.08237975640552427,0.7929077413801231
2017,2017-06-10,0.20043786668541844,0.8099970713287827
2017,2017-06-11,0.06859432482018568,0.8104428462744125
2017,2017-06-12,0.6670238584871838,0.8120936412849893
2017,2017-06-13,0.910762465742655,0.7703092717109882
2017,2017-06-14,0.6433342852635612,0.6075731905199578
2017,2017-06-15,0.3170152144636394,0.5660313349553738
2017,2017-06-16,0.1896234099138483,0.3859094152068397
2017,2017-06-17,1.0914633676741647,0.4363027646234351
2017,2017-06-18,0.23655779648340175,0.45779772559871357
2017,2017-06-19,0.028269994519446777,0.44731799898853464
2017,2017-06-20,0.016530118695322824,0.416936168724248
2017,2017-06-21,0.5592223312452985,0.3840557192891821
2017,2017-06-22,1.1060110341495164,0.5184340280645303
2017,2017-06-23,0.8727417749772025,0.5920410241063774
2017,2017-06-24,0.2401351804916381,0.5914395646628102
2017,2017-06-25,0.2161423251213725,0.6013046172458008
2017,2017-06-26,0.048286189546774216,0.5532306970879618
2017,2017-06-27,0.09135647694533108,0.4881232438564972
2017,2017-06-28,0.1482426410625061,0.45239082379802936
2017,2017-06-29,0.028487165107802408,0.42478353314230005
2017,2017-06-30,0.18743984405887884,0.423986311523853
2017,2017-07-01,1.4762392325184894,0.6020816557610933
2017,2017-07-02,0.9595663479605218,0.6608668684740009
2017,2017-07-03,0.45560047698401135,0.6908289029526534
2017,2017-07-04,0.6491496897164272,0.7316356076645775
2017,2017-07-05,0.3806793618828728,0.7177365026775109
2017,2017-07-06,0.16461090760091415,0.5936680250083042
2017,2017-07-07,0.002426583144841361,0.5096092180543694
2017,2017-07-08,0.003084799827291769,0.4824877988009896
2017,2017-07-09,0.02954995558832901,0.4638796391697158
2017,2017-07-10,1.0337577759224126,0.5483511073050975
2017,2017-07-11,0.17186818610655236,0.5549220139166738
2017,2017-07-12,2.7670793790521257e-05,0.5295665104141377
2017,2017-07-13,4.6623569475385926e-05,0.5184700352756793
2017,2017-07-14,0.06446145939027445,0.5038772772528342
2017,2017-07-15,0.21909918680216653,0.25427736001822576
2017,2017-07-16,0.028148823107222585,0.17977665144589228
2017,2017-07-17,0.0009384935597287191,0.1428270142548114
2017,2017-07-18,0.0011269923270254346,0.09744960987072752
2017,2017-07-19,0.00040213267795717036,0.0703800942208792
2017,2017-07-20,6.516178847556447e-05,0.05590641999849517
2017,2017-07-21,0.0011966245062475847,0.05518731613916193
2017,2017-07-22,0.0033492506308418026,0.055104293928237714
2017,2017-07-23,0.014998691912471784,0.053506166738191294
2017,2017-07-24,0.2178293229322007,0.024455404741169084
2017,2017-07-25,0.08546763023062479,0.021518647306537016
2017,2017-07-26,0.023662463850342333,0.024676990100203623
2017,2017-07-27,0.00256252788681557,0.025770724214100645
2017,2017-07-28,0.00019200570356094898,0.020543931505401406
2017,2017-07-29,4.858358046544571e-07,0.011492008330880604
2017,2017-07-30,7.175101063736769e-08,0.009126728734551958
2017,2017-07-31,0.0006803820927757604,0.009084885923986515
2017,2017-08-01,0.056957064259989865,0.012103305537256682
2017,2017-08-02,0.20065031300540184,0.020276962155028125
2017,2017-08-03,0.00541853346266727,0.021789819946291318
2017,2017-08-04,0.01396129256360235,0.023679751543228624
2017,2017-08-05,0.16365017670577375,0.03215019589521812
2017,2017-08-06,0.19816310165331089,0.04138279245191923
2017,2017-08-07,0.4797491553915048,0.04974613810791364
2017,2017-08-08,0.20047484927812553,0.05516831595101471
2017,2017-08-09,0.15936717065534534,0.06384925664928873
2017,2017-08-10,0.10902829112502173,0.07421714078353599
2017,2017-08-11,0.009507881095034955,0.07730770279317635
2017,2017-08-12,0.002606979289078944,0.07924418187869366
2017,2017-08-13,0.0009481473896507656,0.0805163565537171
2017,2017-08-14,0.0014411676241843593,0.08110757815880948
2017,2017-08-15,0.0016408068047858524,0.07367603041255927
2017,2017-08-16,0.001862573065929912,0.058444296483902626
2017,2017-08-17,0.00423861436874479,0.05824853249430713
2017,2017-08-18,0.0017537544707957825,0.05580964668785344
2017,2017-08-19,6.872347058180827e-06,0.04331436745003171
2017,2017-08-20,0.0,0.030589925013044656
2017,2017-08-21,0.0972690526056248,0.020147900686085195
2017,2017-08-22,0.05984560334798032,0.015734207591583536
2017,2017-08-23,0.0807842313265971,0.013561635877544243
2017,2017-08-24,1.348922263865019,0.06284191764841165
2017,2017-08-25,0.4419544632228728,0.08693320339737055
2017,2017-08-26,0.011916507496528417,0.08914560105060049
2017,2017-08-27,0.0050541184193997135,0.09071566962634195
2017,2017-08-28,0.005215966285091865,0.09203567523705942
2017,2017-08-29,0.09065545888376551,0.10327502677358646
2017,2017-08-30,0.6681744255293058,0.14716587859232397
2017,2017-08-31,0.9133881221303422,0.21434073490323924
2017,2017-09-01,0.1844942264594473,0.23834309622241728
2017,2017-09-02,0.0349788674339997,0.24925980146363824
2017,2017-09-03,0.008665897841669972,0.2553001057327386
2017,2017-09-04,0.21837908604368314,0.265360171728681
2017,2017-09-05,0.15735761601756532,0.2756755074928006
2017,2017-09-06,0.0770877297676406,0.2753006436923388
2017,2017-09-07,0.044177480923387254,0.15783758394728986
2017,2017-09-08,0.05611152549403207,0.13260634286146794
2017,2017-09-09,0.00671853162349789,0.13120739142860738
2017,2017-09-10,0.0032963378335437404,0.1304545877007945
2017,2017-09-11,0.018259513463696708,0.13452021241628245
2017,2017-09-12,1.7048959125971679,0.3403000669492923
2017,2017-09-13,1.6509845786258102,0.5271751914685866
2017,2017-09-14,0.6001976865563615,0.5001382378454559
2017,2017-09-15,0.03927115952190981,0.48323624951400446
2017,2017-09-16,1.032010127889742,0.5685858332192203
2017,2017-09-17,0.8163075575006751,0.6400567882242587
2017,2017-09-18,1.2202387378676756,0.7463395163406759
2017,2017-09-19,0.3315020791631236,0.7600691517110936
2017,2017-09-20,0.07911447372437741,0.760233191810329
2017,2017-09-21,0.6937734676665177,0.8079036164525452
2017,2017-09-22,1.4556420368240175,0.9379324869060827
2017,2017-09-23,1.0149246383831076,1.0029157207034232
2017,2017-09-24,0.46239622077766623,1.0299738172331128
2017,2017-09-25,0.6692002312306718,1.0572165146526487
2017,2017-09-26,1.2376953496091807,0.9820600052887788
2017,2017-09-27,0.752680984302742,0.84951778943668
2017,2017-09-28,0.5982048768670299,0.8474291045657926
2017,2017-09-29,1.0528590712407655,0.9126479075097202
2017,2017-09-30,1.0506437544491105,0.9134049879160707
2017,2017-10-01,0.1965208051344239,0.8782017163365078
2017,2017-10-02,0.014978295708051585,0.7789787900516041
2017,2017-10-03,0.0007178370676568409,0.7525300242150239
2017,2017-10-04,0.0013298402082688823,0.7425178159059325
2017,2017-10-05,0.05757124555881336,0.6972691939247236
2017,2017-10-06,1.657898888282251,0.8558653699087008
2017,2017-10-07,1.3585379396350574,0.9354210332417033
2017,2017-10-08,0.6986855241172957,0.9481097911583507
2017,2017-10-09,0.12278259774566871,0.9130458544273067
2017,2017-10-10,0.7453899089405794,0.8559394280586591
2017,2017-10-11,0.2833345363677733,0.8274566224738774
2017,2017-10-12,0.2387678647434396,0.8080988133075656
2017,2017-10-13,1.0406567125084825,0.8073820092464487
2017,2017-10-14,1.4755332782830972,0.8844260711489208
2017,2017-10-15,1.0072535672701828,0.9356802070055915
2017,2017-10-16,1.0229983403881642,0.9953597346859292
2017,2017-10-17,0.7082048748809884,1.0257771931344188
2017,2017-10-18,0.8468581115449689,1.0609721984825002
2017,2017-10-19,0.3851321746506144,1.072593114644174
2017,2017-10-20,0.08760674719522679,0.8645711508710628
2017,2017-10-21,0.006885190892371648,0.7139851349985666
2017,2017-10-22,0.0019639766559910203,0.6544692021071266
2017,2017-10-23,0.8725205117437579,0.7115990369731439
2017,2017-10-24,1.2895299846176609,0.789808967652245
2017,2017-10-25,0.5921090897676257,0.8088184247594461
2017,2017-10-26,0.8999544646925889,0.852694922772251
2017,2017-10-27,0.38187292867590295,0.8046176095112593
2017,2017-10-28,0.08015527652239907,0.6476062814305479
2017,2017-10-29,0.18514936991503522,0.5803842113911788
2017,2017-10-30,0.7464881590550636,0.5508554254230831
2017,2017-10-31,0.637922287962735,0.5452782282903347
2017,2017-11-01,0.17218724606178262,0.49115519331478075
2017,2017-11-02,0.026551412237598198,0.45783582591307403
2017,2017-11-03,0.5626714558264214,0.4950264742677059
2017,2017-11-04,1.1990744119553842,0.6069848582558295
2017,2017-11-05,1.3654482396091163,0.7383518348611693
2017,2017-11-06,0.7438088126485918,0.7281287493547317
2017,2017-11-07,0.4147006135207575,0.6238937319011086
2017,2017-11-08,0.11668163445296881,0.5875783187031461
2017,2017-11-09,0.04171329615672585,0.5103010509002159
2017,2017-11-10,1.4740452748935415,0.6355622845146175
2017,2017-11-11,0.971343573151822,0.7042160745784369
2017,2017-11-12,1.0672027982525754,0.7704125550523079
2017,2017-11-13,1.0476865592084517,0.7954596269521271
2017,2017-11-14,0.40316728120915046,0.7806388068466488
2017,2017-11-15,1.0985502291373068,0.8482626927039235
2017,2017-11-16,0.9020389662879891,0.905207003903625
2017,2017-11-17,0.10660429570904227,0.8755721146225642
2017,2017-11-18,0.5742964663644414,0.8262854235795379
2017,2017-11-19,0.08248002405203624,0.7175759135709109
2017,2017-11-20,0.0049574297714785245,0.6595464869841325
2017,2017-11-21,0.01013227634354185,0.6216969058898654
2017,2017-11-22,0.011425496517988477,0.6075268162192365
2017,2017-11-23,0.8363728527097399,0.6685792512530796
2017,2017-11-24,1.3129387640211865,0.6358459893655951
2017,2017-11-25,1.5173066952591971,0.7573064975471594
2017,2017-11-26,1.0859757157764913,0.7629124270817426
2017,2017-11-27,0.7088063526489777,0.7343781200061568
2017,2017-11-28,0.42586153450596076,0.7366330204581348
2017,2017-11-29,1.0386007837602733,0.7310148480726427
2017,2017-11-30,1.1329140756456173,0.7521678608137619
2017,2017-12-01,0.987301424680488,0.8152784833572948
2017,2017-12-02,0.8426489491359359,0.8333310317595952
2017,2017-12-03,0.20147256951256984,0.8433851234899432
2017,2017-12-04,0.0019049596218610174,0.8434744520411916
2017,2017-12-05,0.0025423742435814953,0.8443020730077165
2017,2017-12-06,0.13641135526051526,0.8601740000850507
2017,2017-12-07,1.2980805910028534,0.9115081024272413
2017,2017-12-08,0.5084484687068208,0.8436390071360258
2017,2017-12-09,0.6847974114354456,0.7062670339492146
2017,2017-12-10,1.2973126379569375,0.7329896115630806
2017,2017-12-11,1.2241386914029444,0.7861409264255587
2017,2017-12-12,1.501484366403283,0.9245356946962123
2017,2017-12-13,1.4081894429793593,1.014364332793519
2017,2017-12-14,1.1428732776017154,1.0207946126986636
2017,2017-12-15,0.25518128840206655,0.9784968466859095
2017,2017-12-16,0.8770935487988192,0.9790927955185792
2017,2017-12-17,0.969338978920017,1.0162098216147233
2017,2017-12-18,1.0719818808360897,1.0680192216577578
2017,2017-12-19,1.488741120919049,1.2211760502404412
2017,2017-12-20,1.387102030786275,1.2615059885200317
2017,2017-12-21,1.0382953627302545,1.2471173815149124
2017,2017-12-22,1.4546383118730088,1.293217990081349
2017,2017-12-23,1.1293524472595518,1.3033005413740473
2017,2017-12-24,1.4616218366781957,1.322666320679043
2017,2017-12-25,1.2196806759247962,1.3214200349049108
2017,2017-12-26,1.1405429330140442,1.2945424851318796
2017,2017-12-27,1.2740129948633885,1.2992848852383316
2017,2017-12-28,1.1016519450662778,1.2956850977167789
2017,2017-12-29,1.262253672334508,1.319087266997671
2017,2017-12-30,0.9160038004981037,1.3081591079255217
2017,2017-12-31,0.4989584611048269,1.2876908753763954
2018,2018-01-01,0.056199853191018376,0.056199853191018376
2018,2018-01-02,0.20930188404041705,0.12315421059127447
2018,2018-01-03,0.5854634209314471,0.2673945205491858
2018,2018-01-04,0.5589971175079503,0.3496221956259257
2018,2018-01-05,0.33073044369226967,0.3459408011974475
2018,2018-01-06,0.1790944071635606,0.3186272965603232
2018,2018-01-07,0.6970633732003882,0.37673609399408264
2018,2018-01-08,0.6659491011775006,0.42225515652949286
2018,2018-01-09,0.3451190605331126,0.41412807715829203
2018,2018-01-10,0.1939351213109407,0.3895626562081097
2018,2018-01-11,0.323925748624843,0.3840608612306548
2018,2018-01-12,0.4216912217962033,0.3874945379880408
2018,2018-01-13,0.47547727781658594,0.39467797485872236
2018,2018-01-14,0.5857056032552846,0.4128313085125129
2018,2018-01-15,0.793835193155969,0.47081174822612776
2018,2018-01-16,0.8650299578294899,0.5237571489137747
2018,2018-01-17,0.8941974508004676,0.561124488529837
2018,2018-01-18,0.9464144723958419,0.6238329635376711
2018,2018-01-19,0.6164200124206993,0.6408942578627445
2018,2018-01-20,0.15023739439671085,0.6404409554401037
2018,2018-01-21,0.42839872276402124,0.6244841208299982
2018,2018-01-22,0.3463370682370614,0.6031404294379609
2018,2018-01-23,0.4317520565615257,0.6100383898363315
2018,2018-01-24,0.8481628980972676,0.6584906640491861
2018,2018-01-25,0.652989720308548,0.6751598175107925
2018,2018-01-26,0.6035700496920866,0.6842952095991286
2018,2018-01-27,0.7316681009044248,0.6996051523201376
2018,2018-01-28,0.9008954920838349,0.723188737783245
2018,2018-01-29,0.11306909578362379,0.6858185407135986
2018,2018-01-30,0.0013212655796557837,0.6330599646775399
2018,2018-01-31,0.6409836974828389,0.60358143848985
2018,2018-02-01,1.2297218008061497,0.7001580239809504
2018,2018-02-02,1.1525867233245974,0.810028232846358
2018,2018-02-03,0.8249673165225946,0.8455224788410838
2018,2018-02-04,0.08235774223662215,0.8334758189591908
2018,2018-02-05,0.0006092245261190972,0.8142000652051204
2018,2018-02-06,0.00010653571592656203,0.7837846457686833
2018,2018-02-07,8.963887197643673e-06,0.72404177225169
2018,2018-02-08,0.0001553855991413354,0.6799881954530497
2018,2018-02-09,0.007113229896192993,0.6409805962309271
2018,2018-02-10,0.7108066121182025,0.638659919794788
2018,2018-02-11,0.873209824660853,0.6431242725936754
2018,2018-02-12,1.0892065679122116,0.7321837760482349
2018,2018-02-13,0.7779598628270914,0.7779700123910114
2018,2018-02-14,0.2796354893551064,0.7560355563446999
2018,2018-02-15,0.6497134027984003,0.6247323209901569
2018,2018-02-16,0.9615638841970251,0.5177551879414998
2018,2018-02-17,0.9918302910664714,0.521114177028693
2018,2018-02-18,0.7934179638213151,0.576878243231602
2018,2018-02-19,0.6053884635698211,0.6271917135307529
2018,2018-02-20,0.08473315698421494,0.6387015441441339
2018,2018-02-21,0.027899412438332348,0.6548809452791925
2018,2018-02-22,0.016471897732471596,0.6579076421360721
2018,2018-02-23,0.2680672222380501,0.6705690511378976
2018,2018-02-24,0.9422174227721766,0.7126073529201148
2018,2018-02-25,0.35985477022961543,0.6742799552328984
2018,2018-02-26,0.1283577908260446,0.5927000304296978
2018,2018-02-27,0.7633411335359875,0.5858066874039797
2018,2018-02-28,0.26385648781321724,0.5843292364656459
2018,2018-03-01,0.06289830810903736,0.5443716920945779
2018,2018-03-02,0.06858903621838221,0.469971606221315
2018,2018-03-03,0.8345472595939318,0.4418034784022481
2018,2018-03-04,0.5646814481827543,0.41183814971247984
2018,2018-03-05,0.3569022828580082,0.3898884353922208
2018,2018-03-06,1.03818776838356,0.4778725498204664
2018,2018-03-07,1.0332411771281484,0.593851870829819
2018,2018-03-08,0.9032366112743857,0.660486335721689
2018,2018-03-09,0.198556605192427,0.6600557459073706
2018,2018-03-10,0.1432274016420463,0.5683446793465563
2018,2018-03-11,0.029959636809966713,0.5463797286543427
2018,2018-03-12,0.0062407920480661025,0.5330821025513686
2018,2018-03-13,0.0281489672853997,0.47543821483341625
2018,2018-03-14,0.39474391075931403,0.4857427198257263
2018,2018-03-15,0.47983867066041525,0.5196780024675092
2018,2018-03-16,1.0278830709201892,0.6071489161343854
2018,2018-03-17,1.0061026184491553,0.6492282987041643
2018,2018-03-18,0.7807643304224281,0.6673441033675638
2018,2018-03-19,0.3289623983103405,0.6644553601546829
2018,2018-03-20,0.08011442377608187,0.5918495033155464
2018,2018-03-21,0.36733283603540734,0.496796853169453
2018,2018-03-22,1.218842494269235,0.5923616426162257
2018,2018-03-23,1.1601121195105264,0.7080640609889678
2018,2018-03-24,0.9588981835193154,0.7676897207142692
2018,2018-03-25,0.3719860249909468,0.7865251359429712
2018,2018-03-26,0.19641013214007574,0.7959931273838888
2018,2018-03-27,0.0799809916754485,0.799886770902138
2018,2018-03-28,1.137881618595685,0.8705373866381425
2018,2018-03-29,0.9778523196504998,0.8964872424748873
2018,2018-03-30,0.9511897061436502,0.8895086085355244
2018,2018-03-31,1.097386677844265,0.9149793746949526
2018,2018-04-01,1.0927173699503843,0.9632237267436956
2018,2018-04-02,1.047099287749775,0.9964840381497774
2018,2018-04-03,0.6816325094336123,1.0110743798833013
2018,2018-04-04,0.39546552122675105,0.9994003129525357
2018,2018-04-05,0.7885201673264088,0.9586785166530878
2018,2018-04-06,0.46633745626601786,0.9093963726270097
2018,2018-04-07,0.4340258048925225,0.8834768766408708
2018,2018-04-08,0.6676762906912289,0.8916292345772826
2018,2018-04-09,0.911312047694284,0.9270210450356635
2018,2018-04-10,0.8655596643579431,0.9443722167487256
2018,2018-04-11,0.8874005010362039,0.9187769068696442
2018,2018-04-12,0.5899354358341768,0.896673305371478
2018,2018-04-13,1.0233270606171712,0.9068280882108597
2018,2018-04-14,0.6504541543844293,0.861610000387811
2018,2018-04-15,0.9296692559174992,0.8120374715247813
2018,2018-04-16,0.9190522447599972,0.8030251888546274
2018,2018-04-17,0.7775489249422508,0.807737637765953
2018,2018-04-18,0.7050963605031966,0.8213727601817619
2018,2018-04-19,0.962276633555136,0.8351321039086392
2018,2018-04-20,0.8279053519518316,0.8539494302223762
2018,2018-04-21,0.4835051569494223,0.8514885820177609
2018,2018-04-22,0.6840062166381701,0.8546871346554124
2018,2018-04-23,0.5202224545335609,0.8228179247180983
2018,2018-04-24,0.6716727855050301,0.8087436413490031
2018,2018-04-25,0.5939481786245224,0.7893165894237586
2018,2018-04-26,0.9112337363340813,0.8101164871135178
2018,2018-04-27,0.5388779119427288,0.7667008196056442
2018,2018-04-28,0.7370114196888076,0.7717225806961991
2018,2018-04-29,0.8490631950651215,0.7646385014001922
2018,2018-04-30,0.6271614932048523,0.7308757547010902
2018,2018-05-01,1.0746573108934232,0.7871617394611237
2018,2018-05-02,0.6595616218513956,0.7839387819006545
2018,2018-05-03,0.8249533059985561,0.7701649008717061
2018,2018-05-04,0.8237376808905197,0.7730461207845353
2018,2018-05-05,0.8706127632096119,0.7976294793569827
2018,2018-05-06,1.010390223709867,0.822543315376713
2018,2018-05-07,1.0214973418751838,0.8733112801549798
2018,2018-05-08,0.40486602795292004,0.8611680953477907
2018,2018-05-09,0.7263822257807298,0.8682533377009947
2018,2018-05-10,0.8155838712889787,0.8606708184454807
2018,2018-05-11,0.2486488079805782,0.8510949010480178
2018,2018-05-12,0.8731182908051068,0.8615242321959027
2018,2018-05-13,0.5609062704213442,0.8460932474583521
2018,2018-05-14,1.1542773614589754,0.8889692830015445
2018,2018-05-15,0.8523695966669009,0.8565975128705408
2018,2018-05-16,0.6414750363847644,0.8539890548430259
2018,2018-05-17,0.8825638575062792,0.8571618179027406
2018,2018-05-18,0.471509132385545,0.8403222621721808
2018,2018-05-19,0.6395683750145124,0.8300428852163885
2018,2018-05-20,1.095786404574417,0.8502342766091513
2018,2018-05-21,0.6651460164302364,0.7992307704355814
2018,2018-05-22,0.9564170917462318,0.83742955846556
2018,2018-05-23,0.7656384648197031,0.8417476975498487
2018,2018-05-24,0.5979024514638874,0.828233959945548
2018,2018-05-25,0.37215663984996483,0.8335837915202794
2018,2018-05-26,0.8407006696982456,0.8306155367610897
2018,2018-05-27,0.6109055297681915,0.8351837680732254
2018,2018-05-28,0.4699098948559763,0.7742569412618056
2018,2018-05-29,0.4373324123253284,0.7457748440028523
2018,2018-05-30,0.4026780076343807,0.7377791148819243
2018,2018-05-31,0.38908459917772775,0.7069701377507792
2018,2018-06-01,0.07471711867710867,0.6878066620431097
2018,2018-06-02,0.003350364379193952,0.6427012864420947
2018,2018-06-03,0.1257079388375275,0.5319027928235192
2018,2018-06-04,0.9622969284187789,0.5635198604054651
2018,2018-06-05,0.3224046985437084,0.4943316875447485
2018,2018-06-06,0.45132419677158936,0.45812218845060887
2018,2018-06-07,0.9944800976540777,0.5864126297984057
2018,2018-06-08,0.9226129927184012,0.6578203622468023
2018,2018-06-09,0.4215808140266359,0.6262725338981144
2018,2018-06-10,0.05258802595262094,0.5814429722377603
2018,2018-06-11,0.0016541972301280516,0.54001871719882
2018,2018-06-12,0.0006824847415435859,0.5019489326239527
2018,2018-06-13,0.003992163706752092,0.4685781079746792
2018,2018-06-14,0.005129292204348611,0.4339467324405921
2018,2018-06-15,0.012017686177080551,0.4250933031616949
2018,2018-06-16,0.5268694027107655,0.47216040801359843
2018,2018-06-17,0.6594755683099764,0.5052954795517017
2018,2018-06-18,0.8850659614923998,0.5125149282824901
2018,2018-06-19,0.5525266221622345,0.5294691480300479
2018,2018-06-20,0.8143266060036195,0.5725142165872779
2018,2018-06-21,0.6025527462338954,0.4660798231338465
2018,2018-06-22,0.18901535767175645,0.36757453226059716
2018,2018-06-23,0.13972341217522963,0.34558773995765946
2018,2018-06-24,0.2356894723331551,0.3647549474333761
2018,2018-06-25,0.7284483567884537,0.4323613400373146
2018,2018-06-26,0.2490318628800741,0.45772342850419095
2018,2018-06-27,0.02999770035699596,0.45559586356694376
2018,2018-06-28,0.0023093422960644154,0.45363726274729227
2018,2018-06-29,0.0005972923098813491,0.44826208421716907
2018,2018-06-30,0.0004172065187574512,0.4038667614368146
2018,2018-07-01,0.0057830406639109285,0.3466114358477033
2018,2018-07-02,0.010908018403104881,0.24988071772660983
2018,2018-07-03,0.19147019449885475,0.22120072387826473
2018,2018-07-04,0.1392797578445559,0.15219534978976842
2018,2018-07-05,0.010567368059991419,0.10403278608828212
2018,2018-07-06,0.05839788346886981,0.09402192009762282
2018,2018-07-07,0.16455023015760686,0.09519948117515872
2018,2018-07-08,0.03807767738792474,0.08228379346921443
2018,2018-07-09,0.07686140770634271,0.048950710871390114
2018,2018-07-10,0.6406105208305594,0.0693600400594323
2018,2018-07-11,0.3157422410887786,0.08662720541652504
2018,2018-07-12,0.4664623341350448,0.12160333535411712
2018,2018-07-13,0.1720733450698595,0.1406863990628898
2018,2018-07-14,0.04606358646874678,0.15000662151970343
2018,2018-07-15,0.4481630597527905,0.18444046649562457
2018,2018-07-16,0.3329876291549229,0.2141156766010273
2018,2018-07-17,0.01776314395097189,0.19667620107320052
2018,2018-07-18,0.023824482177148058,0.18570247351930957
2018,2018-07-19,0.024233157510656304,0.1891919208480985
2018,2018-07-20,0.0058419869132509405,0.18084662456295428
2018,2018-07-21,0.0005357710870858733,0.1594555306628865
2018,2018-07-22,0.00029514523098644755,0.15053033492368528
2018,2018-07-23,0.000372981692337566,0.13712664944405975
2018,2018-07-24,0.004549241571049592,0.08967630712010811
2018,2018-07-25,0.08693224730435949,0.0768437814716461
2018,2018-07-26,0.17397883666644623,0.06096231896867091
2018,2018-07-27,0.38397256220536286,0.06918680646449227
2018,2018-07-28,0.17911535008275367,0.07790290477399965
2018,2018-07-29,0.4014439685525599,0.07503691990177667
2018,2018-07-30,0.9740468671213081,0.13550557085910783
2018,2018-07-31,0.31200197710858285,0.15969028059899476
2018,2018-08-01,0.02914534878464932,0.1596156189347332
2018,2018-08-02,0.1789747500739291,0.17311641899980795
2018,2018-08-03,0.05515508220376219,0.18125455187815542
2018,2018-08-04,0.036222337945761136,0.19088219835122935
2018,2018-08-05,0.017359298483437747,0.19467510610437275
2018,2018-08-06,0.015270729633728814,0.2009058027836171
2018,2018-08-07,0.021441919221095007,0.20296687956166234
2018,2018-08-08,0.007246285674481565,0.19225496805731396
2018,2018-08-09,0.004146847699505634,0.1731610927703488
2018,2018-08-10,0.12543424301671316,0.15619716130404637
2018,2018-08-11,0.3931500203710816,0.16941302384809198
2018,2018-08-12,0.3452130734637467,0.1665774451914563
2018,2018-08-13,0.80855242831356,0.13200951099690975
2018,2018-08-14,0.19677791257188196,0.12491121845908322
2018,2018-08-15,0.0720172513516006,0.12978208676369402
2018,2018-08-16,0.04621086052121365,0.1199454875659391
2018,2018-08-17,0.021723429113624935,0.11625790159140059
2018,2018-08-18,0.4562046021788402,0.14240824020449247
2018,2018-08-19,0.39281624624335887,0.1739915276365855
2018,2018-08-20,0.07720277766644397,0.18172134207428664
2018,2018-08-21,0.04153186476775624,0.18526400393410597
2018,2018-08-22,0.23231414771123304,0.20779605620545202
2018,2018-08-23,0.26292425157011085,0.23581194254226495
2018,2018-08-24,0.019035169539825234,0.22237159856137592
2018,2018-08-25,0.003616414759307008,0.1860506192506051
2018,2018-08-26,0.15108771900607162,0.17366125191688683
2018,2018-08-27,0.3909496537349945,0.14027801039020563
2018,2018-08-28,0.45984522523578264,0.1575388182096965
2018,2018-08-29,0.23165775597918764,0.17018355636543758
2018,2018-08-30,0.05902861794259689,0.17105386123848654
2018,2018-08-31,0.020554559343078697,0.171173304990508
2018,2018-09-01,0.0022426247301505645,0.13531303921109455
2018,2018-09-02,0.0007647382562087571,0.10391139338015562
2018,2018-09-03,0.002328351860529746,0.09400621779113079
2018,2018-09-04,0.0741440931471954,0.09694048251649778
2018,2018-09-05,0.060021107416893635,0.08653913527563979
2018,2018-09-06,0.38645690721758147,0.09171640614506224
2018,2018-09-07,0.28653296349373064,0.1113219368031213
2018,2018-09-08,0.8154849855451629,0.17412793138506036
2018,2018-09-09,1.0292209096071876,0.281089672221067
2018,2018-09-10,0.5204563053248481,0.2941035893670759
2018,2018-09-11,0.318288694963019,0.28302660968669985
2018,2018-09-12,0.6999063431822734,0.3156157744894801
2018,2018-09-13,0.9346113149320929,0.39065291618727366
2018,2018-09-14,0.29445428612906505,0.41509729481183133
2018,2018-09-15,0.03798110935495887,0.4246575324676743
2018,2018-09-16,0.002903983284961337,0.4243926824443166
2018,2018-09-17,0.0014231844522238442,0.42085488615856803
2018,2018-09-18,0.00825115730042875,0.407712292682845
2018,2018-09-19,0.008924431195314738,0.40123438700620184
2018,2018-09-20,0.004227594507491493,0.3644121476693606
2018,2018-09-21,0.0018633634681382446,0.3333421804956206
2018,2018-09-22,0.014038703491188156,0.26154349643943714
2018,2018-09-23,0.010873389217795989,0.1426336597444813
2018,2018-09-24,0.002074760577838152,0.10128228468664707
2018,2018-09-25,0.010869354062899145,0.07945440932502064
2018,2018-09-26,0.06491800675312392,0.05241208319331192
2018,2018-09-27,0.22577770622807922,0.026365612609774727
2018,2018-09-28,0.4454893813495796,0.031129928924264933
2018,2018-09-29,0.02873276646913213,0.03043737056916148
2018,2018-09-30,0.0011674723041238471,0.029439639805411276
2018,2018-10-01,0.0,0.027623748221344113
2018,2018-10-02,1.7144489314055285e-05,0.02507086964291201
2018,2018-10-03,0.0006877617742750683,0.02337587447912262
2018,2018-10-04,0.00436471833843927,0.023155139137556614
2018,2018-10-05,0.0,0.021947365789928154
2018,2018-10-06,0.0,0.01930803736369262
2018,2018-10-07,0.0015787138200255837,0.018044895451026433
2018,2018-10-08,0.008682407745380946,0.018772196823377326
2018,2018-10-09,0.0,0.01867126555637108
2018,2018-10-10,0.0,0.013507805597656757
2018,2018-10-11,0.2972790354079491,0.014399779685931998
2018,2018-10-12,0.47455536849504537,0.014333751882985172
2018,2018-10-13,0.40800423382843276,0.023505792158025347
2018,2018-10-14,0.024182505862039797,0.026754951323121227
2018,2018-10-15,0.00031431557665170627,0.02783992208705584
2018,2018-10-16,0.0,0.02810816613937028
2018,2018-10-17,0.0,0.02896721547789412
2018,2018-10-18,0.061509046116955964,0.033589516391817516
2018,2018-10-19,0.6037125025743758,0.06082638754523843
2018,2018-10-20,1.1285461811080972,0.14749995387902182
2018,2018-10-21,0.19539701541778112,0.17055218976773107
2018,2018-10-22,0.21644080208554442,0.19245479335877663
2018,2018-10-23,0.1920941129865678,0.21399720156015237
2018,2018-10-24,0.006758861138164926,0.2243229806166971
2018,2018-10-25,0.0,0.1846448580864377
2018,2018-10-26,0.0,0.13885100555641305
2018,2018-10-27,0.0,0.10451835479739001
2018,2018-10-28,0.1019595695319912,0.11172859430792259
2018,2018-10-29,0.06828366837721972,0.12564475682798878
2018,2018-10-30,0.20967867953460484,0.15005310996517177
2018,2018-10-31,0.26507019273293597,0.17520346331908468
2018,2018-11-01,0.5932144678644802,0.20902905701180896
2018,2018-11-02,0.282840016844145,0.18998379145343744
2018,2018-11-03,0.667486207578794,0.13655695279816102
2018,2018-11-04,0.7395927205470174,0.16684469774883237
2018,2018-11-05,0.058959369526703664,0.15504603725070273
2018,2018-11-06,0.05631838816119747,0.14466407655794006
2018,2018-11-07,0.5321992990377481,0.1847107821421565
2018,2018-11-08,0.9650491899485525,0.27658248782015604
2018,2018-11-09,0.30933388750876445,0.32322909031692765
2018,2018-11-10,0.025646465305170413,0.3346543062898875
2018,2018-11-11,0.004735045417830959,0.31699741179891083
2018,2018-11-12,0.002452332380023758,0.30494108053131413
2018,2018-11-13,0.006219856382456669,0.2802946925993456
2018,2018-11-14,0.15493408959365823,0.2760582832154639
2018,2018-11-15,0.01795269000055653,0.22901989749319646
2018,2018-11-16,0.7771217617409305,0.262179424003333
2018,2018-11-17,0.5645872162555675,0.2530801697147481
2018,2018-11-18,0.7209168762638567,0.26344081493478566
2018,2018-11-19,0.02212942240264181,0.25475133087087387
2018,2018-11-20,0.7180674774015272,0.3047126515571767
2018,2018-11-21,1.384607279848179,0.45712322936368766
2018,2018-11-22,0.9863980859737846,0.45975128115928027
2018,2018-11-23,0.7850567423677373,0.4980150102734676
2018,2018-11-24,0.451659097431179,0.5373132407885888
2018,2018-11-25,1.0768735809073908,0.6301774753599391
2018,2018-11-26,0.8788969447804765,0.7039486530842589
2018,2018-11-27,1.123520811500463,0.8042833645951671
2018,2018-11-28,0.9108732933457941,0.8591812260349356
2018,2018-11-29,0.6618881027284031,0.8966582657783604
2018,2018-11-30,0.6790260754444936,0.8897397495504228
2018,2018-12-01,0.16201144405275486,0.8653081080314585
2018,2018-12-02,1.0677538207362136,0.9163966893126199
2018,2018-12-03,0.7576814608471709,0.9493968237767121
2018,2018-12-04,0.7084510189661063,0.9420943391627222
2018,2018-12-05,0.8656839298733117,0.8760826688621652
2018,2018-12-06,0.9046129609756868,0.873470926732837
2018,2018-12-07,0.9119712749820051,0.9011370449471982
2018,2018-12-08,0.7977591236630069,0.915772140529186
2018,2018-12-09,0.46486031257734794,0.8764819581282861
2018,2018-12-10,0.6913859448470904,0.8666926386194957
2018,2018-12-11,0.8333150614230527,0.8413731836227623
2018,2018-12-12,0.8679774408991838,0.8391664851325961
2018,2018-12-13,0.8126580665079229,0.845393339476217
2018,2018-12-14,1.004899559409658,0.8805348509831862
2018,2018-12-15,0.4906966171957031,0.8853178948766904
2018,2018-12-16,0.12557408552993904,0.8174380777104683
2018,2018-12-17,0.06385227029904243,0.7879504828564451
2018,2018-12-18,0.8136860697112352,0.7946276613744341
2018,2018-12-19,0.9739601478825114,0.8056210410222648
2018,2018-12-20,0.7526312276970186,0.7941264218239455
2018,2018-12-21,1.041957548202671,0.7899722604005601
2018,2018-12-22,1.019639489872457,0.8157163381856473
2018,2018-12-23,0.6374094415312238,0.8250833921771087
2018,2018-12-24,0.6815208382533341,0.8237424581598087
2018,2018-12-25,0.8535620863579427,0.8258315882137693
2018,2018-12-26,0.7781233120606753,0.819607613448131
2018,2018-12-27,0.6194180527006192,0.809293051896294
2018,2018-12-28,0.5514488827555101,0.7577801361287995
2018,2018-12-29,0.15289270642517527,0.7361856887702173
2018,2018-12-30,0.0022502561090526185,0.7207267795396671
2018,2018-12-31,0.02683763674509654,0.7220958117137029
2019,2019-01-01,0.2089725633598757,0.2089725633598757
2019,2019-01-02,0.4210149153729709,0.31320552581816613
2019,2019-01-03,0.5851435029073555,0.4071431502857096
2019,2019-01-04,0.518240329340402,0.4380609244078905
2019,2019-01-05,1.053505506817135,0.6012548166428826
2019,2019-01-06,1.0054569248006253,0.7333942504617503
2019,2019-01-07,1.017840192733147,0.7946340227683136
2019,2019-01-08,1.0794779853978602,0.862636782626574
2019,2019-01-09,0.5376648503072381,0.8311080415643056
2019,2019-01-10,1.0794031660338805,0.9624820041640052
2019,2019-01-11,0.7546888876810325,0.9442220155750064
2019,2019-01-12,0.09333839979486877,0.8940056353625828
2019,2019-01-13,1.0250384818451723,0.9053783559374255
2019,2019-01-14,0.8200841017398879,0.9040278954442295
2019,2019-01-15,0.41233943421487756,0.9028107872639344
2019,2019-01-16,0.6816771288556471,0.9115317364049399
2019,2019-01-17,0.7751457197139947,0.9182111882016757
2019,2019-01-18,0.3406450559899593,0.9078736010103821
2019,2019-01-19,1.159291992414583,0.928568344291875
2019,2019-01-20,0.9569842043457346,0.9231612045965056
2019,2019-01-21,0.9226443791993281,0.9158846719374288
2019,2019-01-22,0.9589978887079864,0.9031186944282449
2019,2019-01-23,0.7224870410244154,0.9128517243816195
2019,2019-01-24,0.8450057497915672,0.8324237648842299
2019,2019-01-25,0.36801236046772734,0.8137392211541491
2019,2019-01-26,0.020257952274737638,0.8175411819618029
2019,2019-01-27,0.6955895372976314,0.7953774629383954
2019,2019-01-28,0.39040690292529234,0.760686869494507
2019,2019-01-29,0.14502396627285688,0.7561202264099768
2019,2019-01-30,0.7683304904631207,0.7606658914858264
2019,2019-01-31,0.34147188223566227,0.7364813912687018
2019,2019-02-01,0.6242070171448069,0.7559603252638021
2019,2019-02-02,0.7469045694289524,0.6782739238911433
2019,2019-02-03,0.5796872033685672,0.6268160543644811
2019,2019-02-04,0.5331801860311771,0.5887221977059771
2019,2019-02-05,1.056804099150158,0.6004653911934885
2019,2019-02-06,0.5601508873818979,0.5876582742621453
2019,2019-02-07,0.5213502904719933,0.5506978299900916
2019,2019-02-08,1.3829201097657342,0.7298525038736722
2019,2019-02-09,1.2415071343920614,0.8446657120874542
2019,2019-02-10,0.9663317710999112,0.8651586899620811
2019,2019-02-11,0.2724515722532572,0.8557532947732854
2019,2019-02-12,0.10207124899346247,0.8465886598205155
2019,2019-02-13,1.2945173237303547,0.9004308472598935
2019,2019-02-14,0.8863527578085536,0.9263017332439887
2019,2019-02-15,0.7086392977275097,0.9283155015829281
2019,2019-02-16,0.023388526463216118,0.8843480757890133
2019,2019-02-17,7.546086945009569e-05,0.8464954341884959
2019,2019-02-18,0.0004966735484943977,0.8120850033510714
2019,2019-02-19,0.220736695543304,0.7583898136257428
2019,2019-02-20,0.5657217822174682,0.7572929410995881
2019,2019-02-21,1.238728977889789,0.8629133993279761
2019,2019-02-22,0.9907660204414116,0.7828912859275622
2019,2019-02-23,0.7226037642413093,0.7159886324647989
2019,2019-02-24,0.10311753631392599,0.6513127940541842
2019,2019-02-25,0.027104608591103238,0.6294561614206367
2019,2019-02-26,0.37647424488251274,0.6493742113945887
2019,2019-02-27,0.8121398436512631,0.5832255377102741
2019,2019-02-28,0.7758876240249084,0.5733800785340566
2019,2019-03-01,0.4125978312976031,0.551871453696268
2019,2019-03-02,0.018021910262636946,0.5535166076934894
2019,2019-03-03,0.03347494863359704,0.5737704123894598
2019,2019-03-04,0.010139603528209864,0.5844628484826073
2019,2019-03-05,0.007608287220205732,0.5628020008516854
2019,2019-03-06,0.021760573492590224,0.5212873474834716
2019,2019-03-07,0.7087061941753935,0.3637676243800625
2019,2019-03-08,0.5105661365805624,0.2992418872554751
2019,2019-03-09,0.13028192327097876,0.2519883939423471
2019,2019-03-10,0.7512947234475899,0.29826258503692954
2019,2019-03-11,0.9860361129049219,0.3868752726737833
2019,2019-03-12,1.1403725964747347,0.5159223491783005
2019,2019-03-13,0.5664011731007101,0.4938809674221486
2019,2019-03-14,0.013156289724488093,0.42459819101353763
2019,2019-03-15,1.0465072683967347,0.4799327028994889
2019,2019-03-16,0.8374816437951907,0.5608919401052854
2019,2019-03-17,0.12964676727198887,0.5671846158407877
2019,2019-03-18,0.01681521273284565,0.564797730483538
2019,2019-03-19,0.02982411221347936,0.5731886548166268
2019,2019-03-20,0.1661193866890973,0.5896665660466748
2019,2019-03-21,1.2311722271749344,0.6496217860732852
2019,2019-03-22,0.778861664604618,0.6690670980983534
2019,2019-03-23,0.05281061489123755,0.6620439102909388
2019,2019-03-24,0.1753882336493951,0.6249285704876574
2019,2019-03-25,0.5597168827896736,0.5889026801067222
2019,2019-03-26,0.13926613751750405,0.44506610303760297
2019,2019-03-27,0.03318378135124121,0.39676982376440567
2019,2019-03-28,0.48209218659020814,0.4408118012949141
2019,2019-03-29,1.4770273867430461,0.557637706939573
2019,2019-03-30,1.2168696530522811,0.7338390203590877
2019,2019-03-31,0.8498706193912767,0.7824259840458763
2019,2019-04-01,0.07477950660074022,0.7900956854741658
2019,2019-04-02,0.07344100413133946,0.7933134695758972
2019,2019-04-03,0.8997169037191105,0.8373732222519271
2019,2019-04-04,0.8230693609110524,0.7951540320601892
2019,2019-04-05,0.3143047337556922,0.7651163836959928
2019,2019-04-06,0.06029319618344848,0.7714140494010331
2019,2019-04-07,1.3363701513995192,0.8647716521612795
2019,2019-04-08,1.34679582334148,0.9815659928915793
2019,2019-04-09,1.205699590264005,1.056559343952871
2019,2019-04-10,1.052581243803628,1.1092320166620178
2019,2019-04-11,1.1539090589799976,1.128407466319703
2019,2019-04-12,0.9660681704583056,1.0749481925682944
2019,2019-04-13,0.8153737653069097,0.989648176172025
2019,2019-04-14,0.432195178025077,0.9721991290459694
2019,2019-04-15,1.368858364652961,1.0598665582013138
2019,2019-04-16,0.9428479481195718,1.0850209907857065
2019,2019-04-17,0.887783522953109,1.0766392532508986
2019,2019-04-18,0.2530467196082211,1.0531892703870924
2019,2019-04-19,0.7295818131322325,1.0704755727442095
2019,2019-04-20,1.057926017226036,1.096992137722951
2019,2019-04-21,1.3055261069685231,1.1251558840607014
2019,2019-04-22,1.1111781077033411,1.0908652962414371
2019,2019-04-23,1.266531676096797,1.0942836964471163
2019,2019-04-24,0.87026971474606,1.080742170375978
2019,2019-04-25,0.39214669631917076,1.0494596133041296
2019,2019-04-26,1.3357435464510743,1.0848761050642868
2019,2019-04-27,0.7257393422258419,1.0805386541663777
2019,2019-04-28,0.2542562544561369,1.0738764934221237
2019,2019-04-29,1.19675156427093,1.0551257878455211
2019,2019-04-30,1.0343637090678635,1.0622134333562268
2019,2019-05-01,0.9856771028517873,1.072494016129281
2019,2019-05-02,1.2774715543289945,1.1196245640398377
2019,2019-05-03,0.9859532180850474,1.1250728706962658
2019,2019-05-04,0.7240982000314113,1.1114839189612375
2019,2019-05-05,0.1315392701432528,1.0241801042961014
2019,2019-05-06,0.044171951840168464,0.959986748199545
2019,2019-05-07,0.6574897359934782,0.9021398650839528
2019,2019-05-08,0.35533712498630654,0.8749729008168075
2019,2019-05-09,0.0817603271170356,0.8585943214993191
2019,2019-05-10,1.2751520084633345,0.8427244980829949
2019,2019-05-11,1.1586113075031919,0.883856502735348
2019,2019-05-12,1.2877390479316098,0.9853487836122259
2019,2019-05-13,0.5861589300208074,0.9339205995849311
2019,2019-05-14,1.215963407473714,0.9653132957450343
2019,2019-05-15,1.0375382904438197,0.9760450152601622
2019,2019-05-16,1.1589630685204313,1.0492361956767138
2019,2019-05-17,1.2337498081773868,1.0979515676675513
2019,2019-05-18,0.8097076492511173,1.0974231279390192
2019,2019-05-19,0.8529121248646779,1.111853364173445
2019,2019-05-20,1.2497043150704108,1.1610173674111184
2019,2019-05-21,1.070222352893723,1.1647927777357867
2019,2019-05-22,1.1276902019558397,1.2125498551099159
2019,2019-05-23,1.06553302877795,1.2150689247820232
2019,2019-05-24,0.47262241211894723,1.1937277966309146
2019,2019-05-25,0.156485400529966,1.1743385631355974
2019,2019-05-26,0.027386668309262164,1.144382189693116
2019,2019-05-27,0.8100357048611103,1.1573663305655086
2019,2019-05-28,0.36844250902102904,1.1393467203632353
2019,2019-05-29,0.25841367943329907,1.1269574938431193
2019,2019-05-30,1.126382619918537,1.070694510142375
2019,2019-05-31,0.7949164490261187,1.0129922587543176
2019,2019-06-01,0.4928390529417375,1.0049717869390058
2019,2019-06-02,0.56483057363583,0.9959956160453292
2019,2019-06-03,0.7336804286089655,0.9280140774758192
2019,2019-06-04,0.4428027973790147,0.8749086975524052
2019,2019-06-05,0.9331728725809207,0.6843848542445451
2019,2019-06-06,0.7071714289157952,0.6078681705524821
2019,2019-06-07,0.37877633158387375,0.6013862204108735
2019,2019-06-08,1.1915565777439334,0.7490149194664103
2019,2019-06-09,1.0390574671989399,0.8277856915513837
2019,2019-06-10,0.4576976277121068,0.8067999639257581
2019,2019-06-11,0.6707646492627033,0.8175970139328516
2019,2019-06-12,0.9215242269291278,0.8504622687157376
2019,2019-06-13,0.36701390599607653,0.7975905387942509
2019,2019-06-14,0.1318250454537237,0.7599379721433714
2019,2019-06-15,0.6426206435742688,0.7689617880578784
2019,2019-06-16,0.8985569467396303,0.7881859735159513
2019,2019-06-17,0.18547914970723217,0.762978026650785
2019,2019-06-18,0.026258326557056295,0.739491176153786
2019,2019-06-19,0.01606287348196571,0.6806393973843193
2019,2019-06-20,0.23066098004416039,0.6512925840677376
2019,2019-06-21,0.2414472798922922,0.6461308890245211
2019,2019-06-22,0.5659996179422917,0.5155826331582303
2019,2019-06-23,0.16330034850086775,0.4093729484403274
2019,2019-06-24,0.0030025223213120443,0.36025001872169254
2019,2019-06-25,0.008739420077748628,0.30258370926097966
2019,2019-06-26,0.04687843543946185,0.219545391917391
2019,2019-06-27,0.5527664176354417,0.23189044714045043
2019,2019-06-28,0.03262730609956976,0.21975155511977806
2019,2019-06-29,0.002295746186067057,0.1690419902672112
2019,2019-06-30,0.1584312812326099,0.11802648281368214
2019,2019-07-01,0.30205072520851894,0.1260697452813261
2019,2019-07-02,0.2717392507976572,0.1448368942081286
2019,2019-07-03,0.4242058003741215,0.18010213798631627
2019,2019-07-04,0.7442130949373359,0.22180076963207057
2019,2019-07-05,0.24555034441867868,0.22223951992094843
2019,2019-07-06,0.583141514481381,0.22364728494112138
2019,2019-07-07,0.8859897239042418,0.29017724214558954
2019,2019-07-08,0.27440030479872135,0.3246906519605202
2019,2019-07-09,1.0358047455042563,0.46292192917998054
2019,2019-07-10,0.6931254646177294,0.5207281765464141
2019,2019-07-11,0.41747597318787133,0.5115345490152817
2019,2019-07-12,0.150602934209499,0.5241886656000675
2019,2019-07-13,0.4656104426981554,0.5595140979169224
2019,2019-07-14,0.1916306484804422,0.5619510518949873
2019,2019-07-15,0.16780816929023212,0.553435799802835
2019,2019-07-16,0.020195344776824872,0.5271595712678729
2019,2019-07-17,0.04507683300850475,0.49870083407833776
2019,2019-07-18,0.1367057200618053,0.4499159181869891
2019,2019-07-19,0.6850062839758084,0.48226422619938186
2019,2019-07-20,0.5238846658248537,0.47812088818583337
2019,2019-07-21,0.04840773839284007,0.399416906116304
2019,2019-07-22,0.005862665543236994,0.36818253453429334
2019,2019-07-23,0.0004511212308556851,0.2271185912883939
2019,2019-07-24,0.0001654483939173273,0.15817136295962378
2019,2019-07-25,0.0007469913181086033,0.12248940941356341
2019,2019-07-26,0.003783265540500862,0.1062648222707844
2019,2019-07-27,0.023371613031012477,0.07924782465497586
2019,2019-07-28,0.06088948660534492,0.07200445305633543
2019,2019-07-29,0.027568266896632113,0.06303673522949298
2019,2019-07-30,0.04937579514677548,0.06591800232869846
2019,2019-07-31,0.03580721037527185,0.06522764133384715
2019,2019-08-01,0.06472655167550434,0.06107624956840636
2019,2019-08-02,0.08443949437632904,0.03764268860452109
2019,2019-08-03,0.04560874141093697,0.023210729762194345
2019,2019-08-04,0.3867603124417437,0.034874203191957436
2019,2019-08-05,0.07285585107303183,0.04068919004115091
2019,2019-08-06,0.755081911673182,0.09019335503922521
2019,2019-08-07,0.700874065952001,0.1457229928144338
2019,2019-08-08,0.1313389597791464,0.16361808424045343
2019,2019-08-09,0.18195922926646527,0.18477637353407342
2019,2019-08-10,0.01380299870383246,0.1818619913154451
2019,2019-08-11,0.004382083047956357,0.17249907761229413
2019,2019-08-12,0.01190912238251755,0.1706985077288303
2019,2019-08-13,0.003081844162921805,0.16099231087965424
2019,2019-08-14,0.000833128013565741,0.15252453129563098
2019,2019-08-15,0.3402775095024628,0.17060381063416136
2019,2019-08-16,1.0039343831260457,0.26084404525203214
2019,2019-08-17,0.7501087172309094,0.3153670318378519
2019,2019-08-18,0.08291925848092381,0.2906410599447002
2019,2019-08-19,0.005784718046136752,0.2792516396623369
2019,2019-08-20,0.0005357914508677236,0.20093179396050925
2019,2019-08-21,0.12535532779640698,0.15617394419767022
2019,2019-08-22,0.07172740073858654,0.15114206014019702
2019,2019-08-23,0.028919150459468673,0.1376179725578114
2019,2019-08-24,0.037161191552470794,0.14186971753001884
2019,2019-08-25,0.07286781728603171,0.15114784545177723
2019,2019-08-26,0.024359997176093627,0.15179286396823466
2019,2019-08-27,0.001322927712909671,0.15014667863695386
2019,2019-08-28,0.001015782927540157,0.1481298940001654
2019,2019-08-29,0.0009125145786383083,0.11878202784010217
2019,2019-08-30,0.0007884075784865059,0.04732007699388741
2019,2019-08-31,0.0008985437631387957,0.018725277965112745
2019,2019-09-01,0.003669461381207331,0.01432338856367749
2019,2019-09-02,0.004687374497636953,0.014198179117079818
2019,2019-09-03,0.04314294484804341,0.0175638506372519
2019,2019-09-04,0.256772091122739,0.020823838663944213
2019,2019-09-05,0.3217380696142816,0.029017803640680417
2019,2019-09-06,0.18969978284263994,0.03578779818235567
2019,2019-09-07,0.2438998822819023,0.044110882005291764
2019,2019-09-08,0.2818798700041272,0.05281640293789434
2019,2019-09-09,0.15687977769369846,0.06096242850586485
2019,2019-09-10,0.06108430626678954,0.0691904487095582
2019,2019-09-11,0.018125309584543173,0.07428047798944282
2019,2019-09-12,0.0010586458247183856,0.07333372185830231
2019,2019-09-13,0.0,0.0685123565163009
2019,2019-09-14,0.0,0.06741390910506592
2019,2019-09-15,0.007014971875908599,0.06848258422079342
2019,2019-09-16,0.5948875183772513,0.09894939143471923
2019,2019-09-17,1.0157376380565704,0.15911276809678462
2019,2019-09-18,0.1428885419731293,0.15190149345015208
2019,2019-09-19,0.017650224714133904,0.12887789594198854
2019,2019-09-20,0.005495016029103931,0.1094006511160351
2019,2019-09-21,0.0,0.08449087796236558
2019,2019-09-22,0.946029877392551,0.11226590452655127
2019,2019-09-23,0.45202658578949123,0.12824733447495157
2019,2019-09-24,0.2587885626703299,0.14287875006827103
2019,2019-09-25,0.8129622851258121,0.19971045726726006
2019,2019-09-26,0.24821941122588773,0.2343939807404653
2019,2019-09-27,1.0954273561257597,0.35630211161331093
2019,2019-09-28,0.8437842230116044,0.44283081806687674
2019,2019-09-29,0.30646438818366817,0.47777449003687156
2019,2019-09-30,0.3154924688311005,0.4586059069060826
2019,2019-10-01,0.03852557587692103,0.37517278396284165
2019,2019-10-02,0.0018255377295334303,0.3523493457594485
2019,2019-10-03,0.15505004482590898,0.36908472722264246
2019,2019-10-04,0.4843430168260398,0.4225328087891659
2019,2019-10-05,1.2105830234331796,0.5952430734739189
2019,2019-10-06,0.32979344108655756,0.5487111362403418
2019,2019-10-07,0.3629325737890668,0.5450313492060465
2019,2019-10-08,0.8739871075987061,0.5904764369791923
2019,2019-10-09,0.6231014286843563,0.5730267929653277
2019,2019-10-10,0.5086472536186993,0.5909971032803266
2019,2019-10-11,0.17191647949779962,0.5076550964490835
2019,2019-10-12,0.5609194456955516,0.4819152003131261
2019,2019-10-13,0.7516738946585999,0.5147976786871945
2019,2019-10-14,1.035832546528427,0.5866282749223097
2019,2019-10-15,1.192776570825107,0.7163013063337996
2019,2019-10-16,0.7349993020789828,0.7688142937243646
2019,2019-10-17,0.6742658660641785,0.7925654475705799
2019,2019-10-18,0.6235351117416718,0.7994219370070665
2019,2019-10-19,0.5578642458701094,0.7200743620637742
2019,2019-10-20,0.7292064593862356,0.7451014871362748
2019,2019-10-21,0.7694656097307904,0.766364964944872
2019,2019-10-22,0.3531810997719688,0.7334241420620411
2019,2019-10-23,0.2211686090382783,0.7088881512847621
2019,2019-10-24,0.3663584864436927,0.7034552344956957
2019,2019-10-25,0.5429478446356676,0.7250958414387889
2019,2019-10-26,0.11767196762244293,0.6963459569969592
2019,2019-10-27,0.291972744301062,0.6684651252356024
2019,2019-10-28,0.49126486882873815,0.6173145116362776
2019,2019-10-29,0.319611340637515,0.5015532748496012
2019,2019-10-30,0.09861361682911776,0.45016707060321864
2019,2019-10-31,0.17052882239888803,0.41051835539020737
2019,2019-11-01,1.0408800114365775,0.45103604643585504
2019,2019-11-02,0.2867318689560339,0.4300812536109066
2019,2019-11-03,0.03916589973634369,0.37059391622738774
2019,2019-11-04,0.49002211167102766,0.34573234943496767
2019,2019-11-05,0.27865715938370195,0.3411605252513098
2019,2019-11-06,0.5161283963585913,0.3623123597478421
2019,2019-11-07,0.3087364604515562,0.3586001186715796
2019,2019-11-08,0.5136243587566566,0.35542490445419095
2019,2019-11-09,0.3312112444094924,0.3739952036404393
2019,2019-11-10,0.24625179819752924,0.3712929240351217
2019,2019-11-11,1.1254971752099636,0.4333918770233967
2019,2019-11-12,1.0194363016098018,0.49949398679274654
2019,2019-11-13,0.8368872844124554,0.5625059340301516
2019,2019-11-14,0.8324811710425261,0.6148979329044231
2019,2019-11-15,0.5105772428881518,0.5646125006578699
2019,2019-11-16,1.2474467940239675,0.6705826601376126
2019,2019-11-17,1.0098552749371112,0.7464396574004734
2019,2019-11-18,0.6254458382164191,0.7534611952440096
2019,2019-11-19,0.11623085850706771,0.7397905516779311
2019,2019-11-20,0.1455342369020548,0.7139300931096765
2019,2019-11-21,0.33196378130407583,0.7149105717718038
2019,2019-11-22,1.106929378725926,0.7779492749640861
2019,2019-11-23,0.3234691706141041,0.7746000653884195
2019,2019-11-24,0.7763592790228716,0.802813998453183
2019,2019-11-25,0.1476444034675744,0.7358718620025403
2019,2019-11-26,0.011298328958996958,0.6607697915548273
2019,2019-11-27,0.0684422962316085,0.6073473589396885
2019,2019-11-28,0.02765300269937905,0.5415254016557192
2019,2019-11-29,0.031110295329639916,0.5009904172653212
2019,2019-11-30,0.26875627384203477,0.38859223851542884
2019,2019-12-01,0.22955798299654687,0.3238198867982616
2019,2019-12-02,0.011460267251729194,0.26358214643108074
2019,2019-12-03,0.06355390736879109,0.25892030948775435
2019,2019-12-04,0.44820750214848687,0.28045119783671113
2019,2019-12-05,0.5809153317550351,0.2984716141690443
2019,2019-12-06,1.0669142598620662,0.27265929976893105
2019,2019-12-07,0.8771827774046983,0.31701178672185043
2019,2019-12-08,1.260270142604966,0.4632045057338135
2019,2019-12-09,0.617578235817648,0.503578000272321
2019,2019-12-10,0.1205757632907415,0.5150031943158165
2019,2019-12-11,0.664357695286812,0.5572600205150157
2019,2019-12-12,1.1962621961270137,0.6719908155881886
2019,2019-12-13,1.1749280015285277,0.7915227829279327
2019,2019-12-14,0.8614511215279408,0.8234799720055282
2019,2019-12-15,1.0876908279640558,0.8798371340076052
2019,2019-12-16,0.8617133741913939,0.9303923040258596
2019,2019-12-17,1.0486088247834877,0.9789313599502218
2019,2019-12-18,0.7353430929836389,0.9859990878024261
2019,2019-12-19,0.80467306997041,0.9925030124233478
2019,2019-12-20,0.7813679897291163,0.9803118318986516
2019,2019-12-21,1.0898422611350806,0.9935354163932107
2019,2019-12-22,1.3039493417568537,0.9839680367008444
2019,2019-12-23,1.213467467030657,1.034395552247581
2019,2019-12-24,0.9907020539072678,1.0633311367658547
2019,2019-12-25,1.1805477253510972,1.0894471620603319
2019,2019-12-26,0.8070271157719154,1.0637509663902607
2019,2019-12-27,0.5926554983693403,1.0320750940628183
2019,2019-12-28,0.8525661678181323,1.034370103367489
2019,2019-12-29,1.2461832823154155,1.046157708943975
2019,2019-12-30,0.991891249902051,1.0535292695080984
2019,2019-12-31,0.590924027806357,1.0231690108583995
2020,2020-01-01,0.08002994495851362,0.08002994495851362
2020,2020-01-02,0.00028850553223294325,0.020540068204362147
2020,2020-01-03,1.676146367377203e-05,0.009586180592614672
2020,2020-01-04,0.0032228875871249773,0.00784419059505311
2020,2020-01-05,0.007800772650149255,0.007855969065109677
2020,2020-01-06,0.00011089522217475864,0.005561871418612096
2020,2020-01-07,0.0114278351651842,0.006251295955799126
2020,2020-01-08,0.5502251370652065,0.029926195449923126
2020,2020-01-09,0.34371513691118116,0.04985692332458937
2020,2020-01-10,0.2788921989365461,0.06445662396839942
2020,2020-01-11,0.04527546122907602,0.06306148570348306
2020,2020-01-12,0.08009297724346061,0.06466184696408286
2020,2020-01-13,0.06965930596222482,0.06521708533717203
2020,2020-01-14,0.45115274308409997,0.08568885344597897
2020,2020-01-15,0.29013391373458797,0.09742044351062709
2020,2020-01-16,0.2202038314355155,0.12024768043307522
2020,2020-01-17,0.702991834015089,0.17778879149875035
2020,2020-01-18,0.5559869248032347,0.22273274803429896
2020,2020-01-19,0.46040232026368016,0.26293461734085477
2020,2020-01-20,0.9715019352612886,0.41265402881211044
2020,2020-01-21,0.7461721193569629,0.4750056512700207
2020,2020-01-22,0.3675715812823747,0.46186928010832495
2020,2020-01-23,0.02110408190200818,0.4331929639016536
2020,2020-01-24,4.773425036591633e-05,0.39954190036017767
2020,2020-01-25,0.08768650953564221,0.4107326749227925
2020,2020-01-26,0.026736431886393644,0.4101162386478056
2020,2020-01-27,0.3225754819745907,0.4300295620833481
2020,2020-01-28,0.7435944246611829,0.45542822074991646
2020,2020-01-29,0.13245982503114354,0.44274833158102483
2020,2020-01-30,0.629693799668469,0.4711478729069193
2020,2020-01-31,0.17343677879222977,0.42959247629047015
2020,2020-02-01,0.21668699716265746,0.40490348652022606
2020,2020-02-02,0.24102145374969955,0.38794661319822354
2020,2020-02-03,0.0023350181340307547,0.2411994689982037
2020,2020-02-04,0.016314780572481705,0.17933520394154726
2020,2020-02-05,0.009875964399179891,0.14518307911183512
2020,2020-02-06,0.01247278300807958,0.1457203878403304
2020,2020-02-07,0.001676869926497365,0.14895616593948166
2020,2020-02-08,0.03537675129092686,0.141639900532046
2020,2020-02-09,0.002123297524299045,0.13424741201175283
2020,2020-02-10,0.022656848326822746,0.11377646356385782
2020,2020-02-11,0.48267686949447786,0.09310657672060513
2020,2020-02-12,0.8938951817052145,0.1618668434009144
2020,2020-02-13,0.6114513096966985,0.16886813376954216
2020,2020-02-14,0.9774908457826001,0.2508411124720738
2020,2020-02-15,0.7291547940602057,0.30989146510898297
2020,2020-02-16,0.18358815164227518,0.30619748466432745
2020,2020-02-17,0.2171017723627806,0.33580069939622476
2020,2020-02-18,0.04380746084052862,0.3364122189985365
2020,2020-02-19,0.13497293762959492,0.3562774657474766
2020,2020-02-20,0.2605726742476632,0.3778914934535612
2020,2020-02-21,0.14171079768472875,0.39866354281857624
2020,2020-02-22,0.4009872271102091,0.4317402835757297
2020,2020-02-23,0.4992195932818478,0.4791534944312123
2020,2020-02-24,0.13962940542989907,0.49078084751387996
2020,2020-02-25,0.9559156476349152,0.5513946979815932
2020,2020-02-26,0.6262506960353833,0.5128043303317457
2020,2020-02-27,0.8505192182264877,0.5357267356940677
2020,2020-02-28,0.3171879170108731,0.46421634110731025
2020,2020-02-29,0.26728765457421705,0.41199463366976047
2020,2020-03-01,0.24353189089103439,0.4169226057285237
2020,2020-03-02,1.1225829541878543,0.5275940865900326
2020,2020-03-03,0.24744100075008196,0.5416062958600083
2020,2020-03-04,0.01772850154441176,0.5267776302314243
2020,2020-03-05,0.057477440032660726,0.5125419059463131
2020,2020-03-06,0.31805831390116346,0.5245571272433289
2020,2020-03-07,0.017155925055499965,0.4843071714056831
2020,2020-03-08,0.0002453426288245619,0.43634691418677723
2020,2020-03-09,0.009040106761531209,0.4218940103945212
2020,2020-03-10,0.01261141922684891,0.3143956117495389
2020,2020-03-11,0.016851784723473297,0.26256654656500233
2020,2020-03-12,0.002904533802518759,0.18452255384118216
2020,2020-03-13,0.006582054103848759,0.15666808801771073
2020,2020-03-14,1.0480022093303674,0.22582076828362196
2020,2020-03-15,0.6055872374711803,0.25615362306378386
2020,2020-03-16,0.11416409033761996,0.14346954486319805
2020,2020-03-17,0.18202045732138522,0.13776227361203264
2020,2020-03-18,0.7220151089158787,0.18594865486810483
2020,2020-03-19,1.0189752641251428,0.45695258278111894
2020,2020-03-20,0.7013567154743789,0.5246057553563139
2020,2020-03-21,0.05042592742995459,0.5385654861508701
2020,2020-03-22,0.061616581214285496,0.5559153979635909
2020,2020-03-23,0.9913219238352402,0.6323945599774767
2020,2020-03-24,0.9901765862042198,0.7261431989968284
2020,2020-03-25,0.45596789411415833,0.7489459371583937
2020,2020-03-26,0.05812599547812032,0.7580298244370626
2020,2020-03-27,0.8942173155818853,0.8026445398117455
2020,2020-03-28,0.4897817729658513,0.77275209230296
2020,2020-03-29,0.35922870756794356,0.7666842845429951
2020,2020-03-30,1.1303081336232605,0.8732144559265408
2020,2020-03-31,0.9095102230918721,0.956275851591861
2020,2020-04-01,0.08821955383304211,0.9935055856033933
2020,2020-04-02,1.0195565331179037,0.964457869801691
2020,2020-04-03,0.839099738614251,0.9758778886018937
2020,2020-04-04,1.1163243852440783,1.0227130136346518
2020,2020-04-05,0.9356471068688409,1.0362438704817911
2020,2020-04-06,1.088669542459589,1.0409529971623768
2020,2020-04-07,0.9012586421766009,1.0416184491911298
2020,2020-04-08,1.0410330099041791,1.0587986808477834
2020,2020-04-09,1.0942273687782276,1.0780335209418985
2020,2020-04-10,0.4663880898024293,1.0565307016261098
2020,2020-04-11,0.8660959996914115,1.0587376965060336
2020,2020-04-12,0.6348209201690861,1.0489227375389145
2020,2020-04-13,0.9475570382337667,1.0343033423878751
2020,2020-04-14,0.8267377651099563,1.007129241993622
2020,2020-04-15,0.8614911152321685,0.9749586434372459
2020,2020-04-16,0.3907469497212766,0.9499269435126152
2020,2020-04-17,0.2787019738171403,0.9262958951786767
2020,2020-04-18,0.8498712717131884,0.8890882087570465
2020,2020-04-19,0.2744519305442674,0.8593034341714314
2020,2020-04-20,0.581763403392544,0.8288598634388848
2020,2020-04-21,0.36290840282095044,0.8018940558868598
2020,2020-04-22,0.3051559315493503,0.7486082416237948
2020,2020-04-23,0.44424885835720157,0.6751470866780612
2020,2020-04-24,0.9778442226235342,0.7413850850305364
2020,2020-04-25,0.9785954562351475,0.7562693544486299
2020,2020-04-26,0.8396798043596619,0.7732159465292244
2020,2020-04-27,0.9791393714603489,0.7732929873567058
2020,2020-04-28,0.8666364644784151,0.7575105482852931
2020,2020-04-29,0.4358324953576755,0.7309244045104268
2020,2020-04-30,0.4563319621978592,0.8424691917652255
2020,2020-05-01,1.0015852855722185,0.8862672935542265
2020,2020-05-02,0.9796189933768601,0.8954187997566453
2020,2020-05-03,0.503848319283868,0.9003094251680326
2020,2020-05-04,0.9759243821124838,0.9163426650631994
2020,2020-05-05,0.6283457293859219,0.9274618339010047
2020,2020-05-06,0.9967892798418508,0.9449073506928269
2020,2020-05-07,0.8897863621051192,0.9620633339256824
2020,2020-05-08,0.8925954214263007,0.9546922110043681
2020,2020-05-09,1.0267933390214554,0.9627608165578302
2020,2020-05-10,0.870338173283564,0.9668407106707664
2020,2020-05-11,0.3777148633240592,0.9439324749140885
2020,2020-05-12,0.16190795419174805,0.9361571642436622
2020,2020-05-13,1.0915772127486583,0.9656305361098546
2020,2020-05-14,0.6185581517758668,0.8948827548088677
2020,2020-05-15,1.019733263336204,0.9102131410042105
2020,2020-05-16,0.7457335767068936,0.8958030448278907
2020,2020-05-17,1.0208246853996532,0.9316945967736693
2020,2020-05-18,0.8529157071687237,0.9208458916230196
2020,2020-05-19,0.620995341192056,0.9156946189792466
2020,2020-05-20,0.10529556494907476,0.8743659164411646
2020,2020-05-21,0.4067335317785366,0.8652558490123258
2020,2020-05-22,0.12341194088983017,0.8346169993857103
2020,2020-05-23,0.9847952576586886,0.8114028587786847
2020,2020-05-24,0.0,0.9780056604337061
2020,2020-05-25,0.9602269316045946,0.9982577270692065
2020,2020-05-26,0.40021400143525704,0.9947879886115438
2020,2020-05-27,0.372335539325301,0.9709548145981642
2020,2020-05-28,0.8387793811815769,0.9737572954681649
2020,2020-05-29,0.772860590358781,0.9532361496950178
2020,2020-05-30,0.4516388270261382,0.9477252487702568
2020,2020-05-31,0.40026257522012165,0.9305597824010556
2020,2020-06-01,1.0321083031838865,0.9425150160237971
2020,2020-06-02,0.6893706235709592,0.9457963507360702
2020,2020-06-03,0.2077982482347477,0.9554252648287915
2020,2020-06-04,0.11859215491100895,0.9373825048345036
2020,2020-06-05,0.021535629685660442,0.9339013362077263
2020,2020-06-06,0.6959525123667991,0.9200961715996895
2020,2020-06-07,1.0518602303159112,0.7489308617710819
2020,2020-06-08,0.4561555594011575,0.664361030378896
2020,2020-06-09,0.007715411324055227,0.6389070467045574
2020,2020-06-10,0.02689086196995985,0.6214182723095759
2020,2020-06-11,0.477023725024396,0.587763872745226
2020,2020-06-12,0.16187845757142252,0.539268502847163
2020,2020-06-13,0.4914393382144232,0.5416192593439544
2020,2020-06-14,0.2865153596706486,0.5345090533381762
2020,2020-06-15,0.011875171508889594,0.4194827967397159
2020,2020-06-16,0.0031183531358892594,0.3579427717442415
2020,2020-06-17,0.9923344056232225,0.4932376818956971
2020,2020-06-18,0.5280974161977393,0.5192848184173903
2020,2020-06-19,0.20416753694050724,0.5310872964088497
2020,2020-06-20,0.08814198573744615,0.49239941156398515
2020,2020-06-21,0.007191888105525379,0.3340390193171417
2020,2020-06-22,0.04025080182668423,0.3005277024961894
2020,2020-06-23,0.5512099152482671,0.3476527410831579
2020,2020-06-24,0.4670711378608842,0.3835162290251979
2020,2020-06-25,0.06839505455881936,0.35428272892363744
2020,2020-06-26,0.06683074076636912,0.3495512249026192
2020,2020-06-27,0.0503137956589929,0.3128555498989958
2020,2020-06-28,0.1523760266183609,0.3048236180218153
2020,2020-06-29,0.21778437536310025,0.3300990327514167
2020,2020-06-30,0.7414746981421323,0.41848325683819226
2020,2020-07-01,0.44936018540621975,0.2858943572921197
2020,2020-07-02,0.14491433375093557,0.25211642763324077
2020,2020-07-03,0.46451116079721844,0.27044471310913004
2020,2020-07-04,0.13100864362493292,0.2729018004240925
2020,2020-07-05,0.2167466180558496,0.2951553199907384
2020,2020-07-06,0.354873074752382,0.3200040659149556
2020,2020-07-07,0.1581164886867215,0.28955036826307246
2020,2020-07-08,0.01133659851584829,0.24679674200826798
2020,2020-07-09,0.011152676766258415,0.23760331604959192
2020,2020-07-10,0.21473126208742177,0.24877199544243556
2020,2020-07-11,0.08906170883569997,0.25154709051378826
2020,2020-07-12,0.0764268828047064,0.24349447254517526
2020,2020-07-13,0.09012456747479489,0.2334017315738718
2020,2020-07-14,0.09425606290620225,0.1603752199455587
2020,2020-07-15,0.009835709747529233,0.1266926255002107
2020,2020-07-16,0.004035787797712458,0.1115777186356031
2020,2020-07-17,0.022924330720273004,0.08509374562010871
2020,2020-07-18,0.04027928163031388,0.07815223924422342
2020,2020-07-19,0.004524370176151158,0.062033144375373675
2020,2020-07-20,5.187950305173264e-05,0.040831438382594766
2020,2020-07-21,0.0005114635579600832,0.030257827872404986
2020,2020-07-22,0.020481643542773962,0.031132412560483397
2020,2020-07-23,0.3972268442268236,0.04760502508676303
2020,2020-07-24,0.05702244326821144,0.04095881963726558
2020,2020-07-25,0.011357743533232035,0.03555928865719534
2020,2020-07-26,0.0015974705639715484,0.029498912255132497
2020,2020-07-27,8.881471511608428e-05,0.022427916339133817
2020,2020-07-28,0.0005094603329231321,0.016880088088801305
2020,2020-07-29,8.177155867569812e-05,0.014731728344869386
2020,2020-07-30,4.62204903022016e-09,0.012909424453568451
2020,2020-07-31,2.148169848553467e-09,0.010238020808238012
2020,2020-08-01,4.5743427756076156e-08,0.007518087123637159
2020,2020-08-02,6.391715424903539e-06,0.006652743183639265
2020,2020-08-03,4.821266070710714e-05,0.006691192397585848
2020,2020-08-04,0.0018019839381070283,0.006854519553593343
2020,2020-08-05,0.012696498239309184,0.006539668743480607
2020,2020-08-06,0.0070954466850320025,0.0018254483399457674
2020,2020-08-07,0.00011203865068958099,0.0008160362524689503
2020,2020-08-08,6.822394877116961e-06,0.00048368466949093243
2020,2020-08-09,6.875320983352275e-05,0.0003976193038740213
2020,2020-08-10,1.8709165546168882e-05,0.00037748192685665245
2020,2020-08-11,9.689030851988622e-05,0.00034436953970714385
2020,2020-08-12,0.008347631960665363,0.0005521835468838924
2020,2020-08-13,0.00340519013800266,0.0007788980430873863
2020,2020-08-14,0.00016169598664356554,0.0008422065159395104
2020,2020-08-15,1.7147810696429528e-06,0.0008549792161753614
2020,2020-08-16,0.0021637061421344857,0.001058810310163373
2020,2020-08-17,0.0066413931711583035,0.0014297491994822245
2020,2020-08-18,0.014007209882719293,0.0018425863584830946
2020,2020-08-19,0.0033950489739935567,0.001571372373355103
2020,2020-08-20,0.0,0.0011378994336352665
2020,2020-08-21,0.0,0.0010228252545549335
2020,2020-08-22,8.742133330591956e-06,0.001042705623227895
2020,2020-08-23,3.63392381018517e-05,0.0010441801850122154
2020,2020-08-24,0.000317379396391755,0.0011363317711817404
2020,2020-08-25,0.006492355971809361,0.001466463057999789
2020,2020-08-26,0.35678643210028066,0.005699705421619749
2020,2020-08-27,0.05888540053551089,0.007546834610509951
2020,2020-08-28,0.40681454581498044,0.01729228799918262
2020,2020-08-29,0.5456812991721086,0.03571833750429943
2020,2020-08-30,0.19516662541969507,0.047184403448463585
2020,2020-08-31,0.04049203872684835,0.0514503009275473
2020,2020-09-01,0.08495935237586638,0.05705744414538865
2020,2020-09-02,0.007017104126391104,0.058351852240770975
2020,2020-09-03,0.000592681202825593,0.060277343839465466
2020,2020-09-04,0.0007656099446033282,0.06456688770322355
2020,2020-09-05,3.618609908920745e-05,0.06310901129871675
2020,2020-09-06,1.820426236090474e-08,0.06186806908752513
2020,2020-09-07,0.00044488236106095665,0.06147730109733051
2020,2020-09-08,0.10555901630546605,0.06992257302443443
2020,2020-09-09,0.12744604384889674,0.05947340797277762
2020,2020-09-10,0.06081544678215873,0.05974949966476962
2020,2020-09-11,0.48297767979191564,0.06733760724737424
2020,2020-09-12,0.023404235662254944,0.04533033459508563
2020,2020-09-13,0.0015480392911703096,0.03393445463730408
2020,2020-09-14,0.0009885021966812028,0.029527283090920974
2020,2020-09-15,0.0102946428527774,0.025336305981765415
2020,2020-09-16,0.23716100058348125,0.034637332863578486
2020,2020-09-17,0.19752966801456892,0.046510697254971554
2020,2020-09-18,0.07807892230508286,0.05401991790234819
2020,2020-09-19,0.0004777185884166614,0.05596604949873189
2020,2020-09-20,0.0,0.05636159216640738
2020,2020-09-21,0.0,0.056739118087915624
2020,2020-09-22,0.011414572569930186,0.04987850282899175
2020,2020-09-23,0.0706909798758161,0.04670480274802697
2020,2020-09-24,0.009752682260737635,0.04183608849747722
2020,2020-09-25,0.788571300876552,0.05187349130989462
2020,2020-09-26,0.9754539171970685,0.14224110647643143
2020,2020-09-27,0.29152782699889834,0.17186737982751896
2020,2020-09-28,0.01170875745320035,0.17566330505294311
2020,2020-09-29,0.13556951716310378,0.1898958421525136
2020,2020-09-30,0.025392909794160368,0.17149597943584566
2020,2020-10-01,0.2745217648598074,0.17642818267434132
2020,2020-10-02,0.05924906545050242,0.1753454984237774
2020,2020-10-03,0.009546330504762371,0.18428697453060536
2020,2020-10-04,0.009228219151404664,0.19428534368976152
2020,2020-10-05,0.18146141984502706,0.21916884895588473
2020,2020-10-06,0.2137282188763394,0.23929739417879678
2020,2020-10-07,0.3187764944216058,0.25937881824559356
2020,2020-10-08,0.09684820426480995,0.27670647456842573
2020,2020-10-09,0.005752319855034499,0.20660476508558956
2020,2020-10-10,0.0012523797458581026,0.08616148080513968
2020,2020-10-11,0.002113591189703206,0.06450236642450292
2020,2020-10-12,0.0037883125658220726,0.06296745464361599
2020,2020-10-13,0.002906695070139577,0.05164005643967903
2020,2020-10-14,0.014430601655581054,0.05038139196647625
2020,2020-10-15,0.011799850831676647,0.03822291582464965
2020,2020-10-16,0.0018832330238533384,0.03265196583868
2020,2020-10-17,8.044430445189426e-05,0.02985401862875804
2020,2020-10-18,0.0001971271383577691,0.027711070923349953
2020,2020-10-19,0.013906652871116816,0.02101664854520497
2020,2020-10-20,0.018670994851183887,0.0147951896884852
2020,2020-10-21,0.11129806961914605,0.010354965907785167
2020,2020-10-22,0.03749171399849718,0.008854718994069824
2020,2020-10-23,0.4287785788415083,0.018094926426130593
2020,2020-10-24,0.5835794910460149,0.04016802211816731
2020,2020-10-25,0.06378845831635821,0.046404161329551726
2020,2020-10-26,0.14942624255659415,0.056710558232506314
2020,2020-10-27,1.069843144088786,0.15125643840000014
2020,2020-10-28,0.5792056740883222,0.19361128065953045
2020,2020-10-29,0.31328733877967624,0.22152695385502638
2020,2020-10-30,0.11113730317980909,0.24146979929945306
2020,2020-10-31,0.05167136451318234,0.26059518468775517
2020,2020-11-01,1.0462010834141973,0.5188810445820511
2020,2020-11-02,0.4691810311604693,0.5545612536672176
2020,2020-11-03,0.000582717380018332,0.5517728371147611
2020,2020-11-04,0.32708921831462345,0.569468282442903
2020,2020-11-05,0.5733996494691035,0.6099933540103977
2020,2020-11-06,0.24401695811929705,0.5973194587790266
2020,2020-11-07,0.1574152216182268,0.5742040119386577
2020,2020-11-08,1.053981136296899,0.6921061822525355
2020,2020-11-09,1.071279944397061,0.7710223229239391
2020,2020-11-10,0.2722964308427327,0.70745974977095
2020,2020-11-11,0.005043692898335222,0.6756540548132787
2020,2020-11-12,0.04574650149643385,0.6577167692379474
2020,2020-11-13,0.4618445509925099,0.6736396902832024
2020,2020-11-14,0.5224169855786569,0.6979523440473641
2020,2020-11-15,0.7256704343507303,0.5583502610349984
2020,2020-11-16,0.5082455662469753,0.5619516063198913
2020,2020-11-17,0.6131247051281953,0.6118968748593966
2020,2020-11-18,0.5341755145155729,0.6207953924159062
2020,2020-11-19,0.30694908534060156,0.605095125953541
2020,2020-11-20,0.04446020374262195,0.5891087333518417
2020,2020-11-21,1.069310863525959,0.7035382389557425
2020,2020-11-22,0.7801310260498673,0.6445602755667528
2020,2020-11-23,0.07162842564252125,0.5240008161532764
2020,2020-11-24,1.0097630546502194,0.6239718800481202
2020,2020-11-25,0.7600127797405365,0.6737389840115049
2020,2020-11-26,0.5311818908986538,0.695468709748875
2020,2020-11-27,0.14155978486128554,0.6704816390174599
2020,2020-11-28,0.16390515549773288,0.649283014404351
2020,2020-11-29,0.6753137503698413,0.6453216295470234
2020,2020-11-30,0.5915778203282593,0.6499086266030263
2020,2020-12-01,0.4801457144593259,0.6393163408385515
2020,2020-12-02,0.7912907340244376,0.6560779717543116
2020,2020-12-03,0.45475450377802334,0.6624140800180742
2020,2020-12-04,0.09788012703016007,0.6657465497051288
2020,2020-12-05,0.009001050071272547,0.544206355329016
2020,2020-12-06,0.19432280756662765,0.5019003770065854
2020,2020-12-07,1.010526342155494,0.6389923689124187
2020,2020-12-08,0.42625176247433144,0.5605169248499982
2020,2020-12-09,0.3165420944928569,0.5281917665750283
2020,2020-12-10,0.6405864155065232,0.535033336464402
2020,2020-12-11,0.7011177621018813,0.5792473497335779
2020,2020-12-12,0.044236552448850094,0.5647146832319158
2020,2020-12-13,0.005403549028777184,0.517960231256798
2020,2020-12-14,0.8756104637242772,0.544820335028827
2020,2020-12-15,0.8970803080028734,0.6223564587933001
2020,2020-12-16,0.3447344044115077,0.5899584301043685
2020,2020-12-17,0.033832433194741864,0.5558305747476688
2020,2020-12-18,0.5708501384936823,0.5832993615390889
2020,2020-12-19,0.7939468782513789,0.6341478117234272
2020,2020-12-20,0.8792991144675978,0.6794861740326346
2020,2020-12-21,0.7296221469287164,0.6173612578965173
2020,2020-12-22,0.594101178798283,0.6305867927086419
2020,2020-12-23,0.9406261764478597,0.6745062651100363
2020,2020-12-24,0.8259980818554641,0.6866443719233173
2020,2020-12-25,0.3311525048419325,0.6739052794310106
2020,2020-12-26,0.35279278667378144,0.6981324396636439
2020,2020-12-27,0.5566055664628617,0.717247680989072
2020,2020-12-28,0.8291403124551451,0.7139030029824864
2020,2020-12-29,0.9225777993676706,0.6933752823055674
2020,2020-12-30,0.7575887754100256,0.7958521273353905
2020,2020-12-31,0.617864353684522,0.8209115961912778
2021,2021-01-01,0.04561413841570514,0.04561413841570514
2021,2021-01-02,0.46542161950448846,0.24422390897594096
2021,2021-01-03,0.8436216155989195,0.4622410208013221
2021,2021-01-04,0.9776168656844277,0.7447614673468317
2021,2021-01-05,0.6367510353125181,0.7276785043788654
2021,2021-01-06,0.15918270646482988,0.6561993371297912
2021,2021-01-07,0.2174633224601521,0.6111597851535354
2021,2021-01-08,0.3849742646787693,0.5887549035309187
2021,2021-01-09,0.7697022551678462,0.6255495163362049
2021,2021-01-10,0.27286476765664197,0.5948921923725748
2021,2021-01-11,0.4817386530407103,0.5868419873187544
2021,2021-01-12,0.9628182230521648,0.6422826265135606
2021,2021-01-13,0.7675654502539674,0.653336772704749
2021,2021-01-14,0.8239210187278969,0.6671983239579019
2021,2021-01-15,0.8427432879114423,0.7140921144313974
2021,2021-01-16,0.30795826216496625,0.7083970579800315
2021,2021-01-17,0.022491097614761865,0.6621133115099772
2021,2021-01-18,0.6319246045278907,0.5940016849593984
2021,2021-01-19,1.0108858754212717,0.7141366729171102
2021,2021-01-20,1.0863423881973244,0.8240787057766178
2021,2021-01-21,0.8344235073570065,0.8585616511308353
2021,2021-01-22,0.34556255570444055,0.8482536011353579
2021,2021-01-23,0.8026720456735587,0.850309272712031
2021,2021-01-24,0.9479401176966563,0.8964036147273338
2021,2021-01-25,0.832244692579181,0.9082122664414045
2021,2021-01-26,0.8038614750238257,0.8981628993659913
2021,2021-01-27,0.5335266887456448,0.8901619779627455
2021,2021-01-28,0.7005012342163004,0.8838819279680563
2021,2021-01-29,0.9941672497942087,0.8952850472717452
2021,2021-01-30,0.749254029203149,0.9076106864111111
2021,2021-01-31,0.17851574548702134,0.9109344233038665
2021,2021-02-01,0.4146205896823931,0.912286798575024
2021,2021-02-02,0.6913551352838527,0.869078791228178
2021,2021-02-03,0.21083320323963844,0.7918559570540542
2021,2021-02-04,0.03187394141661959,0.7412392512934325
2021,2021-02-05,0.13553464273291438,0.7452044270745268
2021,2021-02-06,0.8711542708366959,0.7499971286146941
2021,2021-02-07,0.9320273709639272,0.7100952289180262
2021,2021-02-08,0.47928404787773365,0.6705573749359881
2021,2021-02-09,0.4292718549020559,0.6352052323210706
2021,2021-02-10,0.7669188803430407,0.6676052661223054
2021,2021-02-11,0.12111630151647906,0.6302956699867114
2021,2021-02-12,0.10759024285187826,0.5255902567401456
2021,2021-02-13,0.8567519211627984,0.5407173537730946
2021,2021-02-14,1.0539990702963327,0.661975533082296
2021,2021-02-15,0.877064485431053,0.7023109966870437
2021,2021-02-16,0.12953663502312313,0.6706730814600841
2021,2021-02-17,0.003639584246021534,0.6524257312567199
2021,2021-02-18,0.01819053025589815,0.6488706818461423
2021,2021-02-19,0.005342472322765046,0.6370225082999578
2021,2021-02-20,0.6013111474638754,0.6156193001694801
2021,2021-02-21,0.2740169744325555,0.5455194596839247
2021,2021-02-22,0.15213969706142327,0.5239631520846717
2021,2021-02-23,0.032055945162067556,0.4890546236417085
2021,2021-02-24,0.06575395651182427,0.41406086676767945
2021,2021-02-25,1.089996959242184,0.5296564452573375
2021,2021-02-26,0.7665346467738696,0.5798253102608112
2021,2021-02-27,0.5146119288664186,0.5476607206210511
2021,2021-02-28,1.0070840399453374,0.4969819595350309
2021,2021-03-01,0.6852392268969469,0.4747149176398634
2021,2021-03-02,0.8297302044577242,0.5367275196222295
2021,2021-03-03,0.9133593546087813,0.6449259539765155
2021,2021-03-04,0.5325062995150888,0.6716370231557363
2021,2021-03-05,0.5179529791596996,0.6932967818954314
2021,2021-03-06,1.0131652680709555,0.7444160887416775
2021,2021-03-07,0.49525159126079854,0.7553890958843549
2021,2021-03-08,1.0013112959923094,0.8133601716009777
2021,2021-03-09,0.92027707659331,0.8551406454688188
2021,2021-03-10,0.9784278022370014,0.9038822689255184
2021,2021-03-11,0.8533812540205438,0.885389168866655
2021,2021-03-12,0.5749779567122695,0.873963193406399
2021,2021-03-13,0.38012790755887194,0.8612326734725554
2021,2021-03-14,0.5794199338758995,0.8455202406089045
2021,2021-03-15,0.2647073209509224,0.8430594363639933
2021,2021-03-16,0.1998242800782318,0.8303226935682023
2021,2021-03-17,0.4151003915018911,0.7956979677551707
2021,2021-03-18,0.9519273795343027,0.841032747176566
2021,2021-03-19,0.45566950506495557,0.8335986130149703
2021,2021-03-20,0.027347582800038978,0.7770301989391206
2021,2021-03-21,0.14606908140425137,0.7667329841313388
2021,2021-03-22,0.19158217714775216,0.7028163133590387
2021,2021-03-23,1.0994485686613598,0.7574308238268235
2021,2021-03-24,0.9965003327119443,0.7319155470755333
2021,2021-03-25,0.3234634922020384,0.6825440877613189
2021,2021-03-26,0.06313389141233414,0.6571031101473612
2021,2021-03-27,1.0894377567549907,0.7483791022195906
2021,2021-03-28,0.9177039936708349,0.7713548824426965
2021,2021-03-29,0.8607408972318987,0.7974313136839274
2021,2021-03-30,0.7512508401161844,0.8165072342323226
2021,2021-03-31,0.9472326226967344,0.8591401767463444
2021,2021-04-01,0.6462395124371174,0.822603832651007
2021,2021-04-02,0.4323096826858548,0.8318980229652961
2021,2021-04-03,0.3663216876603318,0.8493233104043433
2021,2021-04-04,0.28706753876417446,0.8615649082073522
2021,2021-04-05,0.7775952936476958,0.8886334899893331
2021,2021-04-06,0.7439773537174726,0.8318894978997777
2021,2021-04-07,0.1613519889686575,0.7695498609739708
2021,2021-04-08,0.014286911603181643,0.7635921046538601
2021,2021-04-09,0.14940594455315204,0.7733944575110241
2021,2021-04-10,0.13111410980317795,0.6647097883270972
2021,2021-04-11,1.0149595299453775,0.6699385723963592
2021,2021-04-12,0.6034846473035594,0.6423778007836806
2021,2021-04-13,0.6689040956368891,0.6300354897481392
2021,2021-04-14,1.076841920132267,0.645720379212433
2021,2021-04-15,0.8862370244645399,0.6615798885257252
2021,2021-04-16,0.37790562603998323,0.6576042106128345
2021,2021-04-17,0.9533227085977541,0.7079105286000145
2021,2021-04-18,0.9315508682601666,0.7565562583533897
2021,2021-04-19,0.9384887340637441,0.8039974538102314
2021,2021-04-20,0.56116955920581,0.791895972631614
2021,2021-04-21,0.7872888274829296,0.8186320659446576
2021,2021-04-22,0.8956228019075673,0.8529168686088494
2021,2021-04-23,0.7230916230664678,0.8724506502483336
2021,2021-04-24,0.24065517060181887,0.8762027080543802
2021,2021-04-25,0.09437245164855429,0.840169629163849
2021,2021-04-26,1.0068867822861831,0.9255648262701263
2021,2021-04-27,0.9509538499411355,0.9439060018803165
2021,2021-04-28,0.8538464846607419,0.9173469370521118
2021,2021-04-29,0.6754046414278098,0.9077923316818939
2021,2021-04-30,0.6045148045649037,0.9100799066190398
2021,2021-05-01,0.4591966769385604,0.8889430211588487
2021,2021-05-02,0.9761902799958436,0.8905203592526679
2021,2021-05-03,0.6570499007403836,0.8518988109648111
2021,2021-05-04,0.19964387138981302,0.8438121811314487
2021,2021-05-05,0.12999609631166026,0.8166516107762098
2021,2021-05-06,0.07810014219213356,0.7757156848461673
2021,2021-05-07,0.9886252662189908,0.793220985290227
2021,2021-05-08,0.8161143019611039,0.8169075010089062
2021,2021-05-09,0.9602345292138493,0.8605831976454901
2021,2021-05-10,0.8869438956687452,0.7761925048316768
2021,2021-05-11,0.6047934714130663,0.7295637515105052
2021,2021-05-12,0.310041053320022,0.6982825853598471
2021,2021-05-13,0.7801218366483866,0.7053223995543226
2021,2021-05-14,0.42595119711527146,0.6965655138063901
2021,2021-05-15,0.24258448028150048,0.6854380116586635
2021,2021-05-16,0.2887578798112114,0.6295085566363857
2021,2021-05-17,0.26997364427536596,0.6067845169724624
2021,2021-05-18,0.7119621286518769,0.6365820901152263
2021,2021-05-19,0.9683545367908815,0.710269293313874
2021,2021-05-20,0.43792931801453,0.7274220044269726
2021,2021-05-21,0.643083671148397,0.7038059191174885
2021,2021-05-22,0.2510713589121772,0.6759906668620587
2021,2021-05-23,0.35582798275855926,0.6003787199739733
2021,2021-05-24,0.020215216159295207,0.5127541320712822
2021,2021-05-25,0.7174628991059454,0.5177292125539569
2021,2021-05-26,0.7098193147008042,0.5463635552508501
2021,2021-05-27,0.13604575856833523,0.4989379793184292
2021,2021-05-28,0.8654166846964059,0.5471208593392808
2021,2021-05-29,0.37065126673398846,0.5562827426758058
2021,2021-05-30,0.3165920667958092,0.559916374441366
2021,2021-05-31,0.09114278135914092,0.5487819240284915
2021,2021-06-01,0.015652727790051956,0.4961413809150457
2021,2021-06-02,0.6816565683197469,0.42569996619508105
2021,2021-06-03,0.6577793936387669,0.4426001538439728
2021,2021-06-04,0.44801827656209176,0.42828440425062353
2021,2021-06-05,0.22819485557509517,0.4247398699313826
2021,2021-06-06,0.057563180747095335,0.3984279662774662
2021,2021-06-07,0.09085932610214952,0.4111428269874842
2021,2021-06-08,0.20313437258449601,0.3728866481089039
2021,2021-06-09,0.17519057155732864,0.32881152792349094
2021,2021-06-10,0.20895759793733726,0.33382534124451163
2021,2021-06-11,0.32644253476721274,0.2690649519996444
2021,2021-06-12,0.06198317787283107,0.2439485863202512
2021,2021-06-13,0.46622173989428023,0.2552567570346895
2021,2021-06-14,1.0245802055645854,0.39070761344367433
2021,2021-06-15,1.028572376240586,0.5199822720936254
2021,2021-06-16,0.8236728020406417,0.5501327459851315
2021,2021-06-17,0.7241869605580236,0.5626397825727164
2021,2021-06-18,0.22550429563887855,0.5473648981062014
2021,2021-06-19,0.3138486023854051,0.5514687555620624
2021,2021-06-20,0.14169596526399844,0.5570304725455846
2021,2021-06-21,0.06577709289951915,0.5510308443754655
2021,2021-06-22,0.06828326686038412,0.5415464896979397
2021,2021-06-23,0.7834777405925538,0.5914794882941232
2021,2021-06-24,0.22744282580614858,0.5889467240479109
2021,2021-06-25,0.012493666654915041,0.5658691577300299
2021,2021-06-26,0.015115505380465726,0.55813450341203
2021,2021-06-27,0.19945688678778964,0.5445833852635112
2021,2021-06-28,0.13967175930506082,0.43913974839723213
2021,2021-06-29,0.8709154613871514,0.396959535364625
2021,2021-06-30,0.13532261958189112,0.3203651766717499
2021,2021-07-01,0.00018407967542099368,0.2403359705744028
2021,2021-07-02,0.00034508043892493123,0.21237404554532668
2021,2021-07-03,0.38280245962588066,0.22090529831526445
2021,2021-07-04,0.6767522360929017,0.3036298033114113
2021,2021-07-05,0.3677791563759688,0.326441410449479
2021,2021-07-06,0.5830823744190353,0.3615135631684099
2021,2021-07-07,0.12561028361427357,0.29785903999895635
2021,2021-07-08,0.17717858416456564,0.29536308201226713
2021,2021-07-09,0.11354952325860347,0.3042387234597161
2021,2021-07-10,0.0908155092013934,0.3147616161562642
2021,2021-07-11,0.036050611620670955,0.3033593973975494
2021,2021-07-12,0.007693985661175772,0.2903572965918124
2021,2021-07-13,0.7619211115483294,0.26680843632273926
2021,2021-07-14,0.13416792908705388,0.26866633450505545
2021,2021-07-15,0.06164759196257086,0.2899269852934482
2021,2021-07-16,0.2960231610787128,0.32616933984003776
2021,2021-07-17,0.17523848167302955,0.30836979684814714
2021,2021-07-18,0.03920526080269068,0.20719206600006151
2021,2021-07-19,0.0010592375291725064,0.16831895268461464
2021,2021-07-20,0.24804110955547448,0.1409527447138035
2021,2021-07-21,0.3304645017304933,0.15449653437431748
2021,2021-07-22,0.10085854659363534,0.1487650946961151
2021,2021-07-23,0.7415598823926837,0.1915941535538744
2021,2021-07-24,0.14190291102866912,0.19558282597450882
2021,2021-07-25,0.003277905019019499,0.18792137666331202
2021,2021-07-26,0.0029240966562708286,0.1868252016980468
2021,2021-07-27,0.0023847614439447056,0.12836585958441654
2021,2021-07-28,0.0012747924765657526,0.1131545833578238
2021,2021-07-29,0.0744649127365956,0.11472874664368919
2021,2021-07-30,0.189722535531722,0.10884617733256662
2021,2021-07-31,0.03991225438417387,0.0985114297750258
2021,2021-08-01,0.15698439849477677,0.10807916272429421
2021,2021-08-02,0.3275749237552307,0.13568849080665807
2021,2021-08-03,0.11591404102848397,0.1275254590420898
2021,2021-08-04,0.07445363403419705,0.1107069262841651
2021,2021-08-05,0.5170491109014399,0.13639182025844118
2021,2021-08-06,0.041562273773489984,0.09335412823600032
2021,2021-08-07,0.017802908934645742,0.08298270705938353
2021,2021-08-08,0.03163010126435956,0.08736594842410375
2021,2021-08-09,0.011227171325074423,0.08895534311033748
2021,2021-08-10,0.00601874713823033,0.08921769021630678
2021,2021-08-11,0.0077495808453212755,0.09124007056409153
2021,2021-08-12,0.46960135582097073,0.11117894120949655
2021,2021-08-13,0.8004305910144344,0.15486637692101246
2021,2021-08-14,0.21862312981658852,0.1713898077854102
2021,2021-08-15,0.03140175996231022,0.15922400865747943
2021,2021-08-16,0.0428265431156053,0.13857666909130717
2021,2021-08-17,0.01436503233789065,0.12766962572567234
2021,2021-08-18,0.005816195371616034,0.11890815483891745
2021,2021-08-19,0.04150060876638171,0.08981327356415274
2021,2021-08-20,0.016463124873322063,0.08724922244396567
2021,2021-08-21,0.0010608730207955013,0.08292796517794929
2021,2021-08-22,0.0003121308298440697,0.076031484708015
2021,2021-08-23,0.0003706754724664483,0.07255099390599552
2021,2021-08-24,2.0937077557538865e-05,0.06878521645853093
2021,2021-08-25,4.162581507111647e-05,0.0649006086262668
2021,2021-08-26,0.00038228892537017014,0.04174515488850113
2021,2021-08-27,0.0025019160062989595,0.012188911070436298
2021,2021-08-28,0.43399956811806606,0.015611849580968775
2021,2021-08-29,0.29680589353765235,0.023406428581696122
2021,2021-08-30,0.6312521818355759,0.044834420845051515
2021,2021-08-31,0.5898528357710211,0.07481774396283564
2021,2021-09-01,0.4611946615345779,0.10573683270860282
2021,2021-09-02,0.05052878567139833,0.10652985889726184
2021,2021-09-03,0.009493963971173863,0.10505385510181775
2021,2021-09-04,0.10712639900022423,0.11809989977702946
2021,2021-09-05,0.07713572052828954,0.13216971738172326
2021,2021-09-06,0.053861918776925415,0.14290841000134868
2021,2021-09-07,0.0038954161516250637,0.14872887482711195
2021,2021-09-08,0.03437115098726994,0.1602764046327836
2021,2021-09-09,0.529041827007394,0.20487582260039758
2021,2021-09-10,0.4246253270661556,0.2420452770525506
2021,2021-09-11,0.08719466948785401,0.21694628627832233
2021,2021-09-12,0.023204509642576917,0.1937152832422873
2021,2021-09-13,0.187482472221586,0.16147025385138924
2021,2021-09-14,0.07135450754914012,0.12422588797720246
2021,2021-09-15,0.00873555838308214,0.09115867030919848
2021,2021-09-16,0.13214802726658412,0.09732620916765988
2021,2021-09-17,0.4184757465248574,0.12548941986319329
2021,2021-09-18,0.8001723880558513,0.1728779491568342
2021,2021-09-19,0.26949985549091987,0.18821893347680912
2021,2021-09-20,0.163026598939243,0.19863038028747185
2021,2021-09-21,0.060909237800501885,0.20879002116918896
2021,2021-09-22,0.030328807588230488,0.20712089745605602
2021,2021-09-23,0.014261988665529848,0.16781818978721097
2021,2021-09-24,0.09583811356095351,0.146636014103159
2021,2021-09-25,0.17352895402067658,0.15331425217915162
2021,2021-09-26,0.24350795689496776,0.17193102671782354
2021,2021-09-27,0.22324396725375292,0.17427547230867788
2021,2021-09-28,0.06601314427483353,0.1741525290483735
2021,2021-09-29,0.02255430449816293,0.17691937805272068
2021,2021-09-30,0.03638953224728871,0.16712234677149854
2021,2021-10-01,0.09728073570080392,0.1462156632106739
2021,2021-10-02,0.4831045583443905,0.12371872938718775
2021,2021-10-03,0.14636055570784265,0.1146886323408613
2021,2021-10-04,0.11243380823657717,0.11146964013472603
2021,2021-10-05,0.014151439230626424,0.10492975863388984
2021,2021-10-06,2.5677721087813356e-06,0.09597623625957648
2021,2021-10-07,0.008847714505592729,0.09475938495903702
2021,2021-10-08,0.7251287018212206,0.12821924025572
2021,2021-10-09,0.14582229328051796,0.12653693317475398
2021,2021-10-10,0.023511301132981173,0.10911229071747788
2021,2021-10-11,0.11857680772106746,0.1030897736123233
2021,2021-10-12,0.022532314355873658,0.09837234509074609
2021,2021-10-13,0.003993516737381681,0.09506823123191957
2021,2021-10-14,0.0006378730248493584,0.08676640390125442
2021,2021-10-15,1.1417530533486367e-06,0.07289141690580217
2021,2021-10-16,9.599735459580302e-07,0.04537854676896984
2021,2021-10-17,0.4000621262603963,0.053441330350494455
2021,2021-10-18,0.5614955593357182,0.0714423738253746
2021,2021-10-19,0.05031731722951205,0.07631464708975075
2021,2021-10-20,0.012124734072063478,0.08198684244509358
2021,2021-10-21,1.2081550496548366,0.24582094402614316
2021,2021-10-22,0.6726677839934302,0.2529907998953551
2021,2021-10-23,0.36080336518620854,0.2686086160186196
2021,2021-10-24,0.30359147069279235,0.29608541621403495
2021,2021-10-25,0.47391014950419164,0.32026410712088155
2021,2021-10-26,0.9046524684821904,0.39931141980646934
2021,2021-10-27,1.2191301276486533,0.6064028210513345
2021,2021-10-28,0.9244582898566944,0.7069178388913311
2021,2021-10-29,0.1284300600275979,0.7254252057736609
2021,2021-10-30,0.04511148750617472,0.741261102882806
2021,2021-10-31,0.1355825440437704,0.727523697803522
2021,2021-11-01,0.18655726780685228,0.708646162189104
2021,2021-11-02,0.7850136571555761,0.754094335316288
2021,2021-11-03,0.30319050036864886,0.7703947901746999
2021,2021-11-04,0.07325728961806985,0.6436995888603949
2021,2021-11-05,0.010695220995633437,0.5922466596862203
2021,2021-11-06,0.09780787637663309,0.5765255094894524
2021,2021-11-07,0.8424795467391499,0.6136587351363224
2021,2021-11-08,0.9880518617890243,0.6584880100248636
2021,2021-11-09,1.0763237361863576,0.72171513158896
2021,2021-11-10,0.4340843445060639,0.5814040932430191
2021,2021-11-11,0.2424799689541733,0.4952328427130067
2021,2021-11-12,0.5768020090184923,0.5302049318966334
2021,2021-11-13,0.5712250673906972,0.5694487625279315
2021,2021-11-14,0.24918658561417475,0.5723341740286906
2021,2021-11-15,0.5779593843258621,0.5966947872871929
2021,2021-11-16,0.8632896778337181,0.6036140266303696
2021,2021-11-17,1.2116625516403006,0.700272335623556
2021,2021-11-18,1.1092167374056139,0.8093061593988904
2021,2021-11-19,0.6524453268465717,0.8394024855485299
2021,2021-11-20,0.7402396637376761,0.8607346997302051
2021,2021-11-21,0.8214409290813742,0.8595531536486481
2021,2021-11-22,0.23327750471653105,0.8142575755889958
2021,2021-11-23,0.03347590989428368,0.712279436860021
2021,2021-11-24,0.002989300560883421,0.6848459263129941
2021,2021-11-25,0.05938398381993945,0.6757384357570146
2021,2021-11-26,0.6348928764744559,0.6790329588379499
2021,2021-11-27,0.3858101602245867,0.6678066840865542
2021,2021-11-28,0.6129608717440266,0.6895690272838016
2021,2021-11-29,0.4855890273775115,0.6802266960774785
2021,2021-11-30,0.3416989280183415,0.6463056477513127
2021,2021-12-01,0.6862456738661653,0.5775560175796194
2021,2021-12-02,0.7538324625295186,0.4882240812848732
2021,2021-12-03,0.5644063404272978,0.477338601167198
2021,2021-12-04,0.6443970541799675,0.47134741034866184
2021,2021-12-05,0.5235004986492658,0.43611839322815427
2021,2021-12-06,1.0073852978714302,0.5150288059633271
2021,2021-12-07,1.0539262939560008,0.6149556354834684
2021,2021-12-08,1.0399587648917061,0.715932583503325
2021,2021-12-09,0.8598105443958954,0.7559705126671381
2021,2021-12-10,0.8822239455893587,0.7721951444834719
2021,2021-12-11,1.116015480048697,0.8219489987312515
2021,2021-12-12,0.9003738412637119,0.8403977249091846
2021,2021-12-13,0.972364981731031,0.8694371057793545
2021,2021-12-14,0.5489324857648332,0.8749433884781619
2021,2021-12-15,1.1574167277640903,0.9153929143371827
2021,2021-12-16,1.031661726305223,0.9380136311028443
2021,2021-12-17,0.8729833391315703,0.9560625863852997
2021,2021-12-18,1.0883583228379348,0.9862931462043254
2021,2021-12-19,0.6497571231266991,0.9879732030188612
2021,2021-12-20,0.8766325196717903,0.979362583862706
2021,2021-12-21,0.825898659266552,0.9671660847056645
2021,2021-12-22,0.31215585134669827,0.927028816225726
2021,2021-12-23,0.4970600581814628,0.9102199313632809
2021,2021-12-24,0.7434647697637375,0.9026972889687668
2021,2021-12-25,0.7764108326095598,0.8749509968049807
2021,2021-12-26,0.11876768042745016,0.8383830887784866
2021,2021-12-27,0.7930113843078838,0.8246933600542851
2021,2021-12-28,0.3673878280097757,0.81961253076967
2021,2021-12-29,0.17945013370109456,0.7317795305467247
2021,2021-12-30,0.987927932283274,0.7223523773464698
2021,2021-12-31,0.8309360179937811,0.7222156354872328
2022,2022-01-01,0.7136490532507375,0.7136490532507375
2022,2022-01-02,0.15484816256413775,0.4973080705523729
2022,2022-01-03,0.007473382397535535,0.326961212349096
2022,2022-01-04,0.001607581676996142,0.22025061779869604
2022,2022-01-05,0.0004584875898755289,0.15075768760643063
2022,2022-01-06,0.0009524095142928034,0.11408963295962347
2022,2022-01-07,0.5978157710244834,0.17370999313708535
2022,2022-01-08,0.7670633560658997,0.3807819750015048
2022,2022-01-09,0.30382849159029923,0.37693807050673256
2022,2022-01-10,0.004753135048549145,0.3324619089631529
2022,2022-01-11,0.001261433441726373,0.29079692898402404
2022,2022-01-12,0.02571819144104887,0.26617683437728545
2022,2022-01-13,0.07495082559351715,0.25107488098315706
2022,2022-01-14,0.25779088442965004,0.2518900411407459
2022,2022-01-15,0.14246924202190817,0.19770087533325637
2022,2022-01-16,0.17708602572378868,0.1997777955761294
2022,2022-01-17,0.8738653949609501,0.29769799583624057
2022,2022-01-18,0.431277649812761,0.3375588623649622
2022,2022-01-19,0.21337724247093873,0.3631111469301231
2022,2022-01-20,0.294409036935949,0.38864124625610147
2022,2022-01-21,0.5489077037571972,0.3856967922753531
2022,2022-01-22,0.9125070550153851,0.3477611796668047
2022,2022-01-23,0.7681500135133434,0.39624242914700025
2022,2022-01-24,0.24807068377799657,0.4207883738316278
2022,2022-01-25,0.4552200388498675,0.461828603666468
2022,2022-01-26,0.8678815467347275,0.5420185616531559
2022,2022-01-27,0.7637725636892126,0.591001371092856
2022,2022-01-28,0.2537345488224714,0.5910834100228843
2022,2022-01-29,0.7246853773872065,0.6254506415566452
2022,2022-01-30,0.696003052811913,0.65720969790356
2022,2022-01-31,0.30983654485952256,0.615051531195494
2022,2022-02-01,0.1719079054310879,0.608594975143059
2022,2022-02-02,0.6418052512098941,0.6317217959350647
2022,2022-02-03,0.8351680222738758,0.6819846618254459
2022,2022-02-04,0.7349957252593728,0.6916662767763038
2022,2022-02-05,0.803699813915703,0.6826519720677781
2022,2022-02-06,0.6169980681277609,0.6688342741091903
2022,2022-02-07,0.2872728843776159,0.6677141834118491
2022,2022-02-08,0.22805894105269325,0.6561987476430218
2022,2022-02-09,0.5459840603433185,0.627650615117845
2022,2022-02-10,0.424234375627443,0.6033469324769657
2022,2022-02-11,0.6787350995745123,0.6265672283355321
2022,2022-02-12,0.5453429332531825,0.6141959106717494
2022,2022-02-13,0.7317711378356883,0.6120173882997547
2022,2022-02-14,0.815954524810768,0.6637013143493371
2022,2022-02-15,0.0,0.7948737783414964
2022,2022-02-16,0.6868395997060341,0.7938163819344533
2022,2022-02-17,0.6373969490202375,0.7783135739622751
2022,2022-02-18,0.7399481096808341,0.8138624779979996
2022,2022-02-19,0.5559870383932598,0.7959753202718
2022,2022-02-20,0.08039323234150565,0.7900407488325081
2022,2022-02-21,0.03556285863025581,0.7966659024582163
2022,2022-02-22,0.5406178611051955,0.8066829710266041
2022,2022-02-23,0.8371547240527667,0.8177009864606796
2022,2022-02-24,0.31745394604052324,0.8123614195994918
2022,2022-02-25,0.5505275191050374,0.8076242851720695
2022,2022-02-26,0.8027577244977012,0.8152577686609346
2022,2022-02-27,0.649714919424396,0.8125544385941786
2022,2022-02-28,0.7639695182520146,0.803948555839016
2022,2022-03-01,0.4355941609037397,0.7080665806955407
2022,2022-03-02,0.8081345133439182,0.727907816208335
2022,2022-03-03,0.7534845693020805,0.7350041585825083
2022,2022-03-04,0.6896532166548242,0.6688454377448337
2022,2022-03-05,0.805778593527674,0.6891118665810644
2022,2022-03-06,0.4948254251783814,0.6979166731891321
2022,2022-03-07,0.5153901688298166,0.709608418478411
2022,2022-03-08,0.685321991164462,0.7133924545189712
2022,2022-03-09,0.5854079015667061,0.6888519054253762
2022,2022-03-10,0.19381962612450176,0.6820537011581433
2022,2022-03-11,0.058330142608842124,0.657380631567036
2022,2022-03-12,0.062337767117664256,0.6181393276963003
2022,2022-03-13,0.8451460831545139,0.6339650041284376
2022,2022-03-14,0.7915401967163596,0.643873426450828
2022,2022-03-15,0.2661661681143836,0.632249772287589
2022,2022-03-16,0.4009314512699287,0.5821130537385624
2022,2022-03-17,0.40531677915816133,0.5575215092260836
2022,2022-03-18,0.5468508206941701,0.5470026225536473
2022,2022-03-19,0.6284696635733791,0.521495475357711
2022,2022-03-20,0.8925243195793948,0.5676028127997153
2022,2022-03-21,0.8032040720631807,0.5962945285411267
2022,2022-03-22,0.5634816401790966,0.5834739494506016
2022,2022-03-23,0.22064513728801788,0.5657604598797196
2022,2022-03-24,0.815644252993059,0.6105932372420597
2022,2022-03-25,0.5204610624839349,0.6371389877003143
2022,2022-03-26,0.8015457685542574,0.6756568707672697
2022,2022-03-27,0.4933616586388521,0.6511297003958664
2022,2022-03-28,0.9231339889027023,0.6714406230723159
2022,2022-03-29,0.7700313997194765,0.7125577192616224
2022,2022-03-30,0.7240621457728057,0.7324506717781334
2022,2022-03-31,0.5630906949453114,0.7331539842197105
2022,2022-04-01,0.1481984751603267,0.7230362679830469
2022,2022-04-02,0.9277098228150628,0.759829208237215
2022,2022-04-03,0.7773609925191874,0.772486003422772
2022,2022-04-04,0.5592332623925057,0.7566321571580372
2022,2022-04-05,0.6457059972426795,0.7637351944098312
2022,2022-04-06,0.779820614716632,0.7783785354440205
2022,2022-04-07,0.17687290686964388,0.7577403789457294
2022,2022-04-08,0.33588225082865053,0.7548279687791973
2022,2022-04-09,0.7375985492331033,0.7487811586561833
2022,2022-04-10,0.5389663895408335,0.751247293577217
2022,2022-04-11,0.4967072378958703,0.7181571648724415
2022,2022-04-12,0.14692300678979411,0.6887210260752717
2022,2022-04-13,0.2230565991971406,0.6597800169283019
2022,2022-04-14,0.7749842173270657,0.7242814367130606
2022,2022-04-15,0.716625905497636,0.7430374288810256
2022,2022-04-16,0.1981681454650345,0.6859036876396274
2022,2022-04-17,0.17385224371295474,0.6100634510949293
2022,2022-04-18,0.7020876039968976,0.6228517697247384
2022,2022-04-19,0.878310157312339,0.6547511670641241
2022,2022-04-20,0.799632441256349,0.653587950993204
2022,2022-04-21,0.7464334490176155,0.6899533547125462
2022,2022-04-22,0.4191889919667255,0.6886942053171817
2022,2022-04-23,0.11838011207993805,0.6614338726645115
2022,2022-04-24,0.526455312030295,0.6626683945239735
2022,2022-04-25,0.12597983840258278,0.6495883229195192
2022,2022-04-26,0.5973509368378199,0.6717049818506129
2022,2022-04-27,0.4696823868013357,0.6821290318331947
2022,2022-04-28,0.23534885810326253,0.5851406120586515
2022,2022-04-29,0.41398167975754907,0.5623938745251821
2022,2022-04-30,0.8641778367639681,0.6606724781455287
2022,2022-05-01,0.7376277654909073,0.6937171639100108
2022,2022-05-02,0.8581541826113174,0.7512393267182532
2022,2022-05-03,0.5582100323813091,0.7225000174770052
2022,2022-05-04,0.8624370703998402,0.7355947023466954
2022,2022-05-05,0.2565427576688699,0.6992897792715547
2022,2022-05-06,0.2561173206430201,0.6988054049041733
2022,2022-05-07,0.8036929314826984,0.7317585845707607
2022,2022-05-08,0.47686173227713213,0.7267025477818844
2022,2022-05-09,0.7191540263104724,0.7457849890286412
2022,2022-05-10,0.16573731033466005,0.7266090428249012
2022,2022-05-11,0.011658587048255698,0.7146637784100076
2022,2022-05-12,0.5899014723913303,0.7215607108335544
2022,2022-05-13,0.5712709574997265,0.7329541186238302
2022,2022-05-14,0.34394424181693223,0.6798790311870798
2022,2022-05-15,0.5368609698418605,0.6657247958659399
2022,2022-05-16,0.7935721709771411,0.5862120326514427
2022,2022-05-17,0.6623222469868492,0.5943729315680973
2022,2022-05-18,0.6881430888811251,0.5594800864485967
2022,2022-05-19,0.40804290164239143,0.575974777860235
2022,2022-05-20,0.034571608983035844,0.5469068132422428
2022,2022-05-21,0.006684815220428471,0.47468142134544167
2022,2022-05-22,0.027227121080133865,0.4396154099139228
2022,2022-05-23,0.01979678887340338,0.36915574771937754
2022,2022-05-24,0.002884584465899181,0.35308202964172386
2022,2022-05-25,0.002681530843355969,0.3501188498360747
2022,2022-05-26,0.0014145586369901976,0.30062733062800306
2022,2022-05-27,0.3467710740010837,0.2850422523486501
2022,2022-05-28,0.8416149426146056,0.3433944275462832
2022,2022-05-29,0.551845361492892,0.3459750206031502
2022,2022-05-30,0.40980322712885736,0.3074503958880393
2022,2022-05-31,0.5397046236656087,0.296074356272491
2022,2022-06-01,0.20362906807052822,0.24576578594577722
2022,2022-06-02,0.08854235689850591,0.20319385958168393
2022,2022-06-03,0.055546908272070664,0.2092787827842791
2022,2022-06-04,0.831605224525242,0.3213091872982859
2022,2022-06-05,0.5006231571334996,0.3701834803569499
2022,2022-06-06,0.25944500504134965,0.39048720163173045
2022,2022-06-07,0.0555251292999935,0.3955437342510147
2022,2022-06-08,0.03769912119880854,0.4006775894856655
2022,2022-06-09,0.17611678257384042,0.41820863355762045
2022,2022-06-10,0.10735827563157369,0.40208471636573456
2022,2022-06-11,0.8164126640713537,0.4178998191038017
2022,2022-06-12,0.5668245890209203,0.42687414201756296
2022,2022-06-13,0.2755542789675633,0.4171451427640037
2022,2022-06-14,0.15085804384254425,0.3889572578939656
2022,2022-06-15,0.5282194801032338,0.4174745447195856
2022,2022-06-16,0.13791162563586126,0.420748095500004
2022,2022-06-17,0.0021874233557791782,0.4044939826518045
2022,2022-06-18,0.00011696799046462077,0.3053869485059044
2022,2022-06-19,0.011457211323363584,0.2616270495908095
2022,2022-06-20,0.06366986077585726,0.24535430508021075
2022,2022-06-21,0.15112802601988898,0.25480610759656336
2022,2022-06-22,0.0935159479552252,0.25958496839022477
2022,2022-06-23,0.30326980015155974,0.2673477783066853
2022,2022-06-24,0.18722994594580064,0.2731241686671516
2022,2022-06-25,0.008446327859955615,0.1698681099827763
2022,2022-06-26,0.18932484684704715,0.1329122845467176
2022,2022-06-27,0.09334678200376874,0.11845229999771041
2022,2022-06-28,0.475922073415283,0.15044263384886983
2022,2022-06-29,0.044714620608095126,0.1078632481024916
2022,2022-06-30,0.005542741328944177,0.09497193840338733
2022,2022-07-01,0.012624433084037576,0.09925033751674485
2022,2022-07-02,0.0032157015044179814,0.10308414441874426
2022,2022-07-03,0.14846797763266978,0.11575745314710767
2022,2022-07-04,0.7433851915740929,0.18373115040603863
2022,2022-07-05,0.15947086900886356,0.18414775839403416
2022,2022-07-06,0.035081397184582364,0.17724504375791955
2022,2022-07-07,0.07126679549886744,0.1611211902610364
2022,2022-07-08,0.19228398233146432,0.16147480156457328
2022,2022-07-09,0.2635856493365023,0.18508954867224856
2022,2022-07-10,0.05510842240707177,0.1739135975992394
2022,2022-07-11,0.004045373597888974,0.16245582066663575
2022,2022-07-12,0.004686610111619809,0.11354062655049636
2022,2022-07-13,0.03035215429486258,0.1125650078402119
2022,2022-07-14,0.28727084186289803,0.13617350121426927
2022,2022-07-15,0.2595341793998434,0.15835577096011738
2022,2022-07-16,0.013590853759851642,0.16141277579296584
2022,2022-07-17,0.0006946926313368047,0.14322052007505673
2022,2022-07-18,0.0003627153193083004,0.07116438905150067
2022,2022-07-19,0.002167397763211802,0.05732690237655844
2022,2022-07-20,0.3317173756215168,0.0725444119450297
2022,2022-07-21,0.2687071145664421,0.08381818039801567
2022,2022-07-22,0.06922664729341416,0.07616669191173916
2022,2022-07-23,0.04369771125296082,0.06398786682462917
2022,2022-07-24,0.002104121384031927,0.05707272186004551
2022,2022-07-25,0.00043276033178585316,0.05535254463914551
2022,2022-07-26,0.0018128251789389334,0.05451423953675126
2022,2022-07-27,0.011653744281599916,0.0523730277052504
2022,2022-07-28,0.001632239866087849,0.03645025084974271
2022,2022-07-29,0.010693549980974139,0.024803052763103427
2022,2022-07-30,0.07507381612045608,0.028456951811252924
2022,2022-07-31,0.007375422650538661,0.02990986137099362
2022,2022-08-01,0.008175029400753021,0.03158357141841562
2022,2022-08-02,0.14780449369188012,0.040749276028811184
2022,2022-08-03,0.09064253737175793,0.03250426459359455
2022,2022-08-04,0.019493096746396838,0.022709999405689886
2022,2022-08-05,0.0007723542448005467,0.017650097011860315
2022,2022-08-06,0.0001525416891536716,0.01392757622824201
2022,2022-08-07,0.0003278608476714972,0.013400860779860036
2022,2022-08-08,3.481834041113798e-05,0.012870314267387517
2022,2022-08-09,1.2140411535489106e-05,0.01191115436639864
2022,2022-08-10,8.770662200070388e-06,0.010105467678690713
2022,2022-08-11,0.0004575579467407032,0.009823311318248403
2022,2022-08-12,0.010378767172866545,0.009817751685437375
2022,2022-08-13,0.01187243865861761,0.007755914710677416
2022,2022-08-14,0.0038488317597874023,0.0074057322351213
2022,2022-08-15,0.0008242642502168342,0.006563391705511546
2022,2022-08-16,0.0005297057424037099,0.0032916388401000056
2022,2022-08-17,0.0005328630382159729,0.0015839906156697378
2022,2022-08-18,0.00015833657044381542,0.0009739196958150395
2022,2022-08-19,1.3362576282412608e-05,0.0008602519118493159
2022,2022-08-20,0.09909501390243983,0.0025098109499927693
2022,2022-08-21,0.07476750855577086,0.004652829450179909
2022,2022-08-22,0.002464583206251882,0.005147333781011766
2022,2022-08-23,0.0002659006831007976,0.0053006587362304045
2022,2022-08-24,0.17077578399123056,0.01000777514120514
2022,2022-08-25,0.04304130933777275,0.01264187643524494
2022,2022-08-26,0.07193761079197343,0.015203508418053105
2022,2022-08-27,0.020302432708491514,0.015759369199449973
2022,2022-08-28,0.14946502884233542,0.021971092488817328
2022,2022-08-29,0.031027174049369628,0.025640984437436957
2022,2022-08-30,0.0040208514100476735,0.0265526736090001
2022,2022-08-31,0.0005604390757444948,0.02674280232133205
2022,2022-09-01,0.008755945768269303,0.028976490762766104
2022,2022-09-02,0.04157365867583849,0.0343605950385819
2022,2022-09-03,0.010860918914952772,0.028878351109360555
2022,2022-09-04,0.000979909223914348,0.022988800657121448
2022,2022-09-05,0.004038160272249715,0.023625817185424294
2022,2022-09-06,0.028241905670312935,0.027521086072596495
2022,2022-09-07,0.05624336895358174,0.023618858898158453
2022,2022-09-08,0.03089050811124034,0.022918458699032525
2022,2022-09-09,0.01563303368585197,0.020023871680502736
2022,2022-09-10,0.0028132995426539244,0.01795140602896245
2022,2022-09-11,0.0006138525748359648,0.011753040138644972
2022,2022-09-12,0.0034388717927227564,0.009903017508914196
2022,2022-09-13,0.5804638930434922,0.027826444611418116
2022,2022-09-14,0.03583571147796888,0.031944204177254645
2022,2022-09-15,0.0026599638887519254,0.031001818588998253
2022,2022-09-16,0.0020033733200824177,0.027157975932117127
2022,2022-09-17,0.05026797402835928,0.029997102982734673
2022,2022-09-18,0.043656345894192136,0.034829550295574524
2022,2022-09-19,0.005840703547144747,0.034748204201799075
2022,2022-09-20,6.34211595151502e-05,0.02975448506827483
2022,2022-09-21,3.1336421046818667e-05,0.023887378209931254
2022,2022-09-22,0.000244659010906134,0.02025286862956764
2022,2022-09-23,0.0020433004296053396,0.018507751080943352
2022,2022-09-24,0.0,0.017417381104528593
2022,2022-09-25,0.0,0.016451593242555896
2022,2022-09-26,0.0005308463567651341,0.01571429856495076
2022,2022-09-27,0.0004835984730463303,0.003777842561763021
2022,2022-09-28,0.0,0.0023461054846627867
2022,2022-09-29,0.0,0.0018892151078607638
2022,2022-09-30,0.0,0.0015523600755779888
2022,2022-10-01,0.0,0.0008477929433834496
2022,2022-10-02,0.5031991038135097,0.0034768934196217458
2022,2022-10-03,0.4534815634063778,0.009524386720615318
2022,2022-10-04,0.014538081801662354,0.011663132270120103
2022,2022-10-05,2.484941702500074e-05,0.011977083857004411
2022,2022-10-06,0.0,0.01152400389484822
2022,2022-10-07,0.0,0.01033952150477422
2022,2022-10-08,0.0,0.009976252803465795
2022,2022-10-09,0.0,0.00962480394405172
2022,2022-10-10,0.015121661770323305,0.011025318129274242
2022,2022-10-11,0.03209640165915153,0.013638844243511613
2022,2022-10-12,0.002385752336416093,0.01492533883985394
2022,2022-10-13,0.35012221233129254,0.027277593365973456
2022,2022-10-14,0.11979913662334822,0.03698097479044735
2022,2022-10-15,0.5056295054885809,0.0599177358800116
2022,2022-10-16,0.14884833980871115,0.04742597158775173
2022,2022-10-17,0.5072655834641824,0.05047019214199079
2022,2022-10-18,0.7305406115943395,0.12561859550128815
2022,2022-10-19,0.5475374236371773,0.16883605690641848
2022,2022-10-20,0.38167580994056216,0.20956455356917367
2022,2022-10-21,0.05251587082158309,0.23170447674357225
2022,2022-10-22,0.1516474607246852,0.2628435916255624
2022,2022-10-23,0.03965381363952279,0.28645574173766375
2022,2022-10-24,0.04304197629980807,0.29639419951747586
2022,2022-10-25,0.2577713490634892,0.31782823072755007
2022,2022-10-26,0.07777382431305224,0.33532277794386756
2022,2022-10-27,0.0022324286638180464,0.3009760795039979
2022,2022-10-28,0.13614796244865063,0.30515173105484433
2022,2022-10-29,0.06409156599384634,0.27191286586526225
2022,2022-10-30,0.0018715588766462885,0.24976629782147947
2022,2022-10-31,0.0005894618730850855,0.2000524739961
2022,2022-11-01,0.42983829633844217,0.12178568871959561
2022,2022-11-02,0.2647985748571385,0.1072422516379334
2022,2022-11-03,0.007345144845529831,0.08169850198508687
2022,2022-11-04,0.000677351288275403,0.07305050497193791
2022,2022-11-05,0.0004166353434838351,0.058940876701382865
2022,2022-11-06,0.0010097028797951128,0.05274024632449849
2022,2022-11-07,0.777961607859736,0.12043565115284131
2022,2022-11-08,0.4115287581852986,0.13294386092314545
2022,2022-11-09,0.023258147852579642,0.1263447841494259
2022,2022-11-10,0.003023310585650754,0.12703325578845687
2022,2022-11-11,0.009707078079920132,0.11403735941288778
2022,2022-11-12,0.05609203461606257,0.11297072905071782
2022,2022-11-13,0.027367649117974967,0.11906937333530804
2022,2022-11-14,0.011441871185449936,0.12344726895972559
2022,2022-11-15,0.23147979799461582,0.11361863915068417
2022,2022-11-16,0.10303389985582365,0.10200179680958604
2022,2022-11-17,0.0692414874129613,0.10926290358674114
2022,2022-11-18,0.019068254709021227,0.11430385355187338
2022,2022-11-19,0.00655535813308106,0.11806460965236139
2022,2022-11-20,0.0004975340343195535,0.11651222097185732
2022,2022-11-21,2.3061231102007348e-05,0.04402572297219905
2022,2022-11-22,0.0901205241041347,0.030403295133653595
2022,2022-11-23,0.6502022972776267,0.0542672927496791
2022,2022-11-24,0.5278824689858527,0.0863074643521827
2022,2022-11-25,0.07808085663655971,0.0939992185863056
2022,2022-11-26,0.5256116385068208,0.1244915491477658
2022,2022-11-27,0.13419540469253316,0.13502017216255074
2022,2022-11-28,0.8674171953005251,0.22202312430262217
2022,2022-11-29,0.3605227889387434,0.232650658128399
2022,2022-11-30,0.006077837598511218,0.2213522432675215
2022,2022-12-01,0.8839164104309721,0.3125633643470355
2022,2022-12-02,0.4591174111060078,0.3493683647101026
2022,2022-12-03,0.4498815020525511,0.38847924177301507
2022,2022-12-04,0.2726319886757113,0.4189749042743955
2022,2022-12-05,0.6888111924349803,0.48496124604288254
2022,2022-12-06,0.10443638573513692,0.48290665614815204
2022,2022-12-07,0.03738276438911007,0.4421662817604218
2022,2022-12-08,0.1789683823506317,0.41640037701441746
2022,2022-12-09,0.09101243045929742,0.4217802866134903
2022,2022-12-10,0.5969085705070465,0.4293019846752999
2022,2022-12-11,0.21177021905439805,0.43398537602793047
2022,2022-12-12,0.16401985330844743,0.36634869605014536
2022,2022-12-13,0.7796875412364641,0.418222356641716
2022,2022-12-14,0.27763353873578067,0.43787885598342247
2022,2022-12-15,0.021783117723494328,0.35015991663613183
2022,2022-12-16,0.16177225160090247,0.33024663764184986
2022,2022-12-17,0.7803723278035511,0.37223517347936336
2022,2022-12-18,0.4701685311856547,0.3865274498641692
2022,2022-12-19,0.5982341587410195,0.3727123893845053
2022,2022-12-20,0.1908805090599702,0.38048776575201093
2022,2022-12-21,0.7665063075233285,0.4458665831365722
2022,2022-12-22,0.784661287418436,0.5257685494132648
2022,2022-12-23,0.3344510422185329,0.5380471438643357
2022,2022-12-24,0.008050392849304802,0.48851328147563855
2022,2022-12-25,6.340995635304271e-05,0.46543810012596326
2022,2022-12-26,0.06355271608073566,0.46158124330522343
2022,2022-12-27,0.9047813507481367,0.5072861243823567
2022,2022-12-28,0.6909783400217177,0.6051203323799748
2022,2022-12-29,0.7460591589202712,0.6448908067077526
2022,2022-12-30,0.23677630308491868,0.6393676353080247
2022,2022-12-31,0.37546397452135966,0.6113284390527716
2023,2023-01-01,0.9178185038540594,0.9178185038540594
2023,2023-01-02,0.9704188879491732,0.948036336726759
2023,2023-01-03,0.8612178927079752,0.9194941188210769
2023,2023-01-04,0.466529065979233,0.8861677199239815
2023,2023-01-05,0.2046090421504707,0.8402799957544714
2023,2023-01-06,1.0224738939209401,0.8982846085088311
2023,2023-01-07,0.4440947462971641,0.8771522950238297
2023,2023-01-08,0.30050009679263656,0.8526172826610496
2023,2023-01-09,0.63293475307708,0.8374262367823779
2023,2023-01-10,0.7851837552293044,0.8324239431515071
2023,2023-01-11,0.4041931379217227,0.8082061927693868
2023,2023-01-12,0.6195621485541872,0.7965759112072472
2023,2023-01-13,0.7735910168211784,0.7948786850357749
2023,2023-01-14,0.7594123125572106,0.7957814622196341
2023,2023-01-15,0.48702275485800756,0.7537199207976552
2023,2023-01-16,0.8127402855006792,0.7288421568795219
2023,2023-01-17,0.0,1.039828194098997
2023,2023-01-18,0.9791493248741131,1.0688497716841365
2023,2023-01-19,0.2306516455530452,1.0571540628698621
2023,2023-01-20,0.6685865133242126,1.0412293540287727
2023,2023-01-21,0.6688848760486477,1.0306710349456163
2023,2023-01-22,0.9243033696264205,1.0241776277182721
2023,2023-01-23,0.8943729792714437,1.0192304455391565
2023,2023-01-24,0.9459238038720101,1.0200377679390928
2023,2023-01-25,0.702378653025408,1.014186997117691
2023,2023-01-26,0.31057256349943035,1.0024696664358987
2023,2023-01-27,0.15968526806286718,1.00212006523614
2023,2023-01-28,0.988051385995092,1.0120162849239338
2023,2023-01-29,0.9373473317546056,1.0118244774399348
2023,2023-01-30,0.7329551482920323,1.0096323309485506
2023,2023-01-31,0.21474944172299298,0.8784936351413334
2023,2023-02-01,0.26419621193030923,0.8023916605293205
2023,2023-02-02,0.10769538362027313,0.8109351215275276
2023,2023-02-03,1.1117782131216905,0.850043911372827
2023,2023-02-04,1.0774240092270875,0.9134860163326382
2023,2023-02-05,0.8830929840280409,0.9099113896717089
2023,2023-02-06,0.5470034034140051,0.858854764136866
2023,2023-02-07,0.5706502039804571,0.8301886609288267
2023,2023-02-08,0.8108417192176438,0.8369041155499195
2023,2023-02-09,0.8018992685067937,0.8564475505852553
2023,2023-02-10,0.8909525822960614,0.8804930875163932
2023,2023-02-11,0.890248582295058,0.8670096972434423
2023,2023-02-12,0.8969945152919262,0.8537673186379984
2023,2023-02-13,0.9807040995483809,0.8702321261014104
2023,2023-02-14,0.5868095377481606,0.8837685432654997
2023,2023-02-15,0.9281728826700075,0.909970299318142
2023,2023-02-16,0.9840753166578363,0.9341549821925907
2023,2023-02-17,0.9124109419123122,0.917022483287793
2023,2023-02-18,0.872058413051707,0.8624452284140374
2023,2023-02-19,0.9883937708020856,0.9283452623157712
2023,2023-02-20,0.9012754568998796,0.9513638071466025
2023,2023-02-21,0.7141567505478796,0.9594941142114672
2023,2023-02-22,0.3782782568850912,0.9478818843231538
2023,2023-02-23,0.4027398955627308,0.9453688540795566
2023,2023-02-24,0.9445782260068715,0.9486995901817484
2023,2023-02-25,0.9561833955557066,0.9610348602470411
2023,2023-02-26,0.942890344698108,0.9624691188531611
2023,2023-02-27,1.0402944595216996,0.9636892516285955
2023,2023-02-28,0.6248370561368815,0.9580440168031018
2023,2023-03-01,0.7131628336401601,0.9521272680766815
2023,2023-03-02,0.9139436717807085,0.9528498514334842
2023,2023-03-03,0.8694241929943427,0.9575531831348252
2023,2023-03-04,0.9817152075434619,0.9661611731371532
2023,2023-03-05,1.0160712680231012,0.9194749750039626
2023,2023-03-06,0.9747316759582233,0.9603612827467429
2023,2023-03-07,0.920777331628719,0.9782940767309943
2023,2023-03-08,0.839994588652552,0.9921183048834223
2023,2023-03-09,0.3924207139816114,0.9844100747623219
2023,2023-03-10,0.6610506800071642,0.9811547583769595
2023,2023-03-11,0.8675933105167355,0.9659708376003386
2023,2023-03-12,0.9076874642733428,1.015202863800447
2023,2023-03-13,1.0165771056201935,1.0136248987607968
2023,2023-03-14,0.051885605703717606,1.0106117054928137
2023,2023-03-15,0.21963794254743024,1.001053141646211
2023,2023-03-16,0.4104615502854446,0.9809180638747667
2023,2023-03-17,0.7026341882690101,0.9679165689862153
2023,2023-03-18,0.3119817186508529,0.9513766708557865
2023,2023-03-19,0.002923362783307335,0.9287148123471639
2023,2023-03-20,0.0015705259485999615,0.8380669805855359
2023,2023-03-21,0.002036655994875948,0.7476069171860356
2023,2023-03-22,0.004478954987330458,0.6955398347435692
2023,2023-03-23,0.07982311408572942,0.6847733688165393
2023,2023-03-24,0.17441935288087587,0.6590456233616587
2023,2023-03-25,1.0649943756955427,0.7204159392509641
2023,2023-03-26,0.7517796538492283,0.48199483761722045
2023,2023-03-27,0.3710853693773303,0.3748508271354152
2023,2023-03-28,1.081555273930871,0.518361409105968
2023,2023-03-29,1.0310035337750425,0.6153266975298263
2023,2023-03-30,1.1260713546725674,0.7187836031572657
2023,2023-03-31,0.6871362077656072,0.7149528238999493
2023,2023-04-01,1.1238426985174221,0.8106629109125275
2023,2023-04-02,1.069071718530437,0.8980435196326194
2023,2023-04-03,0.7193012772904036,0.9161072584860139
2023,2023-04-04,0.6742241141122515,0.9300205452824436
2023,2023-04-05,0.06839195893217,0.9290768965187602
2023,2023-04-06,0.8543403815772618,0.9441357868419703
2023,2023-04-07,0.5778418824273331,0.9454990552145487
2023,2023-04-08,0.3294387131381661,0.9053773491525772
2023,2023-04-09,0.4182310525952388,0.8946874179328572
2023,2023-04-10,0.2702233112394627,0.8902232910763376
2023,2023-04-11,0.13292585276837465,0.8353509792378815
2023,2023-04-12,0.35361915917394493,0.791250515472338
2023,2023-04-13,0.3524709750240289,0.7121966407313298
2023,2023-04-14,0.6145205758622225,0.709114290262199
2023,2023-04-15,0.856542535294411,0.640180734828383
2023,2023-04-16,0.14638647014785947,0.5008556666583778
2023,2023-04-17,0.3921127258744384,0.46818913716566685
2023,2023-04-18,0.7921565006294476,0.48654996693946473
2023,2023-04-19,0.24417674008360735,0.49888074998693827
2023,2023-04-20,0.21988150163034476,0.4383179135303544
2023,2023-04-21,0.9501352194430753,0.48343154556322004
2023,2023-04-22,0.0,0.9345437119885452
2023,2023-04-23,1.1289000291366713,1.020920903758145
2023,2023-04-24,0.2285227295424552,1.0247499217394986
2023,2023-04-25,0.28347481148029025,1.0307437631128196
2023,2023-04-26,0.714287986605035,1.0320889631614587
2023,2023-04-27,0.5625530387123661,1.0347747935864178
2023,2023-04-28,0.770854071178242,1.039683572495797
2023,2023-04-29,0.5159096770279857,1.038029213968164
2023,2023-04-30,0.3189683186942616,1.0452794162640833
2023,2023-05-01,0.8916918782014448,1.0588430234281365
2023,2023-05-02,1.0013507724526078,1.1102107735336348
2023,2023-05-03,1.081644429973055,1.1264768549449506
2023,2023-05-04,0.5044425932078078,1.125746784439027
2023,2023-05-05,0.2554802281093006,1.1156802569230944
2023,2023-05-06,0.2999479356147999,0.9368334966941192
2023,2023-05-07,0.31426855054018993,0.803546770724743
2023,2023-05-08,0.2912560879225222,0.8065741332384567
2023,2023-05-09,0.20660653790950956,0.8039419905980258
2023,2023-05-10,0.8145199268999757,0.8107201837552714
2023,2023-05-11,0.7932883903636592,0.8247009821259864
2023,2023-05-12,0.07887550904104589,0.7917527882687319
2023,2023-05-13,0.16669035836471097,0.7745910003051522
2023,2023-05-14,0.30777351533236563,0.7746781120623178
2023,2023-05-15,1.165150260843936,0.818079203183917
2023,2023-05-16,1.0943476210658887,0.7023166327206537
2023,2023-05-17,0.9923478077669251,0.6901231788028901
2023,2023-05-18,0.8598169979375339,0.7168967908125946
2023,2023-05-19,0.5338323727267932,0.7314204601968699
2023,2023-05-20,0.5166204448938637,0.7430684277093497
2023,2023-05-21,0.28881580697749143,0.7434312869692744
2023,2023-05-22,0.6780957650658777,0.7618505507447064
2023,2023-05-23,0.9035296106196493,0.8001615321557186
2023,2023-05-24,0.6788794476099579,0.7907136595154738
2023,2023-05-25,0.2609056935602868,0.7626646950455798
2023,2023-05-26,0.2698120161253405,0.7740665135533188
2023,2023-05-27,0.17956654902835412,0.7773983307721322
2023,2023-05-28,0.008420316703078731,0.7613267934319599
2023,2023-05-29,0.11279521452076825,0.6568124121707827
2023,2023-05-30,0.08704157075736571,0.5325664078927497
2023,2023-05-31,0.011282018641652227,0.4174670532498474
2023,2023-06-01,0.011379405225261983,0.33238238287230815
2023,2023-06-02,0.024346487149050793,0.28977719749205155
2023,2023-06-03,0.17714012311570174,0.26523434388129
2023,2023-06-04,0.9384225678230373,0.35452464023884744
2023,2023-06-05,0.953299421005881,0.40277597743222165
2023,2023-06-06,0.4909689069885661,0.3533025777760677
2023,2023-06-07,0.8064954325560384,0.36618918824908214
2023,2023-06-08,0.4664536848495313,0.3816241522851146
2023,2023-06-09,0.9061027780478732,0.4440754647536883
2023,2023-06-10,0.41098344051962804,0.4595256845389162
2023,2023-06-11,0.06654910969859812,0.4672526478045016
2023,2023-06-12,0.040208997303341466,0.45900536149311577
2023,2023-06-13,0.27174126908198865,0.4733164822864084
2023,2023-06-14,0.9806912297927819,0.5837384602212083
2023,2023-06-15,0.512571287427144,0.6416786950523466
2023,2023-06-16,0.03379635672582157,0.6275442262387149
2023,2023-06-17,0.21540369151256958,0.6214357193362934
2023,2023-06-18,0.36862060883375447,0.5629490636256356
2023,2023-06-19,0.46997909382483594,0.5133922985198021
2023,2023-06-20,0.0739072395019646,0.4833019491559427
2023,2023-06-21,0.017733565787995398,0.42057482006273167
2023,2023-06-22,0.03768199264583783,0.38997279966052145
2023,2023-06-23,0.30751638627193484,0.3369042638988379
2023,2023-06-24,0.05732231790500347,0.3122813405597718
2023,2023-06-25,0.002443549789137743,0.3024255806394293
2023,2023-06-26,0.0009704594092410157,0.29453487592975447
2023,2023-06-27,0.00260400138043951,0.2693218737504575
2023,2023-06-28,0.0014992292914877425,0.15589383313253388
2023,2023-06-29,5.515416986117318e-05,0.0850105315052725
2023,2023-06-30,2.7496460037375573e-05,0.07797523119091707
2023,2023-07-01,0.019866055156464297,0.062752921692654
2023,2023-07-02,0.3073387256841756,0.057978231109987816
2023,2023-07-03,0.8023180417551791,0.07834829030788712
2023,2023-07-04,0.7983312252314647,0.1276243327273595
2023,2023-07-05,0.241478928552747,0.14640119065486157
2023,2023-07-06,0.176701802760654,0.1584372218342855
2023,2023-07-07,0.015558306527467725,0.13506973357344482
2023,2023-07-08,0.002021930468742292,0.1262378959322436
2023,2023-07-09,0.019039237036043773,0.13012501485464179
2023,2023-07-10,0.016364533318495793,0.13435422694017415
2023,2023-07-11,0.003501038647655184,0.1346995424102463
2023,2023-07-12,0.0005539177160031303,0.1340276835559198
2023,2023-07-13,0.0008481463664614208,0.13508327944268866
2023,2023-07-14,0.04811512904154604,0.14500941921892938
2023,2023-07-15,0.07422549281976476,0.15176730748054423
2023,2023-07-16,0.024628369550798022,0.1284072374178237
2023,2023-07-17,0.0018439401118366143,0.06864587883596088
2023,2023-07-18,0.0007026655741448505,0.02601494255053769
2023,2023-07-19,0.002611146485882735,0.016157633791960398
2023,2023-07-20,0.0012278361479695658,0.009551164494635885
2023,2023-07-21,0.0003492822099074082,0.008136267578883055
2023,2023-07-22,0.00010078642316966762,0.007708073340007891
2023,2023-07-23,6.107323424071064e-06,0.006104896492439063
2023,2023-07-24,8.811815640102658e-07,0.004767300678199586
2023,2023-07-25,4.4358088092264e-07,0.0042114460923718695
2023,2023-07-26,1.3349738492717905e-08,0.003995816004799055
2023,2023-07-27,0.00018687980333830873,0.003860085435254865
2023,2023-07-28,0.00014422642398306153,0.002202523690421544
2023,2023-07-29,0.0001333627026071217,0.0007630033368840437
2023,2023-07-30,0.019180751156372078,0.0007020753828396788
2023,2023-07-31,0.03901578008314626,0.0014218788414515112
2023,2023-08-01,0.018825229869714712,0.0020855522470148518
2023,2023-08-02,0.6188961860230989,0.013022913160824795
2023,2023-08-03,0.9455174211591097,0.0541706914909171
2023,2023-08-04,0.7101701183849508,0.0979685902542255
2023,2023-08-05,0.010833383839806544,0.10163290737337152
2023,2023-08-06,0.0006888978130982164,0.10272224089551357
2023,2023-08-07,0.0010621883396805573,0.10389999111898675
2023,2023-08-08,2.4161720850493234e-05,0.10400026644682597
2023,2023-08-09,6.222608186592837e-05,0.10454187370769792
2023,2023-08-10,0.010643538076368883,0.10850408388011483
2023,2023-08-11,0.028910729450129846,0.1157779096946964
2023,2023-08-12,0.0009955420020068208,0.1166598040597007
2023,2023-08-13,0.0035509633167770255,0.11308488450377187
2023,2023-08-14,0.9696324672438931,0.18702708411251007
2023,2023-08-15,0.590528836447702,0.23230670003179854
2023,2023-08-16,0.15096400220473163,0.1991704472492487
2023,2023-08-17,0.01965684995606106,0.1202895399777909
2023,2023-08-18,0.0004153093190022711,0.07151983370606103
2023,2023-08-19,0.0011065591036088444,0.06879683445711186
2023,2023-08-20,0.0,0.06791633329130466
2023,2023-08-21,0.0,0.06580459048459272
2023,2023-08-22,0.0,0.06479550945032149
2023,2023-08-23,0.0,0.06365787604419848
2023,2023-08-24,0.0,0.05911349275035677
2023,2023-08-25,0.0,0.05204224721935002
2023,2023-08-26,0.0,0.05058774168132006
2023,2023-08-27,0.0003221065367510519,0.04843389240761849
2023,2023-08-28,0.0,0.010784397824887161
2023,2023-08-29,0.0,0.0013197246027718999
2023,2023-08-30,0.0,0.0
2023,2023-08-31,0.0,0.0
2023,2023-09-01,0.0,0.0
2023,2023-09-02,0.0,0.0
2023,2023-09-03,0.0,0.0
2023,2023-09-04,0.0,0.0
2023,2023-09-05,0.0,0.0
2023,2023-09-06,0.0,0.0
2023,2023-09-07,0.0,0.0
2023,2023-09-08,0.0,0.0
2023,2023-09-09,0.0,0.0
2023,2023-09-10,0.0,0.0
2023,2023-09-11,0.3641562730246794,0.0
2023,2023-09-12,0.9677675696121107,0.0
2023,2023-09-13,0.03565612190539337,0.0
2023,2023-09-14,0.0,0.0
2023,2023-09-15,0.0,0.0
2023,2023-09-16,0.20447236980618871,0.0
2023,2023-09-17,0.1101642740300578,0.0
2023,2023-09-18,0.008454787431971787,0.0
2023,2023-09-19,0.0,0.0
2023,2023-09-20,0.0,0.0
2023,2023-09-21,0.007026298875741358,0.047223357708651534
2023,2023-09-22,0.05951662675798106,0.06566339933025128
2023,2023-09-23,0.10950233715858917,0.084848637117785
2023,2023-09-24,0.0037522094525268483,0.09133964927662618
2023,2023-09-25,0.0,0.059670379381667915
2023,2023-09-26,0.0,0.01656589039214491
2023,2023-09-27,0.0,0.01212663221482278
2023,2023-09-28,0.0,0.012026030731673241
2023,2023-09-29,0.0,0.013263194032689418
2023,2023-09-30,0.0,0.005840313306122361
2023,2023-10-01,0.0,0.0
2023,2023-10-02,0.0,0.0
2023,2023-10-03,0.0,0.0
2023,2023-10-04,0.0,0.0
2023,2023-10-05,0.0,0.0
2023,2023-10-06,0.0,0.0
2023,2023-10-07,0.0,0.0
2023,2023-10-08,0.0,0.0
2023,2023-10-09,0.0,0.0
2023,2023-10-10,0.0,0.0
2023,2023-10-11,0.0,0.0
2023,2023-10-12,0.0,0.0
2023,2023-10-13,0.0,0.0
2023,2023-10-14,0.0,0.0
2023,2023-10-15,0.040431007976978836,0.0
2023,2023-10-16,0.2528311943325453,0.0
2023,2023-10-17,0.03389368138142724,0.0
2023,2023-10-18,0.4003956278647408,0.0
2023,2023-10-19,0.10145357844148525,0.0
2023,2023-10-20,0.03319413017764595,0.0
2023,2023-10-21,0.017850609468092637,0.0
2023,2023-10-22,0.09423803738267518,0.0
2023,2023-10-23,0.9258987318749604,0.055264127972556754
2023,2023-10-24,0.3757362408957958,0.10734361491305974
2023,2023-10-25,0.0006585189929097078,0.11736650539130865
2023,2023-10-26,0.0,0.12297842469650035
2023,2023-10-27,0.0,0.12434531189107062
2023,2023-10-28,0.0,0.1223834591678934
2023,2023-10-29,0.0,0.10987287523569254
2023,2023-10-30,0.0,0.08880262664970175
2023,2023-10-31,0.011158170034395815,0.08364677802142337
2023,2023-11-01,0.0,0.053388583174046766
2023,2023-11-02,0.0,0.03494652343237196
2023,2023-11-03,0.0,0.0
2023,2023-11-04,0.0,0.0
2023,2023-11-05,0.021306160039188223,0.0
2023,2023-11-06,0.16368674915099518,0.0
2023,2023-11-07,0.739438543442299,0.0
2023,2023-11-08,1.2318600770434236,0.18657956627313113
2023,2023-11-09,0.11713484207649191,0.406340455923162
2023,2023-11-10,2.679391777205193e-05,0.4609989381446935
2023,2023-11-11,0.0010527857362785764,0.4990943946786373
2023,2023-11-12,0.0008867545833410618,0.5314256412558607
2023,2023-11-13,0.0,0.5366837943023564
2023,2023-11-14,0.0,0.5110905611519412
2023,2023-11-15,0.0,0.5174399646417265
2023,2023-11-16,0.0,0.5276335667044836
2023,2023-11-17,0.0,0.5485550141370066
2023,2023-11-18,0.0,0.555023430085294
2023,2023-11-19,0.0,0.5350183487218246
2023,2023-11-20,0.0,0.5045836815572231
2023,2023-11-21,0.04640950035404772,0.07563180382604803
2023,2023-11-22,0.12133723338344088,0.004013384175867671
2023,2023-11-23,0.22357051057949293,0.006370983338420324
2023,2023-11-24,0.21661817419677626,0.014929319826652103
2023,2023-11-25,0.1893329775284816,0.023676280792417827
2023,2023-11-26,0.3338624241736918,0.04087650809465631
2023,2023-11-27,0.328128022798059,0.06238450071476946
2023,2023-11-28,0.07920354855699034,0.07484054860929155
2023,2023-11-29,0.9261345701134005,0.1440302321051804
2023,2023-11-30,0.23787830274960242,0.17067533973554416
2023,2023-12-01,0.006122123923063108,0.1708727835341318
2023,2023-12-02,0.22219810622707295,0.19455210151763924
2023,2023-12-03,0.4416422982998838,0.237732092563667
2023,2023-12-04,0.2508379456654142,0.26101208814343696
2023,2023-12-05,0.4458251395800689,0.29213877871584515
2023,2023-12-06,0.08981775269381005,0.2881718840036007
2023,2023-12-07,0.18930099498574623,0.2854799106368772
2023,2023-12-08,1.0516861246583074,0.40587496770040743
2023,2023-12-09,0.7934823893563505,0.45464730662734126
2023,2023-12-10,0.23039673348862524,0.4473498678327805
2023,2023-12-11,0.4875727670717293,0.45866096543872226
2023,2023-12-12,0.6667648116894173,0.5040220812455498
2023,2023-12-13,0.4141028274969691,0.45732757694413007
2023,2023-12-14,0.4084904837693152,0.4687020511422571
2023,2023-12-15,0.16319815680111655,0.4871026595248924
2023,2023-12-16,0.23287837467791161,0.48780281127768127
2023,2023-12-17,0.27733374573281916,0.47616962792794804
2023,2023-12-18,0.09844649354292041,0.46445236962810865
2023,2023-12-19,0.8713179379927593,0.5020664124533306
2023,2023-12-20,1.14997196384628,0.6271373380400849
2023,2023-12-21,0.6971633085611344,0.6595210453146652
2023,2023-12-22,0.6926661696162009,0.5909771752522831
2023,2023-12-23,0.5267893516057598,0.5691592686302719
2023,2023-12-24,0.21734768423077128,0.5688285588498873
2023,2023-12-25,0.7514049762922868,0.5891800900648578
2023,2023-12-26,0.20584335765316863,0.5569848531661595
2023,2023-12-27,0.2423056735773253,0.5452094151477331
2023,2023-12-28,0.7797561757127793,0.5743947673979546
2023,2023-12-29,0.9957028643336089,0.6452764788312091
2023,2023-12-30,0.8529430313423794,0.6913387259199293
2023,2023-12-31,0.4727461650344369,0.7004538814906991
