year,I_H_no_intervention,I_H_with_intervention,E_H_no_intervention,E_H_with_intervention,R_H_no_intervention,R_H_with_intervention,S_H_no_intervention,S_H_with_intervention,S_M_no_intervention,S_M_with_intervention,E_M_no_intervention,E_M_with_intervention,I_M_no_intervention,I_M_with_intervention,difference,reduction_percent
2017.0,2273.0,2273.0,1136.5,1136.5,0.0,0.0,5148.5,5148.5,89500.0,89500.0,10000.0,10000.0,500.0,500.0,0.0,0.0
2017.002737850787,2235.1166666666663,2235.1166666666663,1136.5,1136.5,37.8833333305936,37.8833333305936,5148.92790000274,5148.92790000274,80550.0,80550.0,9000.000000000004,9000.000000000004,450.0,450.0,0.0,0.0
2017.0054757015744,2197.233333333333,2197.233333333333,1136.5,1136.5,75.76666666118722,75.76666666118722,5149.35580000548,5149.35580000548,71600.0,71600.0,8000.000000000003,8000.000000000003,400.0,400.0,0.0,0.0
2017.0082135523612,2160.0228759767965,2160.022875880675,1136.4999959345191,1136.4999959537304,112.86653795148568,112.86653795148572,5149.894290137198,5149.894290214109,63603.779524312944,63603.779524312944,7106.567559549165,7106.567558451517,355.3286872332293,355.3286857574005,9.612131179892458e-08,4.45001360253914e-09
2017.0109514031485,2135.6566161324176,2135.638883626964,1133.1359938703815,1133.1411211856023,148.55770095865546,148.55770096568048,5142.361289038542,5142.373894221754,57243.39588611096,57243.395876554125,6395.910229045416,6395.910222813509,499.8962600262743,499.6188767241128,0.01773250545375049,0.0008303069566428379
2017.013689253936,2109.029979230664,2108.995001646378,1133.1234392633903,1133.1226734173442,183.74497124277937,183.7448543268264,5134.24111026316,5134.276970609451,51519.05535273515,51518.83001338844,5756.31982137831,5756.294575722268,573.7734375752917,573.279117026398,0.034977584286025376,0.0016584678563357626
2017.0164271047229,2136.0840788790106,2135.9003102400416,1142.10382318447,1142.020800882565,218.39206087485496,218.39136172616472,5063.987437061656,5064.254927151231,46367.14890786271,46366.9456721444,6257.893994724383,6254.712335127265,1669.0025465230813,1666.0201795423384,0.1837686389690134,0.008603062060434102
2017.01916495551,2138.47780650238,2138.1897618783346,1228.8547358656328,1228.3066417062412,253.39512771843664,253.39135066495024,4940.267629913544,4941.107545750476,41730.43393355145,41730.226231105495,6007.735923896102,6002.998236403839,2092.756668345238,2088.5004577815826,0.2880446240455967,0.013469610167089481
2017.021902806297,2102.836509816098,2102.5563439113844,1228.8547358656328,1228.313629851665,288.342191391445,288.3336385669327,4941.389762926819,4942.21958767002,37557.38950863431,37557.08515212585,5406.962275852097,5402.722244040155,1883.4810957862203,1879.708910329191,0.2801659047136127,0.013323237608144552
2017.024640657084,2067.6683140535665,2067.4059429795425,1228.8549277818488,1228.3141493115072,322.73998393415553,322.71169161478286,4942.58787423042,4943.419316094162,33716.65142081207,33725.49132126504,4854.029618293043,4851.535815382874,1690.8715545547698,1687.9446245837876,0.26237107402403126,0.01268922448734851
2017.0273785078716,2096.0952761394497,2095.576986264506,1370.13253827194,1368.6892636403095,356.3169037764375,356.2843176679909,4739.734281812165,4741.728432427193,30344.98604796904,30352.94108605163,4672.179986997024,4668.055321538105,2512.1623634487,2505.6329996587056,0.5182898749435481,0.02472644639980893
2017.0301163586585,2102.6009913965377,2101.9028219442675,1530.4448703233209,1527.8177644947198,390.2755714565631,390.2343472074195,4539.385466823571,4542.751966353592,27310.665722047284,27317.894014635287,4327.746434842612,4322.642343756306,2766.814244183084,2758.6460850351195,0.6981694522701218,0.0332050377188494
2017.0328542094453,2067.5576428461645,2066.871024349391,1530.444872611147,1527.8174095502295,424.2496730652408,424.1969254619465,4540.8826114774265,4544.249440638435,68093.59196130757,68110.87930063086,3894.9715543595903,3890.377059271535,2490.1330032238534,2482.7809683181104,0.6866184967734625,0.03320915860068962
2017.0355920602328,2033.098347285052,2032.4231733361005,1530.444872611147,1527.8174095502295,457.5466409961737,457.4825932146168,4542.472839107607,4545.839523899055,61284.2517928043,61299.79901717775,3505.474286762884,3501.3393083703204,2241.1196311949607,2234.502842784538,0.6751739489513966,0.03320911405259892
2017.03832991102,1998.9871450380083,1998.2971973174144,1530.4458842289362,1527.817668061247,490.4406209015897,490.3953615225073,4544.116949831448,4547.480373098839,54887.196168537725,54870.45614684703,3139.568973607118,3134.10827333379,2007.1840183120084,2000.1401520142751,0.6899477205938638,0.03451486530598701
2017.041067761807,1980.6608210797096,1979.8774361457847,1565.0224057345515,1562.0510423933656,522.4134011712059,522.3567725681747,4496.321872014515,4500.133248892683,49398.475787995776,49383.404001989846,3097.3005689771967,3089.7010738323397,1809.6968975806344,1803.143325323768,0.7833849339249355,0.0395516953527607
2017.043805612594,2071.2219496941293,2069.425203529885,1617.4940962776227,1613.8744485264435,553.9931477711134,553.923620369013,4322.137206257115,4327.623127574665,44458.62470749039,44445.05668023613,4233.784148602996,4216.027260365805,1992.5400479501127,1984.103201975116,1.7967461642442686,0.08674812298651072
2017.046543463381,2036.7146878625877,2034.9368088023875,1617.4936180113984,1613.8743768442678,586.9954724920473,586.8963001486471,4324.070521633948,4329.566814204703,40012.67486385719,40000.50137533609,3810.529179826448,3794.450967837182,1793.3130013526013,1785.6981713418854,1.7778790602001209,0.08729151268928592
2017.0492813141684,2002.299732517664,2001.0164829158875,1617.4935552775696,1613.8743356158343,619.8765015312295,619.2097159245935,4326.032410673518,4331.60166554369,35648.00882365907,35996.61746864927,3394.881904999179,3414.6430298407754,1597.697482285468,1606.9572146821197,1.2832496017765607,0.06408878655559826
2017.0520191649557,2028.9805140706496,2027.1322111376307,1604.4363989922265,1601.3540333146263,651.5499107395265,650.8635589683312,4281.163276197578,4286.780296579418,32083.18243421669,32396.93532873109,3225.162692522381,3243.3231044088857,1441.4470346921212,1448.735149220307,1.8483029330188856,0.09109515444831558
2017.0547570157423,2327.053390530525,2321.7850820998037,1477.391780582423,1476.5943578610202,683.5811759751409,682.8659042307698,4081.786815715888,4087.832994430524,28874.86706952587,29157.28044485312,4266.327814659768,4288.326094416692,1768.3537282837387,1770.1759200294268,5.26830843072139,0.22639396466620446
2017.0574948665296,2288.2692033077865,2283.0914380247414,1477.391780582423,1476.5933453267255,720.4925386933207,719.6911216737315,4084.087540220448,4090.130482175004,38175.09116544867,37921.22661781878,3839.69578668948,3859.507838618754,1591.5185920391486,1593.165072257461,5.177765283045119,0.2262743070422155
2017.060232717317,2250.131378891986,2245.0399134229856,1477.391780582423,1476.5933453267255,756.6564116305262,755.7708898770422,4086.489391699044,4092.530138573445,34357.61174250098,34129.12518629839,3455.725920212208,3473.557012554556,1432.366613541273,1433.848547611119,5.091465469000468,0.22627414189066672
2017.062970568104,2212.6298528050183,2207.623323136814,1477.39149146698,1476.5930304692909,792.0855892785298,791.1176211767631,4088.989929253455,4095.0282124173314,43955.13049777816,44151.50160241998,3110.155251508018,3126.2042345814552,1289.1310583037732,1290.4652647219157,5.006529668204166,0.22627054687241233
2017.065708418891,2452.4664719130133,2444.0607859403485,1351.8210009421437,1353.3503017027228,826.7926560302662,825.7438997164945,3940.444636695968,3947.636174631255,39559.61750540849,39736.35425910232,4688.558473163281,4689.569325103609,1784.4110579726778,1778.5899266615115,8.405685972664742,0.34274417485136915
2017.0684462696784,2800.477311025312,2787.0318924159637,1279.8754932716088,1282.7814051881269,865.4015360460814,864.2157609066828,3626.2000432335167,3637.190987324221,35603.61342124122,35762.69895021566,7243.682138780407,7218.590265774603,2550.529047008326,2534.3797612209305,13.445418609348053,0.4801116779776877
2017.0711841204652,3020.680445477052,3003.677985933568,1307.523046272934,1309.9272041129536,909.7033522877962,908.2977294831308,3334.4754395387363,3349.7450263053424,32043.124077589517,32186.368959359697,8590.35039202994,8542.64249143832,2787.6927617977462,2767.442728903643,17.002459543484292,0.5628685274850089
2017.0739219712525,2970.34833635875,2953.6038492938947,1307.523925500149,1309.926145092474,957.555037892405,955.8690400312267,3337.382883825214,3352.676811417399,28838.74639977664,28967.57811838096,7731.431606362468,7688.324299889755,2508.947399700849,2490.6846327429066,16.744487064855548,0.5637213272225859
2017.07665982204,2920.569039756469,2903.5425495283357,1307.523925500149,1309.926145092474,1004.7536379058292,1003.4418528666956,3340.391480414069,3355.59319834749,26722.75887441261,25748.941222444988,6930.285658811553,6834.060050745923,2248.9649006684394,2213.9403598525423,17.026490228133298,0.5829853701918668
2017.0793976728269,2871.892844330744,2853.481249762776,1307.523925500149,1309.926145092474,1050.6770906155075,1051.0146657021642,3343.5721231301177,3358.5095852775808,24050.47157039391,22530.30432650902,6237.252770435748,5979.795801602091,2024.06700789468,1937.196086962178,18.411594567968223,0.6410961538594173
2017.082135523614,2823.216693668136,2803.4199499972165,1307.523925500149,1309.926145092474,1096.6004915852227,1098.587478537633,3346.75277282301,3361.425972207672,21378.19568295265,19311.66743057305,5544.224204554593,5125.531552458259,1799.1705178278362,1660.4518140718135,19.796743670919568,0.7012123339777417
2017.084873374401,2774.540543005528,2753.358650231657,1307.523925500149,1309.926145092474,1142.5238925549377,1146.1602913731017,3349.9334225159027,3364.3423591377623,18705.91979551139,16093.03053463708,4851.195638673437,4271.267303314427,1574.2740277609923,1383.7075411814494,21.181892773870914,0.7634378537833718
2017.0876112251883,2725.8643923429204,2704.382910877755,1307.523925500149,1309.926145092474,1188.4472935246529,1192.4779757267709,3353.114072208796,3367.4283141379965,16033.643908070126,15301.61099118654,4158.167072792282,3528.145146999143,1349.3775376941485,1142.9683528155133,21.481481465165416,0.7880612669327167
2017.0903490759756,2677.1882416803123,2659.309860554223,1307.523925500149,1309.926145092474,1234.370694494368,1234.2839633843216,3356.2947219016883,3371.1232768039768,13361.368020628865,13771.449716682984,3465.1385069111266,3175.330467617412,1124.4810476273042,1028.6714641842316,17.878381126089153,0.6678044094078328
2017.0930869267625,2628.5120910177047,2614.349857169684,1307.523925500149,1309.926145092474,1280.2940954640833,1275.9596680083346,3359.475371594581,3374.8354755645046,10689.092133187603,12264.31541995096,2772.109941029971,2827.825198381275,899.5845575604604,916.0945976935284,14.162233848020605,0.5387927982685172
2017.0958247775493,2579.8359403550967,2570.7773588904606,1307.523925500149,1309.926145092474,1326.2174964337985,1316.0363864757328,3362.656021287474,3378.759155376328,8016.816245746342,46584.57741029109,2079.081375148816,2545.0426479480752,674.6880674936165,824.4851280126786,9.058581464636063,0.35113013672447757
2017.0985626283368,2531.159789692489,2527.931065325119,1307.523925500149,1309.926145092474,1372.1408974035137,1355.2771015426997,3365.8366709803663,3382.792633874702,5344.540358305081,41926.139756924655,1386.052809267661,2290.5382176405324,449.7915774267725,742.0365615923528,3.2287243673699777,0.1275590889408936
2017.101300479124,2482.9462389617493,2485.596944813611,1307.5239251960786,1309.9260550495856,1417.5299554992168,1393.928683805368,3369.08906391947,3386.903162166429,2824.645388224899,37601.70950838325,732.5419438028699,2054.2828772723974,237.71907839970584,665.4999209572146,-2.650705851861858,-0.10675647383208174
2017.104038329911,2447.8907100110555,2450.30695020519,1301.835023556197,1305.5413821037553,1455.0287491244796,1431.5371475599811,3372.7626008847824,3389.397265966067,65079.48989868456,33841.09586137174,659.287747807684,1848.8304038538504,213.94717003568,598.942093730396,-2.4162401941343887,-0.09870702904556862
2017.1067761806985,2407.0925542847067,2409.469945127635,1301.834955181803,1305.5368652624702,1491.8406107029564,1468.459492816466,3377.1768634070486,3393.744342628423,58574.56397396712,30453.76775191827,593.3582989889555,1663.7715268529134,192.5522342983124,538.9909208032882,-2.3773908429284347,-0.09876607522617267
2017.109514031485,2366.671759934313,2368.631495957549,1301.834955181803,1305.5368652624702,1528.2190505389117,1505.3759224041962,3381.647117921488,3398.094262210779,52427.63952981793,27069.658165781093,531.0886203431423,1478.8884864675283,172.3449400332457,479.0967114302486,-1.9597360232360188,-0.08280556925605989
2017.1122518822724,2326.9378915941625,2328.117221332124,1301.8349252834355,1305.5368016148018,1563.8088619518956,1541.9201139269746,3386.21910474702,3402.4923089610934,46920.84044358811,23846.757230646213,475.30574022750375,1302.8137511537332,154.24252211852132,422.0558478140772,-1.179329737961325,-0.05068161648067786
2017.1149897330597,2379.3903155649155,2367.0974710174646,1220.326483924848,1254.023056568393,1598.3067527497876,1576.4976303506085,3381.205133419946,3380.8761878985288,42228.756076229576,21462.0809243786,2260.666949500942,1942.260630887521,299.7585871746882,519.6734355521019,12.29284454745084,0.5166384206507233
2017.1177275838468,2494.6673728018327,2461.7620222829355,1104.703289513457,1184.3153549327342,1633.5842420076742,1611.6300379372349,3348.169713968524,3321.214830682089,38005.824266994125,19315.85334831805,5384.634549780866,3031.2768716880632,511.4383902854516,896.4395137782005,32.905350518897194,1.319027573681707
2017.1204654346336,2601.577743463895,2561.3805635435,1031.0284092202908,1171.3352031877826,1670.6857871503703,1648.2437937600089,3278.2605784569323,3198.3905853437013,34205.08651207332,17384.241001999962,8437.887980907592,3302.455666654935,643.1093668504443,2029.9747001057765,40.197179920394774,1.5451077724424973
2017.123203285421,2676.342437058458,2647.411743069445,1007.0313457806684,1326.8321577818265,1709.4674617941166,1686.4160627954227,3189.139173658246,2919.1180821882963,30784.41203200858,15645.610045284022,10903.697320332694,3536.893742400226,675.0589104650362,2883.4080321968745,28.93069398901298,1.0809787861380857
2017.125941136208,2653.015534379453,2632.4755547355307,1009.970060879374,1390.41332061492,1749.3895113354108,1725.919216210065,3170.0332116972504,2831.397854274474,27705.915235929988,14081.0414995609,10030.708996026306,3183.208764812872,607.5542671610616,2669.007372334538,20.53997964392238,0.7742125659556959
2017.1286789869955,2608.7985552992627,2588.599920775628,1009.9700926800136,1390.4146642639705,1788.8137541720516,1765.0675763066013,3175.2538161401603,2836.5516844887925,24935.22159787409,12671.923995054312,9027.610138278273,2864.6588103008007,546.7966013000574,2401.968970033477,20.19863452363461,0.7742504488361144
2017.1314168377824,2564.581629726272,2545.4241799945744,1009.9700926800136,1390.4158606729748,1828.2378317687808,1803.412851221854,3180.474564116422,2841.808853945592,22164.630074281085,11398.388676962712,8024.539238675641,2576.7611079743533,486.04117458395126,2160.572796962523,19.157449731697398,0.7470009731662217
2017.1341546885692,2520.364704153281,2549.921738871228,1009.9700926800136,1492.7913514778336,1867.6619093655104,1840.8957434144927,3185.6953120926837,2697.880812071441,19394.03855068809,10258.547803791986,7021.468339073011,2474.1752428849118,425.2857478678451,2200.230870619548,-29.557034717947317,-1.1727284812884664
2017.1368925393565,2476.1477785802904,2562.74394795236,1009.9700926800136,1627.435833495603,1907.08598696224,1878.350895062994,3190.9160600689447,2513.3868693240383,16623.447027095088,9232.66843506832,6018.39743947038,2459.9508016197174,364.530321151739,2293.729214577442,-86.59616937206965,-3.4972132972499694
2017.139630390144,2431.9308530072994,2529.9678438359565,1009.9700926800136,1654.888923574707,1946.5100645589696,1915.9171123533145,3196.136808045206,2481.5715660710184,13852.85550350209,8309.387733200643,5015.3265398677495,2213.9603767428275,303.7748944356328,2064.363062656165,-98.03699082865705,-4.031240884477681
2017.1423682409309,2389.946129754338,2487.803408133594,1009.9700926800136,1654.8952636522208,1983.374776069886,1952.8348345800075,3201.684719787251,2487.2398394691686,11921.476318339131,7478.3523245767265,4316.085329911319,1992.5385924463037,261.4222901050357,1857.9027497501631,-97.85727837925606,-4.094539084415044
2017.145106091718,2349.413948870883,2447.490371779336,1009.9700926800136,1655.9865164766024,2018.5740526668783,1988.949462151688,3207.445524073714,2490.774895427363,10536.190767988925,6730.36514186054,3814.552675924545,1793.245852330356,231.0448006614724,1672.0819095619645,-98.07642290845297,-4.1745058573261655
2017.1478439425048,2308.881767987428,2485.864359526599,1009.9700926800136,1646.117781071711,2053.7733292638704,2024.292139295616,3213.206328360177,2427.354865941068,9150.905217638716,6057.312279599194,3313.0200219377693,1614.0478768065368,200.66731121790912,1567.335861053121,-176.98259153917115,-7.665294689101415
2017.1505817932923,2268.349587103973,2444.434066005099,1009.9700926800136,1646.1175136118286,2088.9726058608626,2060.1771779621554,3218.96713264664,2433.328288255911,7765.619667288505,9294.30849850673,2811.4873679509947,1452.6421742936463,170.28982177434585,1410.6021187670256,-176.08447890112575,-7.762669383158649
2017.1533196440796,2227.817406220518,2403.6934980074066,1009.9700926800136,1646.1175136118286,2124.1718824578543,2095.2734249572163,3224.7279369331027,2439.400509258543,6380.334116938297,8364.878522351519,2309.9547139642195,1307.3779514660453,139.9123323307826,1269.5419016483406,-175.87609178688854,-7.894546981085919
2017.1560574948664,2187.861681080068,2363.5305100091027,1009.9700926800136,1646.1175136118286,2158.7122236557807,2129.7103012140988,3230.571220875629,2445.5545209999677,5121.677482474298,7514.524624441264,1854.2650110583245,1174.4702151032895,112.31151977378804,1140.4805692489845,-175.6688289290346,-8.029247481600995
2017.1587953456535,2151.397318662654,2324.138333556391,1009.9700926800136,1646.1175136118286,2189.2623061598742,2163.2676551050067,3236.913400788948,2451.817243561778,15693.870142063555,14175.63549812534,1668.8384370017625,1057.0231680611564,101.08036337783366,1026.4324875311825,-172.74101489373697,-8.029247475362467
2017.1615331964408,2115.5406956714714,2285.4027302127547,1009.9700926800136,1646.1174920545143,2219.1209503696487,2196.076535435685,3243.339279570357,2458.171888132045,14124.484890886572,12758.073850148976,1501.9545623796655,951.3209121514116,90.97232516713144,923.7892062158148,-169.86203454128326,-8.029249207487789
2017.164271047228,2079.68407369376,2277.8838913046884,1009.9700926800136,1627.406936322687,2248.979593426374,2228.149947274719,3249.7651584913438,2452.7557709329058,12555.097876680218,11482.263693968882,1335.0707186794896,922.6734124525368,80.86428882934808,831.4104276805119,-198.19981761092822,-9.530284917694367
2017.167008898015,2043.8274517160492,2398.4053519166678,1009.9700926800136,1528.301240679879,2278.8382364830986,2260.010164363788,3256.191037412329,2399.907688874669,10985.71086247386,10334.033768606532,1168.1868749793132,1400.1051259217566,70.75625249156471,832.5218461914789,-354.5779002006186,-17.348719917765372
2017.1697467488025,2007.9708297383384,2390.72255593603,1009.9700926800136,1509.2524138421809,2308.696879539824,2293.79161720532,3262.616916333315,2393.2857588514685,9416.323848267506,11311.26871540349,1001.303031279137,1310.5526685508455,60.64821615378134,749.2717329376753,-382.7517261976916,-19.061617854656213
2017.172484599589,1972.114207760628,2388.6008323634164,1009.9700926800136,1486.9274034016223,2338.5555225965486,2327.3526338738943,3269.042795254301,2384.5993761960635,7846.936834061151,21726.439396723148,834.4191875789609,1299.3594634262024,50.54017981599798,674.3445093994727,-416.4866246027884,-21.1187883016023
2017.1752224503764,1936.2575857829167,2348.7906907196843,1009.9700926800136,1486.9274752176382,2368.414165653274,2360.786345111584,3275.468674175287,2391.4036347860924,6277.549819854795,19554.078778817537,667.5353438787845,1169.4230372247714,40.43214347821461,606.9097082232611,-412.5331049367676,-21.30569341423454
2017.177960301164,1900.400963805206,2308.9806768469607,1009.9700926800136,1486.9274752176382,2398.2728087099986,2394.2200503983518,3281.894553096273,2398.2078433720485,4708.16280564844,17381.434839145222,500.6515001786084,1039.487090882151,30.324107140431245,539.4752572833138,-408.57971304175476,-21.49965827335977
2017.1806981519508,1864.544341827495,2269.170662974237,1009.9700926800136,1486.9274752176382,2428.131451766724,2427.653755685119,3288.320432017259,2405.012051958004,3138.775791442084,15208.790899472908,333.7676564784322,909.5511445395308,20.21607080264788,472.0408063433665,-404.62632114674216,-21.7010833193785
2017.1834360027376,1828.687719849784,2229.360649101513,1009.9700926800136,1486.9274752176382,2457.9900948234485,2461.0874609718867,3294.7463109382447,2411.81626054396,1569.388777235728,13036.146959800592,166.8838127782559,779.6151981969106,10.10803446486451,404.6063554034193,-400.6729292517291,-21.910407386814086
2017.186173853525,1797.3812966005776,2189.55063522879,1009.9700926800136,1486.9274752176382,2482.675680579851,2494.5211662586544,3301.795048431046,2418.620469129916,4264.372107107904,10863.50302012828,127.06514556898794,649.6792518542904,7.69624596485555,337.171904463472,-392.16933862821224,-21.818928424921847
2017.188911704312,1767.4249399172522,2149.740621356066,1009.9700926800136,1486.9274752176382,2505.830186309042,2527.954871545422,3309.0247993851817,2425.424677715872,6369.246715917824,8690.859080455963,114.35861773357634,519.7433055116701,6.926620564099873,269.7374535235248,-382.31568143881395,-21.631225904094876
2017.1916495550995,1737.967853097772,2109.9306074833426,1009.9700926800136,1486.9274752176382,2528.42198551703,2561.3885768321898,3316.317986996672,2432.228886301828,5732.331588425897,6518.215140783648,102.92274453942989,389.8073591690499,6.233957815940783,202.30300258357747,-371.96275438557063,-21.402165392333373
2017.1943874058863,1709.001694191276,2073.2185242553137,1009.9700926800136,1486.9274752176382,2550.460964434297,2591.2966683937807,3323.673066985897,2439.4607779682674,5688.734401880037,5359.984192621972,92.630404814123,320.5394516440349,5.610558080906374,166.35419421978187,-364.2168300640376,-21.311671679552674
2017.1971252566732,1680.518332185481,2038.664881031182,1009.9700926800136,1486.9274752176382,2571.95676220849,2618.750868845237,3331.0885312174955,2446.988120740938,6581.675973647096,6302.370172152225,83.36736340331852,288.4854934244693,5.049502216523116,149.71876802240772,-358.14654884570086,-21.311671642399656
2017.1998631074607,1652.5096930217671,2004.6871306402145,1009.9700926800136,1486.9274752176382,2592.9189445259067,2645.553959631596,3338.5628880637933,2454.5906803455428,12884.832844349026,12558.917949213434,75.03062648940346,259.63693086967874,4.544551960129276,134.74688436319877,-352.17743761844736,-21.3116715203321
2017.202600958248,1624.9678639406936,1971.2756774153445,1009.9700926800136,1486.9274752176382,2613.356886194032,2671.717319952215,3346.0946754767406,2462.2666732497923,11596.350726597972,11303.027311627508,67.52756229737342,233.67323244630796,4.090096670652498,121.27219315738206,-346.30781347465086,-21.311671520372297
2017.2053388090349,1597.83520100821,1938.1749924999,1009.9700926800136,1486.9274752176382,2633.3357500015927,2697.529908897411,3353.676374601663,2469.982669220042,10422.751186414933,10117.271935908651,60.693299106756406,209.158503715368,3.676150184635294,108.54949108861824,-340.33979149169,-21.300055930482735
2017.208076659822,1571.20461394212,1905.8720750410507,1009.9700926800136,1486.9274752176382,2652.75171862084,2722.4423335727447,3361.318893048504,2477.801062003558,13539.00060721597,13366.118178569071,54.62396861782796,188.2426492681764,3.308535131147399,97.69453986456509,-334.66746109893074,-21.300055901647145
2017.2108145106088,1545.0178672048098,1874.1075383485995,1009.9700926800136,1486.9274752176382,2671.6706528105374,2746.7481244131145,3369.014605596117,2485.68770785564,12185.102773299615,12029.507633038716,49.16156741903122,169.4183761502056,2.977681355342793,87.92508162704779,-329.0896711437897,-21.30005601418492
2017.2135523613963,1518.91283464655,1842.4617007674888,1009.9700926800136,1486.9274752176382,2690.498168367741,2770.9202856836214,3376.7200225971706,2493.5892841662426,10856.562141482342,10722.863511675192,43.80143716779384,151.0161639338011,2.6530220584722146,78.37466538524002,-323.5488661209388,-21.30134519511308
2017.2162902121836,1493.5976194834009,1811.226575128346,1009.9700926800136,1486.9274752176382,2708.4421558208246,2794.630073995605,3384.5191503072324,2501.542521493402,20949.565820979897,9519.91274837132,39.42129190812044,134.07432631878052,2.3877197591729944,69.58215722253524,-317.6289556449451,-21.266032531225193
2017.219028062971,1468.7043247534125,1780.4465210916158,1009.9700926516992,1486.927472219229,2725.915061259613,2817.8278332001973,3392.3674396267465,2509.552719323952,18854.611914311,8539.083675440743,35.47922627488931,118.66732281761388,2.1489530850553327,61.58615511906227,-311.74219633820326,-21.225660678199684
2017.2217659137575,1444.6605524124398,1760.362348740366,1009.6966118392824,1480.6387291999474,2742.925206236081,2839.781866080079,3400.102447803672,2514.399501814601,16969.150720291844,7685.175231281447,584.3350900877109,360.6961400759338,59.32879678051621,116.13415191957228,-315.70179632792633,-21.85300870856726
2017.2245037645448,1421.4313712062726,1748.8651404385832,1018.4990763661864,1476.2897429339514,2759.4880431537217,2861.3410550458325,3398.3942275652976,2509.114407416628,15272.225269994711,6916.666753654989,1407.5936473808931,638.5123823580095,302.449628499201,386.78007555186537,-327.4337692323106,-23.03549618117966
2017.227241615332,1398.0476776022751,1726.1715876829055,1037.90710158431,1487.8036415550189,2775.6183397042687,2882.649531199077,3386.6674994006225,2499.413485397992,13744.996892948684,15365.882848476956,1505.6615797781,656.9205069352687,342.8746551922638,426.5377197867197,-328.12391008063037,-23.47015165057747
2017.2299794661192,1374.7468597533623,1697.4019974014925,1037.907395242948,1487.8036299988569,2791.3147303703363,2903.521447480738,3394.6995329248293,2507.739070953906,12370.486698778685,13829.956880554191,1355.0987318967996,591.2294708834612,308.58820412835894,383.8843278792234,-322.6551376481302,-23.470149093922387
2017.2327173169065,1352.0636789183764,1673.9300667032207,1056.142112354299,1499.3535007544317,2806.579743668054,2923.856628062566,3384.3108833507463,2499.753850314775,11133.436992446928,12446.96102863356,1354.71715873919,803.6716961818934,338.33563343714064,413.5635673604627,-321.8663877848444,-23.805564249927265
2017.235455167693,1329.811914712128,1651.9562044120876,1083.4625442140766,1517.4390623484026,2821.424899061783,2943.745156586139,3364.8249603034874,2484.1815224883635,10020.087307403628,11202.184410590302,1384.3698752837902,1027.8967332898044,396.4160203270097,477.2965749589853,-322.1442896999595,-24.224800976437024
2017.2381930184804,1308.071816968409,1633.3265757688268,1136.5173764278777,1554.3673387885644,2835.859328157981,2963.2127553581863,3319.50369673721,2446.8431759194164,9017.879124924048,10082.007266636345,1485.336218590802,1385.0155125007757,540.5932191047865,593.5715466139793,-325.2547588004179,-24.86520652621576
2017.240930869268,1286.270617246784,1606.1045365460595,1136.5173986188286,1554.367735719237,2849.891050757291,2982.316496489003,3327.701051668575,2455.3889770806936,18983.22098315018,17860.20722155797,1336.802750180721,1246.5212026640686,486.53411950131016,534.2167213097586,-319.8339192992755,-24.86521226644114
2017.2436687200548,1264.83277304914,1579.3361335397494,1136.5173986188286,1554.3677756919144,2863.520974328961,3000.9141755045976,3335.9368722945483,2463.987561098732,17084.900466947,16074.186807630673,1203.122451581267,1121.869775229217,437.8806989686807,480.7950899554253,-314.50336049060934,-24.865212792710466
2017.2464065708416,1243.3949294283602,1555.39103721258,1136.5173986188286,1569.1290083686315,2877.150897262735,3019.014763402276,3344.1726929815545,2455.498736851507,15186.578368631985,14466.767523986038,1069.442176563195,1259.9083987738777,389.2272870185497,450.9796004740782,-311.9961077842197,-25.09227763440029
2017.249144421629,1221.9570858075806,1529.4678512636606,1136.5173986188286,1569.1290500145544,2890.780820196508,3036.6666832995224,3352.4085136685608,2464.1978612572566,13288.256270316964,13020.08745121249,935.7619015451228,1133.918551126762,340.5738750684187,405.881622022215,-307.51076545608,-25.16543085085912
2017.251882272416,1200.5192421868007,1503.974097994009,1136.5173986188286,1569.1290536520337,2904.410743130282,3053.841227543659,3360.644334355567,2472.944966645298,11389.934172001947,11717.160815182284,802.0816265270507,1020.4477193987964,291.92046311828767,365.2652684558038,-303.45485580720833,-25.27696726080387
2017.2546201232035,1179.081398566021,1490.1810200112047,1136.5173986188286,1567.8552686786572,2918.040666064055,3070.540785942213,3368.8801550425733,2471.740171202924,9491.612073686929,10545.441496255007,668.4013515089786,986.6167206321196,243.26705116815668,369.7532030583509,-311.09962144518363,-26.384914716111858
2017.2573579739903,1157.6435549452412,1509.6683044122,1136.5173986188286,1563.4634175316012,2931.6705889978284,3086.964711333856,3377.1159757295795,2440.648712557343,7593.289975371912,9490.890728936203,534.7210764909065,1282.4756563164003,194.61363921802564,542.8509851514109,-352.02474946695884,-30.40873401516154
2017.2600958247776,1136.2057113244616,1500.4918387680266,1136.5173986188286,1568.6932926409245,2945.300511931602,3103.668404966452,3385.351796416586,2428.3195094595967,5694.9678770568935,8541.798938931885,401.0408014728344,1231.0182617730318,145.96022726789465,528.0308361097045,-364.28612744356496,-32.06163494979452
2017.2628336755647,1115.4493193569672,1475.484848863933,1136.5173986188286,1568.6936523437948,2958.1777625940117,3120.1734920693284,3393.6588377216717,2437.248952557943,4158.701197072977,7687.575627814501,292.85655524747125,1107.9203383878255,106.5861857542491,475.22978720010417,-360.03552950696576,-32.27717505933112
2017.265571526352,1096.6640408176377,1450.856683822929,1136.5173986188286,1568.6936523437948,2968.8782758720854,3136.2572239187693,3402.171502982928,2446.2212857495056,4029.9027704201017,6911.285738305844,257.48974592967016,996.0428579611182,93.71430960895788,427.2412220851192,-354.1926430052913,-32.29727882216477
2017.2683093771388,1078.3863221580557,1426.2652696751968,1136.5173825624388,1568.6936523437948,2979.022101875204,3152.3002175402844,3410.7333116957807,2455.197606275723,4222.669975490972,6142.528175524394,231.74071892682744,885.2508241223358,84.34290625907174,379.7182433651088,-347.8789475171411,-32.25921363885341
2017.271047227926,1068.1219873710036,1401.6738555274646,1130.2486453355118,1568.6936523437948,2988.833503384666,3168.343211161799,3417.8828822002984,2464.1739268019405,3800.404890200264,5373.770612742944,208.56664293762032,774.4587902835532,93.89263752454607,332.1952646450984,-333.55186815646107,-31.227881468617735
2017.2737850787128,1050.320563127941,1377.1141977529796,1130.2481309192904,1568.693635433165,2998.446994178601,3184.351113444178,3426.499230065645,2473.153599204676,4575.124475731021,4610.973789610971,187.70947979228484,664.5258145441899,84.50506614506844,285.0409682902783,-326.7936346250385,-31.113704339161007
2017.2765229295003,1054.86325452243,1372.3873571130475,1113.4254689855215,1562.6598937833128,3007.73741411947,3198.5787693431785,3429.916680664057,2470.1144255954578,4117.621318036749,4149.879531661856,181.49514552082653,598.0731887316707,133.19736145291728,314.48214351805206,-317.52410259061753,-30.100972920359307
2017.279260780288,1037.8795293726862,1350.0286568343151,1113.085228122432,1562.5652235499413,3017.078090378625,3212.6886982932588,3438.3278704177355,2478.885767157482,4981.7290145373645,4697.7159311851365,163.3457031676732,538.2638475898465,119.8780248806866,283.0388755357123,-312.14912746162895,-30.075660866950304
2017.2819986310749,1030.1397283943977,1336.7645760768398,1107.902780933268,1560.4611809696005,3026.110152811644,3226.387330943075,3442.6459561521674,2480.983157845484,4483.635457536618,4227.951612564352,166.90308915931925,484.43685382679473,125.18020848290848,272.26348417431586,-306.6248476824421,-29.76536475885223
2017.2847364818615,1012.9707337573132,1314.4852002526345,1107.9027801794762,1560.4611722529608,3034.988436348317,3239.827327580173,3451.3645680063705,2490.250445749227,19467.676814663893,18915.30887521742,150.21278609039214,435.99307725683866,112.66219294155285,245.0371817465184,-301.51446649532136,-29.76536798619475
2017.2874743326488,996.0878774282448,1292.5770911729037,1107.9027801794762,1560.4611722529608,3043.5562567806705,3252.859199628413,3460.1075039030866,2499.554582780718,17521.57396482909,17024.82291241482,135.19144468376055,392.3934771793046,101.39592654811872,220.53329926469544,-296.48921374465885,-29.76536713910737
2017.290212183436,979.376866621948,1270.6690045020264,1107.9027801794762,1560.4611722529608,3051.937895902756,3265.891047045646,3468.8647755872985,2508.8587220343625,15693.651614673954,15133.29202489308,121.08749492831308,348.7941694536208,90.81771979260296,196.0295810900436,-291.29213788007837,-29.742599382074324
2017.2929500342232,962.8339718464736,1249.4045261171752,1107.9027801794762,1560.4611722529608,3060.137451368802,3278.2163526983563,3477.636014896726,2518.225794766502,13979.933952105966,13575.081363976256,107.86494515702732,312.8799569718085,80.90057830096251,175.84504635709925,-286.5705542707017,-29.763236720982267
2017.2956878850105,946.5110240694412,1228.226709375475,1107.9027801794762,1560.4611722529608,3068.0989254584297,3290.446522735822,3486.425388584131,2527.6013414707368,12410.56879063857,12061.752161486947,95.756195664196,278.0005400264465,71.81880632170221,156.2420882480949,-281.7156853060337,-29.763592619853686
2017.2984257357973,930.631719872724,1207.5764449716962,1107.9027781161124,1560.461164709761,3075.5809055746267,3302.098983007921,3495.250614728015,2537.0270531456194,11107.100562809745,10777.489732833075,85.69933173965997,248.40093684006783,64.27578425195047,139.6063880970575,-276.9447250989722,-29.758788485830674
2017.3011635865848,922.380116214356,1204.747796816195,1105.9863474420958,1551.2052940287372,3082.665185199208,3313.1784116948484,3498.7622694358206,2538.46004329522,9996.39049903056,9699.740372711816,291.7554456460165,472.45080809481294,79.6543891253279,149.39373159651075,-282.36768060183897,-30.612940981505098
2017.303901437372,911.8128980476226,1193.7745537596477,1104.7694060655583,1546.760259600042,3089.59255642258,3324.180353927308,3504.0469577557187,2543.304278548002,8996.732107701328,8729.747681792498,349.16998568761824,523.0353117278496,80.62963765385415,142.0667250089066,-281.96165571202505,-30.92319228163612
2017.3066392881587,904.2818135088338,1186.31952159449,1102.0877922434015,1540.399803359999,3096.3248251509604,3334.969305161209,3507.955287388284,2546.7587157193,8097.046479231596,7856.749187776092,416.8586029194776,590.4397969359064,87.81191466643568,142.8060082649998,-282.03770808565616,-31.189138592899614
2017.3093771389456,894.7033819702925,1175.1035543879304,1100.6085419784877,1536.3629900356382,3102.913134098172,3345.604476120792,3512.8525602445266,2551.8042252906357,7287.324894409596,7071.028215761568,410.4151426411153,569.9415866104188,107.6472875368027,160.53361305900123,-280.4001724176379,-31.340014810288068
2017.312114989733,889.5168470382716,1170.0577672952418,1099.8548655063282,1531.0880801286337,3109.3237342479247,3356.023523935087,3512.810071498953,2552.133774476031,6558.588307773774,6363.915126731304,395.2664242607239,541.6161809065237,193.2891305281291,258.9850956904698,-280.54092025697014,-31.538573011973526
2017.31485284052,880.2838933544432,1158.9244352493977,1104.528376917123,1532.243018698277,3115.630333899852,3366.3299204394434,3511.49081412006,2552.233671447875,5902.719646387968,5727.511866785853,361.7702265028521,492.2760831631282,219.34847736100784,286.03231008941856,-278.6405418949545,-31.65348633531806
2017.3175906913075,870.7010143065894,1147.209377866626,1111.167789569707,1535.2749375090357,3121.7720781744747,3376.4238451457527,3508.7204362407097,2551.2507853135758,5310.02609642251,5154.362049781014,331.54975007242274,448.12369296031375,234.94149996380176,300.9710793214043,-276.5083635600366,-31.75698190500477
2017.3203285420943,867.5222230000699,1144.9988920244002,1131.1631118296866,1546.1477455251515,3127.730972883593,3386.293563533733,3486.372910578133,2533.146644751705,4779.0280918531,4638.916420730343,340.44944963228414,454.0985002782658,309.6869082888914,388.2851420773098,-277.47666902433036,-31.984963804703366
2017.3230663928816,853.0635216522588,1125.9156060021492,1131.1631167140024,1546.147766875174,3133.620550858855,3396.0993622075966,3495.3699290663667,2542.852010750072,36354.79140965943,36138.41328318162,306.4045190189649,408.6887620323238,278.718261865688,349.45688263992537,-272.85208434989033,-31.984966819518423
2017.3258042436687,838.8457958476749,1107.150345853261,1131.1631167140024,1546.147766875174,3139.2530149099757,3405.560240546344,3504.3830908198297,2552.5842925602133,32719.32381626845,32524.57291342212,275.7640608483813,367.8198851316048,250.84642997686768,314.5111937795368,-268.30455000558595,-31.984966883508953
2017.328542094456,824.809407219257,1088.6820998323697,1131.1631371130336,1546.1477673905404,3144.6923428589557,3414.6994895469325,3513.408031100234,2562.341189065148,29362.03658798243,29253.92740343586,247.4691035848711,330.8322457940223,225.107438795786,282.8841967179509,-263.8726926131127,-31.991959633768836
2017.331279945243,816.3980391240565,1077.2290079060992,1140.86556730476,1552.5553294473218,3149.823571097723,3423.488850631098,3507.413640764943,2559.0252578504715,26425.83259864009,26328.53418401147,633.3474677650623,813.830766497798,222.9036469945197,278.6915445956902,-260.83096878204276,-31.94899501006861
2017.33401779603,803.2710182014516,1059.8318776130643,1141.6559684971476,1553.0938852507206,3154.8005779129567,3432.0632677341264,3515.2011536799264,2567.737315237081,23783.198990853336,23695.65108077376,570.0475380989217,732.4542293607271,200.6143976834126,250.8223058160818,-256.5608594116127,-31.93951401185372
2017.3367556468168,789.9145172850402,1042.1923527260449,1141.7040371215116,1553.123017983026,3159.5552959429247,3440.3401193826226,3524.1827679420057,2577.4987557432974,21393.330490682187,21312.73012637997,512.7661565967456,658.7960070404249,180.4555514308589,225.5987027331126,-252.27783544100464,-31.93735903323958
2017.3394934976045,776.7124521733382,1024.8071275721672,1141.7066243841905,1553.1231257751297,3164.1064746819325,3448.301144046425,3533.258967052024,2587.3507484412667,19211.143739451192,19168.85919090402,460.46442443350594,592.5272544537153,162.04860472424537,202.9054918038736,-248.09467539882905,-31.941637436689636
2017.342231348392,776.8677431347704,1019.659067516791,1138.9574760837636,1550.1979295862118,3168.3828998478784,3455.933865294199,3532.004299225074,2588.2191834377877,17290.027026737793,17251.97131104272,634.7546577084391,809.8907645750804,156.35578416264687,195.1053392330682,-242.79132438202055,-31.252594347954705
2017.3449691991784,783.908800441493,1020.4770304582504,1132.8141388917736,1544.395723576725,3172.6501987823526,3463.4598845042274,3527.267180175869,2586.105307295786,15560.933592762503,15526.75014928331,835.4946413351677,1058.51998514848,163.82683675568566,203.79756639212724,-236.5682300167574,-30.17802962328316
2017.3477070499655,787.4757107639822,1017.9765717709632,1126.2745447804498,1538.6168426714248,3177.0231397437856,3470.978904397401,3526.294823003272,2587.2935269951995,14004.81832575008,13974.06091188565,832.6082030617979,1050.290193612271,217.3594427446468,270.7280186248291,-230.50086100698104,-29.27085341887649
2017.350444900753,781.5337413000511,1007.2161957338994,1124.4522887307053,1537.0541618415066,3181.443556859233,3478.435654816128,3530.0665314015005,2592.587733443454,12604.319845059428,12576.641188636033,749.3482718800418,945.2616049273422,227.57279667102105,283.66032442224366,-225.6824544338483,-28.876866411222924
2017.35318275154,780.2461562692413,1000.5802307580356,1122.8897433980728,1535.7295520531115,3185.752914096143,3485.6926610295045,3529.035204528034,2593.7192019943336,11343.788819054276,11318.955863238303,677.0630220077232,851.8118614387354,266.1658895601969,332.12482735023684,-220.33407448879427,-28.239046449433978
2017.3559206023272,781.1113210345735,995.9158734926413,1124.6216525517875,1537.2632005440903,3190.028937034156,3492.819179991534,3522.590007670973,2590.151291806721,10209.370115701136,10187.03647906364,625.7686999693614,781.9689712598434,311.1849550705284,388.64536464223306,-214.80455245806775,-27.499864190108198
2017.3586584531145,783.2769675858456,992.45808213558,1130.588465734267,1542.5137380204176,3194.307639888333,3499.8486616743976,3510.606745083044,2581.756964004592,9187.851853810364,9168.04025292062,586.6851433986881,726.9923044701795,352.0652950160706,439.8894280776752,-209.1811145497344,-26.70589372676895
2017.3613963039013,781.1737879129222,985.377559706212,1137.8407456642449,1548.8835890254393,3198.610721098577,3506.801057691405,3501.582463615746,2575.9431394119283,8269.036759821614,8251.164063414097,535.9560135684283,659.6086704556228,356.2313507260177,445.20182928315296,-204.20377179328977,-26.140632846740175
2017.3641341546888,779.4138034586731,978.6874237785609,1147.5246361456022,1557.3648402637534,3202.866981441466,3513.6165263296684,3489.8301972457493,2567.764455463001,7442.105122308327,7425.9249395231,495.3246217360442,604.7106987520131,360.3235882788311,450.4260847367872,-199.27362031988775,-25.56711459761231
2017.366872005476,784.4874857714276,978.0151933228284,1167.0501946849647,1574.4185995973105,3207.0822383052546,3520.3016377388144,3461.443599529844,2545.1257151760283,6697.887012272212,6683.336910471494,487.5977972172629,587.6933207521346,402.3867429688445,502.5790105407384,-193.5277075514008,-24.66931736471167
2017.3696098562627,797.4079068078115,984.2146410418576,1205.4334261011286,1607.804056220186,3211.370491373174,3526.9572294620816,3406.2795940093765,2499.3131191108578,8187.074145388919,8060.596354117477,506.44499940091833,601.0276854709373,481.7720666908215,599.2871685290879,-186.80673423404608,-23.426747169070847
2017.37234770705,801.4415031367553,982.7583321294516,1238.421239317693,1636.2436192444247,3215.862347076136,3533.697909535122,3365.1942287609063,2466.0170849259844,50827.31605406691,50535.04536668415,539.6413755950537,630.644178850058,488.12144736892446,605.7434528863816,-181.3168289926963,-22.623838206911152
2017.375085557837,806.6118720165032,982.3561260522906,1265.1704523743106,1659.1536987349898,3220.4091206891644,3540.395851273961,3329.155773211513,2437.2391697737426,45745.37315841061,45481.57452725688,1506.846898719712,1745.7097691696074,476.6470775529011,590.2241483833257,-175.74425403578743,-21.787957769135303
2017.377823408624,826.9061302612455,995.1168103268204,1299.6401229577427,1688.395596644751,3225.029609246366,3547.0687392815757,3270.1992558261363,2388.9915995818374,41170.80856832325,40933.4056224593,2750.8533328777685,3167.9445603984163,496.3333934633016,612.1841303969347,-168.21068006557493,-20.342173544224654
2017.3805612594117,853.3692825243389,1013.332765110814,1334.3617565795637,1717.341215873466,3229.975498100648,3553.935913710575,3204.4964810869405,2335.390751140132,37053.471395763605,36839.80957833673,3781.871244130551,4325.460027841712,510.1974939964504,626.6301584205816,-159.96348258647504,-18.744930929935684
2017.3832991101983,877.6333378507064,1029.764718246127,1357.6981197319742,1736.2244987327142,3235.348980540692,3561.0878729294063,3151.9504801681187,2293.351455926741,33348.036617195045,33155.6712543233,4294.087188556148,4879.653975814396,496.1878815916598,607.4390041804473,-152.13138039542048,-17.334275469524087
2017.3860369609856,904.9961573422568,1048.9776246820309,1372.024492113324,1747.1548099424767,3241.1118437981586,3568.493975063739,3104.9263250377526,2256.230036146741,30012.86283867068,29839.75923507558,4591.442314579464,5183.008774798257,474.3168038889502,578.877847242462,-143.9814673397741,-15.909621954927522
2017.3887748117727,936.9285894038152,1072.2260805792612,1380.7770065502134,1753.0431554720294,3247.314822354221,3576.1996804544297,3058.466299983242,2219.815429329267,27011.173344034814,26855.165071369363,4818.119980306607,5398.737324153803,452.9605595919448,550.9390084154537,-135.297491175446,-14.440533964444214
2017.39151266256,935.0539390413006,1066.2654523334973,1382.2355020785594,1753.7802273860684,3254.033539334354,3584.272280596914,3052.591637837276,2217.394285518507,24310.052180724208,24169.626413648115,4336.3088084292085,4858.957008087142,407.6645046664224,495.8501544875286,-131.21151329219663,-14.032507410933553
2017.394250513347,971.2327549049372,1093.2829121714428,1379.075959407846,1749.4386475424988,3260.70262352003,3592.223999764211,3013.3311804586765,2187.194586356835,21878.980320513583,21751.44250190609,4380.276858353695,4861.976213353803,480.50146355941786,576.1058874608299,-122.05015726650561,-12.56651988414988
2017.396988364134,1031.856224507172,1141.252353135937,1375.5448008562691,1743.2835856343247,3267.956387564328,3600.6035643011164,2949.4130053637214,2137.4285427636105,19691.07534826997,19576.237448441705,4211.562071599065,4599.007329702905,934.7075272321694,1095.4150492271287,-109.39612862876493,-10.60187708622041
2017.3997262149207,1107.9310569346155,1202.1985219638832,1438.8677150732276,1788.335641192184,3276.200470949148,3609.757703153405,2802.1990753345003,2022.7040795255184,17721.92028218878,17618.034868567604,4128.312683563631,4423.7343597512,1335.8609738078294,1547.3692113094387,-94.26746502926767,-8.508423375194802
2017.4024640657085,1179.2719574203247,1258.8704722353525,1557.029492842937,1875.247611106435,3285.685026206419,3619.901371714405,2603.639741821811,1869.4043907787984,15948.92646397354,15855.59366161934,4049.207870777224,4257.561407939697,1619.2883986640436,1858.5942402627547,-79.59851481502778,-6.7498013765332585
2017.405201916496,1249.1340019373608,1313.889191978962,1700.6841801903147,1980.8927453722667,3296.257756013641,3630.947126443375,2379.9781801501745,1698.122682040388,14341.849405279212,14266.596508145383,3976.639791557528,4102.833996215448,1823.9640469815288,2073.112147839006,-64.75519004160105,-5.184006675117972
2017.4079397672824,1291.7611498636802,1345.5616836208624,1806.267520538026,2056.202411459916,3308.0417312121413,3642.892188725541,2220.4116166776425,1579.6233620286723,12907.086734711533,12838.988786096972,3737.497602572193,3806.617179500763,1818.328803517103,2056.5996411185,-53.800533757182166,-4.164897958330744
2017.4106776180697,1281.0256490452423,1332.199109219382,1822.7224478481817,2067.757721255215,3320.5076954080528,3655.337479213606,2202.654125990011,1569.4132361467896,11616.374016827058,11555.051558710626,3363.737850755192,3425.9635520586507,1636.4949078808702,1850.96771304068,-51.17346017413979,-3.9947256491140317
2017.413415468857,1259.6752292817928,1309.9958774091742,1822.722461909916,2067.7578445655613,3332.760843346624,3667.526182857279,2212.179283753157,1579.855541002975,32683.847157805874,32351.555728028758,3027.3637478787687,3083.3659536212663,1472.845262482834,1665.8702701336756,-50.320648127381446,-3.994731892606311
2017.416153319644,1254.1769429014153,1301.0356078035336,1842.561641675619,2081.680427407279,3344.6245802923763,3679.311432958851,2186.4025534220787,1563.535877665326,29415.47010630429,29116.412616297275,2921.943599436781,2952.2399665481626,1325.5606766993342,1499.28313221164,-46.858664902118335,-3.736208448683119
2017.4188911704312,1233.2756772784085,1279.352125850065,1842.5639451256925,2081.680979549981,3356.36421368178,3690.915101149631,2195.989782205608,1574.0430392853136,26473.819481030445,26204.688190295878,2629.767970661846,2657.019202211455,1192.9999397884917,1349.350536609705,-46.076448571656556,-3.736102918476266
2017.4216290212185,1226.9121491505543,1269.6963086531537,1855.9809261925773,2091.010930454851,3367.723297283347,3702.125547712165,2178.0051456650094,1563.5863590148206,23826.43183241472,23584.21396579355,2496.4167751448813,2506.2924488041363,1073.7021454596986,1214.4167972451962,-42.78415950259932,-3.487141237636345
2017.4243668720053,1270.2022470108643,1299.723667382185,1862.9760526068555,2093.673118820197,3378.9452433217702,3713.1443556190047,2116.925875351997,1520.3059040136047,21443.693333106483,21225.775501223645,2826.98300278811,2803.005225077928,1047.1229974868197,1167.8868988330582,-29.5214203713208,-2.3241511689018686
2017.4271047227928,1369.6538016913587,1373.256286897676,1824.379479438977,2060.0711297524,3390.857465977861,3724.633321428897,2044.586571183293,1469.314207756021,19299.17547775832,19103.149265224893,3198.384189214443,3133.745835040515,1054.0383936427804,1155.2056817039772,-3.6024852063173967,-0.26302158997176933
2017.42984257358,1428.6407361542488,1413.9821286605595,1786.765359172795,2029.0780565844157,3404.394678942696,3737.316129938524,2010.104444021749,1447.3265306514947,17369.214384478288,17192.777201883942,3131.8284883523424,3043.8410371558425,971.6461721738503,1055.637800540344,14.65860749368926,1.0260527452933126
2017.432580424367,1514.7941242866084,1474.6177418977604,1726.9235688629562,1981.598058741616,3418.875799270392,3750.642904595866,1969.7396258715323,1421.272040599753,15631.793149753956,15473.389169493468,3154.0337535778963,3034.0473587672845,919.201603527914,987.4059903181655,40.17638238884797,2.652266848986427
2017.435318275154,1602.4362923473484,1535.422904055324,1662.8381521821575,1931.660669137388,3434.7523004850323,3764.934078805364,1930.7342732769505,1396.5409938369196,14068.205117034588,13924.27555361428,3168.723812649035,3012.76567132943,880.684408911382,934.9036445292616,67.0133882920245,4.181968956398205
2017.438056125941,1698.020942203155,1601.9873488625258,1594.9757228261842,1878.623848285998,3452.048695590301,3780.207338582162,1886.1435576718488,1368.1680101043085,12661.318831782171,12531.492773843836,3078.121970766356,2879.7522088264755,1034.7906836337856,1071.2128557411554,96.0335933406293,5.655618900437544
2017.440793976728,1796.8811847782945,1671.2514860623744,1540.128973115534,1833.455301468816,3470.889574764894,3796.5498275828654,1823.7170856327664,1328.1578307209393,11395.022912188968,11278.26943054086,3029.448644704749,2778.5525970705603,1211.7428358432524,1230.9336242624,125.62969871592009,6.991541776949527
2017.4435318275157,1883.9193387831565,1731.8199522257842,1507.1286483807285,1803.102363256078,3491.3254089934403,3813.9938317142296,1749.6713221341645,1280.926198638903,10255.290615505584,10149.462056584374,3000.840872340255,2697.745490972031,1329.4893667524325,1335.112014158637,152.09938655737233,8.073561506917539
2017.4462696783023,1925.6471925878172,1758.3086295725575,1495.6489985827152,1790.1168180415607,3513.157828093605,3832.407926780345,1698.0185990273517,1249.4368714405318,9229.682982180866,9134.483849447744,2831.614844213012,2511.1399753685496,1307.0246345305827,1304.7940738879763,167.33856301525975,8.689990755283613
2017.4490075290896,1910.1169431139087,1741.561292070152,1493.9163155055703,1787.7388707807577,3535.6265280917705,3851.213017202005,1693.2407315802393,1250.1849657820806,8306.661449072082,8220.956125457917,2548.438164572992,2260.028072749223,1176.3163052101245,1174.3294283509872,168.55565104375682,8.824362908847572
2017.451745379877,1902.4254646007769,1730.7306877378628,1490.9130290952558,1784.0924805542606,3557.778581514992,3869.689206494443,1682.211343080463,1246.6136710484293,7475.010313605195,7398.463680711702,2293.2923894244177,2033.9162422310933,1058.5455349618358,1056.8400570542185,171.69477686291407,9.025046187496452
2017.454483230664,1914.4841058653467,1734.366447907831,1482.8121269394137,1776.2576895849852,3579.739030679188,3887.9329172418206,1656.7210548075377,1232.996891100359,6727.202538181093,6658.586167268256,2080.8719731684705,1831.1538810175464,1000.8758190073296,990.7954915677744,180.1176579575158,9.408156349049586
2017.457221081451,1942.294710303166,1749.2277037775443,1471.318107475185,1765.6547958333033,3601.839371092097,3906.187151158468,1618.7320294210376,1210.9121950656806,6054.377686868291,5992.710692540351,1946.0697512423333,1693.9811296284363,1009.336779674306,985.0884579872902,193.06700652562176,9.94014994230647
2017.459958932238,1925.387005368057,1731.3101481857605,1469.282514767472,1763.5654008950055,3624.3428796699336,3924.639052782239,1615.5997184860223,1212.8951439719897,8236.360729512939,8285.27263737874,1751.462598731851,1524.5830362055067,908.4036597533604,886.5809240682992,194.07685718229664,10.079888180464627
2017.4626967830252,1910.716039776769,1714.988766505627,1466.4283568241412,1760.983764684876,3646.502971781332,3942.7418189035056,1611.3926499092424,1214.1232957409848,7412.728167489784,7456.763403915757,1576.3176409075788,1372.1233628095722,817.5639220556172,797.9220162201736,195.72727327114217,10.243660972983154
2017.4654346338125,1942.523970551864,1731.4273268086422,1448.6713081802422,1747.4259048965191,3668.3580657643633,3960.5230415825886,1575.9145737950157,1193.889272547244,6671.389036147658,6711.058997115551,1633.371831212567,1411.7768608073484,864.8623043176884,823.9421992291037,211.09664374322188,10.86713198618857
2017.4681724846,2004.309769993078,1767.917099777814,1416.1306173483983,1723.5154236703493,3690.682861584044,3978.5290208303263,1524.7725693659647,1163.7319015565045,6004.201637599339,6039.822400163912,1728.8189635163635,1483.693696726514,949.368028648137,881.8200810204864,236.39267021526393,11.794218326645204
2017.4709103353864,2026.165827218845,1776.40635092334,1396.1167630827144,1708.8368005312732,3713.976138001316,3997.093950345433,1500.0649899886084,1151.7842440349473,5403.760378435638,5435.870346417773,1634.1312663557708,1395.8530343811162,901.8553272594374,829.2181482053111,249.759476295505,12.326704603360614
2017.473648186174,1992.3964551160905,1746.7996203856926,1396.116741902899,1708.8367844613217,3737.5702894877577,4015.7497793799057,1510.66813178474,1163.1630616080752,22328.455259897142,22552.250502889096,1470.718163003282,1256.2676866999589,811.6698067523645,746.2962987213916,245.59683473039786,12.326705064132817
2017.476386036961,1959.1898474975912,1717.6862924090176,1396.116741902899,1708.8367844613217,3760.536978508737,4033.8610532669977,1521.3359503822603,1174.5930156976576,20095.609941323364,20297.03249448103,1323.646345738132,1130.6408905837452,730.502825544656,671.6666525445962,241.50355508857365,12.326705112168593
2017.479123887748,1926.526821648641,1688.9435737260153,1396.1167224255496,1708.8367390971025,3782.898342232797,4051.563943144941,1532.0655319844996,1186.0607898669346,18082.04936953472,18214.006420951548,1191.0189722236992,1014.608276014862,657.3071528721341,602.7354290613955,237.5832479226258,12.33220556562571
2017.4818617385351,1906.0117937118257,1668.7567771831496,1391.3141232054616,1705.3585861206566,3804.643022095168,4068.6128389706782,1536.0663792790351,1193.104743560512,16273.842920278666,16392.60125767221,1213.458523242137,1028.2525064504032,591.5763849298547,542.4620519155523,237.25501652867615,12.447720277041856
2017.4845995893224,1904.6983157569464,1661.7093478106744,1377.6725345481782,1695.7260427836611,3825.986250969074,4085.278619568178,1530.106117017291,1193.5468356724848,14646.43829035839,14753.316348638407,1528.1756357364463,1283.002330215119,557.3730041574041,506.5358492447493,242.98896794627194,12.757346711345502
2017.4873374401093,1912.2855850029373,1660.7481911291454,1359.9725028265284,1683.2433832322845,3847.2490841706017,4101.781251306551,1519.383946291424,1190.91592016702,13181.763307824363,13277.964509007435,1895.56198255094,1579.1239209869736,552.4110914057648,496.51237505146025,251.53739387379187,13.153756732073338
2017.4900752908968,1928.643174552192,1665.9546915052215,1340.8143793560334,1669.383219553264,3868.5800957899046,4118.222636915101,1501.28136859336,1183.5560978614126,11863.573344791212,11950.15373966337,2347.0695897854357,1942.23069930856,576.1553198748519,511.02245497424485,262.68848304697053,13.620377606031955
2017.492813141684,1931.3361317383171,1661.750998298576,1328.4568467533968,1660.4175438644031,3890.12526578357,4134.705739270136,1489.8286740162068,1180.6702644018867,10677.195492636318,10755.114739821423,2482.9778550781048,2046.4276001568223,559.8288028385888,492.3013015480173,269.5851334397412,13.958478227044743
2017.495550992471,1926.955926354697,1652.515065911786,1317.144936739839,1652.632548326232,3911.656329425791,4151.073849011495,1484.4176257711676,1181.7509825854888,9609.43018478492,9679.390099992446,2432.54085909106,1999.3691755734533,523.6428104746831,457.6241362428496,274.4408604429111,14.242197067894663
2017.498288843258,1894.8400422947143,1624.9731545586724,1317.1449162322988,1652.632545395567,3933.0553954913817,4167.24296215887,1495.5623642731011,1193.5516837218954,99900.15684218642,100682.44540329852,2189.2870518727946,1799.4322982522274,471.27857812814864,411.86172563954665,269.8668877360419,14.242198903988971
2017.501026694045,1863.2593742499307,1597.8902677413753,1317.1449162322988,1652.632545395567,3953.860569375679,4182.908745057877,1506.765758433587,1205.3966876401848,89910.15442656318,90614.22202404804,1970.3583160913215,1619.4890288786285,424.1507137294495,370.6755440235898,265.36910650855543,14.242198921735294
2017.5037645448324,1832.101711467714,1571.1288396938494,1317.1449162322988,1652.632545395567,3974.196928639822,4198.222503030679,1518.0149619516612,1217.2722577149095,80723.00020117454,81263.00065365758,1769.0241456075014,1452.3607206692109,380.8103570991677,332.42250527953377,260.97287177386465,14.24445324953039
2017.5065023956197,1801.560684998344,1544.8695869285195,1317.1449162322988,1652.632545395567,3993.8503878763786,4212.986715753658,1529.3304291844747,1229.1951977572598,72640.08885016969,72982.0318750868,1591.8891864034883,1304.3603551108824,342.67926248594966,298.54755148808385,256.6910980698244,14.24826264290178
2017.5092402464063,1771.4286854344048,1519.104410128359,1317.1449155314483,1652.6325438863394,4013.051545103494,4227.21107059791,1540.689172222148,1241.1639212223988,65207.77399483479,65650.99304304623,1429.0120988856124,1173.3380173381793,307.6173626603572,268.5584987385168,252.32427530604582,14.244111398939479
2017.5119780971936,1754.40896890754,1502.0154036110791,1311.3695280385189,1648.7857517098737,4031.580695887928,4240.948079013923,1545.383025457509,1248.7906115001276,58686.99508434378,59085.89096221511,2749.5057220286985,2232.997621906527,344.8320914715392,296.3009070306916,252.3935652964608,14.386244585469987
2017.514715947981,1747.501916995991,1491.5930597447818,1303.102810663239,1643.216275430006,4049.7754361486154,4254.362650001014,1542.7899544836512,1251.7957606592,52818.26175993023,53177.26774314229,4870.3213420870925,3934.131895686605,438.93299590732425,370.18447767470633,255.90885725120916,14.644267612085043
2017.517453798768,1738.9840425217787,1480.1160351017877,1298.865840310896,1640.198435778084,4067.805398261385,4267.567140225303,1537.9427371974357,1253.5140347298257,47535.705113307245,47858.43487437818,6187.731518196499,4984.784041705285,491.3267019255287,410.1629279995107,258.86800741999105,14.886163477647266
2017.520191649555,1732.049930626707,1469.6858888634606,1296.425816250683,1638.302434086169,4085.644189912103,4280.544166656543,1529.905981502004,1253.2910562288323,42781.03978612184,43071.67799277056,7154.73071391816,5749.645128112243,585.4645916361533,483.7531483828987,262.3640417632464,15.147602683042475
2017.5229295003423,1711.9819288515885,1450.8569193023857,1297.4091125810537,1638.7594120520737,4103.318167459551,4293.311420267055,1531.744609399302,1259.323694213493,38502.86517230216,38764.49405180258,6593.485530097639,5293.29039384953,702.2375169635735,575.8375941219922,261.1250095492028,15.252790064458658
2017.5256673511292,1695.02179424374,1434.127479850963,1302.6317805442084,1641.7742639892729,4120.609257792436,4305.729877976986,1526.6188857111124,1261.0477240177806,34652.54986403068,34888.03711792751,5934.439076018981,4763.963628601004,1214.5412911861376,986.7759340268244,260.894314392777,15.391797042301688
2017.5284052019165,1683.5124471784727,1421.0265618778433,1332.0759204206631,1659.6138659399433,4137.57032561041,4317.835494849597,1492.1509250819522,1244.6313231676156,31187.242364941056,31399.218014080805,5513.548844840628,4411.063337799922,1936.7669385352256,1566.168065168019,262.48588530062943,15.591561900272827
2017.531143052704,1666.844958833418,1404.7018564699167,1374.757784837625,1685.9382541673467,4154.293195854713,4329.689697343012,1449.841578765747,1223.2053378547218,28068.31661651272,28259.139815384588,4993.730975181871,3986.696649037311,2228.7526019543425,1798.8100899846038,262.1431023635014,15.726903751562388
2017.5338809034909,1639.064760863698,1381.2906627981622,1374.7602472741753,1685.9410243929678,4170.6923751403865,4341.239284818304,1461.6480350132445,1235.4920738255607,25261.431786027693,25433.17075403008,4494.352409338586,3588.019464632589,2005.904738674663,1618.9325482378088,257.7740980655358,15.72690135377585
2017.536618754278,1612.7780042088852,1358.9377465394944,1379.788141748386,1689.092286775823,4186.583861445027,4352.367181457503,1467.4433108892094,1243.993731062176,22735.12572974517,22889.725150615137,4044.888198583778,3229.2129179482918,1805.3013589593647,1457.0782447040044,253.8402576693909,15.739317935074826
2017.539356605065,1598.7187003610895,1344.5491187940163,1434.4372347328404,1723.4124021646758,4201.99350123165,4363.091876369073,1411.8717819659237,1213.7654485072285,20461.56114941266,20600.736153808724,3736.25964914384,2973.2601007704416,2096.994325429115,1688.2676477110183,254.16958156707324,15.898330426088469
2017.542094455852,1602.8399304463444,1341.6807959744108,1554.1935195950798,1799.9722563856658,4217.126864225791,4373.547376158987,1273.2888040242908,1130.0463173159328,18415.10718400045,18540.641974739647,3709.8291327016823,2938.2222853107733,2838.959265189407,2275.707192254865,261.1591344719336,16.29352560484367
2017.5448323066396,1607.9815017534656,1339.354136525553,1683.0565861210437,1885.3111348018097,4232.287083878056,4383.926546391904,1145.9635159032728,1037.082828115731,16573.544167138847,16686.186478618296,3579.4953209416126,2822.389318891666,3217.4510469412503,2572.9099850827934,268.6273652279126,16.70587409960754
2017.5475701574264,1590.6492152492212,1322.9490574521888,1715.8630892908386,1907.5800063466004,4247.4914646880725,4394.238363771783,1115.713061597243,1021.3351182644234,14916.17387474275,15017.551002982991,3221.547942415519,2540.153862635941,2895.71755581386,2315.632783436938,267.7001577970325,16.8296161863123
2017.5503080082133,1569.1976038227974,1304.0434656290454,1727.408148616659,1915.6105551021208,4262.366992848691,4404.2495580538525,1111.1719855372287,1022.6268670499744,13423.71868256448,13515.213707289491,2899.212204905653,2286.04000298772,2605.983163172102,2083.9797397704533,265.15413819375203,16.897434558133238
2017.5530458590008,1551.1769286799422,1287.3064437687467,1735.3491742975568,1921.5523092038457,4276.843048279033,4413.947446792879,1107.203479568843,1024.1521460695235,12081.167013762284,12150.41638717629,2609.252151663643,2055.190433236471,2345.34994168508,1873.53467950244,263.8704849111955,17.010985660787924
2017.555783709788,1549.254655193273,1280.6695173292117,1737.574940679767,1924.524588219304,4290.9792443537735,4423.309906365571,1093.191690598557,1018.8822339209116,10872.803334742126,10935.214432045645,2348.273863330107,1849.6444746882264,2110.7684170524344,1686.1580683972704,268.5851378640614,17.33640992871858
2017.558521560575,1596.072329804149,1304.617767546707,1719.6662158913289,1916.724279765487,4305.044089659074,4432.53587396489,1050.6457954708187,993.9362245579198,9785.45144904631,9841.574451202168,2122.341977040375,1667.6415065086762,2012.3576612959907,1604.72964433318,291.4545622574419,18.260736485119427
2017.561259411362,1632.946202889725,1322.6555253321524,1699.7541912191637,1907.1511519368376,4319.847312753576,4442.135247734522,1019.3086239629024,976.3001208314917,8806.416535893539,8857.32287469086,1913.718120839734,1501.033226835005,1872.66349227389,1491.4152511169673,310.29067755757274,19.00189222452462
2017.563997262149,1677.9169381143138,1345.9496592080625,1676.9454625406802,1896.44266981106,4335.2275356768105,4452.008831686177,982.1942944935624,954.2687851297034,7925.715355093958,7971.432274226049,1763.613869641202,1372.3325381166203,1779.3620766609467,1414.7765670027802,331.9672789062513,19.784488216641087
2017.5667351129364,1757.9303097841469,1391.803055548307,1636.1823841030773,1875.8755442541024,4351.315311057887,4462.243867659307,927.284125880254,919.175378373284,7133.122503879707,7174.246399456529,1700.41380737881,1306.955664570717,1778.215038821254,1409.7446410168127,366.1272542358399,20.827176833921023
2017.5694729637237,1875.136171095608,1463.0194893886646,1562.777298989962,1834.2354266538505,4368.691782278504,4473.212747115982,866.5347784612936,879.0580826765056,6419.751524825107,6456.549692798555,1680.9197069256925,1272.5361347667374,1777.8153469828992,1404.7454235481143,412.1166817069434,21.977960217478557
2017.5722108145103,2024.6112213705665,1557.687011758975,1458.1473290556648,1771.2012526389422,4387.973472258636,4485.339777251873,802.8359081405013,835.7256041852143,5777.717944022216,5810.817138371048,1702.1794023593002,1265.2277310081502,1789.0418535970412,1409.235242256555,466.92420961159155,23.062413399818354
2017.5749486652976,2174.556941746474,1654.4467349820495,1350.7801599732504,1705.9265086593798,4409.691560315261,4499.012184061657,738.9671687903837,790.9961181319183,5199.851699951928,5229.716977047537,1762.0311945771116,1284.7288480743189,1762.3825960451095,1384.487037155576,520.1102067644244,23.917985166518704
2017.577686516085,2318.788764296169,1748.4282002600182,1247.057477971092,1643.588093380518,4433.848234910909,4514.258889331761,674.7292536472002,744.534262862707,4679.757703423034,4706.695617323579,1854.1460938886728,1326.1103685825813,1763.7398687253465,1381.3418517342948,570.3605640361509,24.597348961593514
2017.580424366872,2446.8342940032258,1832.0432960877763,1152.6593500848746,1588.1202966455726,4460.33123985731,4531.024007528674,615.0267468799603,700.0497455729776,4211.427183073951,4235.768102281513,1939.1817530446087,1364.8871777303482,1749.6567665646917,1365.0187031836122,614.7909979154495,25.12597601816345
2017.583162217659,2482.8042938578674,1853.701619618162,1109.5992247199054,1563.357943046234,4488.890911793474,4549.144259123279,593.9851004541234,685.4614240473269,3790.265971726779,3812.189931463208,1824.1985642055645,1274.6430665235096,1587.7449027149037,1236.3735347504971,629.1026742397053,25.338391583904656
2017.5859000684463,2493.769226452572,1858.7591767056836,1079.591008749992,1545.8035288421763,4517.972532994508,4567.575801913866,584.3746626282987,679.9546383732779,3411.229751710084,3430.960696883917,1666.6152774701932,1158.8515732261735,1428.9672996233785,1112.733217720527,635.0100497468886,25.463865822508396
2017.5886379192332,2577.6715076153746,1914.9801117607376,1006.2311897389644,1501.8615814971938,4547.157307351894,4586.041208515976,545.0753261191368,649.6381440610969,3070.0923820025664,3087.857065791897,1701.781783545693,1172.5787067249523,1412.2089905066998,1090.9594881636492,662.691395854637,25.70891573642362
2017.5913757700205,2643.5472668001257,1959.5900955002448,943.2412275969044,1464.019888962533,4577.658242235465,4605.386885836522,512.1164941928765,623.9520755357045,2763.0238468180573,2778.832872886527,1693.340198574635,1159.566570836827,1385.8748414226743,1061.7673476540851,683.9571712998809,25.872704448662077
2017.594113620808,2694.093277183224,1994.3949257490945,888.1923712952059,1430.35482443198,4609.170796015273,4625.42559361445,485.5346863316674,603.2015020394778,2486.56895478021,2500.787181596838,1643.4112355759105,1120.7434713833975,1342.3802143451212,1019.916528954818,699.6983514341296,25.971571116709463
2017.5968514715948,2708.08132426643,2003.865140697964,853.3981449110256,1408.414848466932,4641.437225792724,4645.992144748399,474.5023358551905,595.5326119217106,2237.64662967643,2250.683149103703,1513.7628512436722,1030.0422587434578,1234.213036478416,932.635617322261,704.2161835684658,26.004247998690555
2017.599589322382,2722.55981858784,2014.6685899942795,817.2473976213556,1384.5660222867775,4673.855180197338,4666.661090484149,464.18453441883867,588.3369430697971,2073.1728404759638,2183.838339420336,1394.0208450883335,947.300032215194,1149.990105446587,863.1897199377354,707.8912285935603,26.000943074254852
2017.602327173169,2722.8090543719823,2015.7276837650145,789.4138319992505,1365.4109698418622,4706.425954546352,4687.4534701194025,459.6259899077867,586.0684221087242,1865.8567403029815,1965.4436218759504,1264.6096322734036,865.0205591076666,1054.0385850319783,786.5939068647092,707.0813706069678,25.968819571523593
2017.6050650239565,2738.457420502364,2029.6977733464155,752.1097957609546,1338.501707871941,4738.911795108345,4708.206671081203,449.2237194537054,578.6822935354456,1679.2692778690932,1768.8560183284922,1177.266931388386,812.8768284845729,1013.3430508944748,749.4566863339747,708.7596471559486,25.881711428104957
2017.6078028747436,2730.847545381578,2026.2914105242885,729.3646536141096,1321.38265938644,4771.568709077116,4729.135559061724,447.3497227525615,578.7067168625521,1511.263822933949,1591.946746588936,1061.27582994713,736.8921197996843,928.0763672843832,682.6815011125286,704.5561348572896,25.799907286982688
2017.6105407255304,2735.8700228910584,2033.7608844629224,699.6225118129948,1298.2217481702237,4804.010108414927,4749.950606619311,440.0558877063852,574.0110065825448,1360.1324257551698,1432.7427968695856,984.121403457194,689.2419470513128,888.6218012765107,648.6296777101866,702.109138428136,25.66310287234336
2017.6132785763173,2744.825851844172,2044.8153729708736,669.0716903251391,1274.142094268823,4836.446275823433,4770.832989240188,429.64261283262334,566.5816893551154,1224.1039211233197,1289.4522780532625,923.2619870261312,653.1335708964793,867.9083434079805,628.1811906853557,700.0104788732986,25.502910445228466
2017.6160164271048,2758.188376587045,2060.015169817322,637.4379505105194,1248.805551181353,4868.942710001496,4791.842412977376,415.8452937263048,556.1369118589494,1101.6652387588308,1160.5006018646943,875.5149752994369,626.3383938142157,872.1113293058165,625.791532664072,698.1732067697226,25.312745594034997
2017.618754277892,2768.9898451310632,2073.6910714221845,608.506064825821,1225.1792999961326,4901.572715182114,4813.04517964021,401.7736056863671,545.3123947764722,991.4774628859728,1044.2869149799594,828.5777128706457,598.54807053378,863.053564050894,615.5279839817381,695.2987737088788,25.110195869135392
2017.621492128679,2775.553633337614,2084.2550250072927,582.6615309806479,1203.7812585749764,4934.292837500334,4834.418017566457,388.76212900676535,535.2015446862753,892.2394905338347,939.7039409459938,777.6617722292482,563.7763996094355,851.7819255933604,607.5597125790691,691.2986083303213,24.906692489275805
2017.624229979466,2780.913560249512,2094.047071942084,558.6824283061432,1183.9990715434196,4967.033399166474,4855.909984969697,375.0686431032328,524.1276173798013,802.9878874765556,845.676989996745,730.9691232053971,531.4499603362539,835.4842501009107,596.5300700534098,686.866488307428,24.699310979151765
2017.6269678302533,2781.168504596042,2099.495727536693,538.2200503785039,1167.4120596468017,4999.773658256274,4877.503943305388,362.96371759454473,514.0999153461188,722.436055112989,760.8422027506497,684.5443680383062,499.15535617678586,808.8749310169937,578.0297264038959,681.6727770593493,24.51030118933267
2017.6297056810404,2776.617702630901,2100.7449492590536,520.5374789735887,1153.4243048282883,5032.429036561185,4899.131978368403,352.9696126596916,505.6383133792541,650.1377822185881,684.6143385694011,637.3467057341535,466.1181294886799,764.9695803648264,547.0563739110027,675.8727533718475,24.341584825719593
2017.6324435318277,2768.5990806576706,2098.9109828381797,504.2733892880782,1140.777726654046,5064.91891434748,4920.722472386478,345.1903465321387,498.9562639562948,585.1068214040583,616.0819832942267,588.2449241824778,431.3424403706735,716.3640970463356,512.7523474585759,669.6880978194908,24.18869898852993
2017.6351813826147,2759.06712113858,2095.6689900699453,488.4673269069938,1128.635979297454,5097.185872737672,4942.223005012876,338.6893100421225,493.2673714547231,526.5923261569845,554.4650506805648,541.703425956977,398.2210207792519,687.1683110888432,492.45668943112895,663.3981310686349,24.04429112963629
2017.6379192334016,2745.6366486062925,2088.94142901124,474.7122160327349,1118.2908966839304,5129.205757249123,4963.610582315149,334.2829089372192,489.3803378246801,473.925395660676,499.0132097958624,496.799491887901,365.9640728567305,631.2777905142069,452.8576110004346,656.6952195950525,23.91777586187147
2017.640657084189,2721.8278198754488,2073.1610454135425,464.8912840918858,1110.8433960678756,5160.914255583922,4984.827534494997,336.63207127411465,491.8191698585839,426.52430208874586,449.1055616110923,447.1448901706961,329.4687468745124,574.2228558345113,412.2330431461691,648.6667744619062,23.832028232101372
2017.643394934976,2696.924972354592,2056.416674012923,455.1881191813647,1103.2948487970516,5192.140877378351,5005.723763435529,340.4393619110659,495.6437595894943,383.8521320820905,404.1870626648703,402.406855798779,296.515542796959,516.8097187637107,371.08208395446144,640.5082983416687,23.74957794181657
2017.6461327857637,2661.2063022510238,2030.2294828114564,450.5366245595541,1099.559494434655,5222.86458348296,5026.283063255882,350.51372053183644,505.43490533300286,27204.99270793954,27337.11928908487,362.1661696376962,266.8639858967835,465.1287461414685,333.97387228664024,630.9768194395674,23.710180563823467
2017.6488706365503,2631.2833024316287,2009.1759918389585,443.0477706142329,1093.3070760147184,5252.908832127584,5046.349588154302,358.3092256519269,513.1021898270164,24484.91194178125,24603.46448841865,3360.448468516372,2374.0251423122013,418.615661048583,300.57649249861703,622.1073105926703,23.642733947263174
2017.6516084873372,2609.7946004753203,1995.799292095692,431.0933582222637,1082.923147672181,5282.372058789364,5066.010239466224,362.71701333842566,517.6300666009007,22036.403893555795,22143.11797809544,7249.6591388242305,5110.010960820493,387.3768772424031,278.6174987115648,613.9953083796283,23.52657593313289
2017.6543463381245,2589.774210097922,1983.9688724795012,418.49233426407807,1071.6289062522278,5311.399701263276,5085.394100617351,366.7386852000998,521.7987664859191,19830.91232795188,19928.788648870534,10493.109574508928,7390.595779349542,361.52660781079646,260.54846360202214,605.8053376184209,23.392206751318092
2017.657084188912,2570.312987331145,1972.8082820890345,405.9455889095472,1060.106046724919,5340.011296947222,5104.527790635296,370.5629576374636,525.7764263857493,17847.569062407314,17935.79589991882,13073.239207176925,9213.218482508071,339.25658643624405,244.97139124513552,597.5047052421105,23.246379261481405
2017.6598220396988,2549.1588121082605,1960.240810639335,394.89307434398,1049.64151297054,5368.307344303045,5123.433243272528,374.9015000700911,530.3308789525938,16019.640363960109,16133.588164548231,14966.999221006485,10447.319664740648,316.04476338743854,229.08086180221463,588.9180014689255,23.10244456609064
2017.662559890486,2524.112833292181,1944.0091219634407,386.0639276292477,1041.212143597969,5396.085764950122,5142.067422200995,381.4261049538257,536.7856580725885,14417.62031174043,14520.020910651583,15255.773576972611,10683.282292376343,284.4399522378844,206.17427441371416,580.1037113287405,22.982479375619498
2017.6652977412728,2490.5780964119635,1919.7102536628329,381.7036483412419,1036.9715039576697,5423.37063423666,5160.379814866962,392.4641518355119,547.4406733475275,12975.819756737948,13067.970357238331,14165.09318137005,9933.559759130962,255.9956610870672,185.5566246831937,570.8678427491307,22.921097859631384
2017.6680355920605,2460.5324782674625,1898.6200529610728,375.9362754871488,1031.2868489982957,5450.0217343053055,5178.237003624828,402.0539427654596,556.7862402507961,11678.234411000836,11761.159044003074,13063.91561502463,9174.08949790716,876.2869589320925,620.1813467492584,561.9124253063897,22.837025329657493
2017.6707734428476,2433.080338288944,1879.8378955775988,388.24301269553735,1041.391022148015,5476.099099095239,5195.693796544501,391.5498807456576,548.4353315648782,10510.398181797069,10585.018315400592,11757.513713226332,8256.668910390898,2065.202247799262,1454.488004369985,553.2424427113451,22.738354915991437
2017.6735112936344,2406.794513672727,1861.9503335290656,441.99447678330887,1088.725715237688,5501.647569465795,5212.789700066392,352.40190202000343,502.3201970018447,9459.326875148152,9526.500365676458,10587.909946459842,7442.029997778043,3182.219809053184,2240.224716686784,544.8441801436616,22.637752290378906
2017.6762491444215,2377.839977344662,1841.3446546899945,510.7235225084549,1150.9166308464369,5526.688656288514,5229.540745834688,317.1556616077657,452.09397623033095,8513.21794448167,8573.802514072166,9528.921550887317,6697.7945282005385,3743.34620963389,2635.4190818694024,536.4953226546677,22.562297201083016
2017.6789869952088,2344.6498309211192,1816.6448059902327,556.9185248934527,1192.7423368723396,5551.179059432665,5245.902349763078,285.4339839377949,419.0344531223363,7661.66448761358,7716.413638461516,8575.770093929174,6028.008338262223,3716.4051282353416,2616.5469398566065,528.0050249308865,22.519568507313284
2017.681724845996,2312.745192869592,1793.024273603622,605.4640458452948,1238.1871122761138,5575.047944561263,5261.807728137826,256.89008589415187,381.7327420456508,6895.48462598759,6944.715900558253,7718.178071396022,5425.16346541707,3732.3710129046194,2629.28440470233,519.7209192659698,22.47203543513214
2017.684462696783,2283.5818576874567,1771.8410516154536,665.7374004440665,1295.450147523405,5598.320100582783,5277.275592554517,231.1986549104729,343.5592512561249,6205.871141095837,6250.237585027819,6946.287484218008,4882.65702738856,3905.3243542431433,2754.683912642467,511.7408060720031,22.409566985710512
2017.6872005475705,2255.7927617473997,1751.8277044381273,731.431514728698,1357.943466542476,5621.04376453257,5292.350548410359,208.0702401201152,309.1786035963889,5585.0545453316645,5624.764057234916,6251.401874912559,4394.145536289327,4082.841099470804,2883.3450954166847,503.9650573092724,22.34092891223248
2017.6899383983573,2227.725153061345,1731.445918770833,793.5638914185974,1417.044857746593,5643.264980560257,5307.061597918442,187.1540912203989,278.1368189027285,5023.61994317156,5060.033145105758,5622.9830660903335,3953.1200741200832,4141.827049770166,2927.4671812972388,496.2792342905118,22.277399597904786
2017.6926762491444,2199.3197542287894,1710.591857870067,849.5438806894939,1470.4436618270784,5664.933585465358,5321.380028639039,168.435310102194,250.31583787730327,4521.16743719595,4553.897040316111,5060.583448966463,3557.704364408553,4086.1308262936286,2890.631428570737,488.7278963587223,22.221775411192947
2017.6954140999317,2181.625378441019,1699.0055702738389,888.5194082030256,1508.5022244045836,5686.071163374141,5335.311342137653,151.5825930607945,225.28013583193808,4068.808689148773,4098.432684038783,4554.249106937231,3201.8753953561777,4003.920592100803,2834.914067701853,482.6198081671803,22.122029425237915
2017.6981519507187,2168.050542908381,1690.9077179968886,889.4726656378912,1510.8326176129024,5706.853309223416,5349.010810535487,143.84992530929242,217.7760304071814,143148.72368395023,146787.90198282135,4098.824191193673,2881.687818649762,3603.5285320708495,2551.422709884637,477.1428249114924,22.00791980944403
2017.7008898015056,2159.220962574375,1687.2460428987622,876.7252643963188,1500.3956229262449,5727.352303899165,5362.537878071815,145.35581220911666,218.77553265564023,128850.6296372687,132191.92617128932,12004.784160777352,8666.556818728683,3243.1710373317155,2296.265061307264,471.9749196756127,21.858574358822963
2017.7036276522929,2180.941596828882,1711.364771250226,842.5182438096842,1470.74733336837,5747.647950916456,5375.966782989714,137.97445152395323,211.3040889441526,115965.51639669236,118972.40419497284,23693.859995297757,17233.932923713743,2945.5700753294136,2086.395885947421,469.5768255786561,21.53092161025435
2017.70636550308,2214.025435163886,1746.564001233395,798.1950383925536,1431.5857184748934,5768.249902389572,5389.760819582649,129.0397671329631,201.9003372615256,104368.56755830329,107075.0425918693,35213.65204104929,25717.48505607404,2722.511681829198,1929.3922115452656,467.461433930491,21.113643344205244
2017.7091033538672,2233.1282613698063,1769.919346769129,761.6832050125108,1398.5825883934222,5789.345592400641,5404.103706145652,125.78098429601592,197.63313524425695,93928.6425521008,96367.43979451412,42110.33323467811,30839.03093605197,2482.6394164677454,1760.1532809131013,463.2089146006772,20.74260232220355
2017.7118412046543,2241.763687792744,1783.6962436717115,731.2032719804467,1370.7354404771615,5810.702679219921,5418.796349422681,126.69630408586362,197.43864298090685,84533.78819627619,86729.93419154162,45436.16053935786,33362.116118607635,2238.796870101164,1587.7547433187765,458.0674441210324,20.43335105369865
2017.7145790554412,2209.304488229657,1758.5882907992757,727.8863959347459,1367.690061200172,5832.145596595261,5433.678590074397,141.45736231931156,211.1376344786173,76079.5581559993,78056.8762353394,40895.36101723131,30026.030550561467,2014.8950897404995,1428.9781145291824,450.7161974303815,20.400818439994474
2017.7173169062287,2196.781964177128,1752.2405442830286,712.1106895373795,1352.8493007756215,5852.98922608215,5448.102398540173,149.33986328231668,218.3302329536402,68471.08202983676,70249.6885634496,39201.27811117538,28829.40956126827,1813.3918008644644,1286.052841871442,444.54141989409936,20.23602829699196
2017.720054757016,2187.490001398424,1748.8742014571556,694.9041411056489,1336.4505752735208,5873.56686652313,5462.3804750458,155.68863405177456,224.2451247759905,61623.41674556508,63222.702939589486,37817.8593398239,27870.543637131494,2159.5508597149988,1541.729406891944,438.6157999412683,20.051099646666678
2017.7227926078028,2182.1505704094598,1749.1744038159657,679.9474831183892,1321.95439494694,5893.933073631681,5476.562976701699,156.04641591944866,224.68650108786528,55461.06068979807,56900.25364008697,34354.01326543253,25411.01367711554,5606.269137207755,4056.6771536288775,432.9761665934941,19.841718186855008
2017.72553045859,2160.8220779284943,1734.38343020999,688.3114941195859,1329.5221259868051,5914.154514388684,5490.711610726053,149.21735664221646,218.18900962962647,49914.842135675644,51210.05230734052,30918.56623352029,22869.89983133908,6553.105498004145,4751.622624593489,426.4386477185044,19.73501900384674
2017.7282683093767,2142.1023264575865,1722.097368415658,705.1781904001908,1345.4717836472598,5933.9655588543865,5504.574985374322,134.29820535788238,201.09004875379915,44922.67460006957,46088.987929365445,27826.28634580424,20582.88459999025,7720.641880936512,5614.0256643786415,420.0049580419286,19.607137943615164
2017.7310061601645,2124.142058992908,1710.5345016474826,729.382021010942,1369.380789888144,5953.410067194963,5518.195624909256,120.86739589379523,180.98073893259053,40430.076230103,41479.99613393035,25043.45273689044,18524.555400118534,8846.812167100383,6454.425106472538,413.60755734542545,19.471746514991743
2017.7337440109516,2102.1360240637205,1695.2204655681203,753.8280144269606,1393.327621808677,5972.501778733084,5531.586622821199,108.78064702278552,162.87956765035986,36386.9967466201,37331.12748505505,22539.062950934327,16671.71175763476,9282.87116321215,6790.4894303656765,406.9155584956002,19.357242054630508
2017.7364818617384,2067.100486262684,1666.9709003895002,753.8281982494224,1393.3363391406622,5991.174387070479,5544.685533131546,125.57132255515184,178.4505725636457,32748.271497723214,33597.634234900936,20285.14081448709,15004.37065360401,8354.590878579073,6111.777575399264,400.12958587318394,19.357045703985968
2017.7392197125257,2035.3951857579773,1641.9237711026503,760.750557955918,1399.6238022940574,6009.211889585938,5557.277467829939,132.74466083790497,185.0462039987083,29473.441971719163,30237.86666509609,18256.62526113793,13503.931736540508,7519.144672710754,5500.601167148082,393.47141465532695,19.33145059045617
2017.7419575633128,2005.7860447075727,1618.742781011519,771.5560957335495,1409.2709422642863,6026.672607713419,5569.417610416645,134.5154459831964,186.86781153290215,26525.497458752823,27213.957991687534,16430.590883629677,12153.484075813907,6855.814067863676,5021.160580299729,387.0432636960538,19.296338446331227
2017.7446954141,1978.1687348419389,1597.227458195193,785.0217993140724,1421.3995753552954,6043.59272393438,5581.138037313534,132.17483604734687,184.96197436133076,23871.978025613167,24492.51972380818,14786.931145467368,10938.116702127025,6437.939916230844,4723.249929643941,380.9412766467458,19.25726910637803
2017.7474332648871,1952.6344248240337,1577.4920666552782,798.4588640318011,1433.7329933457409,6060.004949112387,5592.468019341214,128.28781409780663,181.4618908351283,21484.500256706186,22043.049357338037,13308.064612401557,9844.207499277296,6129.005438123832,4505.380391377694,375.14235816875544,19.212114331261077
2017.7501711156744,1946.6966124975663,1575.9637428440674,806.4129276450476,1441.1862924286438,6075.946495308996,5603.437754414679,115.4602395023227,164.99670309635107,19335.851128719903,19838.72344988581,11977.141566693046,8859.792374280858,6294.501158326582,4641.320915344278,370.73286965349894,19.04420376926928
2017.7529089664613,1971.0629337752223,1603.2106485861334,794.1226221785599,1429.713707008247,6091.745056155705,5614.35199448956,103.91380133873773,148.4955518401878,17402.19663413023,17854.605159091152,10815.099631076271,8012.0190195294845,6804.68162891018,5034.649145025901,367.8522851890889,18.662635215027503
2017.7556468172484,2017.7596095785,1653.0112546026965,770.2538433767768,1405.9132587822053,6107.905948021708,5625.688072981392,93.52100647615198,133.63700066151455,15661.740049469816,16068.0629539556,9979.31511304198,7420.815698238546,7055.22407760884,5235.323248988066,364.7483549758035,18.07689841962877
2017.758384668036,2066.1333157921463,1705.552620169999,739.5134080896946,1374.4945984315525,6124.800235699421,5637.824647210183,84.16741877005427,120.27186986335568,14095.317010383147,14461.084632156872,9253.696033416458,6915.657327781481,7467.2809848500465,5552.794541481335,360.58069562214723,17.451956892912413
2017.7611225188227,2097.5812054947364,1741.62391437692,713.4345951015736,1347.8460515112022,6142.453748652988,5650.804090239821,75.74850708333982,108.2441543741119,12685.489542504032,13015.01088056913,8476.203776844413,6368.41836543815,7271.448288426425,5413.006203749818,355.95729111781634,16.969893236331707
2017.7638603696096,2073.0379611172093,1722.5325848722414,708.577410785945,1343.202205790156,6160.584792906452,5664.349496093749,87.44580605793678,118.86184402046123,239892.4041135962,247443.9146679763,7628.583272129582,5731.576498202406,6544.30387377162,4871.706227821104,350.5053762449679,16.907812727947938
2017.766598220397,2038.4874783062116,1693.82373702734,708.577317608338,1343.202178458851,6178.257163012418,5677.53964081169,104.75191194057707,134.80847447872594,215913.9454060704,222707.23841946173,6865.715351005362,5158.412745925739,5889.865256108674,4384.530418100623,344.6637412788716,16.907817435565228
2017.769336071184,2004.071650743197,1665.5626708168677,708.577313070506,1343.202172953364,6195.783356356495,5690.248136301993,122.06945069734702,150.78895070438338,192485.9863514121,200277.87570207845,6120.719571666137,4638.900865280447,5250.753793091076,3942.9530671951206,338.5089799263294,16.89106174426426
2017.7720739219712,1977.3823496292016,1643.934557184974,706.7187314323829,1341.0950721835234,6212.2098025319165,5702.41779384501,134.61878727404158,162.7824075631021,173237.3842568186,180250.0853940487,7969.505448533362,6111.532313169334,4725.678319408589,3548.6577065748315,333.4477924442276,16.863091374652743
2017.7748117727583,1966.7322520216887,1637.1268124680012,701.7516523681251,1334.5727151824435,6228.146465273692,5714.193652876291,134.72720120403784,164.7645502498708,155913.4763375503,162225.01484149552,15754.862543750416,12228.67435213677,4253.106773959858,3193.790716963548,329.6054395536876,16.75903973277867
2017.7775496235456,1962.492288034868,1636.518325273532,694.8191489927433,1325.619686112811,6243.861922077254,5725.823795671144,130.61211687711267,163.1238237191164,140322.121576562,146002.25364344497,24428.02604416408,19045.26379276684,3890.722986728935,2923.035002555751,325.973962761336,16.61020350239177
2017.780287474333,1970.3771269907304,1647.5040216448942,682.9602931970005,1311.4333158593654,6259.463670087698,5737.411913016195,119.41241364063411,155.16428025614633,126289.7143352212,131402.0126329454,35432.89523276945,27701.202059929707,3684.877574249734,2773.633629441384,322.87310534583617,16.386360809970725
2017.78302532512,1950.162403051895,1631.9828670373154,678.4583940527501,1306.591417819183,6275.154068500692,5749.1512983755,128.86653831072573,164.2158475446034,113660.66637422932,118261.05646748522,34137.18835092133,26712.00861290601,3316.3874328350034,2496.2892492449387,318.1795360145795,16.315540465586167
2017.7857631759068,1926.5742887501565,1613.226444071349,675.4526868548901,1303.2051571116713,6290.464718149001,5760.600240214911,140.57761016201746,175.33748937867085,102294.11485854573,106433.47412717044,31564.94076845584,24712.3098315112,2984.73454178206,2246.629158197013,313.3478446788074,16.264508797223094
2017.788501026694,1901.0901843021527,1592.6250132016312,673.5439421313821,1300.871456451989,6305.340935689866,5771.70927285886,153.52214179266906,187.5914882641148,92062.62388429964,95775.02596526628,28439.71160383876,22268.60931610214,3067.0783534087163,2319.2250526931475,308.4651711005215,16.22569900405604
2017.7912388774807,1879.2186539332731,1575.149330249468,671.9385902746196,1298.5652207074336,6319.75089872174,5782.440144040772,163.0169609864366,197.07043577891844,82856.28830269388,86197.45755966859,25595.718086454508,20041.73329621095,4466.146101211092,3409.9981962294214,304.0693236838051,16.18062501920024
2017.7939767282685,1859.119831495324,1558.7282206748364,674.4066200825255,1299.998806653489,6333.757382966497,5792.850543039965,167.06916937172284,202.07546040830292,74569.3847982013,77577.07881825863,23035.752509279173,18037.41279143593,5545.878039482972,4258.908109677311,300.3916108204876,16.15773258568691
2017.7967145790556,1840.0425964621388,1542.7395951522858,679.9149493646222,1304.416764119601,6347.397688337597,5802.9651107908885,167.42596926920402,203.95946071381928,67095.27829953919,69800.58030685852,20726.917751455585,16229.314602997303,6249.1145845283,4818.535999133925,297.303001309853,16.157397762501766
2017.7994524298424,1838.2698940946464,1540.6388209785575,698.2830632050033,1320.343850215443,6360.674960034683,5812.779034171713,150.6832347607687,183.56722181759892,60385.69632159144,62820.17508190649,19390.78677198589,15208.10868419336,8778.177286132526,6804.851972418176,297.6310731160888,16.190825627521527
2017.8021902806297,1844.6846313265576,1545.0858828992498,742.2914462704147,1358.3795794508508,6373.886292679778,5822.530936735862,135.6147127556971,165.21014079363275,54347.04712975435,56538.03473953247,18616.92101975028,14615.622625695196,11777.10862585594,9166.152620267669,299.5987484273078,16.241190680482823
2017.8049281314168,1856.331794718912,1554.350775537658,825.1848171761625,1429.1083844994705,6387.168274895554,5832.330223311455,122.0519743226189,148.68892326273047,48911.8346085372,50884.16164061441,18547.97097252445,14564.128033305047,14317.494858474363,11171.518838685231,301.98101918125417,16.267620909169445
2017.807665982204,1863.2126121229155,1560.6672689930167,926.8625333071484,1514.921826216192,6400.6079284998,5842.25690365322,109.84575814428965,133.81771266275183,44020.24288932116,45794.95211944623,18111.030158143632,14220.474778627526,16662.592474339137,13024.371823696854,302.5453431298988,16.23783250292533
2017.8104038329911,1856.02522618472,1555.2166617862115,1003.5701243998664,1579.5663021724092,6414.125334540701,5852.261821226671,98.85892408585684,120.43591963264195,39616.802742978805,41215.3247292162,16885.912365708267,13257.084220705328,16746.048160459035,13097.625471190173,300.80856439850845,16.20713771314715
2017.8131416837784,1825.364676252257,1529.509031931182,1004.3731995796225,1580.1873317340503,6427.4865151122485,5862.148509686079,115.84803462703948,136.06385509118277,35654.07533920173,37093.773691631046,15197.70855664136,11931.373203213992,15072.899132514318,11787.866004638296,295.8556443210748,16.20802945132641
2017.8158795345653,1801.637048802943,1509.5556679016129,1023.9465826716712,1596.088396346969,6440.29981279067,5871.579879659309,107.61688130588333,131.11268453460391,32088.591700430246,33384.18495289346,13677.905278736987,10738.16789514451,13565.577086152276,10609.01223448553,292.08138090133,16.211999031402964
2017.8186173853528,1771.6102237705709,1484.3972317566158,1023.9476335689088,1596.091129377828,6452.682516701597,5880.652885005963,125.68785153009256,147.62328230208547,28879.66894477652,30045.492754776835,12310.087647213575,9664.263067928476,12208.992496473333,9548.024032228108,287.21299201395504,16.211974178082528
2017.82135523614,1755.9463552446268,1471.062696633286,1035.8207052671503,1605.6831380206445,6464.530774832627,5889.28146187997,118.0586068740999,143.16693153799577,25991.700065198936,27040.942894091004,11079.079884645558,8697.848729280595,10988.09745217169,8593.254927299005,284.88365861134093,16.22393860498391
2017.8240930869267,1774.7300489850788,1486.4040250481123,1050.966474748725,1619.0384672471478,6476.085571688794,5897.664204270462,106.25281371914215,128.85002303366372,23392.46365839894,24336.789360150444,10108.61692450208,7934.651477654669,10595.504520419763,8288.589567600298,288.3260239369665,16.246190461577665
2017.8268309377136,1817.4273499894723,1522.0570057345524,1046.9885514411544,1616.0981136589376,6487.92141856377,5906.279531896949,95.62632796464447,115.96447524093486,21052.95212824374,21903.00739302455,9388.048679399515,7367.451784159491,10469.472798140245,8190.915546460118,295.3703442549199,16.252112870241053
2017.829568788501,1857.159239867048,1555.4764027846202,1024.7572599479458,1597.5190600940364,6500.434961455666,5915.465058005942,86.06093837881542,104.3672186738189,18947.041801266645,19712.492158697136,8573.496317464078,6726.763522184667,9882.645067800171,7732.06709519667,301.6828370824278,16.24431715957889
2017.832306639288,1855.8445559440847,1554.498791883923,1010.1444851319336,1585.208245127737,6513.577799751908,5925.182849266567,89.27840499533453,108.36593621763116,17052.20184244725,17741.217459832827,7716.139973698176,6054.082851918807,8894.44393111844,6958.861520890504,301.3457640601616,16.237661882563454
2017.8350444900752,1901.274122915031,1593.0046248288927,967.5911968091508,1549.2578696458909,6526.6631562197545,5934.857793972236,80.35134424490094,97.52966858219357,15346.875339427575,15967.05356319545,7014.253704080375,5502.041363140418,8243.982223417412,6450.297357916647,308.26949808613836,16.21383757190678
2017.8377823408623,1982.883407572832,1662.0933388143046,897.3552191267506,1489.862154654805,6540.469379415862,5945.147492912449,72.3157024815188,87.77585916035329,13812.090889099603,14370.205821765889,6676.893296771259,5235.752142584761,7906.591231517517,6186.316911081081,320.79006875852747,16.17795920493347
2017.8405201916496,2030.2631188371577,1700.9700846165013,843.8996658022631,1445.9654758810757,6555.59631368732,5956.560606773169,65.08319069566281,81.81057701471047,12430.7651730965,12933.380451290855,6187.456551895968,4851.096301426572,7317.367002392591,5725.111144873516,329.2930342206564,16.21922947648581
2017.843258042437,2039.5962476048917,1708.3577558451032,813.5716296766527,1421.4137962237949,6571.473304941104,5968.590690966828,70.62907497277915,87.37240124972712,16193.602671109122,17468.703449401743,5568.709388268383,4365.985012032489,6585.623274417772,5152.595596513965,331.23849175978853,16.24039523257427
2017.845995893224,2053.227310008615,1719.2928208344704,780.7027505755193,1394.6498646865648,6587.462525555486,5980.711009342284,74.30557105580887,91.50884942213035,26826.745614343414,28728.12008231281,5346.94630540433,4220.527733739774,5927.051982734463,4637.331195011554,333.9344891741446,16.263883085246096
2017.848733744011,2064.146833390293,1727.903837465791,749.6189737589291,1369.3718170841055,6603.635128065692,5992.98035470264,78.72512198051358,96.33443503291296,24144.221304063227,25856.47002031128,5902.724429486489,4687.59725816497,5334.343149738011,4173.589304039606,336.2429959245021,16.289683974285595
2017.851471594798,2050.4325900234003,1716.4860374278849,736.1065685435121,1358.0770384076748,6619.945362678861,6005.3594643527085,90.06943594965455,107.0958040971788,21729.6792070402,23270.396116668555,5636.315745555763,4486.886459515912,4800.882372378947,3756.1722182028975,333.9465525955154,16.286638937576793
2017.8542094455847,2056.8430468876923,1721.9443178045092,712.027245669623,1337.596399944698,6635.982522925356,6017.51464408691,92.12907681981672,110.39088244933107,19556.604937430315,20943.219551059672,6081.096558558975,4858.851870522408,4360.584833169861,3411.224459866831,334.89872908318307,16.282172312074778
2017.8569472963725,2082.736128636077,1743.7136201530136,677.9905050057067,1308.7878045006107,6652.082463088264,6029.727273903125,84.60072424708596,105.64544572869455,17601.107465414996,18848.53437188263,7158.356381999103,5740.390282764436,4203.394951107305,3287.27725171375,339.02250848306335,16.277746557605415
2017.85968514716,2075.9543507990616,1738.082491370598,662.1310927062417,1295.7752503957888,6668.569842410816,6042.26936561881,91.1824350610114,112.17493690024412,38184.54565132736,40181.44833067343,6989.065404333722,5611.031657976994,3783.0554673564734,2958.549495782657,337.8718594284635,16.275495619564673
2017.8624229979464,2067.18372080236,1730.7844020565474,648.5529620376184,1284.5177790026569,6684.899032313173,6054.683258552762,97.6299058239795,118.74450467347684,34366.2242132513,36164.34935853731,8422.76773355074,6727.410933037007,3413.800762492809,2669.39816160838,336.3993187458125,16.273315011170943
2017.8651608487337,2046.7708526902825,1713.712327305427,642.101415100977,1279.1164070168793,6701.037474598959,6066.941609826856,108.7837785869148,129.3875001362836,30929.257505884707,32547.61017183479,8529.111400604314,6797.964501845849,3072.3873917075134,2402.436445429778,333.05852538485556,16.27238950305953
2017.8678986995208,2027.2390837756648,1697.577923745746,636.8329155403607,1274.3349286848636,6716.791466130581,6078.881990171447,118.2579555305239,138.79090168338905,27836.19696344697,29292.546669735428,8681.549273861167,6902.47890852509,2798.4694773985766,2193.0184408925006,329.66116002991885,16.26158269482137
2017.870636550308,2010.425493779228,1683.8978372107588,631.7766986333788,1269.3951886518632,6732.176900737488,6090.520646984147,125.17022782703656,146.19997143867715,25052.3382187268,26363.11650125322,8824.175957261954,6998.087373011624,2822.432870547699,2220.6956214239763,326.5276565684692,16.241718858959434
2017.8733744010951,1986.5820302725783,1664.0651829805452,629.646571688771,1267.270202510846,6747.239752554674,6101.899315355442,136.50886646110922,157.20684343861436,22547.03485599919,23726.734565587536,8202.095252951618,6497.020171731301,2625.8284485778213,2069.850473473829,322.51684729203316,16.234761131297496
2017.8761122518824,1956.5049538627463,1638.8997726835075,629.1385077414657,1266.722502220563,6761.864043435536,6112.916294911106,152.8976159373846,172.3308744702676,20292.229287351147,21353.99390176969,7381.862340151665,5847.315735996227,2363.2381287404346,1862.8648351125807,317.6051811792388,16.233292972358075
2017.8788501026693,1937.5823696295104,1622.9656228127787,627.0286084450047,1264.4097906089523,6775.947103725964,6123.483657405861,160.27493917665592,180.43827345784817,18262.881693256862,19218.55115284212,7130.089663071871,5639.262294027219,2303.224243329019,1819.7185289394367,314.6167468167316,16.237593392062617
2017.8815879534568,1921.4665407240168,1609.2278444746155,625.1645320831441,1262.3162776016572,6789.675990532792,6133.756946695054,164.95385763718193,186.4241755141153,16436.544244589113,17296.311904866358,6885.235703856703,5438.555219978755,2387.0522460538823,1888.4517544662208,312.2386962494013,16.250019952559175
2017.884325804244,1911.194671001658,1600.7283659286466,626.0422656139685,1261.8211464367569,6803.098669567671,6143.772620279276,161.3532147938375,185.83101164076425,14792.83690568082,15566.663472224109,6398.496565811825,5052.451015445292,3182.090544631044,2512.172444559674,310.4663050730114,16.244619649880875
2017.8870636550307,1905.443920989224,1596.3271011546487,638.149244966551,1270.1302802265177,6816.3133214429245,6153.619353207399,145.2210234067558,172.50430969687795,13313.526461379142,14009.812412206122,6081.651305055879,4800.45790483934,4017.26134197502,3167.4455860191274,309.11681983457515,16.222824320859313
2017.889801505818,1890.831982017646,1584.1576669235687,650.4538329006386,1279.9824822017265,6829.396324827313,6163.365622349155,134.87409169388832,165.50317281099404,11981.685695777876,12608.75581947084,5553.5217391331325,4382.426670423873,4186.046189345991,3298.337373214941,306.6743150940772,16.2190145930806
2017.892539356605,1878.563368855505,1573.677557404952,663.7028675240099,1291.7079372822411,6842.199633540704,6172.882662713283,121.51826151926812,155.16868688496814,10783.46125039309,11347.669160382891,5113.543271808222,4034.283166997964,4347.089807939169,3423.7732744417176,304.88581145055286,16.229732598070477
2017.895277207392,1865.100789289252,1561.9672677926708,674.1760972779135,1302.2385553946167,6854.764377717409,6182.199020640772,112.37076715490932,147.4599004573914,9704.561608002665,10212.651720028944,4673.504621574271,3685.929022570048,4335.697769602647,3413.618365433019,303.1335214965811,16.252929773950637
2017.8980150581792,1845.30757230201,1545.0636951450044,678.9663776261638,1307.7218491192982,6867.069223174259,6191.294279342315,115.49675833705332,150.2128206788332,19256.25686956533,20358.57693277638,4206.153852938555,3317.335927635094,4002.937411493645,3151.0659815072154,300.2438771570055,16.270668460025504
2017.9007529089663,1818.1911475938623,1522.2337976913395,680.0499932050637,1309.0510719806405,6879.010467400138,6200.082897758512,130.01622324042063,163.35277685495984,64617.79715157257,66303.5473762555,3787.38081021363,2987.265061179505,3602.643263090812,2835.959089436304,295.95734990252276,16.277570721548365
2017.9034907597536,1792.1856679765615,1500.25356420862,681.334675756836,1310.5128278207226,6890.467067956042,6208.46694561352,143.70831975004404,175.91510664258993,58156.13155270925,59673.695967569605,4468.859178357555,3492.398971024405,3242.37738543361,2552.3621643069573,291.9321037679415,16.28916629478143
2017.906228610541,1770.755383025363,1481.8402530546657,683.6596999510534,1313.0346816375184,6901.458871285321,6216.461688171482,152.2496771777491,184.2397214217848,52340.47090474006,53706.30087888081,5969.234605047759,4624.686672554552,2918.137057535551,2297.124873534062,288.9151299706973,16.31592555020679
2017.908966461328,1759.4247713454174,1471.382690380955,686.6582067896147,1316.513243702292,6912.063385802599,6224.127657759266,150.4051675018571,183.9806524429372,47106.376817489865,48335.60922390405,9071.692907313762,6979.667311727738,2789.808178998745,2195.2842291906245,288.04208096446246,16.371378058079692
2017.911704312115,1737.7441005376377,1452.9118355521557,686.0782303141275,1316.4301628105736,6922.449992645086,6231.598313242362,162.70710794263564,195.49183268036,42395.68961773718,43502.006541622686,8887.664534265572,6828.783973744505,2510.829320581715,1975.755211440063,284.83226498548197,16.39092113144612
2017.914442162902,1721.214952365405,1438.764503828055,682.869132406776,1314.017026580325,6932.44691176913,6238.741986337519,172.876334898178,205.33652753955107,38155.958880128375,39149.82140879575,8979.815169030104,6889.977893176895,2259.736964679569,1778.097555008639,282.45044853735,16.4099462504197
2017.9171800136887,1712.790851788249,1431.6945782410332,676.3907666013749,1308.4101621911946,6942.141028882867,6245.629563407218,178.512584166997,211.5536404460072,34340.07395696559,35233.79541604248,9657.565526936154,7397.268273258945,2072.834090816616,1630.4889687796297,281.0962735472158,16.411593584455197
2017.9199178644765,1712.3478150185315,1432.120377792926,667.3063415682058,1299.6717095361562,6951.668016136577,6252.379832265614,178.9409587161714,213.5439246907594,30905.980809608453,31710.39746417897,10747.98164407519,8215.363106516383,2099.2258216905607,1651.0140613682136,280.2274372256054,16.365100289077233
2017.9226557152635,1714.0173082777178,1435.235839872439,659.4479446941568,1291.0781186578597,6961.161489072142,6259.118705064419,176.06428939546936,212.7110806907345,27815.295732124887,28539.12291503158,10699.676517853502,8169.882568739417,3208.57918392817,2495.4782388987364,278.7814684052787,16.264798905992638
2017.9253935660504,1725.0857570232663,1447.043710241703,666.9515020294883,1294.171467525062,6970.656768273233,6265.891022098385,158.4602105389631,191.4654444203048,25033.65986385237,25685.11705947701,10363.155619012465,7913.573763990666,5222.04240136194,4024.83448980834,278.0420467815634,16.11757825079611
2017.9281314168377,1734.394216953932,1456.4666111387742,696.3136973147645,1315.50442896298,6980.309668560393,6272.839152009573,142.60486616503968,172.29543466046164,22528.820691530516,23112.697599410018,9952.9643813965,7607.919622959183,6627.245507419015,5092.183913367324,277.9276058151579,16.024477197766167
2017.930869267625,1735.7673888418622,1458.0717622364189,727.1783566604278,1339.3385182038248,6990.092058752773,6279.9277152685045,128.34389623859485,155.06577269825326,20275.8529600856,20801.401868711226,9296.112600746766,7111.110264948358,7117.749976361866,5459.550322698326,277.6956266054433,15.998435527166299
2017.933607118412,1714.761290379864,1440.4202754436724,735.1428223936246,1345.5875343669022,6999.870579023164,6287.023620911693,132.03628856465286,159.8040377441274,19422.725752857845,21451.12937589132,8366.507133454823,6400.023010460554,6406.042152419629,4913.84942503708,274.34101493619164,15.9987874974375
2017.9363449691991,1697.1670605931529,1425.622161064039,745.6723557160875,1353.8648439747064,7009.27253659126,6293.805948051558,130.12692746080495,159.97041537609246,17480.68746784708,19305.987260290352,7529.77494111226,5760.025874409374,5832.186012384766,4471.252971579273,271.544899529114,15.999892163486262
2017.9390828199864,1680.807753798723,1411.8138852925051,755.5771213476539,1361.917754507967,7018.355351674809,6300.323822319406,127.92655354012084,159.6358063465138,15732.523188912117,17374.854933615567,6776.74923366638,5183.910176129463,5357.247569865816,4104.373897055678,268.99386850621795,16.00384504999315
2017.9418206707733,1661.7545675116885,1395.6502759666582,761.969948956952,1367.3916634412496,7027.140646372422,6306.593415016871,132.22951752024048,164.48381404160986,18317.644007970142,20288.484963584688,6099.022944114748,4665.399091202019,4822.832380072735,3694.499270678992,266.10429154503026,16.01345329494083
2017.9445585215608,1641.8348524110029,1378.7353831333014,767.2268311536095,1371.9033903964562,7035.584310801978,6312.575948034592,138.87658599470888,171.33234690204267,17546.358037071568,19501.8007053975,5489.081945246343,4217.312158246113,4340.51862200151,3325.044593913969,263.0994692777015,16.024721907404082
2017.947296372348,1617.8948469956194,1358.557104797244,769.3387921738437,1373.677747889441,7043.67266250001,6318.260144642429,153.04417869182342,184.47997113727632,48745.94817729791,50769.47949024993,4940.171870819312,3795.580655473349,3906.4652732595578,2992.5398644811644,259.3377421983755,16.029332356176155
2017.950034223135,1590.9300419446038,1335.9147884858503,769.3388770683757,1373.6780286588898,7051.3400336516415,6323.592721415909,172.76942769667636,202.2173299057415,43888.3448329645,45720.346203411966,4446.129873959462,3415.9914133424245,3515.7991274793485,2693.2612975560783,255.01525345875348,16.029319123740144
2017.952772073922,1566.7330134239687,1315.5397751746,769.0259576006126,1373.3571291956005,7058.536871891274,6328.533260628195,190.5104374454421,218.40060346799692,39499.43046821482,41148.04841945966,4001.6368156687927,3074.374787345504,3164.212790374126,2423.9195692365342,251.19323824936873,16.032931973547054
2017.955509924709,1555.5961925819165,1305.7665984333864,764.1939602891631,1368.9802372012384,7065.310680487193,6333.120700155251,200.13334700302525,228.3911326765166,35549.436696077355,37032.9536689107,4247.403725460815,3270.591868376487,2847.787447842517,2181.510534579129,249.82959414853008,16.060054359857546
2017.958247775496,1548.7799383921404,1299.4753455964958,756.789889917573,1362.440845667525,7071.880425611753,6337.532551647126,208.2118264398302,237.23782555524787,31994.18836358392,33329.446118857115,4527.397160996243,3486.049660594877,2562.984297182327,1963.3469819884592,249.30459279564457,16.0968376859568
2017.9609856262837,1537.0940851748412,1289.251577913364,751.2304657073284,1357.5309172184209,7078.31888914597,6341.827467611979,219.4465403331562,248.5045057226274,28793.474366422983,29996.196148895517,4470.28638514215,3438.801438685458,2306.5821149712497,1766.9942959762368,247.8425072614773,16.124094787163646
2017.9637234770703,1517.1477460031308,1272.392658309573,749.1374303187393,1355.6114823962105,7084.54459081633,6345.940534560491,235.6881132230928,263.59769320011515,25913.94541053594,26995.934729962668,4023.295757920587,3095.06875423612,2075.909247740054,1590.2506269382968,244.7550876935577,16.13258091298991
2017.9664613278576,1491.8619606948089,1251.1861225239247,749.1374261639997,1355.6114787604786,7090.42067776165,6349.760941914787,255.52571574082592,281.4117252672013,125571.38632172656,127113.36964170214,3620.965902960985,2785.5618080512554,1868.318165464773,1431.2254735302236,240.67583817088416,16.13258092985986
2017.9691991786449,1474.3794064082365,1236.474408532834,747.079961346134,1353.3852788937422,7095.8592344024,6353.217438946188,270.0550782045148,295.3210420936263,113014.27325649284,114402.04642307476,5046.284400283018,3839.435683206092,1681.4863205356182,1288.103483397015,237.9049978754024,16.135941457224177
2017.971937029432,1462.165317821596,1226.0857985777018,743.7613799763593,1349.7649277354476,7100.991607240143,6356.419327939725,280.8832753231887,306.55601421352105,101712.46479215154,102961.5554754961,7257.625568674588,5481.932445455671,1694.183327959678,1302.4697867339623,236.0795192438943,16.145884214762862
2017.974674880219,1441.372298365849,1208.560364326188,743.0150681795994,1348.9242248050914,7105.906274114984,6359.439253320774,297.9358397008513,322.3301260143405,91541.13294889811,92665.33989900768,6864.28255997563,5178.630513412504,1524.767859845282,1172.2332880639078,232.81193403966108,16.152102708204595
2017.977412731006,1422.2929551676125,1192.3334422710348,741.7901815899197,1347.7025777063718,7110.461036064022,6362.1590783059055,314.11320753972825,337.48677018308683,82386.6617595638,83397.86841604918,6705.234482844957,5051.762007746611,1400.7821507854192,1077.4265934468212,229.95951289657773,16.16822413842848
2017.9801505817932,1398.588102223961,1172.4613474252187,741.7900912237322,1347.7025122071,7114.685545180402,6364.600816558024,334.02154173318667,355.3450922760574,74147.04902848243,75057.79133999207,6034.73313183998,4546.603675817168,1260.692643298942,969.6818881359632,226.12675479874224,16.168216677888754
2017.9828884325805,1375.2372956353845,1152.589123387368,741.7900912237322,1347.7025122071,7118.545263852905,6367.042467778599,353.94052964926027,373.2035650933339,66646.82635288332,66718.00449838715,5424.300780162813,4041.427475042506,1133.1694098254711,861.939228791281,222.6481722480164,16.1898003315238
2017.9856262833675,1352.233409926422,1133.1486933047931,741.7900912237322,1347.7025122071,7122.048548228559,6369.043603743448,373.8690309825696,391.07075921105934,59821.6783217709,59465.50730472678,4868.810654042309,3602.1107011668178,1017.1241410290494,768.2432776217616,219.0847166216288,16.201693806215726
2017.9883641341544,1329.5719246377498,1113.9388745816702,741.7900912237322,1347.7025122071,7125.200682527592,6370.809470500055,393.80628197220864,408.94261117757605,53618.30304975771,52793.70685488806,4363.925796179187,3197.967953662567,911.6506250865168,682.0493547426336,215.63305005607958,16.21823130138899
2017.991101984942,1307.2483742587683,1094.9129934113353,741.7900912237322,1347.7025122071,7128.006885455102,6372.388452756163,413.75152942368,426.8174100918035,47987.08164427777,46519.50300201413,3905.60781602952,2817.909482720358,815.9052131248839,600.9920357757004,212.33538084743304,16.242925600716905
2017.993839835729,1285.2583433041968,1076.3473455016408,741.7900912237322,1347.7025122071,7130.472316079742,6373.499828143939,433.7040297536124,444.6995826137214,42881.79610955751,41240.13231652532,3490.095090435284,2498.112687354101,729.1020790409984,532.787100301437,208.91099780255604,16.254397327270308
2017.996577686516,1263.5974658301463,1057.781697591946,741.7900912237322,1347.7025122071,7132.602074412483,6374.611203531716,453.66304889492153,462.58175513563936,38259.433077217735,35960.76163103651,3113.8868158529176,2178.315891987844,650.5098836872784,464.5821648271737,205.81576823820023,16.288080168235012
2017.9993155373031,1242.2614334660425,1040.076407797928,741.7900879964294,1347.7025093155526,7134.401201962112,6374.852652681975,473.6278569366947,480.47349867094334,34079.99818964302,32228.71825824093,2773.728010507543,1952.2481626321448,579.4491226295905,416.3677515195114,202.18502566811458,16.27556166691875
2018.0020533880904,1229.3466488099814,1028.3905214406689,738.5924291563987,1344.959522447115,7135.559254910258,6374.721910219886,489.0101474846383,495.46101435873095,30671.997922485265,29005.84583345758,2547.5653059504207,1768.8921774731175,969.016631888316,710.5090571685266,200.95612736931253,16.34657950740256
2018.0047912388773,1217.5344920991922,1017.4932968712828,739.1025940081205,1344.6399564352864,7136.498970793754,6374.396822931056,499.8003234602109,507.4307922287739,27604.669435356536,26105.15809845684,2366.2550040954984,1618.3756520281624,1310.0380222771742,967.7182306022552,200.04119522790938,16.430022847485134
2018.0075290896648,1197.2422811808876,1000.5351494151186,739.1025984849855,1344.6399536474466,7137.2391882855,6373.890956918357,519.7802124099052,525.3227084854774,24844.159534768616,23494.621010471117,2129.6276702095734,1456.5376869298298,1179.0417774069983,870.9526595955354,196.70713176576908,16.430018790494856
2018.010266940452,1177.071896382319,983.8496707453584,739.1026002089513,1344.6399541127694,7137.856793695957,6373.113673223459,539.760890074049,543.2133703848145,22183.152738413104,21136.02046376341,1901.5277648178596,1310.317388285337,1052.7578154621087,783.5186895143177,193.22222563696062,16.415499021837242
2018.013004791239,1162.026427149292,970.608003867441,741.1743828357174,1345.798351879234,7137.91889813971,6372.050584561889,553.1003722365587,556.7876281578406,19964.828374497258,19022.41650965104,1711.3790153442217,1179.2904834858991,1078.3006645564983,799.7835681960049,191.418423281851,16.472811530753457
2018.015742642026,1157.070180281926,964.2177028612276,749.9930904650771,1351.042813754398,7137.730086691511,6370.769723728986,549.8546229227619,559.6422281217957,17968.3246564181,17120.163273607264,1718.8746478192656,1179.10364777315,1521.050328030468,1111.143477731366,192.8524774206984,16.66731030728913
2018.018480492813,1139.3425598793942,949.1867502233424,752.1709667192739,1352.4139105999698,7137.459171515436,6369.385908193506,566.1031822471715,575.1137994495899,16171.475860422555,15408.048979012128,1546.9856933644094,1061.2206914557707,1368.9452667241276,1000.1124558272752,190.15580965605182,16.689959310936374
2018.0212183436004,1120.3527579122583,933.3665840258416,752.1707706575909,1352.4140813823155,7136.894156443328,6367.755814353551,586.0860953480963,592.9917887046992,14553.947267726837,13866.897569803432,1392.2506764228883,955.074764219964,1232.0184874545494,900.0787389032985,186.98617388641674,16.68993739390257
2018.0239561943877,1101.6615573573822,917.7850701199096,752.1707706575909,1352.4152336386471,7136.032131083353,6365.891755105102,606.0672212629476,610.8641096027472,13089.01868728884,12464.905095998782,1252.1135871847637,858.5133218755814,1108.0095804089733,809.0775897034675,183.8764872374726,16.690832679915555
2018.0266940451745,1082.989011392178,902.979294698512,752.1707706575909,1353.0929221261997,7135.15154237337,6363.747488756236,626.0482559381347,627.5643628854574,11633.623960516155,11218.351176419414,1112.8885195424748,772.6576223613841,984.8077316635184,728.1657148900531,180.00971669366606,16.62156446650038
2018.0294318959616,1064.3164654269735,888.8580671607618,752.1707706575909,1353.7096236649836,7134.270953663387,6361.365874916557,646.0292906133219,643.8784027241023,10178.229233743472,10094.624207945746,973.663451900186,695.2615599641517,861.6058829180635,655.2263463079919,175.4583982662117,16.48554766986742
2018.0321697467489,1046.556297675927,874.0436856088581,752.1707706575909,1353.709709918047,7132.4850076873545,6358.752135276003,666.0033043404025,661.734337663497,9150.30495104578,9084.985540693977,875.3307967399573,625.723265092208,774.5901959230819,589.6922717939617,172.51261206706886,16.483834883050747
2018.034907597536,1029.054902102866,859.4245867651604,752.1707706575909,1353.709709918047,7130.444376620836,6355.948495839193,685.9732309799813,679.5849759440027,8214.860795792447,8155.367709922408,785.84468248743,561.694753404233,695.4029137785328,529.3507108783632,169.6303153377056,16.4840879715035
2018.037645448323,1011.9039839148336,845.1008431427599,752.1707706575909,1353.709709918047,7128.059830702895,6352.85868192268,705.9365950859514,697.4264334829185,8599.636939195647,8643.107455030839,707.2601175098356,505.5252646709533,625.8625368042163,476.4156271688712,166.80314077207368,16.484087761642073
2018.04038329911,995.0389170981128,831.0158267383258,752.1707706575909,1353.709709918047,7125.395966467031,6349.538605964473,725.8934261385332,715.2594258455601,10182.612358804843,10308.833674471914,636.5340942635481,454.9726828633891,563.27627295147,428.7740122981828,164.02309035978703,16.48408796292477
2018.0431211498972,978.4549346334244,817.1655621046232,752.1707706575909,1353.709709918047,7122.458316133543,6345.992874384332,745.8429589367042,733.0833220594035,14100.136235436006,14291.263630423662,572.8806719280019,409.4753961707474,506.9486342328315,385.8965937219511,161.2893725288012,16.484088006488296
2018.0458590006845,962.1473479404324,803.5461355913199,752.1707706575909,1353.709709918047,7119.252318269228,6342.226019029882,765.7844434940107,750.8975039271536,17507.93516721993,17721.820259200216,515.5925022745481,368.5278471279572,456.253680140949,347.30692546680103,158.60121234911253,16.484087670003298
2018.0485968514715,946.1115584715204,790.153699724057,752.1707706575909,1353.709709918047,7115.783306855296,6338.242493188713,785.7171443768592,768.7013656355915,32106.82941325009,32333.28501718641,464.0332449529345,331.6750574711104,410.6283058491532,312.5762282607627,155.95785874746343,16.484087669261683
2018.0513347022588,930.3430367166152,776.9844701580483,752.1707681831555,1353.7097098815786,7112.056536622463,6334.046674835182,805.6403388390354,786.4943135915978,28896.149438324675,29099.965079445723,417.6300620560519,298.507532794563,369.5654659934594,281.31858507855685,153.35856655856685,16.484088181043724
2018.054072553046,917.9344739746106,766.0070736976367,750.5045209342775,1352.6544803918532,7108.077170868071,6329.642864693619,824.1224145843073,803.3586496832985,26006.530212661564,26189.96667040412,465.9783318573072,336.01298056989,332.60886463184295,253.18670819212628,151.9274002769739,16.55100713443475
2018.056810403833,903.210219267364,753.6109367899506,750.1981801011182,1352.4552806165611,7103.901921577131,6325.068183928876,843.7561594156532,820.9565671310181,23405.83760361445,23570.932584988343,419.38148914163446,302.4125877893936,299.34747186325126,227.8676756376201,149.59928247741334,16.56306353561415
2018.05954825462,888.1556143445124,741.0429187471336,750.1973012858438,1352.4450749891414,7099.495379477913,6320.325250587837,863.6460852529989,838.7056241422939,21062.25344601599,21178.969543053485,377.3895818410892,271.72397384766884,269.3743512872317,204.74381082609727,147.11269559737877,16.56384232913426
2018.0622861054076,873.3396387937325,728.482736467301,750.1973012858438,1352.4450749891414,7094.860038872687,6315.556478939097,883.5253014090031,856.4624780708663,18943.528885658707,18821.87628455465,339.4266650218099,241.4827150687295,242.2770582333146,181.95704326233528,144.8569023264315,16.586548450555803
2018.0650239561944,858.758752972022,715.9225541874686,750.1973012858438,1352.4450749891414,7090.001654674531,6310.7877072903575,903.3924714288696,874.2193319994385,17027.532387621595,16464.783026055815,305.0961923076279,211.24145628979016,217.77254284277453,159.17027569857328,142.8361987845534,16.63286671492092
2018.0677618069813,844.4094181417315,703.3623719076361,750.1973012858438,1352.4450749891414,7084.92431787441,6306.018935641618,923.2470430592808,891.9761859280108,15295.852554560908,14107.68976755698,274.06827168263123,181.0001975108508,195.6253337198998,136.38350813481125,141.04704623409543,16.703632527511804
2018.0704996577688,830.288145906885,690.8021896278035,750.1973012858438,1352.4450749891414,7079.632059311851,6301.250163992878,943.0884738566868,909.733039856583,13731.66931536016,11750.596509058145,246.0415242075543,150.75893873191143,175.62031163458428,113.59674057104924,139.4859562790815,16.79970465274167
2018.073237508556,816.391507928189,678.8905847639713,750.1972958441229,1352.4450692422415,7074.128850673137,6295.873254038974,962.9162259158182,927.4494604212211,12319.62143416842,10545.22939278512,220.74068546353564,129.9136618721322,157.56107412227448,97.88995555657584,137.50092316421762,16.842522469784488
2018.075975359343,805.6795146893376,669.4326244272532,748.6091202421032,1351.260807146952,7068.354201107322,6289.939129408111,981.4189443225064,944.4537074840954,13884.740137146931,13337.350421825897,215.4107439396965,121.47349697189895,188.01026086717917,123.20868377579876,136.24689026208432,16.910804827229576
2018.07871321013,804.8260251121933,666.3206747753972,743.511215912765,1347.270386604674,7062.416863985835,6283.863686259768,993.7355753504754,958.0594208265718,12496.4581070027,12003.748292719549,388.3892912842067,237.7442241617024,402.7557703268287,283.3677881973075,138.50535033679614,17.20935283094112
2018.0814510609173,807.8481303215358,665.7038147646869,750.0725607169173,1350.18573588586,7056.481543712201,6277.752973101956,990.5153456106136,962.2995447139084,11246.808200142576,10803.346366175676,590.0982255274996,370.9594704102584,650.3756587730297,466.86760674615607,142.14431555684894,17.59542545456822
2018.0841889117044,799.0316534973944,657.5704924262723,756.7892466916514,1354.03096179563,7050.6128476201175,6271.648700985726,998.9117325521054,973.1198132587816,10122.216454520323,9723.008170324269,572.8377960903208,361.6980743023252,626.3274673837755,450.9362665876248,141.4611610711221,17.70407473245156
2018.0869267624917,785.7144603423731,646.6109932668365,756.7892494314615,1354.030984399365,7044.613294938138,6265.425616218055,1018.6563756492968,990.7302745821504,87770.68612913108,88849.37874825593,515.5540268057921,325.5283973894589,563.6947235329794,405.8427101006546,139.1034670755365,17.70407369299561
2018.0896646132785,772.6192157847954,635.8341401818097,756.7892494314615,1354.030984399365,7038.408228835586,6259.036919371174,1038.3845863094264,1008.3237245140582,78994.73237164023,79965.68919429668,463.99853245516783,292.9754943392,507.3251509497818,365.25836015893935,136.78507560298567,17.704073728485373
2018.0924024640656,759.7398356307144,625.2356028019037,756.7892520571615,1354.0309849623156,7032.004113804502,6252.487283854435,1058.0959788688888,1025.8997968477524,71085.62973318376,71962.68034688164,417.5425498988927,263.65446301696795,456.53078443100566,328.7031039016733,134.5042328288107,17.703985827878714
2018.0951403148529,749.0614583819421,615.9920342359042,759.8827983587594,1355.896179407343,7025.400679786699,6245.77777521517,1072.712143833866,1040.4155796079908,63977.06642400292,64766.4116654397,887.915115086283,614.1842470181908,411.8989107744711,295.8791908509494,133.06942414603793,17.764820584079043
2018.09787816564,746.442514270898,611.2270735654124,775.1873042178606,1365.4401176252427,7018.637367619534,6238.932591636043,1067.2177942529677,1042.9096856397084,57579.3451606861,58289.75750929026,3304.9163526952207,2384.119453334979,513.5755553680859,360.2137901157581,135.21544070548555,18.114648900667163
2018.100616016427,743.6874587762768,606.1223447913039,798.9452511304055,1380.017473041897,7011.848935872967,6232.026763519468,1053.4312345816102,1040.7707871137352,51821.330284657815,52460.56827790606,5212.09224493063,3768.549556557369,608.4940602866795,425.5144197525128,137.56511398497287,18.49770523377301
2018.1033538672143,743.8061864409641,602.6297105325555,834.1687695535793,1401.686945028236,7005.033189248084,6225.054770650668,1025.3326351186306,1029.993842254945,46639.04075424055,47214.38828416901,7035.850237626477,5082.693846207832,709.1219712392245,494.1042648588602,141.17647590840863,18.980277185367804
2018.1060917180012,751.2898786752894,603.8837940332799,863.7974381053115,1420.0925056884726,6998.238070308966,6218.043680526496,995.4432932716924,1017.7731882181544,41974.71105176928,42492.60143728191,8005.829274417627,5769.959714063215,820.0668708377372,572.5390624266386,147.40608464200955,19.62040070364359
2018.1088295687885,773.2883296848001,614.2177809410697,883.217097978554,1432.6882889060237,6991.586119004488,6211.072655917698,961.1050336934208,1002.24234270161,37776.60772549139,38243.12470604949,7783.547335994063,5581.232428054697,1692.5086879173273,1207.9353467654348,159.07054874373046,20.570664606896262
2018.1115674195755,760.7405831948973,604.1868173452011,883.7485460995745,1433.040923697171,6985.31921568722,6204.292943143606,979.8161353795716,1019.1282842804223,33998.93420988964,34418.72700173116,7005.192860305693,5023.121510047004,1523.2639219298162,1087.2239158357686,156.55376584969622,20.57912635503344
2018.1143052703628,748.0605216183965,594.1122697877922,883.7510173250334,1433.0539852973918,6978.8627479745055,6197.375498491096,999.3780934433272,1036.5351148901204,30594.35030550163,30948.963168762268,6303.707143816879,4516.739085254791,1370.72738988172,977.6211820884506,153.94825183060425,20.57965196419454
2018.11704312115,735.4288078981783,584.1724464086049,883.7510173250334,1433.0539852973918,6972.360559564698,6190.331927248862,1018.9398955733536,1053.946409511541,27270.65045739299,27775.64036618494,5618.886899009792,4053.619500334882,1221.8147198051297,877.3817318060617,151.25636148957346,20.56709770750716
2018.119780971937,723.1453503546182,574.4265169077358,883.7510173250334,1433.0539852973918,6965.539433084552,6183.116910769329,1038.4723795970597,1071.3352554919445,24502.04757033528,24979.45352160803,5048.439688195254,3645.53970921547,1097.7722161001475,789.0552982597122,148.7188334468824,20.565552053118118
2018.1225188227245,710.8882035563153,564.6903094675924,883.7510173250334,1433.0539852973918,6958.694222185417,6175.89330471016,1058.0026372944974,1088.7229689912565,21774.98252459598,22201.889484989537,4486.550998294276,3240.1777591819814,975.5907441196348,701.3171250791061,146.19789408872282,20.565525402918194
2018.1252566735116,698.9567702149963,555.1823828327597,883.7510173250334,1433.0539852973918,6951.553114625181,6168.4692288679735,1077.503078196052,1106.0828714682752,19485.562691473908,19816.18605697236,4014.835403289614,2892.0045465973253,873.0172152514148,625.9571125690713,143.77438738223657,20.569854032319075
2018.1279945242984,687.1127658735196,545.7708776749665,883.7510173250334,1433.0539852973918,6944.3326098563775,6160.960478396424,1096.9954873063316,1123.4310270976182,17312.822004684753,17595.997108473402,3567.1605596318773,2567.9867706791274,775.6712954092596,555.8254000611607,141.34188819855308,20.570406375562904
2018.1307323750852,675.6587296767743,536.5003389529687,883.7510173250334,1433.0539852973918,6936.760861121399,6153.329051250051,1116.4491722380546,1140.760892965988,15579.165898197814,15581.715897296794,3209.955380409695,2274.01948534486,697.9978070808396,492.197936773296,139.1583907238056,20.59595837537347
2018.1334702258728,664.2502724702038,527.404157658386,883.7510173250334,1433.0539852973918,6929.148468078811,6145.545888768204,1135.897922487213,1158.0681367424163,13887.317415400516,13822.116186449452,2861.3643084819373,2017.220808276947,622.1974376244642,436.6153967671799,136.84611481181776,20.60158956396307
2018.13620807666,653.1572572142122,518.3664682523405,883.7505145904461,1433.0539815885656,6921.255873836604,6137.712309532248,1155.311934720001,1175.3673090932475,12478.061544430187,12134.619949826743,2570.9990543370754,1770.9450226818706,559.0599780251549,383.31048814621033,134.79078896187173,20.636804915368977
2018.138945927447,665.2907116297047,524.3366278770669,870.2611510035307,1424.1202508847132,6913.179485961485,6129.536104810651,1165.1721317665429,1186.9349848939746,11230.253061251957,10921.152331923096,2313.8986690871725,1593.8496997959835,551.4658909498786,379.1336263324663,140.95408375263776,21.186840773314692
2018.141683778234,692.6563659027071,539.9187742880719,849.0656419918922,1410.1145937509823,6905.327420825028,6121.481756941145,1167.281951641639,1193.8407434862083,10107.213353347344,9828.995225511995,2082.5058348136013,1434.458618774695,596.8100161771026,412.154128969767,152.73759161463522,22.050990813544228
2018.1444216290213,692.8232470685927,538.330511574914,843.5921784869561,1406.4657994354286,6897.952938749473,6113.709140948047,1180.3909160562437,1207.278316508022,9096.48036027594,8846.064951958127,1874.25284935419,1291.0082690487934,538.8026673926125,372.51298914008,154.49273549367865,22.29901149353078
2018.1471594798084,681.2789450047004,529.3720757408972,843.5909690862991,1406.459303220474,6890.601437325898,6105.931456331734,1199.7158289443717,1224.448833173304,8186.59391142551,7960.922322751064,1686.7783317666667,1161.8291568361567,484.908687257522,335.2400568258234,151.90686926380317,22.297308668882334
2018.1498973305956,669.9243016226925,520.5492078405308,843.5909655471074,1406.4593026723437,6883.077728463768,6098.025745920016,1219.0220847276985,1241.6053120335162,13765.7225411054,14643.37374886567,1518.1002638746086,1045.6461410696445,436.4177510572841,301.7160222656386,149.37509378216168,22.29730932589621
2018.1526351813827,661.4077483812823,513.5396400309438,842.3702506087599,1405.6502692037338,6875.385386642238,6089.994646517579,1236.8795947289864,1257.8829127141482,12389.151453880691,13179.038072596475,1366.2904541086016,941.0818888902552,392.7761687787747,271.54468312720314,147.8681083503385,22.35657334106356
2018.1553730321696,668.5943073128485,516.384973979853,834.032964519908,1400.1608231941846,6867.572231226538,6081.868767109921,1246.271377301971,1269.0808041824466,11150.174347976554,11861.067194731178,1257.6856581905415,870.5964986005758,382.0211763400983,264.18613813794747,152.20933333299547,22.765574230618405
2018.1581108829569,658.3768840408402,508.35029598729386,833.6478813040419,1399.9123098659556,6859.900143387686,6073.812509740369,1264.9738716286977,1285.8481528727857,10035.1043401602,10674.923696319736,1131.9158897399973,783.5364849755185,343.8213536943147,237.76838127698488,150.02658805354633,22.787341367872198
2018.160848733744,648.491279367132,500.54373050610144,833.1966374787365,1399.6275084119682,6852.081130365084,6065.646646285633,1283.5576331503134,1302.5332832627007,9029.886330801264,9605.083386982427,1018.531707474041,705.0208537572611,309.3807236838321,213.9440000994452,147.9475488610306,22.81411540420618
2018.1635865845312,657.2590052987305,503.9847898665069,825.111860598292,1394.7104556094023,6844.1165636328815,6057.370847283629,1291.267150831361,1312.7129757068649,8126.848401809938,8644.55967711347,968.418245996858,675.0718104297483,313.14019551441936,215.07451019823372,153.27421543222357,23.320215348370766
2018.1663244353183,679.937626995039,515.5898430954256,812.5883342705789,1387.2489619560542,6836.319853482815,6049.175035624407,1289.3366656128294,1317.193127790517,7314.151398611899,7780.077796258519,995.3996965595344,700.3816770558132,356.74015044403524,242.05144999364396,164.34778389961332,24.171008835904953
2018.1690622861051,686.7901866801292,517.887682489841,806.8951609971665,1383.7284945129195,6828.922480543168,6041.194697592835,1296.0025521407988,1326.8239938708102,6582.731519241411,7001.901905715436,926.0547308823096,653.0364122992547,341.4022786300626,230.6577615387113,168.90250419028814,24.593028186198307
2018.1718001368924,684.7947635840618,514.9371014698573,803.7189494381283,1381.7392188111703,6821.659600413537,6033.274920608264,1308.864966925536,1340.1115275771142,5924.454787375716,6301.685832760096,833.4489210243529,587.7311910396498,307.2647339535143,207.59389757124896,169.85766211420446,24.804170701482537
2018.17453798768,684.2040676315207,512.8564420740589,800.0509741957039,1379.4447744241006,6814.383527964592,6025.327884949405,1320.8276105694415,1352.8615670188403,5331.226109984331,5671.127128490695,749.9932183206307,528.910623651696,289.3954800329969,196.21506505970717,171.3476255574618,25.04335090415472
2018.1772758384668,681.6858484859641,509.6318366440085,797.2629056120865,1377.720470048362,6807.11738446274,6017.367746807791,1333.827941800473,1366.1985149662428,7285.590206821935,7571.415367496123,674.9933035721269,476.0185947731716,274.5726170879089,187.34389473239875,172.05401184195563,25.239487107454337
2018.1800136892537,672.127302041765,502.2156958717308,796.7571228638625,1377.4128802736443,6799.829179872785,6009.37567232786,1351.6083755828515,1382.3422199931672,15738.373450584904,15984.291162559184,607.4935409183745,428.4166345371757,247.1155751039853,168.60949974634968,169.9116061700342,25.27967628362702
2018.1827515400407,662.4807070480074,494.77501109611006,796.2818005137746,1377.123489665178,6792.401635360473,6001.28189255868,1369.5857374390075,1398.5939751464364,14164.559378889344,14385.89026370937,546.7465495818757,385.5749117283568,222.40418117073284,151.74852232704058,167.70569595189733,25.314804516978086
2018.1854893908285,658.879522200266,490.9733454284338,793.8156276291294,1375.621440467898,6784.833669301795,5993.086302365042,1383.648961230071,1412.5211802050326,12748.094057337084,12947.257571481878,587.5179940708929,406.601669146241,209.862736477292,143.8358400947142,167.90617677183224,25.483593147822443
2018.1882272416156,660.5220653836918,490.3168263019937,790.0009186626904,1373.3270654183434,6777.226414372668,5984.849780239051,1393.8562819422111,1424.1364965070186,11473.26627689582,11652.520171744336,706.2129979356719,478.4923951834812,216.39570939237615,149.10261035513238,170.20523908169815,25.768289660819633
2018.1909650924024,661.9296034989344,489.5199836091201,786.9266936463829,1371.5338912095433,6769.666846633858,5976.624822947565,1403.5104365820882,1435.3793707001764,10324.550994806472,10486.647915279278,788.2454439340029,526.9273456191123,219.72405780980628,151.71841005011692,172.40961988981428,26.04651899211996
2018.1937029431897,671.0014983594031,493.2212358529387,781.1684071107519,1368.2670977813357,6762.151967560127,5968.4091709368495,1408.139607330977,1443.5884638952791,9292.07853457876,9437.934984307867,924.1768634872282,610.2020568460638,237.9032503042869,164.34775682307,177.78026250646434,26.494763862843325
2018.1964407939768,672.8903749131182,492.6770192780196,777.8012414915955,1366.419480471408,6754.808865311453,5960.277705382521,1417.3888986450884,1454.5396633344556,8362.860579239556,8494.12462419765,925.207578389668,607.1385646415883,228.64787320183703,157.94709905351937,180.2133556350986,26.78197851445969
2018.199178644764,669.0123206118425,488.7689486501261,776.093768816363,1365.500082081773,6747.51737628369,5952.159445065364,1430.693814649357,1467.9132926691434,7526.569206595423,7644.597742700748,857.0113434290655,560.4830543140494,207.0669317489437,143.01240629707306,180.24337196171638,26.94171189506279
2018.201916495551,664.393618681321,484.456323471112,774.4957696886186,1364.6307498728245,6740.181275460377,5943.99893040242,1444.674516530936,1481.683664720051,6773.832118030997,6878.905363049168,784.5422907577147,511.53183199871887,190.45088856642576,131.2687020348569,179.93729521020896,27.082935499492898
2018.2046543463384,653.32414172441,476.38345022748246,774.4948927256831,1364.6304273145622,6732.788361742667,5935.788372266714,1463.5656841684934,1498.395318657649,6573.404130938519,6828.175696400764,706.0801455277831,460.3709759636214,171.4071969043101,118.14143422355193,176.9406914969275,27.08313992957663
2018.2073921971253,642.4354051319746,468.4437196585091,774.4948927256831,1364.6304273145622,6725.231102724999,5927.465667869319,1482.4395797786003,1515.0856536240185,8607.818778293456,8867.132338745256,635.4720928254441,414.3336350683516,154.26646795452862,106.32722837358769,173.99168547346545,27.083140823741275
2018.2101300479123,631.7281983167842,460.6363468974342,774.4948802065014,1364.630421836682,6717.513069048692,5919.033431368549,1501.292732789278,1531.7531683637492,7747.037234388383,7980.41936241915,571.9249935803213,372.9003232760863,138.84002468968157,95.69460408429232,171.09185141935,27.083143015495864
2018.2128678986996,625.3475137846249,455.41058360463614,773.2529275567049,1363.9088603309935,6709.637730300475,5910.49417397779,1517.218608719451,1546.6676505529922,6972.331682685409,7182.377335112682,521.4546190758958,339.69952647125285,142.0323489202802,96.91241998830684,169.93693017998874,27.174799041180243
2018.2156057494867,625.6656138457308,454.1987349432869,770.3319857664238,1362.1325387065283,6701.677623056036,5901.891228756396,1528.2094576930635,1558.686666060202,6275.095483352578,6464.123179407514,532.0945816530893,346.1161565990466,181.7795799104048,121.79197210808516,171.4668789024439,27.40551424082612
2018.2183436002736,624.3050625791208,452.0353402779729,769.5180127624357,1361.4981622783962,6693.7445508588025,5893.291641433297,1538.7449541608974,1570.5119244767454,5647.456936757177,5817.7282867290405,516.0726430945919,335.2377323445239,198.5601376207929,131.79012518619297,172.26972230114785,27.59383715222002
2018.2210814510609,616.0574352861772,445.7915752607455,769.4097256272659,1361.381803840665,6685.810609075008,5884.679559335257,1555.4627103728053,1585.9120300297427,23922.21239819819,24224.15977846202,464.46533919218257,301.71395658670787,178.70411213979082,118.6111198426806,170.26586002543172,27.637984751590267
2018.223819301848,605.9294118538664,438.4454954228025,769.3878762445714,1361.3655240846244,6677.760953726742,5875.987079151477,1574.0901385360753,1602.3947698075076,21531.37140133626,21815.65999733284,418.02072560965865,271.53984787225363,160.83364092505022,106.7488711231146,167.48391643106396,27.640829633709295
2018.2265571526352,601.586691097221,434.5865848238363,768.3293034563737,1360.5999104625962,6669.5645524685015,5867.195920624524,1588.115733339159,1616.2383525554558,19378.21682756785,19634.0664330211,571.5589150802458,367.0376064229905,155.30220170049722,102.54677642155448,167.0001062733847,27.759940295354074
2018.2292950034223,593.2447999584386,428.35100474184895,768.0988630984008,1360.4180696127298,6661.318296004713,5858.364523782129,1605.3622212996988,1631.9150703297023,17440.057523835512,17670.644702768775,541.6191471161478,346.9383787241012,139.77025856140784,92.29216358366772,164.8937952165897,27.795236507448827
2018.2320328542091,586.6950140378135,423.20241579900704,767.6081978064088,1360.0411317692856,6652.955547893122,5849.453403072259,1621.1933206239073,1646.7796178258593,15696.009046187415,15903.556489534005,568.263165877629,362.3996982023616,129.57343208115185,85.40222866654976,163.49259823880647,27.866710015754297
2018.234770704997,586.5092178008996,421.858463537683,766.4176124204471,1359.080420986278,6644.506526721345,5840.480882221702,1631.4466234185625,1658.4847017207496,14126.399915990824,14313.185622897949,794.5458066399399,502.8732361197491,158.20185759336331,103.60227351192306,164.65075426321658,28.073003674276446
2018.237508555784,576.9721712425585,414.9725695619982,766.4602245948563,1359.0973529287169,6636.077551905943,5831.510538965021,1649.7979326178945,1674.7519070106778,12713.752292581285,12881.855154075814,715.0944389448233,452.58637938207846,142.38209750239395,93.24210084929064,161.99960168056026,28.07754164844387
2018.2402464065708,567.3527634488278,408.0490279237948,766.4603757796341,1359.1000985178696,6627.516022369722,5822.468075407439,1668.4066187630674,1691.1430666173103,11438.943646917627,11564.994737181489,643.3918898309179,406.3203076649911,128.10543809002522,83.71033776597461,159.30373552503295,28.078427706363208
2018.2429842573576,557.8294012406997,401.1328184310948,766.4603757796341,1359.1000985178696,6618.871933309846,5813.407543697495,1687.001970031068,1707.5477078199544,10241.4377967366,10276.809221773903,576.0346210699715,361.0616697267832,114.6939658956268,74.38612768104555,156.69658280960488,28.090413029698187
2018.2457221081447,548.5322443518015,394.2166089383948,766.4603757796341,1359.1000985178696,6610.0351944609765,5804.347011987551,1705.5637657688378,1723.9523490225984,13802.170414282731,8988.623706366325,518.4311504096303,315.80303178857537,103.22456760301216,65.06191759611647,154.3156354134067,28.132463861948704
2018.248459958932,539.3900377722867,387.3003994456949,766.4603757796341,1359.1000985178696,6601.067715184516,5795.286480277607,1724.1013516248138,1740.3569902252425,13065.77388481918,7700.438190958742,466.5879421718205,270.5443938503676,92.90209228633324,55.737707511187416,152.08963832659185,28.19659757802187
2018.2511978097195,530.4001972882945,380.3841899529949,766.4603757796341,1359.1000985178696,6591.972437589127,5786.225948567663,1742.6143697041948,1756.7616314278862,11759.193344714806,6412.252675551161,419.9289260765996,225.2857559121597,83.61183887967434,46.41349742625835,150.0160073352996,28.283550440264953
2018.2539356605064,521.5554663813116,373.935309566178,766.4603583103471,1359.1000921463317,6582.756219367022,5776.798675234683,1761.1032363025654,1773.0656915192258,10579.114121962566,5648.524062365241,377.7876407333832,198.4531930309268,75.22138759704704,40.88554290322735,147.6201568151336,28.30382698111879
2018.2566735112937,514.9722073983152,368.8959494210749,765.5372864892619,1358.4538113399371,6573.41386251003,5767.204084902417,1778.379823963636,1788.773822802991,9521.20214672015,5083.671474796017,345.6880908368749,178.607867356957,83.10718165505075,46.85846048672843,146.0762579772403,28.36585273508844
2018.2594113620808,506.3894666040224,362.74767739197625,765.537216387653,1358.453811337392,6563.987411643788,5757.5517958560295,1796.8169857257797,1805.0022838810223,8569.04161728192,4575.300150695824,311.1186402588428,160.7469338813903,74.79797834772636,42.17265864319701,143.64178921204615,28.365872255468666
2018.262149212868,497.9286480028969,356.6385402598173,765.5372084495409,1358.453799851709,6554.460926314562,5747.870487048695,1815.232197594246,1821.2206413061976,7698.1520077937375,4086.334963191799,279.4990160074468,143.56780856126076,67.19616466498243,37.665699017783766,141.2901077430796,28.375573148837496
2018.2648870636551,490.5911279397653,351.2325945939868,765.0515059607227,1358.1407920506686,6544.802315281729,5738.066874455008,1833.1419311790253,1837.171107366754,6928.332742963808,3677.700096120549,251.54904865847752,129.21097954562924,62.43296771818348,35.38896682520653,139.35853334577848,28.406248178807036
2018.2676249144424,485.107696147819,346.88185658677065,763.7321876034267,1357.2940321472738,6535.04788359892,5728.200024699865,1850.1270130110745,1852.6633550325091,6235.80730273628,3419.3271901739868,234.56167559386407,116.2897719127605,69.19338435205583,40.14155936763503,138.22583956104836,28.4938459353836
2018.2703627652293,477.02256178668233,341.10053023409296,763.7321891522838,1357.2940007107925,6525.228774155385,5718.287703696982,1868.4591552668928,1868.7849338245428,10498.154404893196,11744.400562656796,211.10541022947805,104.66041349081966,62.27408710522686,36.12785757384129,135.92203155258937,28.49383707208628
2018.2731006160163,471.9601349794911,336.9865680740546,762.6625117704622,1356.609695001818,6515.301811158586,5708.306171085264,1884.946122452706,1883.992634305276,9448.339283320203,10569.967574395763,228.551617068244,131.1571050245789,78.65571550306834,40.36430248883289,134.97356690543648,28.598510107490693
2018.275838466804,464.094226948556,331.3700843743633,762.6624720291557,1356.6097051771555,6505.317687030295,5698.283428117676,1903.224094353237,1900.059750797217,8503.476766244588,9512.9445458036,205.69861416083063,118.04133086582728,70.79151188267022,36.32784586602776,132.72414257419274,28.59853341569469
2018.2785763175907,456.3545444876944,325.83405683395546,762.6624720291557,1356.6097051771555,6495.233584233733,5688.203850180506,1921.475779610664,1916.1032562747944,7649.6944790010175,8546.75276929747,185.0454511216434,106.05234853314172,63.683694836850215,32.638172836957075,130.52048765373894,28.600676651584966
2018.2813141683775,448.7486367743339,320.31122209438274,762.6624718851916,1356.6097051771555,6485.044333216883,5678.114949500578,1939.698838484838,1932.142891694295,10561.432257049722,7595.458314717111,166.5408975925735,94.248215446559,57.315322604727335,29.0053882503543,128.43741467995113,28.62123785003041
2018.2840520191648,441.7722067633229,314.78838735481,762.5586509876666,1356.6097051771555,6474.756232454249,5668.02604882065,1957.495090156008,1948.1825271137957,9505.289148182092,6644.163860136751,152.69679836057225,82.44408235997628,51.78718637343007,25.372603663751523,126.98381940851289,28.74418477768652
2018.286789869952,434.40945931464427,309.4802859090074,762.5584961869026,1356.6097051771555,6464.380424884444,5657.786825856431,1975.6616999752555,1964.1577515238137,8554.304037529539,6192.987397731269,137.42471419668485,73.40585957019482,46.606079884763446,22.591042654337517,124.92917340563685,28.75839158814224
2018.2895277207392,427.0465892019222,304.322280778592,762.5584961869026,1356.6097051771555,6454.004236826059,5647.444045046759,1993.828658146363,1980.0864374639,7603.7751227113295,9072.777985241326,122.1550343606276,66.06526988149884,41.42736124742044,20.331937240460515,122.72430842333017,28.737920294055304
2018.2922655715265,419.7585310568159,299.25065539258736,762.5584961869026,1356.6095468039978,6443.570567488428,5637.04363375012,2011.9782856291004,1995.9865325197068,6711.208872658026,8165.501282605177,107.81634004681464,59.45874125194145,36.56443469089224,18.29874301126261,120.50787566422855,28.708856818425772
2018.2950034223136,412.64108790345045,294.29597901847376,762.5584961869026,1356.5924636339798,6433.005807253229,5626.58900984881,2030.088389017665,2011.840815965152,5950.831360386893,7346.008968080582,95.60083661075188,53.49140451527696,32.4216985661502,16.462263477610808,118.3451088849767,28.679913938349017
2018.2977412731009,405.5236447500851,289.40902126091754,762.5584961869026,1356.5828776615754,6422.44104701803,5616.078632449103,2048.198492406229,2027.6756370948176,5190.45384811576,8062.842247973128,83.38533317468912,48.14224224125249,28.27896244140815,14.8160304138606,116.11462348916757,28.633256036334537
2018.300479123888,398.6199609584869,284.5855198114155,762.5584945151344,1356.5828775232226,6411.714059810554,5605.515610993424,2066.257065077072,2043.4900601383504,4930.595599736424,7256.596937855298,73.48009362408202,43.32789958329835,24.91973942048176,13.334390923835484,114.03444114707139,28.60730829255868
2018.3032169746748,392.48973468295645,279.76203612373354,762.2318617905979,1356.5828775232226,6400.791388444297,5594.952577879875,2084.0644954433974,2059.304476939581,4437.535279149594,6450.312713057986,66.13205526872729,38.5136753591731,23.951243489149945,11.852787882449425,112.72769855922292,28.721183918423133
2018.305954825462,385.9482202317879,275.0255876240043,762.2318559510311,1356.5828775232226,6389.796489471047,5584.333840995986,2102.028814707382,2075.087562323199,3993.7679572321226,5731.318025346933,59.51864417094304,34.2206652447696,21.55613296022201,10.531591248041089,110.92263260778361,28.740288669077707
2018.3086926762487,380.0321646008084,270.3628870219421,761.915795825663,1356.5828775232226,6378.722669372392,5573.667904398378,2119.7626505623866,2090.8440995228702,3594.437382102075,5086.286754041134,53.56676872239291,30.369297708852287,22.478427755861585,9.346312459796144,109.66927757886634,28.857893566473415
2018.311430527036,373.6985824490741,265.7101356027956,761.915169457788,1356.582877461752,6367.581119306811,5562.995722283198,2137.666309147577,2106.596933118666,3829.4907533031487,4458.942612766324,48.20544413818149,26.569655541349093,20.23754633049081,8.176952428050985,107.98844684627846,28.897205372994595
2018.3141683778235,367.4972255941026,261.2925672428806,761.9002648367019,1356.5759564715788,6356.364007434207,5552.183142582989,2155.5275824962355,2122.2619021689684,3650.109056169232,4069.66690872895,43.38486396624712,23.91268115324092,18.213784721509302,7.359264179662179,106.20465835122201,28.89944493581677
2018.3169062286104,362.6834220359249,257.4689535372962,761.1783960731391,1356.2407487669418,6345.0742657394485,5541.326558844271,2172.7808965127324,2137.7052073179093,5332.65223951788,5532.30637700908,45.92989704532702,25.923213975282486,25.79176396650873,13.876177726345816,105.21446849862866,29.010002141263257
2018.3196440793977,357.677442053062,253.60476166041693,760.8849932893532,1356.1435313643665,6333.735228444106,5530.436011051049,2189.847216574728,2152.985064390588,4799.4786236417885,4979.479059551878,56.07990327549462,31.82430702171889,29.709418250600045,17.655872228392727,104.07268039264508,29.096797325341456
2018.3223819301847,352.5825689423929,249.73981782270585,760.827195921301,1356.1766135115506,6322.343839580979,5519.510884842711,2206.819175916577,2168.169952289453,5038.270371823652,5155.28365337643,61.74825998357685,34.60638579223288,31.439109386158123,20.210344425648675,102.84275111968708,29.16841618919912
2018.325119780972,346.70619238695326,245.57748296114116,760.8271958121875,1356.176613356378,6310.898731989766,5508.5512693913015,2224.5685601723444,2183.719802757604,6382.052014299843,6444.37622541566,55.57363566764009,31.14574480835801,28.29526704181041,18.1893101085614,101.1287094258121,29.16841742271046
2018.3278576317591,340.92775518334423,241.48452491030952,760.8271958121875,1356.176613356378,6299.387035468541,5497.552306155489,2242.286593897176,2199.239624044247,5743.849429403773,5799.942215644129,50.0162679157696,28.03117032014328,25.465738206760467,16.370379093395933,99.44323027303471,29.168417285226926
2018.3305954825464,335.24562589046974,237.4597828594589,760.8271958221369,1356.176613386898,6287.810570177133,5486.515261115749,2259.973088471512,2214.729311104318,29962.757317178563,29967.51338531668,45.01464049559959,25.22805313624289,22.919164066036828,14.733341095353945,97.78584303101084,29.16841726757058
2018.3333333333333,329.71854535385256,233.52658092228447,760.8324874936233,1356.1866523759809,6276.1711192162,5475.4413755327305,2277.562228297575,2230.1542596354275,26966.49041874157,26970.76413381181,50.00889029371093,28.43721990115274,20.627246788751812,13.260006852891305,96.1919644315681,29.173962395210523
2018.3360711841208,324.2230035358119,229.6343281523643,760.8324966603193,1356.1866603848823,6264.471632979058,5464.33236153592,2295.185147186062,2245.583418393259,24268.87606336331,24272.95951649766,45.02022979352286,25.59835097937196,18.563783718146844,11.93364815039756,94.58867538344762,29.173955688495703
2018.338809034908,318.72769444658104,225.8613312382488,760.8324966603193,1356.2114750128626,6252.771952700573,5453.188827505594,2312.808036553777,2260.903034709724,21572.22702148915,21845.6576076887,40.01934076415177,37.43797308972494,16.50105903927166,10.766950215697904,92.86636320833225,29.136584246179055
2018.3415468856947,313.2323853573501,222.26897414514116,760.8324966603193,1356.2944063001332,6241.072272422089,5442.012940489818,2330.430925921493,2276.01624753134,18875.577979614995,19661.085645236875,35.01845173478068,81.06738882365191,14.43833436039648,12.003792353333289,90.96341121220894,29.040231937841813
2018.3442847364815,307.73707626811927,218.5644909681201,760.8324966603193,1356.294406781221,6229.372592143604,5430.807799452702,2348.0538152892086,2291.35377126439,16178.92893774084,17694.97293650208,30.017562705409585,72.96097984138049,12.3756096815213,10.803429948666496,89.17258529999916,28.976874148991584
2018.347022587269,302.24176717888844,214.8600080657011,760.8324966603193,1356.294406781221,6217.672911865118,5419.602657860628,2365.6767046569244,2306.691295758883,13482.279895866684,15728.86437197839,25.016673676038494,64.85424095901531,10.312885002646118,9.603050713333166,87.38175911318734,28.911212347917658
2018.349760438056,296.74645808965755,211.26818118800972,760.8324966603193,1356.2944058755036,6205.973231586634,5408.3408759319545,2383.29959402464,2321.9728054709653,10785.630853992525,14121.495105115797,20.015784646667395,58.22673064777035,8.250160323770935,8.621701269813993,85.47827690164783,28.805154896178014
2018.3524982888432,291.25114900042666,207.93222399523407,760.8324966603193,1356.1979676958206,6194.273551308149,5397.044640250524,2400.9224833923554,2337.129336524853,8088.981812118369,12709.34432982653,15.014895617296306,60.73105792625672,6.187435644895754,8.743238775726008,83.3189250051926,28.607243367500168
2018.3552361396305,285.7558399111958,204.6617409117279,760.8324966603193,1356.108127021511,6182.573871029665,5385.7237944628405,2418.545372760071,2352.238406070354,5392.332770244211,11438.176067040684,10.014006587925213,61.289623715481234,4.124710966020572,10.790220905053806,81.09409899946789,28.378807244908614
2018.3579739904176,280.2605308219649,201.48476396797489,760.8324966603193,1356.047158558384,6170.874190751179,5374.379418034194,2436.1682621277864,2367.248627905881,2695.6837283700543,10294.346489870206,5.013117558554118,57.10483296783704,2.0619862871453902,19.54697870664445,78.77576685399,28.108048829762687
2018.3607118412049,274.99982842327114,198.12668070912548,760.8324966603193,1356.0471581424229,6159.022010332184,5363.013172628246,2453.709044945481,2382.40085698664,1468.9468572463236,9264.899459194428,1.292867401908578,51.39432437669696,0.52765334010188,17.592454727357463,76.87314771414566,27.95388933691439
2018.363449691992,270.4164976645605,194.8152297495116,760.8324966603193,1356.0471581424229,6146.731308080328,5351.6262402899365,2471.010977956053,2397.527140284559,2230.229801836805,8321.241317141808,1.1635794524966176,46.15959838402211,0.4748875073758268,15.800593326398074,75.60126791504891,27.95734304969399
2018.366187542779,265.9095560346708,191.56830922649857,760.8324966603193,1356.0471581424229,6134.397889961109,5340.211171098158,2488.2792377051715,2412.6170299993464,30302.857160741813,27155.56716327994,1.0472215068836963,41.54363828774502,0.4273987564899889,14.220533905486974,74.34124680817223,27.957343059336758
2018.368925393566,261.4777299582629,188.37550401206985,760.8324966603193,1356.0471581424229,6122.02314641188,5328.773260740279,2505.513707330809,2427.6756455716545,27272.585772970026,24440.014434148707,0.9424993341218332,37.3892739416039,0.3846588718322142,12.798480337841864,73.10222594619304,27.957343043272413
2018.3716632443527,257.0954482491818,185.18269885829483,760.8324966603193,1356.0471581424229,6109.621599316698,5317.335350356799,2522.7254361350724,2442.73426110891,24445.555930673705,21724.45771782071,0.8448014377014219,33.2349101128294,0.3447857798766945,11.376426947293163,71.91274939088697,27.971226204358068
2018.37440109514,252.73748608321077,181.98989370451983,760.8324966603193,1356.0471581424229,6097.206895328116,5305.897439973319,2539.926002289625,2457.792876646165,21718.297353376704,19008.90100149272,0.7505515042892386,29.0805462840549,0.3063198926934731,9.954373556744468,70.74759237869094,27.992520411237354
2018.3771389459275,248.3795239172397,178.7970885507449,760.8324966603193,1356.0471581424229,6084.792191339534,5294.459529589838,2557.1265684441782,2472.8514921834203,18991.038776079706,16293.344285164723,0.6563015708770552,24.9261824552804,0.2678540055102517,8.532320166195769,69.58243536649482,28.01456185642732
2018.3798767967144,244.02156175126865,175.60428339696992,760.8324966603193,1356.0471581424229,6072.377487350952,5283.021619206358,2574.3271345987314,2487.910107720676,16263.7801987827,13577.787568836731,0.562051637464872,20.771818626505897,0.2293881183270303,7.110266775647071,68.41727835429873,28.03739057454132
2018.3826146475017,239.6635995852976,172.41147824319492,760.8324966603193,1356.0471581424229,6059.96278336237,5271.583708822877,2591.5277007532845,2502.968723257931,13536.521621485696,10862.230852508736,0.4678017040526886,16.617454797731394,0.1909222311438088,5.688213385098374,67.25212134210267,28.061049512096336
2018.3853524982887,235.63999619887943,169.4734812958122,760.8324966603193,1356.0471581424229,6047.370088465802,5260.041043711974,2608.571899036266,2517.877285316217,12072.55852543948,9446.996451007744,0.4172076902301669,14.452374931266718,0.1702734777984632,4.947098910822044,66.16651490306722,28.07949243354379
2018.388090349076,231.7126627525956,166.59995665842564,760.8324966603193,1356.0471581424229,6034.7292845927095,5248.471873256696,2625.5679363556437,2532.747880408883,15688.240742704864,8360.773365756871,0.375486907905858,12.790629451493578,0.1532461245900083,4.378277572312206,65.11270609416997,28.10062485177694
2018.390828199863,227.8507848910409,163.72643202103905,760.8324966603193,1356.0471581424229,6022.057657486129,5236.902702801417,2642.5293413237805,2547.6184755015483,14119.417491553984,7274.550280505997,0.3379382076174246,11.128883971720438,0.137921508254685,3.809456233802369,64.12435287000184,28.143134508255635
2018.3935660506504,224.0282822874225,160.85290738365245,760.832496660284,1356.0471581424229,6009.367893219428,5225.333532346138,2659.469508194135,2562.489070594213,12646.566291407737,6188.327195255123,0.3026866402439621,9.4671384919473,0.1235344630288969,3.240634895292532,63.17537490377006,28.199731863639286
2018.3963039014372,220.30570103516027,157.97938274626588,760.8249105019939,1356.0471581424229,5996.637676299591,5213.76436189086,2676.3577925245218,2577.359665686879,11381.909696568397,5102.104110004249,14.495729718191049,7.805393012174161,17.2280738811822,2.671813556782694,62.326318288894385,28.29083314505204
2018.3990417522243,216.63393641532429,155.1058581088793,760.8249103630446,1356.0471581424229,5983.880295042694,5202.19519143558,2693.2148385402056,2592.230260779545,11436.098520309844,4015.881024753376,13.046530778183032,6.143647532401021,15.505670397925334,2.1029922182728567,61.528078306444996,28.401865065353917
2018.401779603012,213.02336985830752,152.38996776014474,760.8249106083773,1356.0471580869907,5971.096668469914,5190.572285273657,2710.036931424674,2606.996957345641,10292.488752821888,3777.355887981226,11.741882588428902,5.054327795675204,13.955105832915464,1.7301161407057275,60.633402098162776,28.463263039399422
2018.4045174537987,209.47608254248132,149.93016400003935,760.9821950529683,1355.982970331767,5958.287889198495,5178.8913721207655,2726.6636135673325,2621.62976201386,9263.239033432848,3839.893911399489,14.859743924736945,4.548894706375372,15.95940517182548,3.670116974476312,59.54591854244197,28.426118065467538
2018.407255304586,205.9914371796501,147.59811315364348,761.427485684907,1355.898909230239,5945.455081367554,5167.201465241921,2742.9636761291654,2636.163680840628,8336.912836550857,3961.403185356985,23.883890502994607,4.500970029735098,22.07811352951897,7.441426316917587,58.39332402600661,28.347452120099724
2018.409993155373,202.563732924491,145.2772581742724,762.0587235667248,1355.9306158151448,5932.599444157975,5155.504725398766,2759.043679712087,2650.5774690782496,7502.856981052551,3594.070808831135,30.702110959485665,5.393073772564216,25.89158542205658,9.810934626492692,57.286474750218616,28.280716356848096
2018.41273100616,199.19202395319417,142.96540274022902,762.7618472228648,1356.0343328402753,5919.721925369872,5143.80135649818,2775.017683815346,2664.916876387749,6752.12925574609,3302.738033392053,33.765027639553374,5.997545076487439,28.72162469671682,11.11072215775289,56.22662121296514,28.22734570244499
2018.4154688569472,195.88165421573703,140.80114254740562,764.540646327125,1356.3653103212291,5906.82337640376,5132.091508775498,2789.875703414656,2678.8879068222936,6076.9156054864125,2972.463659561906,40.500824109608615,8.29689575172571,42.00773961634948,14.977253028545826,55.08051166833141,28.119280434331902
2018.4182067077345,192.63400262720015,138.83666714097876,769.7328662296261,1357.457828360374,5893.9049934797,5120.377670174773,2801.277418024755,2691.9016027903003,5469.222061712749,2675.214216026965,55.410850329805584,13.568132322360713,66.35192800677989,21.55949290722309,53.797335486221385,27.927227152276977
2018.4209445585216,189.43275022695164,136.72286603535912,774.7201965186364,1358.5473947905489,5880.967875835165,5108.663182779749,2812.8563577805303,2705.068224860765,4922.304510967647,2407.6870368012146,57.77873871009931,15.146359127113923,72.51814558578968,22.70037060408209,52.70988419159252,27.825116896863378
2018.4236824093089,186.35869358318575,134.46668226847996,775.3691060922237,1358.706994870895,5868.012847826294,5096.945559752693,2828.664432859573,2719.310331574356,16550.344573453287,16045.166133483994,52.00090282688136,13.631738760142746,65.2663966593419,20.430344434944622,51.8920113147058,27.84523239402434
2018.426420260096,184.13805513473528,132.32829084466388,778.2036839019796,1359.5291594952107,5855.042079515194,5085.222436801914,2841.4491618093684,2732.777581324633,14895.566744854515,14440.714933036134,94.73320323610778,45.69837896326148,65.62024001637064,19.50104327617249,51.8097642900714,28.136369884086037
2018.429158110883,181.07689652765183,130.12361294757068,778.232473389978,1359.53679951015,5842.069836236612,5073.495792166211,2857.881674207035,2747.129163842489,13407.318167549756,12996.638180903466,85.26515696445438,41.12896598453373,59.05878282573504,17.550945883457803,50.95328358008115,28.139030741727005
2018.43189596167,178.0589465876684,127.91865358363916,778.2324732720771,1359.542010046715,5829.082114223771,5061.769147415077,2874.3152462777584,2761.4834574209885,77066.1675805311,11552.566687599854,76.73861093487174,36.55912808820759,53.15288352197342,15.600841555840557,50.140293004029246,28.159378657978507
2018.4346338124567,175.09129730069023,125.71336579301104,778.2324732720771,1359.5438792207435,5816.07967540123,5050.042502663944,2890.713234387275,2775.841420788721,69359.65045278046,10108.49519429624,69.064746837821,31.98929019188144,47.83759308936231,13.650737228223306,49.37793150767919,28.20124830241037
2018.4373716632444,172.15766674321867,123.61159591032246,778.2324738162132,1359.5438858474126,5803.067719286562,5038.302816211786,2907.0867205152776,2790.1107704969018,62183.06952370906,9071.91023769771,61.918768818047226,28.708981738644862,42.88787795820206,12.250910788478386,48.546070832896206,28.19861104722392
2018.4401095140315,170.09672565796032,121.79678421867057,778.7579197809259,1359.6001714028655,5790.038198071495,5026.559440145394,2922.0796368508936,2804.0405726994954,55964.76211115141,8164.718204156741,163.25551764303603,33.22567574519982,39.04205878213176,11.184271643550922,48.29994143928975,28.395573902118425
2018.4428473648184,170.00137434912105,120.56707200594624,779.1940466038212,1359.519924568766,5777.010025023419,5014.8179907880085,2935.194934384911,2817.5198811037044,50368.22833176197,7348.24475434863,394.3762327369036,48.96320739140147,40.035676167766,11.544737652363407,49.43430234317481,29.078766293768137
2018.4455852156057,173.02975882968087,120.122824712896,777.8793547251553,1358.992335522776,5764.015947522004,5003.088206380895,2946.9032192844297,2830.6494018498643,45331.257571155584,6613.362678147422,647.7294777668344,63.8437291070774,47.42883324912367,15.698936073741516,52.90693411678487,30.576783135242636
2018.448323066393,177.29211638661124,119.9254327092148,775.8571563075477,1358.5298854085468,5751.107914837428,4991.383115959236,2957.998992829687,2843.442234389435,40797.91245554789,5951.8881718636,803.3985302206977,62.51087450809727,66.38554753069235,28.63471872534302,57.36668367739644,32.357154309275685
2018.45106091718,180.6995535364025,119.50451085804434,775.9240987411436,1359.1483683558645,5738.306314136783,4979.706844456146,2967.754113946945,2855.348844796377,36718.081730195816,5356.684461947158,885.2340490568392,58.917315517003246,77.41353265741996,36.81063482410856,61.19504267835816,33.865630257924366
2018.453798767967,183.42097707074623,118.89810945395134,777.2898583162553,1360.4378681043536,5725.596561173413,4968.055532812512,2976.804583800857,2866.744958095615,33046.16240776261,4820.969622076661,918.58473959606,54.95921995159714,92.64344450018118,41.856081709179634,64.5228676167949,35.17747459817977
2018.4565366187544,181.7258793999972,117.23698271878858,778.0422743472924,1360.8749943548542,5712.967007945949,4956.426052780872,2990.8047186680324,2880.026338611916,29741.529721564344,5130.385356893508,826.7275939080644,49.46336902332089,88.14925544152747,37.67104287398183,64.48889668120863,35.486908575779665
2018.4592744695412,178.69713042599707,115.28303377386982,778.0422852282919,1360.8749963261885,5700.343807864314,4944.800752949146,3006.8845568426686,2894.033485417237,26767.359420876302,7856.148259755904,744.0543528451317,44.51702106074748,79.33448643471093,33.903930164313856,63.414096652127256,35.486913808271034
2018.4620123203283,175.66836576933045,113.36164982309278,778.0422852282919,1360.8749963261885,5687.720608115649,4933.174737523416,3022.964421248,2908.0087847937416,23793.206448719862,22356.38158086308,661.3815934543252,40.06531812620543,70.51956089055818,30.51353651692613,62.306715946237674,35.46837569380728
2018.464750171116,172.63960111266385,111.47228892163176,778.0422852282919,1360.8749963261885,5675.097408366984,4921.548551128101,3039.044285653332,2921.95223209052,20819.053476563437,20120.776702798237,578.7088340635188,36.05878532549382,61.70463534640543,27.4621821127085,61.167312191032096,35.430638044115135
2018.467488021903,169.6108364559972,109.61441706494271,778.0422852282919,1360.8749963261885,5662.47420861832,4909.922727945185,3055.124150058663,2935.8638271301247,17844.900504407,22288.07685366376,496.0360746727124,32.452902025946955,52.88970980225268,24.71596027091732,59.99641939105449,35.37298715381289
2018.47022587269,166.58207179933058,107.78750974663583,778.0422852282919,1360.8749963261885,5649.851008869655,4898.297791795489,3071.204014463994,2949.743570598129,14870.747532250562,20059.271738612515,413.3633152819059,29.207607546946257,44.07478425809993,22.24436098693716,58.794562052694744,35.294651709891276
2018.472963723477,163.55330714266398,105.96060279555348,778.0422852282919,1360.8749963261885,5637.22780912099,4886.67285565631,3087.2838788693257,2963.6233136883898,11896.594560094129,17830.464053246138,330.6905558910995,25.96231734435156,35.25985871394719,19.77276495984543,57.5927043471105,35.21341472898107
2018.475701574264,160.52454248599736,104.13369584447108,778.0422852282919,1360.8749963261885,5624.604609372325,4875.047919517132,3103.363743274657,2977.5030567786503,8922.441587937694,15601.65636787976,248.0177965002931,22.717027141756866,26.44493316979445,17.301168932753697,56.39084664152628,35.129112201920954
2018.4784394250516,157.4957778293307,102.3794806129203,778.0422852282919,1360.8749963261885,5611.9814096236605,4863.426327340614,3119.4436076799884,2991.306764186721,5948.288615781259,13904.973890684603,165.34503710948667,20.24650813223417,17.6300076256417,15.41963458987463,55.1162972164104,34.99541256028896
2018.4811772758385,154.51988180127088,100.67315580108271,778.0422852282919,1360.8749963261885,5599.341562263321,4851.808196314147,3135.487251068389,3005.0591200250283,3951.4865756785534,14889.385594010184,91.3308601832946,18.221856178627245,9.73829470069077,13.877670262377064,53.84672600018817,34.847765460654976
2018.4839151266256,151.9445584394894,98.99527298425625,778.0422781505026,1360.8749943337668,5586.576231813264,4840.193457034084,3151.2558119580185,3018.77964411434,3562.0404957046853,13400.447461341071,82.19777366649025,16.39970360293998,8.764495784872675,12.489903546192227,52.949285455233166,34.84776684274597
2018.4866529774129,151.10890673603814,97.91837848184976,776.532138799676,1360.5110904841229,5573.802952832403,4828.582574231561,3166.8027819931576,3032.2592252689046,3205.8363571867435,12060.401671034142,73.97799421389152,19.531879809290743,14.300687341323332,12.180984126984514,53.19052825418838,35.20012777744682
2018.4893908282,155.04948032905264,98.4787351807979,771.3680345071872,1359.1854182079792,5561.050741395372,4816.985553654242,3181.206424129665,3045.049461423415,2885.2523926035224,10854.35959036607,66.58018720361235,31.001038719605862,37.79102028872459,23.87305497616217,56.570745148254744,36.48560770935696
2018.492128678987,155.6409698422638,97.93602182316376,770.0973159483673,1359.0318311369847,5548.399116723169,4805.429634592094,3194.965177847477,3057.7295809141906,2596.718479706114,9768.892476305971,59.92196833009282,32.90437824674881,43.793547356490365,27.255355613815365,57.70494801910003,37.07568005878002
2018.494866529774,154.75481662663827,96.91682427337322,769.758146300947,1359.0874071658163,5535.792012910778,4793.896334478422,3209.225504522911,3070.654402548824,2337.029453291319,8791.972023544482,53.929375086692346,31.0859154057428,42.64063158713122,26.961517788968383,57.83799235326505,37.37395294959063
2018.4976043805611,154.43838318733904,96.16475792761584,769.580574724679,1359.2584983378167,5523.204704115263,4782.3776504242815,3222.7347183339903,3083.1819617767264,2103.323514148818,7912.762127956684,48.5363684926789,30.9230435017208,43.50447299699841,28.56998105970595,58.273625259723204,37.73260510571087
2018.5003422313484,152.28777267335147,94.73922652291398,769.6432418248407,1359.332670619051,5510.646596831364,4770.877989870691,3237.8086690317136,3096.460881453783,1892.9835676513053,7121.47668411205,43.68249801973363,27.830753673705075,39.1545370595735,25.713018765775264,57.54854615043749,37.78934128472403
2018.5030800821355,150.248880362769,93.3961050365276,769.8069531024381,1359.4380391557802,5498.087066567651,4759.3860501242525,3252.671280328412,3109.6184741498746,1745.982506933167,6409.040441813032,39.31353895836664,25.04680125048672,35.23845731233512,23.143701162221987,56.8527753262414,37.83906754511115
2018.5058179329224,148.88850221434788,92.50697113199922,770.575779933707,1359.7544577653705,5485.527961840127,4747.903236521461,3266.2498363730856,3122.1019030476014,1589.7123209516087,5768.124516824753,35.38169325885402,24.558004891754305,32.45793138918569,24.16450464980919,56.38153108234866,37.8682908645147
2018.5085557837097,147.88345253041595,92.2062332924588,772.7579974755495,1360.6453203730205,5472.980583383739,4736.4370578385215,3278.047946971562,3133.4058569624312,1430.7311446634103,5191.28332371811,33.08571072068621,26.31462722232954,31.896323958260023,29.902350008156137,55.677219237957146,37.649390980039314
2018.511293634497,146.0385355717312,91.36234895759294,774.3667889404488,1361.5872952384004,5460.450836466163,4724.99727781791,3291.2417193829256,3145.1754464525293,1287.655663393371,4672.131633148546,29.777486571223506,25.351623998314803,29.27013546762221,30.267759912244895,54.676186614138246,37.43956100359716
2018.514031485284,144.64238137094264,90.709565395175,776.072816904753,1362.9363535402656,5447.924670782928,4713.574777600195,3303.8859113026474,3156.329571930796,1237.4732882422936,4204.89439420181,27.12528311057789,25.048033369941496,27.681621094277546,31.703252335058995,53.93281597576764,37.28700776673071
2018.516769336071,145.0064079794035,90.70173586050409,776.3667133465317,1364.1789894886374,5435.409552407679,4702.172675473249,3316.171006627657,3166.92476764404,1113.725289148148,3784.34838545469,25.31197050405975,24.926024440808774,26.59319209321473,33.306489045324355,54.304672118899404,37.4498429935681
2018.5195071868584,145.78778875612872,90.75922714675772,775.3371576189004,1364.731453021864,5422.934778571811,4690.801678927542,3329.3218554144296,3178.1137093702687,1002.3716375811922,3405.889716191971,22.95733496864166,23.57103934580909,24.48354011529572,32.25683075760104,55.028561609370996,37.74565900126369
2018.5222450376452,143.35799248926253,89.24657396618915,775.3371576317892,1364.7314531809106,5410.507218597173,4679.462821045677,3344.607111643049,3191.393120273653,7712.258466013838,9132.113347264049,20.66159699812044,21.213934982385247,22.03518209387241,29.031147694542387,54.11141852307338,37.74565867133381
2018.5249828884323,140.96869255510765,87.75913098778422,775.3371576317892,1364.7314531809106,5398.073211033229,4668.129817841719,3359.8583191411467,3204.64146645602,6941.043853585899,8218.921991678104,18.59543696195028,19.09254074583018,19.83166352576607,26.128031914706444,53.20956156732343,37.745658701149324
2018.52772073922,138.61921422912485,86.2964786542954,775.3371576317892,1364.7314531809106,5385.633447585293,4656.80307322568,3375.075460915067,3217.858763405548,7272.994612740212,8204.283149954548,16.735892660090627,17.183285384592132,17.8484965272602,23.5152269624558,52.32273557482945,37.7456587571942
2018.530458590007,136.30890105507865,84.85824950348433,775.3371539482582,1364.7314555688013,5373.188607782947,4645.482983008868,3390.2585175749905,3231.04498038528,6545.6957456999935,7383.854774053925,15.062329986834117,15.464948902661362,16.06364332441408,21.163693395615194,51.45065155159432,37.74562860777855
2018.533196440794,134.2621703269454,83.56672696327011,775.2231807925049,1364.7226030479624,5360.739358216992,4634.169925953141,3405.2963710248314,3244.086312502059,5891.145269628321,6645.357707484724,14.331056330404769,13.918209624086929,14.457275133938596,19.04697097380062,50.695443363675295,37.75854601502825
2018.535934291581,132.36401257789237,82.39568838269871,775.0423990875671,1364.6629855606311,5348.2901039162125,4622.866340876851,3420.2524647796013,3257.04845364625,5863.284177665569,6442.326158451812,14.407336415809684,12.873562835219497,13.01133188970333,17.142097339515338,49.96832419519366,37.750687080288344
2018.5386721423683,130.15785554335136,81.0223835966445,775.0424276999154,1364.6629875226167,5335.843318374086,4611.574193788692,3435.3332787439163,3270.1418035584843,5546.258961706083,5999.6798190189975,12.966369488570868,11.586016890623494,11.710033837774464,15.427534834950684,49.13547194670686,37.75067723848709
2018.5414099931556,130.1597537795483,81.51418223412907,773.8014070921294,1363.7727709535225,5323.393867300622,4600.290116603817,3449.449752188969,3282.252198674972,4991.636865695621,5399.711399177466,26.626312913894765,17.441158057691066,10.731732664921086,14.56143071080133,48.645571545419244,37.373742752932905
2018.5441478439425,131.08333069190004,83.042476617238,771.9831668400514,1362.2284856659476,5310.978551049938,4589.045148190549,3463.187631779374,3293.941057992703,4492.4654656772245,4859.734811911045,42.15867555447084,24.4398042150243,11.49989895163731,15.005290137923415,48.04085407466205,36.649094756050935
2018.5468856947296,131.6081534889614,84.3670436511389,770.5453074046198,1360.807133207693,5298.612631643786,4577.856403778934,3476.8944878238945,3305.654487828673,4043.203342994456,4373.704478248826,46.44703174881086,26.321279634960483,17.296424051424847,17.463756740535107,47.24110983782249,35.89527592740281
2018.5496235455169,132.14879081926676,85.7639163522165,769.9282661533922,1359.6620159792749,5286.289266744574,4566.7203959794815,3489.72215664403,3316.9666401554705,3638.79111638147,3936.285312809098,48.75438250126464,27.457553053161043,23.382171876375416,20.05162052514613,46.38487446705027,35.10049102945521
2018.552361396304,133.69583422045457,88.1756805517498,770.5388182542279,1358.7175000765158,5274.008762009449,4555.638228615383,3500.2729658771323,3327.0094592227942,3274.911730870915,3542.654145782867,52.69160186681421,29.93374129035575,33.41587802245183,24.890714310174477,45.520153668704765,34.04754825318296
2018.555099247091,134.40588157401683,89.7143910751331,773.0154848282835,1358.8328394370951,5261.7876067013685,4544.626414528197,3509.735307257592,3336.795123426019,2947.371490255677,3188.2726155342693,53.864772851986544,30.95877834531134,38.53306820051147,27.019345452160675,44.69149049888374,33.251141970503944
2018.557837097878,134.926451311345,91.04342337297471,776.7631106995738,1359.5419618506005,5249.611778701577,4533.670297676178,3518.0708396487653,3346.140985566689,2652.584057937265,2869.2387293052816,54.14263521552324,31.592316187575868,42.0342449528934,28.26882521913057,43.88302793837029,32.52366567998552
2018.5605749486651,135.03827233098025,91.94003284898892,781.1344853490932,1360.6342261646903,5237.478009007114,4522.766134929509,3526.1493136740705,3355.484174523254,2387.293491255786,2581.985457130393,52.509994536765696,31.197855242623497,44.33337642967904,28.85513377054648,43.09823948199133,31.91557381329427
2018.5633127994524,133.57085838844748,91.20795408032068,782.9635080081181,1361.151350617684,5225.379387640776,4511.907325456267,3538.3142263239174,3366.9858383121705,2148.5673377074995,2323.786594852236,47.258938808375,28.078087123409897,40.04104367027541,25.969646401405868,42.3629043081268,31.715678718578005
2018.5660506502395,131.57366050918338,89.92212939381601,783.5004008661193,1361.3027963654836,5213.289450201872,4501.065996216457,3552.292368784085,3379.3894464906857,1980.133285636242,2124.9242880998795,42.53241040812876,25.26900064349668,36.03642017980127,23.37149994837103,41.651531115367376,31.656435607383777
2018.5687885010268,129.38076898874047,88.42342887332958,783.5004150606408,1361.302798751298,5201.199359762401,4490.233010087638,3567.003236549477,3392.149030754176,2709.7687043633355,2824.287341568904,38.27912950685015,22.74207937076185,32.43274438943187,21.0343303377296,40.95734011541089,31.65643583319191
2018.5715263518136,127.22442265929573,86.94970510418018,783.5004150799066,1361.302798773742,5189.105844670381,4479.404725654401,3581.680997951679,3404.878938934118,2471.6612111043173,2565.919626697995,34.45121434798271,20.467871381181293,29.189468079562737,18.93089725539489,40.274717555115544,31.65643570100559
2018.574264202601,125.57394364954476,85.91025261962739,784.0136879511776,1361.3860391850624,5177.009523390403,4468.581545661575,3595.3424253701364,3417.086231000177,2917.3225695971487,2994.628978453753,31.006090558193915,18.421082886723024,26.270519276294483,17.0378062753656,39.66369102991737,31.585924497690304
2018.577002053388,123.48104562745552,84.47841662032891,784.0136883735388,1361.3860390900088,5164.918834676107,4457.770693858388,3609.953911684168,3429.756818897717,50577.60182550032,50595.17243811549,27.90547946431567,16.578972054006044,23.643465284963906,15.334022873738682,39.0026290071266,31.58592382250975
2018.5797399041755,122.26858923375453,83.58729281873013,783.8951846590319,1361.2333038856705,5152.826389543698,4446.965597071267,3623.805216924784,3442.0336746907765,45519.84534619731,45535.65827401842,75.75767629317473,43.67430906392251,21.27911857426033,13.800620487868072,38.68129641502439,31.636331667385996
2018.5824777549624,122.17053275227995,83.2750994930182,783.1416619719784,1360.7461076699713,5140.74686607115,4436.175250711103,3637.164219565858,3454.051310592351,40967.832670035954,40982.07468246269,147.71984419972813,84.43678577343111,19.17624367730221,12.420555239987491,38.89543325926175,31.8370006113736
2018.5852156057492,122.95276785879132,83.3812483392259,781.7119472908553,1359.9459814503473,5128.698801844631,4425.409247665889,3650.28766336699,3465.9391910109807,36871.023602435,36883.55739753459,221.78459113636404,126.23306933610796,17.641364836691892,11.366677535153077,39.57151951956541,32.18432590717476
2018.5879534565363,124.08298775767464,83.6161474924548,779.878718218422,1358.9901876418153,5116.696748296912,4414.674498847151,3663.420626088257,3477.8227344850243,33183.59425592311,33194.84255995478,279.0345537531465,158.22964088785423,16.26127784805621,10.430689650084476,40.466840265219844,32.61272233728667
2018.590691307324,124.67414135231635,83.55743839146828,778.2827078489089,1358.1808883641288,5104.746401969852,4403.973088086775,3676.803729190189,3489.8200536240715,29864.886420724328,29875.19679200452,306.0419439395659,172.9680436154589,14.7578182657774,9.431706534960286,41.11670296084807,32.979335181187636
2018.593429158111,124.52178199689315,83.12928479986776,777.1320650688322,1357.597932094314,5092.838638338394,4393.30002258446,3690.442394957148,3501.9321289877985,26877.9349043745,26887.56253041276,308.48048731840095,173.86318846332068,13.370120604881803,8.51482527584352,41.39249719702539,33.24116996499307
2018.596167008898,125.06204077611076,83.05306241145664,775.5755947778207,1356.8080959010415,5080.960999399692,4382.649035272685,3703.764145407645,3513.877074881256,24189.94878959464,24198.306562021196,328.5132270783881,184.46073064534417,12.874479358474034,8.12020878632563,42.008978364654126,33.59051084082313
2018.598904859685,124.13970654583326,82.25010631251216,774.916729181467,1356.4710682485193,5069.124907204026,4372.025981708193,3717.609337429943,3526.0680121972105,21770.83455524197,21778.34447570893,306.2478466432495,171.61751151235327,11.59981690059963,7.308249799239697,41.889600233321104,33.74391755780022
2018.6016427104723,124.88122414054254,82.28424879551056,773.3242283214437,1355.656309355127,5057.305888589291,4361.418663143194,3730.707239309989,3537.8838471725994,19593.747136350758,19600.505477164075,297.6186466817023,165.71781989679985,44.907498355928034,26.11292769895685,42.59697534503198,34.10999182478619
2018.6043805612596,126.13114482467788,82.5771528339344,776.2003819286286,1356.766589584511,5045.53160824781,4350.8409702592,3738.7833453601456,3547.486255788786,17634.365095899444,17640.41962858334,287.68304334561253,158.74316751818057,89.83875952062425,51.487344819980805,43.55399199074347,34.53071963414228
2018.6071184120465,126.55113007083096,82.46021349995956,784.1040183546668,1360.102407646746,5033.810395392035,4340.297134852238,3742.6088365437295,3555.239112467492,15870.838778989362,15876.325336217713,271.0857531461335,148.468170336027,113.01027216570618,64.47687575037833,44.0909165708714,34.8403973525907
2018.6098562628335,125.48156759280798,81.60443807776753,789.0522010584127,1362.2133085076623,5022.128317295769,4329.780241909587,3750.840194414274,3564.9287799714198,14283.74480035834,14288.66132104713,243.97709913312517,133.62156745227404,110.26070370871037,62.80840740907069,43.87712951504045,34.96699185128389
2018.6125941136208,124.32769776826592,80.7102324322065,793.8974601865854,1364.283019748823,5010.460269975769,4319.2778196105855,3759.244752430645,3574.6835966748217,12853.680796294711,12858.873508992996,219.5504988575124,120.25077391342543,105.6186943277689,60.04349425272864,43.617465336059425,35.082661481722205
2018.615331964408,122.87502513201316,79.6712507383156,797.2458263121316,1365.7136963945272,4998.805109372827,4308.789351492648,3769.432119544294,3585.208269840945,21994.68596920931,22053.38499636014,197.5953557309798,108.22562477742284,97.44647444361462,55.29999387404256,43.20377439369756,35.160745112589595
2018.618069815195,122.06892854505918,78.95442582471804,804.0178969834965,1368.6041819858715,4987.157668637088,4298.312303337199,3775.5414861956233,3593.9395573186484,19796.090530159006,19848.04662284413,206.37689121219168,112.39024076341308,99.67385266845444,56.32034633386604,43.114502720341136,35.31980106176349
2018.6208076659825,121.45256135322816,78.33341552310736,812.9012523577838,1372.393258490482,4975.528695171274,4287.851997021981,3779.331371478983,3601.6596974308623,17816.363184038066,17863.040327897434,218.2636616779056,118.24976098315273,103.28496421040256,58.07484280569263,43.1191458301208,35.502870709094935
2018.6235455167691,121.431148405402,78.00229280575424,827.013066192638,1378.4044373154554,4963.921312503819,4277.410007531682,3777.276253259409,3606.8495308135434,16034.666731944411,16076.663676228536,243.66214616626908,131.26795495197544,114.96038414673436,64.23829498584072,43.42885559964776,35.76418091234636
2018.6262833675564,121.38745132478168,77.65998238895777,843.9667671984078,1385.6170670129177,4952.345332084654,4266.991053878802,3772.370129753429,3610.826065185754,14430.9253899078,14468.530481902948,261.57834040497954,140.2996986172938,122.62156164948335,68.14572680966778,43.72746893582391,36.023055479456126
2018.6290212183435,121.44595036036132,77.30956308993363,851.0337880067592,1388.60796327218,4940.800380735908,4256.594992321895,3777.217461258242,3619.009549782421,12987.801101246108,13021.620066363816,242.91290492290375,130.0255069821025,113.49606547318406,62.94125322449945,44.13638727042769,36.34241169793121
2018.6317590691308,121.66976365238786,77.01467560250224,852.6152196847764,1389.261976240292,4929.28803032929,4246.221489162725,3787.352466694815,3629.4518274609113,11706.90014069691,11750.13700181991,218.6207273709296,117.02313656415856,102.14607463527946,56.6464416251492,44.65508804988562,36.70187786134426
2018.6344969199176,130.80005063433518,80.62482595382944,852.8345237906427,1389.254280195037,4917.810953887482,4235.87157738847,3789.907852048812,3636.627184929096,10536.185382277168,10575.09146333159,211.77971520527595,112.9149539944579,98.7458048018071,54.54600361730917,50.175224680505735,38.36024866746854
2018.637234770705,143.17982403339417,85.65298864777748,851.3021532679703,1388.461038308417,4906.517404593651,4225.610168538515,3790.781898466259,3643.0815729717215,9482.505973578653,9517.544699777454,209.59685215003185,110.65607231725087,98.43478429328864,54.13768705522265,57.52683538561669,40.17803190776347
2018.639972621492,150.57009565000547,88.49674273475843,850.5261825834591,1388.031548034882,4895.461122067354,4215.460630128656,3795.651780060456,3651.244747568135,8534.211194567279,8565.720246872417,194.32258426320564,101.4304923903084,96.39725662470735,52.840659825045954,62.07335291524704,41.22555189148197
2018.6427104722795,149.22833329271558,87.53110511085934,850.4763734580039,1387.9981929009325,4884.558397116498,4205.386342238076,3808.373976494058,3662.7459282165655,7680.787422457488,7709.114812141383,174.89037030582344,91.28711943487548,86.75763193984092,47.55654829871133,61.69722818185623,41.34417829410142
2018.6454483230664,156.6009659744051,90.35803600130728,849.3783440782531,1387.4389647609785,4873.663182496683,4195.32357994115,3813.4224878119335,3670.968887762996,6912.688956923245,6938.14651823638,162.2169346858982,83.42017456731008,85.73207148557047,46.806957249827775,66.24292997309783,42.30046063951137
2018.6481861738532,173.82480952115264,97.44407587690417,846.4602629531139,1386.0210961012442,4862.9206084249045,4185.335495862099,3810.287199462104,3675.716700626184,6221.375652454264,6244.317269297772,165.8424590782257,82.84184156017434,97.82163890200889,53.02198718834595,76.38073364424848,43.9412152124083
2018.6509240246407,190.732795458788,104.36232360693786,844.556172447387,1385.0307669542942,4852.494122945154,4175.492753255142,3806.137689509944,3680.059424650057,5599.139670771028,5619.820642747653,169.20335359378956,82.08164274209605,103.56096836038306,55.84819300646803,86.37047185185013,45.28349288023326
2018.653661875428,196.3747925817841,106.4132448516234,843.4890412085272,1384.5015106594792,4842.37844569312,4165.792388837622,3812.1064008778426,3688.6660241177055,5611.3034652764645,5645.785556367325,155.06751148709475,74.23314972267626,94.3755171450234,50.80982642831093,89.9615477301607,45.81114844090515
2018.6563997262149,193.10210603796872,104.63996645037471,843.4890091712676,1384.5014667056273,4832.384554807497,4156.152797250586,3825.800910344542,3700.506838059843,6670.199951814143,6706.876936096108,139.56067251980116,66.80966952489284,84.93787885668091,45.72873483924892,88.46213958759401,45.81106928486845
2018.659137577002,192.01618443263123,103.80880021029148,843.0558940016608,1384.3014682942935,4822.363513578694,4146.510076760349,3837.768888348288,3711.608623201496,6003.180308718472,6036.191758026939,125.60847873817674,60.12916967646492,76.44460771830245,41.15591732889676,88.20738422233975,45.93747369940437
2018.6618754277893,196.7311141910196,105.46417361375708,841.2428893720526,1383.4763851711284,4812.351826075008,4136.879919864826,3845.306550723194,3720.836389816718,5402.845078694019,5432.561984564161,122.40668671665784,57.72847771641947,70.78400102421647,37.85162756758976,91.26694057726252,46.39171640569536
2018.6646132785763,210.2269152085058,110.86016117672496,836.6865604089093,1381.4164664313794,4802.446134798958,4127.3037337775695,3846.7006699449016,3727.504407080755,4862.550588019375,4889.300501221869,135.51711650350947,62.41035233692828,73.98618193511444,38.85620558058916,99.36675403178084,47.26642824646292
2018.6673511293636,229.41035763819076,118.65985275490716,831.4728047500145,1378.9316291553057,4792.7924625426085,4117.8437019692965,3842.8125554304575,3732.077484586917,4376.281059754368,4400.3612390175,157.21094838143017,70.57692329231352,81.00724389147078,41.684444132547455,110.7505048832836,48.276157198600075
2018.6700889801507,249.48502539923416,126.82794718315776,828.941641799625,1377.383826202642,4783.484985432788,4108.539554301806,3835.004427729626,3735.189240778821,3938.646658332775,3960.309964245104,179.10348017398624,78.67932263847767,87.88370702495435,44.22205237777781,122.6570782160764,49.164104346461876
2018.6728268309375,267.89902841924766,134.27719773518606,829.5114607546863,1376.9503227381622,4774.536692797505,4099.396877684646,3825.39679838983,3737.744070308434,3544.667979843312,3564.2237018833525,196.239788932145,84.66607397585031,94.8541996344068,46.7006743943112,133.6218306840616,49.87768394402333
2018.6755646817248,279.48402392176075,138.80895214858336,830.1085279246049,1376.6251040556149,4765.9207264738525,4090.403467165233,3822.258602041049,3742.958845097,3190.197890783144,3207.764300776532,194.79078871696288,83.07932459125864,92.5618851860676,45.03871966036825,140.6750717731774,50.33385085816505
2018.678302532512,283.17746664221954,140.00390540834331,829.462634158628,1376.0708458733625,4757.521465452909,4081.510334404929,3828.038214107508,3751.6391827797943,2871.182741424293,2886.977202706464,176.85064634441585,75.00135245159912,83.31659944573862,40.53502919072287,143.17356123387623,50.55965890632421
2018.6810403832992,279.2807431007163,138.01541587361424,829.3359744769754,1375.992900917464,4749.206766290915,4072.6615102294127,3840.804196492655,3762.9823414459406,3657.222001085268,3678.748930115931,159.16523880621358,67.50117369049498,74.98474522349791,36.4815007965357,141.26532722710203,50.581835918475015
2018.6837782340865,279.1228122609526,137.59893960144916,828.6219949467511,1375.5592979035107,4740.849952779857,4063.8037910475055,3850.4608203737066,3773.118039913965,3841.268436960466,3871.365294669336,143.2473381753358,60.75100345319036,67.485622093961,32.83332214383342,141.52387265950347,50.70308353270403
2018.6865160848731,276.3535028087233,136.09365095112415,828.32161578901,1375.377646550387,4732.513367335887,4054.963397578679,3862.294994427649,3784.07327338624,18405.525765124454,18463.51701825605,128.92242310050815,54.67589873354033,60.73697449197465,29.54998756531105,140.25985185759916,50.75378109271852
2018.6892539356604,271.74761348941365,133.82542470035605,828.3216154787941,1375.3776462727044,4724.15346913205,4046.122136340139,3875.6886822610136,3795.610661153226,83951.39102596394,84050.12159899704,116.03017279250597,49.20830459421936,54.66327327484171,26.59498650320709,137.9221887890576,50.75378106105449
2018.691991786448,267.49955084154755,131.71085859663182,828.2544412900826,1375.3436662762026,4715.739709843479,4037.2672939657095,3888.845578386163,3807.0419496278814,75556.25740910012,75645.1139014455,119.9820002197595,50.46047184783804,49.19694610373414,23.935487842985367,135.78869224491572,50.76221317670537
2018.6947296372348,268.50035812476045,131.72606142162982,826.3006835526429,1374.4742736757748,4707.278202352404,4028.401468738319,3898.6879363314615,3817.189864630703,68000.60559373954,68080.59632490935,466.5154931752482,190.66152981308275,45.48229459769896,21.85834514686057,136.77429670313063,50.940079804131045
2018.6974674880216,268.76161019685657,131.41224271872576,824.1551634309833,1373.5716957024288,4698.856549537106,4019.5601653597378,3909.4217571963222,3827.675464685535,61200.42799383941,61271.87764805651,654.1974160528313,266.1422608758338,41.36031581533369,19.68015970547138,137.3493674781308,51.104533633924945
2018.700205338809,270.0650726761078,131.47525017961553,821.0442909127512,1372.317785738128,4690.462326541146,4010.737861055232,3920.051290231265,3838.1165714934514,55080.29647994415,55144.161241320646,816.1377373962287,330.8757944816116,38.18102232117535,17.942604954904827,138.58982249649225,51.317195934738535
2018.702943189596,274.2585032202894,132.6235823811985,815.9815283048466,1370.3189632868325,4682.112819857668,4001.940727407394,3929.698028978464,3848.192095391002,49572.13666897064,49628.16803484075,1039.5113503701507,419.7402037723318,36.91679630766275,17.04709039064322,141.6349208390909,51.64285488910701
2018.7056810403835,285.4414017321206,136.4385165262525,807.0224065522658,1366.7589261813696,4673.855937312666,3993.186897023904,3936.1590347642177,3857.118928734903,44614.02496697399,44665.322501068265,1494.5401884980429,599.6914802800895,43.83379528205468,19.55499527562027,149.0028852058681,52.200866553235144
2018.7084188911704,299.44522808425126,141.33843389143604,798.9271881469679,1363.3248543866594,4665.808208953783,3984.520627103936,3938.726055176268,3864.7472530843975,40152.62177125356,40198.74988995809,1967.132299088731,782.708522941292,108.46648857767666,45.52253493726246,158.10679419281522,52.799904411343846
2018.7111567419577,311.7273184157764,145.58533261702124,808.5885371826594,1365.6170000680045,4658.015868532792,3975.959762176009,3925.002856230045,3867.196973605395,36137.25823764172,36178.82988286248,2095.3913068826205,824.18375834772,401.0263178385316,163.80576277496462,166.14198579875514,53.29721714577415
2018.7138945927447,323.56878998344683,149.66952695501146,899.9785694407028,1394.0894609188445,4650.449522171114,3967.4931053156106,3829.7655987660087,3843.534875276963,32523.329279003487,32560.78212232816,2134.330833695263,828.1919453859877,687.7856840658125,279.6293992477029,173.89926302843537,53.744139858894215
2018.716632443532,333.3438590613101,152.96813116210333,1063.7415765437872,1446.809649937101,4643.10125233256,3959.1177142467855,3664.003692423615,3796.319373120439,29270.788534282117,29304.549063025654,2139.24633872111,818.9119476682605,939.2952280095368,380.8212241691688,180.3757278992068,54.11100969645619
2018.7193702943189,341.47506436269816,155.6425235344553,1283.6464994436103,1520.2218190954304,4635.935960951815,3950.820280902438,3443.560755603148,3728.9581449341063,26343.359610853968,26374.07597985841,2128.921416710206,805.4616982923081,1074.894443547539,434.77375351372206,185.83254082824286,54.42053028822643
2018.7221081451064,350.26681458964725,158.54162190494628,1559.9840325722296,1616.7540869436095,4628.925924539772,3942.590118116205,3165.8694086596247,3638.18484150167,23708.8480406876,23736.495564496297,2142.311914156086,800.3888010661091,1247.6685155650432,503.0574622172139,191.72519268470097,54.73689904346644
2018.7248459958928,356.4510260436347,160.40761513060653,1828.0818001220384,1716.1733163644503,4622.08163632177,3934.430812677191,2898.859813082719,3545.4868242941816,21337.83666222923,21362.66347863042,2095.407869980782,775.9801804406308,1271.6104077294592,511.2223161508036,196.0434109130282,54.99869451603981
2018.7275838466803,363.608590383484,162.59008853573016,2125.1203032959243,1833.3901689854576,4615.359201027648,3926.32500128797,2608.963322313909,3434.621209657272,19203.958856738464,19226.356537127587,2071.120588599862,759.6517309981857,1388.6122101943834,554.8974369845301,201.01850184775384,55.28431042725018
2018.7303216974676,369.6177742331391,164.28725351163368,2409.7570142300965,1953.8611507411176,4608.773946991819,3918.277418612334,2347.950529526566,3320.928545601342,17282.66814240786,17302.39828211521,2012.1125825251704,732.28712403259,1457.460103388956,578.7774191595623,205.3305207215054,55.55212304048768
2018.7330595482547,375.013942404333,165.6546370369956,2647.2484893537708,2061.670941339132,4602.307391151756,3910.280521457671,2113.151165773432,3220.17616863263,15554.280810995657,15572.114801786322,1909.154624655162,690.4946399460371,1461.459236313591,577.1482083020367,209.3593053673374,55.82707246164467
2018.7357973990415,386.1974890863387,168.73771310375903,2809.402607418832,2142.274019891489,4595.948455943516,3902.328293953542,1946.6005670660863,3144.870141517637,13998.682165710205,14014.74537717596,1763.5015410360927,634.736697554288,1398.4798645466503,549.8804790666412,217.45977598257966,56.30792072134994
2018.7385352498288,432.7940876136617,183.06607997011992,2900.632516552704,2198.461340203944,4589.792587473697,3894.448422040727,1815.3578278747104,3082.662226251637,12598.196769696544,12611.45612006617,1612.9067935351047,577.6265924997823,1302.4987460337502,510.0243133622391,249.7280076435418,57.70134454019256
2018.741273100616,525.4201966309593,212.37083166637296,2912.764258296791,2225.6914253863056,4584.4303637520015,3886.8274873243854,1716.3901008350235,3034.1762240893654,12484.26975151376,12843.54185601712,1489.2596220249104,528.3357194763167,1210.45992740076,472.0201191385704,313.0493649645863,59.58076354351935
2018.7440109514032,737.5570837709796,281.950552473098,2842.600731291276,2235.617158893216,4580.627148368981,3879.718073492167,1578.6478560835385,2962.2080836079504,11235.841907884638,11559.174137976408,1546.0510308582795,538.8158648767379,1190.784260444778,461.0851401960124,455.6065312978816,61.77237549783373
2018.7467488021905,1026.161711807681,380.3715922756706,2699.859435015799,2224.315217371376,4580.369552646146,3873.785638225951,1433.4700200451466,2881.4493205934323,10112.238340759168,10403.01202005868,1797.7868187272434,604.2559563453528,1191.440718692515,457.6545495532977,645.7901195320105,62.932587729704906
2018.749486652977,1326.5347170590032,488.22369842581713,2524.056822348836,2197.3379412593117,4584.855708480703,3869.508525722642,1304.8413716262316,2805.27950305866,9099.43607292523,9362.46461573029,2180.0776004095424,707.7772057465628,1162.8035290745595,443.3685006700081,838.3110186331861,63.19555816011852
2018.7522245037649,1620.758612749734,600.5378744575978,2333.998643259873,2159.230688670168,4594.243363261282,3867.0126248016,1191.7159002438837,2733.9963805370667,8186.247380896368,8424.402521343567,2652.6850327891784,840.9604720202104,1123.556617210338,425.5455613620665,1020.2207382921363,62.9471119429227
2018.754962354552,1901.692812066693,715.4601941384605,2138.752827284627,2112.449837848014,4608.655947518423,3866.4254223323055,1092.042832645032,2666.8700141476515,7367.377569433132,7581.881786110302,3185.401982136305,997.8546031352436,1093.2752114300715,411.1972923831668,1186.2326179282327,62.37772001878036
2018.7577002053388,2166.722887924981,832.1433418528278,1942.922987456808,2057.670050442062,4627.600683837197,3867.6992574839546,1004.3257602957882,2604.1207186875886,6628.458230990328,6821.164039761357,3699.07263961921,1157.1405619882798,1063.4773126824973,396.31483026749726,1334.5795460721533,61.59438078167201
2018.7604380561256,2404.4950167539496,945.168916744104,1759.1708349780936,2000.06194788671,4651.025998008049,3870.970175725944,927.5523298146138,2545.860228109673,5965.470626524552,6138.980972734519,4123.67874065815,1297.7228250914964,1073.2636724765478,393.95632997105525,1459.3261000098455,60.69158346520197
2018.7631759069127,2598.939699573946,1044.9782472106076,1605.0685985600091,1949.1237824569744,4678.353915397608,3876.1162204756456,860.3098660231444,2492.270918323204,5368.847676014043,5525.032923818061,4355.9984069154825,1387.5705094935474,1077.0743016813046,387.1790194230367,1553.9614523633386,59.7921318689343
2018.7659137577,2769.42898814336,1138.2930626447385,1469.2247294927392,1903.14191061383,4708.851123697936,3882.910285308724,795.5951382206746,2438.57180989914,4831.943207916125,4972.427537201489,4576.331421478755,1481.4736098148655,1147.7079785238757,402.0750011497796,1631.1359254986216,58.89791478611423
2018.7686516084875,2910.01648040151,1220.0703280779262,1359.316330559494,1868.162306829062,4742.097206577464,3891.23613940332,732.0978620162438,2383.8761941561243,4348.552167869359,4474.911954239082,4655.324918191643,1535.9051506025885,1264.6277599838222,430.9631807235443,1689.9461523235836,58.07342204778212
2018.7713894592744,3027.9546289663604,1293.5443634845649,1270.7712121553711,1843.241439393994,4777.60287448648,3900.9063804673983,667.6270639464981,2326.0806851204748,3913.642009829057,4027.296635542427,4597.783257108359,1547.9220075915198,1424.804828393158,474.7962559372163,1734.4102654817955,57.27992912740121
2018.7741273100617,3128.417520615673,1361.9693343617687,1199.8712236450951,1827.28810824241,4814.973158493663,3911.775537952076,601.1217768002829,2263.167787910178,3522.132103351971,3624.500569800948,4437.293133592178,1524.492082098831,1603.7845876754045,527.6947233492829,1766.4481862539042,56.464591909914475
2018.7768651608487,3211.8965364610413,1425.125571818201,1145.3608270265477,1821.470597726072,4853.918969534063,3923.757789312344,540.999145690278,2194.27470960982,3539.2441592690834,4456.960431884699,4271.249642041977,1497.4740803919874,1715.1781726297252,560.4782169177876,1786.7709646428402,55.629779613373074
2018.779603011636,3228.8196504445373,1448.6771249603826,1120.7077572918042,1822.509795579064,4894.151986278425,3936.7596550546696,508.92411098115946,2157.109992872321,5050.016275902315,6422.525047098637,3950.1942982573846,1450.1683765710402,1624.4251089493314,529.373481710955,1780.1425254841547,55.13291909131773
2018.782340862423,3244.0124150296706,1473.5379639570708,1096.7718297802364,1823.0343568608007,4934.55687631482,3950.1184539145866,477.69028387119965,2118.793693733979,5644.016101208424,7474.868613581887,3982.2141056376554,1558.2084828394095,1575.0172967110277,513.4276820626197,1770.4744510725998,54.57668543036098
2018.7850787132104,3273.508685452615,1511.5848198132974,1068.8250483225097,1824.4272396385693,4975.104261634496,3963.855138181159,436.0213095863099,2066.045170833412,5079.682021872804,6727.3988038199,4385.307125714176,1867.353669411077,1621.859660606194,532.1883027252597,1761.9238656393175,53.823711342794354
2018.7878165639968,3302.2724977470566,1551.782359595477,1042.636969332201,1829.698116670937,5016.028857145814,3978.1869249254983,392.9488807712213,2006.672867274526,4571.200683320267,6054.481417386257,4647.195663808474,2100.276220971765,1638.4095232774318,543.8912457789207,1750.4901381515797,53.00865205236196
2018.7905544147843,3328.093796277205,1591.7718483275569,1015.9465133976668,1836.894911330375,5057.323915054758,3993.149784197239,353.6509344554018,1944.951624611268,4114.042924219305,5448.922548362149,4823.868216485723,2283.348484950039,1710.299350725802,576.2008215607266,1736.3219479496481,52.17166505018255
2018.793292265572,3350.082991664214,1630.3435773219728,989.4086983452844,1846.7717247505093,5098.933675632519,4008.734476218389,318.25130980492816,1881.346290175565,3702.2369261168888,4903.575044028145,4879.456858902827,2393.884988602392,1746.1025259793505,596.8659313805804,1719.7394143422414,51.33423317038274
2018.796030116359,3370.4720215875736,1669.2741453731014,959.207759579077,1854.586368155266,5140.797712218043,4024.9220320346135,286.6300758708462,1818.8414229034545,3331.856891382418,4413.143397715661,4808.87886866518,2421.32878364197,1727.4987717688016,605.4729566392025,1701.1978762144722,50.473579525907674
2018.7987679671455,3372.465095518868,1693.888921445257,931.6723850999224,1856.3050658213208,5182.887854166556,4041.716075293517,270.510134470195,1776.1418059063417,8225.968905060707,9875.045502815168,4524.613148731444,2315.1376391467256,1644.2066013365954,591.3604254911999,1678.5761740736111,49.77297396803317
2018.8015058179328,3326.669908159999,1675.5730069001238,926.0858585636942,1855.4466413424605,5224.895913338063,4058.874359291521,280.3116891937861,1778.58576093233,76145.25876622346,79268.91392097993,4072.1538746469546,2083.627399874399,1479.786318914497,532.22509768675,1651.0969012598753,49.63212301917586
2018.80424366872,3325.7975526298783,1703.1442245523613,895.4147578958602,1843.2791346136269,5266.025794455536,4075.680378825085,271.1531642742684,1746.8039304753622,68538.35433585904,71342.0530992831,17725.581611590747,7847.746225934263,1518.3802039281168,579.8638976942642,1622.653328077517,48.78990084030828
2018.8069815195072,3339.0357805627696,1748.512050927926,858.9897401007213,1832.5308608490936,5307.028347974039,4092.899784731832,253.76530061801208,1695.3928719575872,61684.14677190408,64207.687602202415,32311.74936495116,14133.745721748634,1658.0587690640998,678.3498662119938,1590.5237296348434,47.63422239718475
2018.8097193702945,3337.004371933579,1779.5155292160796,833.9542130239295,1834.415286642546,5348.139118844344,4110.82648174355,240.1493654536906,1645.0061708642625,55515.59425717326,57785.161363642,40753.27828680156,17902.93973149253,1688.6343496523205,719.8279535939097,1557.4888427174994,46.673263475979056
2018.8124572210816,3342.808725937009,1822.9120525853607,806.6498197027729,1840.443905329756,5389.1034962152125,4129.222470928072,221.1129274005487,1577.6129396232502,49963.72414611423,52006.5564141564,49364.911138897565,21856.443351690705,1766.1597330380314,785.9856088062322,1519.8966733516484,45.46765304154853
2018.8151950718689,3343.9365383144286,1865.6839082367587,782.6820376805783,1850.0729486388843,5430.052516395253,4148.289189650738,203.43177686528205,1506.573221940062,44959.87870418824,46804.002373778174,55080.99839900813,24617.32607438277,1831.590402048501,843.7883369416986,1478.25263007767,44.20695827029091
2018.817932922656,3340.7697303771865,1908.447460273506,761.4668114242758,1861.059676468602,5470.9080912033005,4168.013279766245,187.38613625078236,1433.52675195809,40463.058332670495,42119.29769969048,57657.07162048367,26081.767395692827,2658.538901782598,1230.0669616648472,1432.3222701036805,42.87401963325277
2018.8206707734428,3332.755773470603,1949.721381257516,754.6906926436714,1902.78919194727,5511.599070443371,4188.400677733211,168.65297549548515,1330.563817528449,36416.007117051726,37906.76678012252,53221.051505724754,24559.250187328915,7852.414912713754,3441.323505092371,1383.034392213087,41.498222078626796
2018.82340862423,3321.405584260255,1991.4261969443287,821.7874461664584,2133.9446222919632,5552.045169295596,4209.420526189033,151.7843087773007,1197.526311728605,32773.67854109547,34115.798478391305,48426.33024495658,22899.44670543641,12933.975263985963,5610.413248174389,1329.9793873159265,40.04266728575818
2018.826146475017,3301.8155004920577,2023.1611583189035,935.3193441783644,2474.482138052829,5592.191914373272,4231.078077485575,136.5998722995353,1077.7689570188982,29495.0139414286,30704.084031077025,43726.69368143382,21156.225783882284,15973.82265253603,6928.130432806814,1278.6543421731542,38.725796216735944
2018.828884325804,3277.884612571177,2046.673166275684,1061.948332232589,2844.983498505391,5631.902973051319,4253.203004367009,122.93336565240268,969.930062747144,26544.10485709277,27631.90937806315,39377.79693077332,19432.426079806675,17764.77496592155,7742.614514553461,1231.211446295493,37.5611588514621
2018.8316221765915,3249.3068775548877,2061.512874958086,1173.5610925699173,3171.1301638252826,5671.105094687818,4275.660706480414,110.63846068658304,872.9075500541628,23889.35571808774,24867.877844932547,35439.53124577309,17645.2212858156,18280.471807773003,8012.5273616027425,1187.7940025968019,36.555303865008284
2018.8343600273784,3215.97592007828,2070.005641216918,1253.8315074405184,3405.204688738509,5709.723309815148,4298.30500671089,99.57382528733648,785.6111155594863,21500.249711883127,22380.928259977,31895.325285278905,15880.6066555322,17697.853483882114,7798.126094218795,1145.9702788613622,35.63367100191061
2018.8370978781657,3184.5438577292703,2085.1203461100854,1326.327921665398,3616.061389349492,5747.685141071417,4321.028672940734,89.60755826536426,707.0226496363616,19348.306376881414,20142.05441259168,28702.9468903708,14292.003555517143,17142.295455315023,7614.215155478859,1099.4235116191849,34.52373591749261
2018.8398357289527,3138.6487981942328,2067.685412098229,1346.8575619726078,3675.6504840835632,5785.015216276135,4343.941911694316,80.645170756479,642.4981715617029,17412.98671690151,18127.456698494363,25831.926743477336,12862.524860992708,15428.34001010255,6853.135213196766,1070.963386096004,34.121797466227
2018.84257357974,3090.9401608132143,2045.206266711048,1357.3058278992637,3705.6962460515297,5821.484245553965,4366.503285604244,81.87365955358075,612.7998465202216,15669.998032051702,16314.049056473546,23246.226957808296,11575.802665676189,13884.022718338136,6167.577771380992,1045.7338941021662,33.832227079641605
2018.845311430527,3057.67613841538,2061.38334157649,1386.468447991158,3780.2469405825273,5857.050965757086,4388.627113613534,73.68703330051063,551.5194986358912,14102.935375982092,14682.611079828885,20921.511020665934,10418.21630122726,12916.429205902185,5806.472893642749,996.2927968388904,32.583332954130725
2018.8480492813144,3064.833780057093,2186.1037844945395,1388.0054447043926,3779.972440942117,5891.965787672416,4410.959696911144,66.31799348911657,496.3625701938794,12692.57743000237,13214.217429486356,18829.26436964956,9377.589301659733,12597.443338877229,5778.856940449,878.7299955625535,28.67137530525992
2018.8507871321008,3084.1494488355083,2341.012757493162,1353.0878657882215,3684.98798612267,5926.903949095457,4435.307534894444,59.68877265202742,446.7197573891396,11423.504278142324,11892.62455712805,16946.0763075474,8439.706566559686,11603.11405420802,5387.358589810508,743.1366913423462,24.095352824842344
2018.8535249828883,3060.478577641468,2377.0357453897414,1334.5894489975633,3635.317474180629,5962.06826613906,4462.172531547412,67.12196162733574,433.9320280258673,13222.443075473891,19178.398223101067,15251.401444267289,7595.722748248611,10442.776068297106,4848.6259672112665,683.4428322517265,22.331240520507613
2018.856262833676,3124.2447755686667,2648.6773963474443,1256.600295605591,3411.341734201219,5996.741864264102,4489.564632887654,60.41003710294478,390.5391822344583,11900.260283054084,17260.715877313043,13848.08831244946,7736.892348638269,9793.963452287806,4626.28720919244,475.5673792212224,15.221834823574632
2018.859000684463,3220.622992924425,3009.127642565039,1149.9014172168038,3107.4917206388927,6032.381895275563,4521.407862565774,54.3681418553711,351.4840783764199,10710.058630716396,15534.591892222554,12927.928285040054,8383.191826036287,9423.65953772199,4550.400402503055,211.49535035938607,6.566908043072181
2018.8617385352495,3326.060373602676,3394.819519473578,1037.1610466453826,2797.5958805677533,6069.530863111221,4559.169282357196,48.93092384053675,316.333500976739,9638.973216729491,13981.036814558009,12347.609649221238,9441.001740805996,9273.267960573365,4580.2763856244965,-68.7591458709021,-2.067284960207277
2018.864476386037,3398.205809970027,3689.924037992419,944.7063263338108,2534.914677215293,6108.335397817429,4603.256153130356,44.03751840431112,284.69871711871866,8675.014226457955,12582.869764991889,11531.713706251849,10083.632688047162,8408.403342741914,4217.301409509572,-291.71822802239194,-8.584477937343205
2018.867214236824,3458.3104527338214,3952.955141536966,859.3745163512606,2294.5780368864807,6148.236553610012,4652.135353020127,39.63356913594623,256.22365381939585,7807.473912198908,11324.35333516242,11026.60900725926,10958.517780746435,8152.969614503862,4184.7420047908045,-494.6446888031446,-14.30307358357964
2018.8699520876112,3498.4519433357204,4152.098989454968,788.1318691306773,2099.126569714374,6189.0298406769125,4705.249948922412,35.6698486404927,230.5862711464731,7026.654898464557,10191.254280296896,10440.374600060048,11495.444267286774,7666.752678320121,4031.3304941201873,-653.647046119248,-18.683893810929572
2018.8726899383985,3527.887410571396,4314.448772042334,723.4187189145877,1929.3056274711803,6230.378442269222,4761.558416048067,32.101018540588065,207.5259915140657,6323.630606465508,9172.073188432289,9827.45384721906,11771.659712997094,7404.833753205255,4116.571313457936,-786.5613614709382,-22.295534690647695
2018.8754277891856,3510.178861036897,4352.710636640499,693.2640476953671,1850.1462102629887,6272.10701535189,4820.420071137156,38.6635692752453,189.9908465253544,8451.357963762952,10052.859821049306,8844.707838230544,10998.42961890232,6667.397460591547,3782.48780812178,-842.5317756036015,-24.00253118026926
2018.8781656399728,3491.091745437455,4387.523492373229,667.1665799946198,1772.0766284117565,6313.426166005153,4879.75852334861,42.95690192217451,174.3371928800017,7606.328345855212,9047.714449432697,8394.814823120703,10523.696939536374,6128.923743556918,3685.987237558416,-896.4317469357738,-25.67769088587632
2018.88090349076,3483.022831359604,4441.997269632961,635.9487158488319,1680.8532232673722,6354.314015073583,4939.514667016851,41.78373107738523,156.90338938387933,19120.716450392694,19453.692050233625,8209.673887209468,10329.937647921195,5859.754269896703,3877.739624993295,-958.9744382733575,-27.532820906000783
2018.883641341547,3477.5470787547997,4493.40831244099,603.3138302079986,1594.4743301279202,6394.955323350383,5000.0149949665,39.680961046224176,141.2129497530661,17208.715117920943,17508.401320944526,11459.099070517132,13305.31412622681,5578.520966188232,4119.895901604685,-1015.8612336861902,-29.212005205978066
2018.886379192334,3457.952619418377,4511.853548770328,580.3446803932063,1533.0345646502535,6435.394048287331,5061.205664968579,42.23374526048951,127.08990447000416,15487.820937298477,15757.80230699146,13159.014383908569,14814.699682065822,5271.871182630407,4208.3242603025055,-1053.9009293519516,-30.477598895765563
2018.889117043121,3407.629407337312,4454.836494943675,576.405378958523,1521.233132324826,6475.395377745231,5122.536904317015,56.92282931833733,135.00506713157696,181835.92545703423,180284.8430817522,11843.119841396108,13333.246041698249,4744.68433915485,3787.494148809317,-1047.2070876063626,-30.7312492770345
2018.891854893908,3358.872710534002,4400.951777520833,573.6455595902862,1508.7413180064814,6514.448406137437,5182.749998987482,69.81421709767771,141.5964042022946,163653.06314980742,162263.22744176432,21896.547178869667,23690.30021374561,4270.215116349869,3408.7384331220564,-1042.079066986831,-31.024666809155704
2018.8945927446955,3309.6845341855837,4345.143118481992,572.692789940417,1498.6504007154826,6552.587385155677,5241.916126688757,82.2440840777236,148.7577528308606,147276.74155007952,146009.3623592697,29021.581929915366,31054.72465020856,3842.90616847384,3067.287739049084,-1035.4585842964084,-31.2857184302976
2018.8973305954823,3264.0117641660736,4297.802867706972,573.2681689176233,1485.011816628009,6589.796835916749,5299.973906051018,90.55992435895404,152.1067083310908,132548.47196823554,131408.215653994,39641.51910327811,42084.308453621525,3458.6000150962705,2829.134479125883,-1033.7911035408988,-31.67240740031534
2018.9000684462696,3216.7937838546954,4245.922888787745,574.8931139100143,1474.787297651426,6626.144007170023,5357.084024359127,100.2336884246684,157.52898791878988,119291.55484287823,118266.55170480863,45176.79850914763,47847.75229502858,3112.6860027425228,2607.895925580565,-1029.1291049330498,-31.99238664593043
2018.9028062970567,3164.925708168438,4179.5030266982685,575.3390043289577,1472.714411658487,6661.603830240925,5413.172538816742,116.62395062107832,170.36112154358543,107361.78247370444,106439.7993548361,40660.70604009176,43062.9612203266,2801.4013060316674,2347.104084257656,-1014.5773185298303,-32.056907873422794
2018.905544147844,3112.744624882757,4111.013623438625,575.4833817180482,1472.231825139618,6696.108169081332,5468.001558318185,134.58421767726375,184.93199182065163,96617.48276073132,95794.65104726236,36591.56100276475,38756.19240586044,2521.049261246172,2112.3679120465567,-998.2689985558677,-32.070379001729634
2018.908281998631,3060.858191470728,4042.487484826215,575.4840841886372,1472.2309978954363,6729.653108243153,5521.550559926297,153.35290945688283,200.3378560691312,86943.07164287742,86204.52677945545,32927.60915579775,34876.26072642265,2268.6139223742503,1900.8960756299207,-981.6292933554873,-32.07039437798388
2018.9110198494184,3010.335928440964,3976.102497937388,575.7287146442502,1471.871915192551,6762.234390114258,5573.80431768205,171.477160159929,215.25606790509067,78244.3306945385,77579.23583429698,29633.1690505427,31386.67720821361,2041.6368389835536,1710.699779433495,-965.7665694964239,-32.08168764064112
2018.9137577002052,2961.3875533064243,3912.258356940853,576.4371805428119,1471.0443222088402,6793.886803890214,5624.8086095623485,188.4925556199552,229.35141000503376,70413.5294584352,69816.74711760065,26667.441215363568,28246.162603679448,1975.303262498255,1701.6558849682654,-950.8708036344287,-32.108961982121194
2018.9164955509923,2920.40745847281,3860.974008557837,580.6542742024272,1467.499189543033,6824.629888743939,5674.602486666579,194.94037194023312,234.81491394962137,63372.16662655923,62835.06872904069,24703.99317503825,26203.394599410363,6336.694029972804,6336.07952657003,-940.5665500850268,-32.20668908224485
2018.91923340178,2879.0552599998077,3806.660573492123,605.0485192556268,1487.4783940890136,6854.605886164027,5723.405352701521,182.35022793994776,220.77417843441015,67093.49619815743,64545.70071886525,22332.783882078373,23702.514558693914,8430.767148803576,8587.102446506393,-927.6053134923154,-32.21908680878801
2018.921971252567,2835.205120751092,3748.172448595282,621.5526864594824,1502.5179494042104,6883.810536071208,5771.169517504834,180.9194500776269,216.8864832127418,60384.373976404975,58092.4851187701,20099.46742178401,21332.21855850533,8488.219155680628,8693.38678616742,-912.9673278441896,-32.201103234545855
2018.924709103354,2787.951535379589,3685.70301296232,621.5527903175232,1502.5248897745464,6912.204414618601,5817.830010900529,200.206953043695,233.1163850796732,54345.75888075044,52281.84989722354,18089.461527918316,19198.48735776585,7639.4039311961,7824.47228116225,-897.7514775827308,-32.20111491143618
2018.927446954141,2740.6981167004046,3623.2334721524,621.5527903175232,1502.5248897745464,6940.59807840444,5864.48812837482,219.4946079370408,249.35570841530287,48307.32148310994,46472.60138534653,16079.514785739912,17065.265501915317,6790.582015628037,6955.133602545507,-882.5353554519952,-32.20111511276191
2018.930184804928,2693.44469802122,3560.763931342478,621.5527903175232,1502.5248897745464,6968.991742190278,5911.146245849112,238.78226283038651,265.5950317509325,42268.88408546944,40663.35287346952,14069.568043561512,14932.043646064789,5941.760100059974,6085.7949239287655,-867.3192333212578,-32.20111532115165
2018.9329226557152,2647.5460472755576,3498.2943905325565,621.5527903175232,1502.5248897745464,6995.896820798935,5957.804363323404,258.20373496739256,281.83435508656225,38154.11594962073,34854.10436159251,12405.378494940183,12798.821790214257,5238.953313659614,5216.456245312023,-850.7483432569989,-32.13346729634624
2018.9356605065025,2603.420221909923,3435.824849722635,621.5527903175232,1502.5248897745464,7020.855811139895,6004.462480797695,277.7984699920667,298.0736784221919,34338.67320465749,29044.8558497155,11164.828047043393,10665.59993436372,4715.052661840237,4347.11756669528,-832.4046278127121,-31.97350242605256
2018.938398357289,2559.579696383911,3373.3553089127136,621.5527903175232,1502.5248897745464,7045.502974082322,6051.120598271988,297.4197325756506,314.3130017578216,30671.24627463409,23235.60733783849,9972.405830424184,8532.37807851319,4211.477190475581,3477.778888078539,-813.7756125288024,-31.793329728254893
2018.9411362080768,2516.583016366192,3310.885768102793,621.5527903175232,1502.5248897745464,7069.22805229171,6097.778715746279,317.1192343839834,330.55232509345126,27434.96440517694,17426.35882596148,8920.165691206812,6399.156222662656,3767.102440734,2608.4402094617967,-794.3027517366008,-31.562747843841464
2018.943874058864,2474.4131941888963,3249.4205164338778,621.5527903175232,1502.5248897745464,7092.0506957208345,6143.309239469211,336.8943131321532,346.9149530394355,24589.055712902256,12622.645303391237,7994.850946465717,4471.709383728602,3376.3299423265494,1822.9510425257245,-775.0073222449814,-31.32085312449306
2018.946611909651,2433.052327552184,3195.2634889695905,621.5527903175232,1502.5248897745464,7113.992019899001,6180.635285011957,356.74175559069766,364.17383496098034,22081.297729624457,17219.492568605656,7179.482047377008,4024.5348974015433,3031.989010085399,1640.654492381345,-762.2111614174064,-31.327364100888143
2018.949349760438,2392.4829351021917,3142.0090949552077,621.5527903175232,1502.5248897745464,7135.072638281805,6216.956431956964,376.65842965788687,381.53498203035616,19866.460799385168,18035.559223928856,6459.3432362753565,3622.081282242294,2727.864987406927,1476.588992014472,-749.526159853016,-31.328380606443112
2018.952087611225,2352.6083068575213,3089.6422919354727,621.5527615848129,1502.5248790704336,7155.399209872325,6252.290493145517,396.6344150447466,398.99563456564965,75555.64492160769,82789.52068547705,5813.408891065478,3259.8731423108247,2455.079172977739,1328.93031891099,-737.0339850779515,-31.32837637823523
2018.9548254620124,2327.388564470437,3051.052036883153,616.5683521048402,1493.46169096089,7175.005514948556,6286.65497015181,407.6601618355736,412.7125007212186,68000.08105041292,74510.58065358218,6249.531475328077,4364.859694759095,2319.133274471514,1382.2158835089442,-723.6634724127161,-31.09336719532156
2018.9575633127995,2301.112271646627,3011.479083321621,612.172969509713,1486.0158865469248,7194.138460231473,6320.284945410641,419.62679197159343,426.5291834378824,61198.980789992245,67056.35592196298,6381.197720344373,5014.272913159521,2154.223909834282,1371.2414157746766,-710.3668116749941,-30.870584648469617
2018.9603011635863,2297.913339000628,2991.926850728372,599.9138505422596,1466.9708237209002,7212.780383267685,6353.160438166733,416.8708205488364,432.6788861010656,55079.05465775859,60350.69666240686,8345.826825834087,7797.236610583503,2368.9738125856657,1664.7254426570632,-694.0135117277437,-30.20190100073891
2018.9630390143736,2272.208862639966,2952.306558651808,596.6507376191183,1462.0516684836716,7231.317900131105,6385.620143512131,427.7287929692184,445.1865280694568,49571.129497415546,54315.3418971793,8002.711848723216,7744.218384019891,2166.6571184769277,1552.8447469677567,-680.0976960118419,-29.931125927467356
2018.965776865161,2234.338693424097,2903.107946906159,596.6507336952228,1462.0469035823364,7249.376259871267,6417.335202461814,447.9685063688197,463.1027457667572,44613.96839556968,48879.941837383536,7202.438312480337,6970.595955970646,1949.9896674912616,1397.5291306905424,-668.7692534820621,-29.931417982883396
2018.968514715948,2196.7682810145984,2853.915872087571,596.6507336952228,1462.0469035823364,7267.111347315363,6449.031046344767,468.2317313342236,481.0268767023933,39892.26545955078,43457.04785245059,6440.1712191189135,6197.4038809956455,1743.613249568432,1242.4915483505715,-657.1475910729728,-29.91428803630863
2018.971252566735,2159.5293027908638,2806.349086539484,596.6507336952228,1462.0469035823364,7284.489020717532,6478.929414784817,488.5209361557887,499.1231938104301,35430.86861999381,42259.51618025111,5719.927387870879,5577.520050835755,1548.6142828193058,1118.2136310501985,-646.81978374862,-29.951887335481096
2018.973990417522,2123.459666288697,2759.5765739666226,596.6507336952228,1462.0469035823364,7300.60713117872,6507.95143868244,508.9003621967652,517.3015824856674,38178.79402507141,38033.5603633264,5138.721866825484,5019.765872256844,1391.258583526319,1006.391832190187,-636.1169076779256,-29.95662775124459
2018.9767282683092,2088.0686702871226,2712.8040891909645,596.6507336952228,1462.0469035823364,7315.996463922047,6536.973431910743,529.3299254550125,535.479974033023,34360.91533721408,33807.60874530128,4624.84952898954,4462.013867173268,1252.1326842503863,894.5704690851671,-624.735418903842,-29.919294695319426
2018.9794661190963,2052.6776758489777,2666.0316044153064,596.6507336952228,1462.0469035823364,7331.3857949871,6565.995425139045,549.7594888281048,553.6583655803787,30543.03593470694,29581.65712727617,4110.977342306992,3904.261862089693,1113.0068258977544,782.7491059801472,-613.3539285663287,-29.88067419365529
2018.982203969884,2018.121039852712,2619.2591196396484,596.6507336952228,1462.0469035823364,7345.881127554473,6595.017418367348,570.2486922569958,571.8367571277344,27265.205704305925,25355.705509251064,3669.793757467817,3346.5098570061177,993.5606941113692,670.9277428751274,-601.1380797869363,-29.787018118140672
2018.9849418206709,1983.9097452552287,2573.63566223672,596.6507336952228,1462.0467459506183,7360.006433672539,6622.773689679025,590.7625807364125,590.1320008507042,24210.90211083523,21752.401801850967,3258.696023237117,2870.936590362527,882.2600115215937,575.5844714036441,-589.7259169814911,-29.725440806563668
2018.987679671458,1949.6984506577464,2531.441000317504,596.6507336952228,1461.7116422111112,7374.131739790605,6647.523088169507,611.2764692158293,608.3402680189461,21156.59851736453,19577.13739486569,2847.5982890064183,2583.839733811037,770.9593289318183,524.7868730180054,-581.7425496597575,-29.83756536624943
2018.990417522245,1917.1752696723488,2489.2516742768485,596.6506806143689,1461.708878074684,7386.453860179518,6671.505546621025,631.9054828931711,626.9777997445117,19025.45348574092,17618.248036415047,2560.75421333182,2325.3005992881417,693.2991066511967,472.28413368696647,-572.0764046044997,-29.839546423017925
2018.993155373032,1886.0974851007013,2448.232953916826,596.2007226226491,1461.4296351598102,7398.171047649193,6694.751079889164,652.1439379868606,645.4581297512636,17122.49131828142,15847.225040355495,2304.622753381572,2091.55658975828,623.9541727004021,424.809499398618,-562.1354688161246,-29.80415769899144
2018.9958932238196,1869.2308395703624,2415.801127722423,588.6422260715423,1456.742909783337,7409.337177725806,6717.2131995298905,665.8308499916924,660.5424616814174,15410.19590980907,14262.497593885277,2158.3315879013,1896.492608629982,850.6553870739331,747.0753554829417,-546.5702881520608,-29.240384685590172
2018.9986310746065,1855.0484047957716,2385.2604542997506,583.8820797923637,1455.3131768802723,7420.1915426273235,6739.073908981893,674.3469661439466,671.0800585551524,13869.13704850663,12836.068544994789,2019.4877188266064,1733.1981942753594,1121.5752340848633,1076.5637513176248,-530.212049503979,-28.582113983292622
2019.0013689253933,1839.6340074607376,2354.405424580841,584.3616763071826,1458.2966307869858,7430.780915084111,6760.369740958322,679.1202945073717,678.0837023909178,12481.533667470678,11551.281424932858,1858.8148667748724,1583.240859023388,1316.486191538637,1290.1140513224898,-514.7714171201035,-27.982273377879487
2019.0041067761808,1815.0233258121905,2318.604934126586,586.197688458079,1460.8725046974437,7441.083215146207,6781.088580251336,692.0205639429284,691.0173796417026,11233.362272263756,10396.083765708976,1672.934031539033,1424.9167048034376,1239.1023962613742,1219.7794608511747,-503.5816083143957,-27.745186585359825
2019.006844626968,1790.3291089744805,2283.0551517225467,588.1125228915267,1463.4985462209822,7450.948053788045,6801.160908488583,705.3630077053534,704.2966922849537,10109.747248693291,9355.195881975424,1505.599238809772,1282.2498355415005,1155.751193516537,1138.9985308610674,-492.7260427480662,-27.521534464146924
2019.009582477755,1773.9387421710155,2252.270371213602,593.2580759953007,1470.4890128551654,7460.373472525956,6820.578604620901,707.6103026671344,709.1012100273972,9098.797329259534,8419.686761405768,1400.0742976513734,1205.4817628260016,1241.586937178807,1212.6125593774125,-478.33162904258666,-26.964382572601448
2019.012320328542,1747.034817699932,2216.111084584316,594.892777831513,1472.385756248397,7469.499784578777,6839.429928050468,724.1811132491866,724.94032983389,16536.479845890357,16403.765601052477,1260.0678269760954,1084.933577944145,1117.436896394814,1091.3513116855372,-469.0762668843838,-26.84985222572431
2019.015058179329,1717.9175214286563,2179.175877136109,594.8928010182168,1472.3857561322131,7478.152736333629,6857.626973175658,745.0733345789046,744.1063922730875,25454.72664867364,25593.805001520635,1134.0584486814737,976.4397675005088,1005.6909051226052,982.2157251902656,-461.2583557074529,-26.849854545045954
2019.0177960301164,1689.2855625459504,2142.856277173172,594.8928010182168,1472.3857561322131,7486.296605537145,6875.158554196832,765.9893242580916,763.3223112148474,23290.902214132257,23432.18146963007,1020.65259882173,878.7957553137437,905.1218101837624,883.9941170249057,-453.57071462722183,-26.849854440455758
2019.0205338809037,1661.1308039544167,2107.1420069662177,594.8928035125574,1472.38575952979,7493.94096614252,6892.036775994965,786.9276197499083,782.5862562260943,32449.255927976745,32588.680703403574,918.587273358252,790.9161665609786,814.6095710074301,795.5946850975708,-446.01120301180094,-26.8498544455407
2019.0232717316903,1634.2479530853152,2072.515083213916,595.1485498468729,1472.693599621598,7501.095136521573,6908.273520645541,806.8284539056463,801.0964952360142,29204.34028180277,29329.915965639422,848.0772849728073,743.3406441588744,733.1485752687068,716.0351650746429,-438.2671301286009,-26.817664314719895
2019.0260095824776,1607.0104845781034,2037.9731592368423,595.1485503164317,1472.693599880408,7507.78166328272,6923.8886693754375,827.8072951821503,820.4511702243785,102901.62362503613,103000.37932544168,763.2695426206649,669.0065727864995,659.83360528452,644.4315532746052,-430.96267465873893,-26.81766415306754
2019.028747433265,1580.226976393066,2004.0069402856195,595.1485497462729,1472.6935989155768,7513.995908165884,6938.885332921005,848.8044590541846,839.8486265948675,92611.48681949206,92700.36787504656,686.9428105301762,602.1064522260524,593.8502193317553,579.9883722079419,-423.7799638925535,-26.81766418516971
2019.031485284052,1559.6909542844974,1975.0304206672777,592.6857364417057,1470.778438261549,7519.746735079113,6953.274804640225,866.4803675540944,856.7787351480146,83350.33636255388,83430.32973806062,1515.328911818419,1460.6978057695055,534.4651860168286,521.9895265439658,-415.3394663827803,-26.62960025778413
2019.034223134839,1533.696155946542,1942.1132645185237,592.6857098937813,1470.778420597391,7525.139552601039,6967.1419366641685,887.5102749180505,876.2566769369827,75015.26616678695,75087.25008431221,1363.8094849669758,1314.6412226579405,481.01843298554434,469.7902818322192,-408.41710857198177,-26.62959719814395
2019.0369609856264,1508.063925223584,1909.196090840736,592.6857098937813,1470.778420597391,7530.157371235522,6981.0090423840375,908.552587006526,895.7346448949011,67377.86074180224,66744.21711050614,1224.9584577940072,1168.5714420809898,432.0452975515734,417.5913291778227,-401.13216561715194,-26.599148677180946
2019.0396988364132,1482.502322624475,1876.278917162948,592.6857098937813,1470.778420597391,7535.102153142574,6994.876148103907,929.5973076985838,915.2126128528196,59876.33412512354,58401.18413670008,1088.5775092973097,1022.5016615040392,383.94345425301896,365.3923765234261,-393.77659453847286,-26.561617376853064
2019.0424366872005,1456.940720025366,1843.36174348516,592.6857098937813,1470.778420597391,7540.046935049625,7008.743253823777,950.6420283906414,934.690580810738,52374.80750844485,50058.15116289402,952.196560800612,876.4318809270886,335.8416109544645,313.1934238690295,-386.421023459794,-26.522769124955627
2019.045174537988,1432.266366106052,1811.2231939883,592.6857098937813,1470.7784035921927,7544.076141575869,7021.77784748575,971.7150757837107,954.2224536508236,46443.544950342766,42899.152998648,844.3636638525925,751.0939476853432,297.80873088734984,268.4026285072566,-378.95682788224804,-26.4585440844031
2019.0479123887749,1407.984020772296,1782.215131036879,592.6857098937813,1470.0646973886508,7547.700824073872,7032.727156642036,992.8006386194631,973.4228136495012,41206.06419949828,38609.23337534078,749.1440077725312,747.4835232860642,264.2245697919034,251.5498859159472,-374.2311102645831,-26.579215725709222
2019.050650239562,1383.70167543854,1752.5114910986604,592.6857098937813,1470.0646869367877,7551.325506571876,7043.163073179591,1013.8862014552157,993.1184475020282,35968.58344865379,34748.245993933764,653.9243516924699,672.7362522778535,230.6404086964569,226.3947895342076,-368.8098156601204,-26.65385337075874
2019.053388090349,1360.0604863147248,1722.929832766107,592.6857098937813,1470.0646869367877,7554.292802293879,7053.469944139592,1034.987994857028,1012.8211348745808,31592.852260241736,30982.41389558529,574.3716732635705,599.828830758848,202.58202182442784,201.8593391722098,-362.86934645138217,-26.6803829758063
2019.0561259411363,1336.9987917240824,1693.7213079144626,592.6857098937813,1470.0646869367877,7556.665933852818,7063.382131804443,1056.1044578887318,1032.5453720613743,27995.99391537636,27507.58929619192,508.97923809432353,532.5552055310627,179.51798095478213,179.21986021878905,-356.72251619038025,-26.6808405810435
2019.0588637919236,1313.93709713344,1664.9820428022535,592.6857098937813,1470.0646869367877,7559.039065411756,7072.798530307185,1077.2209209204357,1052.2961386708423,24399.135570510975,24379.531638958797,443.5868029250765,471.9950808818048,156.45394008513642,158.83966611593104,-351.0449456688136,-26.717028268299398
2019.0616016427105,1291.2904435685348,1636.7533543370123,592.6857098937813,1470.0646869367877,7560.9896125084915,7081.675486904468,1098.344927388605,1072.0757705387998,21215.24859001412,21628.7727093396,385.7023651475204,418.7395603286986,136.0379847147114,140.91768009405212,-345.4629107684775,-26.753308094945428
2019.0643394934973,1269.6687655582105,1609.2002626298238,592.6857088658062,1470.0646818195544,7561.897670412405,7089.8411935354,1119.4864485229923,1091.8910607322896,19009.224568661462,19296.31832240712,345.5959181702057,373.5827143221888,121.8924383347068,125.7216463924118,-339.53149707161333,-26.741738182583248
2019.0670773442848,1253.1095675535582,1585.752227605334,589.7588190976661,1467.9988173460506,7562.341289191358,7097.23697560098,1138.956817516833,1110.4370781647017,17108.30177713096,17366.686424075306,351.3466141505276,387.9768149525447,336.43715049518335,334.19780997624616,-332.6426600517757,-26.545377089506456
2019.069815195072,1245.215447451504,1568.6598574207724,591.4841147121124,1469.7056711165949,7562.507715950499,7104.221701257726,1145.3871152453014,1119.2657689219743,15397.464359251058,15630.01462338557,472.16872603051377,563.8322151707812,927.2071302288836,884.3343252327755,-323.44440996926846,-25.974975706512453
2019.072553045859,1232.7604873552796,1548.3136695936842,612.1314897850427,1484.8068795866127,7562.542114892159,7110.902467447155,1137.5882013269352,1118.257882089616,13857.708369583865,14066.98098116293,521.8494961754453,631.1152408231984,1172.7080880832211,1114.5376952007905,-315.5531822384046,-25.597282316809256
2019.075290896646,1217.6904481717074,1526.3587935731828,633.1229030901213,1500.1099217784872,7562.368992743883,7117.225811325415,1132.267849353707,1119.0142720399815,12471.816537061635,12660.26511882459,528.1219669477858,634.1650952314698,1230.0934241468442,1172.2621042938026,-308.66834540147534,-25.348670991459542
2019.078028747433,1204.831069712906,1506.3688975669447,667.4118784244791,1525.088161923813,7561.945104297063,7123.16607456021,1111.690040924971,1108.5135646661006,11224.585179742273,11394.165632976292,573.3128240830684,672.5948959603808,1354.147638418783,1301.603516177138,-301.5378278540388,-25.027394747206426
2019.0807665982204,1185.5305592877446,1481.8462005247816,671.9252064800778,1528.4252794441522,7561.307979529214,7128.756712413801,1127.5422480623852,1124.5364063343277,10102.117754282555,10254.74434036536,515.9985713574467,605.3369793792417,1218.7472951972327,1171.4462417373709,-296.31564123703697,-24.994348641258185
2019.0835044490077,1168.152025970837,1458.9455809654778,685.9254428632124,1538.7816203332331,7560.3511218534095,7133.923781501325,1132.305302671964,1132.3415159170277,9091.831619350063,9229.142880097195,479.0947976876572,555.6385883879904,1116.514507544756,1076.6926946939266,-290.7935549946408,-24.89346836110358
2019.0862422997943,1149.3361315707466,1435.1270905258325,689.8846466883658,1541.7275196600096,7559.107285623656,7138.694742846681,1148.833729476652,1148.87104568454,8182.559022844002,8306.177206412418,431.1824886270615,500.0723285870366,1004.8539432411566,969.0187595215498,-285.7909589550859,-24.865742153647265
2019.0889801505816,1131.334064247864,1412.091365419663,697.1103882437919,1547.0761859827935,7557.553775233243,7143.063230131565,1161.591465634521,1162.6175171830391,7364.077293030244,7473.810497258832,388.15705019498427,449.9597995587823,904.34081682717,871.912845129976,-280.7573011717989,-24.816480829511004
2019.091718001369,1112.4783649927745,1388.5559539664057,697.1185159113996,1547.0942948560328,7555.705038181851,7147.031554838148,1182.7156742733944,1182.594395056478,6627.303740091728,6725.692556399427,349.32418887524176,404.9196204357819,813.8618104063919,784.6355931142643,-276.07758897363124,-24.81644566412978
2019.094455852156,1096.3552623791486,1367.2428901643452,703.6837941098848,1551.9607013276632,7553.545974214974,7150.59340664928,1194.8604626554115,1195.9071005757764,5964.565069841117,6053.20269642234,317.83953874366813,364.8911740048662,732.4700197712931,706.1685492903014,-270.8876277851966,-24.70801546547569
2019.0971937029435,1078.361923043903,1344.6588223521492,703.7431203326613,1552.010136506546,7551.123964162575,7153.790193935226,1215.644385820277,1215.6728459231429,12162.068159360822,12170.26288408442,286.0553961561276,328.4017178744078,659.2217280793764,635.5505285145124,-266.2968993082461,-24.694575505463618
2019.0999315537304,1080.432829861218,1336.7000582459775,697.1035400620756,1547.544580460271,7548.408721315601,7156.601765761271,1223.3562021205216,1225.7134942495431,10946.191202861291,10953.289932880152,396.26117712803386,429.3039489675939,614.7279363735331,595.7288974237634,-256.2672283847596,-23.71894127075695
2019.1026694045172,1084.253295441816,1330.2415056458235,687.3158736390385,1540.7574543301157,7545.735318230159,7159.273368648617,1232.4247060483997,1236.7154700925068,9851.629265788371,9857.727249459544,467.9343493401692,492.1980228530231,568.1140630172583,552.7621431799561,-245.9882102040076,-22.687338026837292
2019.1054072553045,1066.1824219650075,1308.0708136935305,687.3158671362575,1540.7574542870598,7543.132958320234,7161.829613132313,1253.5258459379072,1256.757817604161,61125.05632654968,61100.59141054905,421.14105957891735,442.9782380844647,511.3026169120256,497.48591742092606,-241.88839172852295,-22.68733630805084
2019.108145106092,1048.41271408607,1286.2696321178291,687.3158671362575,1540.7574542870598,7540.236548485114,7164.0093437386695,1274.6198636519632,1276.807168573507,55012.61344431464,54990.61363374985,379.0269404741213,398.68039632735,460.1723392592471,447.7373055216012,-237.85691803175905,-22.687336278548035
2019.1108829568789,1030.91878059306,1264.7451665046576,687.3158645845315,1540.7574408327205,7537.071758002523,7165.907836181455,1295.7064901792878,1296.86105519823,49469.263227645184,49345.82249452162,340.83444909670584,357.7571211458955,413.80303403137583,401.7770151608888,-233.82638591159753,-22.681358639822573
2019.113620807666,1019.6426567890488,1248.0617692332037,684.0277783355332,1538.325255364681,7533.604226668441,7167.354298209715,1314.1661315663755,1314.9580759094629,44522.33562115184,44411.24004566346,524.5372660185745,531.7798951293399,372.42271989003615,361.5993120212218,-228.41911244415485,-22.401878827183264
2019.116358658453,1016.4880052852138,1237.5630942969003,676.3311491623734,1532.6281553892063,7529.958265433402,7168.518744356631,1329.0912734784076,1330.4173046743224,40070.08524431206,39970.10943047436,986.3134711771528,975.1784399769076,335.3132244311095,325.95196750023763,-221.0750890116865,-21.748912713402415
2019.1190965092403,999.5464575875826,1216.9373830466595,676.3311883198451,1532.6279664369158,7526.26971570466,7169.50503429687,1350.1492317473069,1350.4848149366176,36063.01230669878,35973.05922694863,887.6858763542815,877.6819502087467,301.7813651042915,293.35645562059574,-217.39092545907693,-21.74895662016076
2019.1218343600276,986.2683661425668,1199.169616895021,674.4491317444441,1531.237324476102,7522.308914557284,7170.144855147293,1369.6980809151023,1369.4313021986502,32456.69892546136,32375.74098422421,869.5617557002736,856.4425782485315,271.60384926597925,264.02071013498005,-212.90125075245408,-21.58654358804395
2019.1245722108144,977.2711260510564,1184.7174909581174,670.3095834113141,1528.177183246191,7518.137705894437,7170.486823769127,1387.4339780025864,1387.0295007436318,29210.94205965212,29138.117590199807,987.1899932581784,965.9840706201936,252.56403838473884,245.9194688031476,-207.44636490706102,-21.227104677215568
2019.1273100616015,991.6203037001214,1187.818731139822,653.4936685961534,1515.7011861794929,7513.827923421658,7170.587159281276,1394.6383976414586,1396.7318221164787,26289.84087892012,26224.02013385606,1718.8132350618462,1661.9974596587715,445.4111340749103,433.7679747940504,-196.19842743970048,-19.785640401634353
2019.1300479123888,1014.170100479382,1197.34324331716,647.8438336282803,1511.5069527280184,7509.769085260953,7170.738692849482,1382.225173990773,1391.67790982241,23660.84131585297,23601.61238368008,1941.4660976316077,1845.375803107022,1273.913971755048,1240.123835042187,-183.17314283777796,-18.061382676455846
2019.132785763176,1023.5025126234788,1197.1159640847106,690.4748801484587,1543.7888619061976,7506.097158055763,7171.04853787392,1334.361542531685,1359.7413348522423,21294.7215893067,21241.424205073177,1993.3582487890249,1866.950679430528,1638.070161644876,1594.1681399953416,-173.61345146123188,-16.962679555736464
2019.135523613963,1020.015304094745,1187.3596104697854,725.2208295723062,1570.507314789376,7502.59086235705,7171.353764676149,1307.0369973352815,1342.9019087817592,19165.21919523916,19117.16011093567,1870.7596460297705,1737.0758719543298,1652.3114893958016,1607.6173241474585,-167.34430637504033,-16.406058389835334
2019.1382614647505,1005.9600302248738,1169.7798256692038,733.6032026949218,1577.0261367917274,7499.036075167548,7171.495661236014,1316.6925852720424,1354.2488750201237,17248.72842580183,17205.303525876192,1683.6834344986814,1563.3790556784809,1487.0804734788114,1446.8989585440486,-163.81979544433,-16.28492092351915
2019.140999315537,989.1940474381408,1150.2835143242144,733.603339277006,1577.02629051412,7495.256797608033,7171.344088206712,1337.6656090362085,1374.324505672021,22724.08526827115,23060.15124933476,1515.3129035942295,1407.0393821893983,1338.370494109001,1302.2074268656977,-161.08946688607352,-16.284920769920753
2019.1437371663244,972.7076359297632,1131.1123178279263,733.603814313635,1577.0269035241547,7491.208416375282,7170.867962693342,1358.6278267407106,1394.399114671639,20451.67967240004,20754.137263015586,1363.7840198971082,1266.339191707038,1204.5341024637232,1171.9877985868443,-158.40468189816306,-16.284922215785
2019.1464750171117,962.2090594584638,1116.537263131673,749.8038700360138,1589.5908640668497,7486.8963601620735,7170.073629708265,1357.6663037028404,1397.632441810272,18406.504354346984,18678.717270092675,1303.2147314277468,1208.3815650525603,1114.080365320824,1082.8275620883917,-154.32820367320915,-16.038947269948366
2019.1492128678988,957.7777647572734,1106.6088407886152,783.227798400527,1615.5766512018015,7482.421150844513,7169.038563629068,1333.576779357075,1383.0380430975729,16565.831548209855,16810.830993546708,1405.298150829978,1299.6394721568845,1146.4041507995714,1111.2444990983513,-148.8310760313418,-15.539207685517695
2019.1519507186856,952.5304787546856,1096.1829728108733,817.8530795600923,1642.6270903219515,7477.885574679105,7167.841970914161,1309.162260365507,1368.0379646700692,14905.527653975272,15128.45222152804,1455.571736002877,1342.838760454051,1153.6614424207055,1114.002714418131,-143.6524940561876,-15.081144095671906
2019.154688569473,939.1044925416884,1079.748483316698,823.02284061896,1646.703694517453,7473.273729012126,7166.4737788252105,1322.4582311866186,1382.1919420576946,13414.965832031574,13615.592290420813,1310.0148369183344,1208.5603136314917,1038.2953379299609,1002.6053875738486,-140.64399077500957,-14.976394202348697
2019.15742642026,923.4551754488136,1061.7751560594986,823.0250226206873,1646.7042843228492,7468.451189070122,7164.836964926078,1343.355806219769,1402.2293934086324,12073.15786502347,12253.163523128062,1178.9829458590216,1087.6271037778877,934.4417037366665,902.2808215825332,-138.31998061068498,-14.978526764275191
2019.1601642710475,916.477260236244,1050.4465751121195,819.9554603544325,1644.471387581423,7463.380670253443,7162.903934807442,1358.9017025152702,1418.1518012160702,10865.803224185278,11027.658972238964,1061.0808570214626,978.8476883374432,840.9945261040768,812.0388811287562,-133.9693148758755,-14.617854767213942
2019.1629021218343,923.9519786913816,1050.3497516552286,809.1853101521865,1636.3303346796506,7458.208970010459,7160.78735806122,1367.796734505365,1428.9341543209598,9777.693732650629,9924.642865596456,954.8249810277608,880.9407410040643,756.7793749196958,730.8166234836842,-126.39777296384705,-13.680123629679072
2019.1656399726212,1007.1859220407858,1108.626168955088,760.1370824106965,1598.9751843539657,7453.174680702463,7158.674590817376,1339.0732082054458,1410.5535545906291,8799.893209569367,8932.153895349958,958.147844752256,876.8541234026395,908.0369965301468,868.114280101927,-101.44024691430207,-10.071650595429418
2019.1683778234087,1076.7426833385057,1156.48691014858,729.7761577653494,1575.9152298603633,7449.537822831813,7157.531587682432,1303.9421294237238,1387.3236710256815,7919.65031789386,8038.197096299373,976.5618141103724,876.9389019759357,994.617000761427,945.6211117664,-79.74422681007422,-7.406061637941429
2019.171115674196,1158.82763209856,1213.9662598587404,705.4373835793355,1557.962067455776,7447.072641033181,7157.196274950173,1249.0890366483163,1348.5606964523683,7127.594907037108,7234.330614703816,1046.9471788450437,914.0796084143552,1101.6177756406612,1041.570745777016,-55.1386277601805,-4.7581388493755625
2019.1738535249829,1243.1491354165012,1273.257329792427,692.371305719077,1549.402786031685,7445.983301481718,7157.8184942732105,1179.3508507420963,1297.6345886197344,6414.824200806984,6510.747096129945,1147.0233666911722,969.918907057928,1196.014722030053,1125.1466516120993,-30.108194375925905,-2.421929398345158
2019.17659137577,1304.3967489930144,1315.1323172188618,686.4260754536847,1546.7055438972427,7446.301793986613,7159.428673589386,1124.1578749260814,1257.274564011566,5773.306074880197,5859.649314092995,1195.7206965881594,986.3968357278766,1182.295529352954,1108.9475263788784,-10.735568225847373,-0.8230293608240867
2019.1793292265568,1321.3517628631637,1323.1156218481915,681.575740614198,1544.0445398711713,7447.640560718738,7161.732623965053,1111.1423291632943,1250.076213032638,5195.953311187711,5273.679829289656,1113.1406840438124,907.3806419697368,1070.1669603885075,1002.5602655169254,-1.7638589850278095,-0.13348897958903855
2019.1820670773443,1357.4796391227922,1346.0848250694214,671.382436487539,1537.7996610543328,7449.258403691274,7164.163339407704,1084.0178140577902,1231.349073185595,4676.318293883493,4746.299679234458,1094.8778050243957,877.0510762803542,1010.469713724784,944.9214622641838,11.394814053370737,0.8394095738138735
2019.1848049281316,1399.0075198547029,1373.274594579833,660.687223704279,1531.7272623470938,7451.473931883216,7166.969938166607,1051.3975179171948,1207.853003623519,4208.668613541081,4271.627151941008,1101.2846824541682,865.9614316588269,971.700547675384,906.3047813514856,25.732925274869785,1.8393700469560261
2019.1875427789184,1403.5858401307655,1371.9367801017052,656.556670140693,1529.6957008542263,7454.375239182807,7170.222198589971,1048.476343905124,1208.398019171149,3787.76891508288,3844.455072737149,1007.1802441906412,785.4621220087719,874.5432157146232,815.6725474700769,31.649060029060365,2.254871709600018
2019.1902806297055,1391.137286673617,1357.5271692329256,654.828137623947,1528.830345312722,7457.345312469928,7173.443381722684,1060.1112565918963,1220.879702448721,3805.7326559169846,3948.87643481041,906.4589073979452,706.9129919584502,787.0777810896261,734.1010785098624,33.61011744069128,2.4160172948176286
2019.1930184804928,1367.9517161823023,1334.901726687118,654.8281238308784,1528.8303411953734,7460.099852707392,7176.415567379244,1080.9702006388195,1240.960863455316,12805.571904316655,13069.87413860442,815.81293066883,636.2216178375797,708.3699283083694,660.6908928509572,33.04998949518426,2.4160201785060518
2019.19575633128,1357.819286316624,1322.4463530164603,649.8780275818575,1525.3670764971523,7462.460418659488,7179.002517617788,1094.1200608014203,1254.7204515856472,11525.015663816828,11762.88824113573,840.5055705354458,655.2052964234758,637.5376326568131,594.6218402642455,35.372933300163595,2.6051282123205266
2019.1984941820672,1408.7051669312975,1357.630577551273,614.7043663030752,1499.5614277870734,7464.645658941117,7181.374795783307,1076.6505011838935,1243.397497595392,10372.502499582455,10586.595968990676,1447.3955670407993,1128.8419234727469,650.6274272293257,592.9559353024686,51.07458938002446,3.62564080681869
2019.2012320328545,1424.670500799272,1366.0517360284011,595.0764974835738,1484.4872430531518,7467.672631216536,7184.32689713554,1077.7139638600004,1247.5263224999503,9335.202545311382,9527.921057529496,1572.8001105691385,1223.590971286163,597.6502111216873,539.3148378713657,58.61876477087094,4.114548924680093
2019.203969883641,1407.9806793354137,1348.9160886385332,591.3393291642722,1481.510898174824,7470.957748921739,7187.411288293912,1095.2837359379569,1264.9818236097756,8401.676830733544,8575.088621725321,1415.522582133527,1101.2657878647874,537.8850962799158,485.38188044906633,59.06459069688049,4.194985880399991
2019.2067077344284,1451.938320800841,1380.7127355977084,555.4698799747154,1452.410764432927,7473.955773322123,7190.20169674531,1084.6254192617037,1259.9228019411,7561.490572624445,7717.57605997824,1729.6697538413414,1340.5179813190955,539.863327265464,477.1296951771193,71.2255852031326,4.905551715436984
2019.209445585216,1495.412750222442,1412.5068931399828,522.4976521582443,1424.8738408329566,7477.676533318186,7193.51401294426,1070.8303576605106,1252.7811517998432,6805.153525764786,6945.75606596415,2008.0844764247408,1549.2994491993577,543.4238032816447,471.171439029776,82.90585708245908,5.544011649634983
2019.2121834360028,1532.9069696740096,1439.9279255754232,494.4071004155036,1400.57760791448,7482.105074605333,7197.333032839587,1057.4260486645387,1246.2652323875534,6123.76794540977,6249.031083920614,2194.146621985678,1685.5511931747528,543.8901562216407,464.906992474821,92.97904409858643,6.065537305134669
2019.2149212867896,1558.087138718442,1457.5777247900385,473.779762495046,1382.1281223118117,7487.1543529115825,7201.612993030898,1048.251839234312,1243.2128585842945,5511.362998367428,5624.110165254881,2169.8852314895908,1657.5997854262305,614.4999736024973,514.7286843424628,100.50941392840355,6.450821101769351
2019.217659137577,1543.7958992485665,1442.880133472797,470.6905224748565,1379.0570198054477,7492.60964410299,7206.175478067278,1060.604927532968,1256.84696737152,5261.295061506645,5785.768762014531,1952.9027813118269,1491.84087510924,555.5474290156513,464.55192017817166,100.91576577576939,6.536859297585227
2019.220396988364,1530.4159020720367,1428.958418193041,467.4329547009754,1375.819270169749,7497.811901164485,7210.48057803178,1072.4681354218862,1270.129232322471,4735.163393383705,5207.2053264957,1757.6197105359429,1342.6574986395517,524.569340492108,435.5591561248504,101.45748387899562,6.629406015817785
2019.2231348391515,1543.983122887612,1437.109010071903,458.3983809080277,1366.434324852171,7502.776916000415,7214.541850049922,1063.3983735633292,1267.7302137430418,4261.639614245408,4686.475375587098,1655.7781185929246,1280.4747027385504,642.4578058102129,521.8327537010748,106.87411281570894,6.921974160949971
2019.2258726899383,1557.5493308940054,1445.0333790343248,457.3987754695957,1362.971000218375,7507.950995675723,7218.7272712995555,1046.0855913200603,1259.5116481647822,3834.7138041624194,4217.607589263806,1563.835285682521,1222.0200105890829,731.4001616447373,585.9045785155606,112.51595185968063,7.223909357342698
2019.2286105407256,1555.0977824806591,1439.792854560172,460.6423824181211,1363.8462032615,7513.340327374901,7223.033681246864,1040.3321010857044,1259.9984596485024,3451.223273950991,3795.79057152391,1413.5474766103855,1110.537569211108,717.5184297897862,571.494746200701,115.30492792048722,7.414641652729722
2019.2313483915127,1553.1700720108806,1434.920219507509,465.6866081769235,1366.1213089740615,7518.674170695598,7227.241269382869,1032.3096424759815,1258.8163008525985,3106.072684393537,3416.137510256528,1283.7344433592564,1014.3585121548232,709.7442372264073,561.7307632979256,118.24985250337159,7.6134516518383695
2019.2340862423,1562.668803292803,1438.9608807096447,474.442143732492,1370.7020220244938,7523.961238377824,7231.355965070662,1009.196207956263,1246.508130912238,2795.4601492811157,3074.515691138516,1203.0038872941186,958.9595391283376,757.1374308601011,593.51507646791,123.70792258315828,7.91645179851835
2019.2368240930869,1570.3931358331058,1441.2969271281822,484.8729487329388,1377.04632108285,7529.391906813191,7235.525840144936,986.0383019801484,1234.0858103610672,2516.9229269319567,2766.647300726082,1117.378140170635,897.2397244017156,776.9432563456168,604.7149427456283,129.09620870492358,8.22062996578478
2019.2395619438744,1552.2428853235772,1423.4670513413469,487.4742579929753,1378.7555331492151,7534.936647596408,7239.724096730497,996.4704024464312,1246.436117495981,21445.54239332623,21930.347778254432,1005.6396827105214,807.5156876106695,699.2488253158897,544.2435096347078,128.77583398223032,8.296113655910622
2019.2422997946608,1526.3721555767024,1399.7427263586032,487.4742551321555,1378.7555723521907,7540.163708762249,7243.613710808185,1017.541973888286,1266.698689198061,19301.739663596814,19739.336139247232,905.075512634742,726.7640837893736,629.3237359223357,489.8186931655386,126.62942921809918,8.29610450868421
2019.2450376454483,1511.3907289657152,1384.331551093414,487.87370886243497,1378.8648280821703,7544.9452627789,7247.097241118463,1027.770292752344,1278.9449784229932,17371.565286231238,17765.401507207764,1227.2513755268835,952.7588552565544,566.3915378142997,440.8368584953221,127.05917787230123,8.406772347958706
2019.2477754962356,1513.8316149588084,1382.0675493378258,488.1693798514815,1378.689472041293,7549.464031503748,7250.314409096658,1020.942867045356,1278.5950682412636,15634.404237688075,15988.834389030955,2205.88029851423,1660.392548757433,555.7275515716657,434.6375579766503,131.7640656209826,8.704010691741823
2019.250513347023,1528.3803417231056,1388.612108400608,484.6141532719438,1376.172658513554,7554.011087888044,7253.484995902534,1005.8302104763007,1271.8246359003456,14070.91819749326,14389.940478475257,3258.5942020140224,2420.0355301792665,565.3701657357079,444.1002583185503,139.76823332249774,9.144859398343357
2019.2532511978095,1537.2471410026578,1390.7664292509314,477.2318657620896,1371.2918959587653,7558.7880831083985,7256.755858704082,999.9966034862462,1271.7081148032637,12663.765416695804,12950.770110385927,3683.271954246251,2719.524425897029,538.8039632372831,424.1854474149811,146.4807117517264,9.52876787633415
2019.2559890485968,1531.562310890803,1382.2516534852364,471.5088389761981,1367.4784763804917,7563.699827867562,7260.053774967964,1006.9206156248304,1281.1662938833515,11397.35494541464,11655.68603237468,3566.498863203868,2625.8127668283328,484.9233316657411,381.78277861635286,149.31065740556664,9.748911705637562
2019.258726899384,1533.670312870587,1379.5447055294287,462.1233317814186,1361.0847714255644,7568.50363913748,7263.200906984283,1009.8222095699056,1287.5477147777656,10257.340854503936,10489.977798884453,3597.877344141707,2639.529291218644,447.4531561915277,352.64932203242904,154.12560734115823,10.049461481241018
2019.2614647501712,1549.1138010808963,1386.7525272122728,445.86985783437547,1349.8374458199328,7573.329182597372,7266.294165191719,1006.234551846744,1288.9218604931204,9231.596326367371,9440.92141546509,3579.1682201502053,2614.0115587199134,670.4497128603381,514.8221040581849,162.36127386862358,10.48091326507683
2019.2642026009585,1537.0087411658849,1373.7837682605298,444.2459845044875,1348.7520543321928,7578.398856385236,7269.499050264332,1015.3217113037832,1300.199025859989,8308.423352677852,8497.116349465883,3221.3639194936877,2352.611037838817,651.2791374875394,497.7338479054116,163.22497290535512,10.61965156955075
2019.2669404517453,1512.1787640901457,1351.4708636652608,444.1703544341967,1348.698580644127,7583.25294368635,7272.479024771837,1035.8011311487005,1320.0133296358167,18271.30458560206,20118.941771868453,2899.2256125584718,2117.3482926228453,586.1524707880475,447.9605880956596,160.70790042488488,10.627572892916554
2019.2696783025328,1486.9757752932237,1328.9463273784772,444.1703539261729,1348.6985798266303,7587.679907608082,7275.078979629453,1057.005056531914,1340.3658118824824,16444.364291892947,18107.57045532277,2609.3015442523106,1905.6109543360208,527.5369190290434,403.1639984654139,158.02944791474647,10.627573800493414
2019.27241615332,1462.1726535355845,1306.5930570127189,444.1703498122441,1348.6985748018462,7591.695548795399,7277.50452393981,1078.220441216164,1360.721442962668,14791.10310324318,16187.360831435288,2346.9721168373503,1703.5294825026715,474.5006023341344,360.41051236191055,155.5795965228656,10.64030271299827
2019.2751540041068,1445.5760564222926,1290.5782250743723,443.3167578117603,1347.98478684207,7595.26593278608,7279.342713842951,1092.5281463392582,1376.039772957651,13311.990591023035,14568.620944498804,2187.466095991362,1599.600178410779,467.9599973600023,353.44641750412046,154.99783134792028,10.722219053041728
2019.2778918548936,1430.9810999108956,1276.1955401356715,442.3673335828334,1347.044466860479,7598.550069703685,7280.909433771352,1105.2162901619754,1390.223957949541,11980.713853077075,13111.468649906605,2074.12186575072,1528.4411861711828,471.5212977808168,353.9153198889583,154.7855597752241,10.816743825957051
2019.280629705681,1416.1075210865256,1261.731808695568,441.8385970588502,1346.30173707528,7601.582798137539,7282.23614735139,1118.0137770764743,1404.5316055948026,10782.120594674889,11797.643419494803,1945.5885618240093,1442.8386404031332,464.3563898854431,346.7712702535634,154.3757123909577,10.901411799049768
2019.283367556468,1413.4229235556172,1256.628715563996,442.06515470787775,1345.456017390774,7604.358784114085,7283.313723470183,1118.123730981807,1409.8307422920857,9703.69927369958,10617.855157212767,2087.9301467933788,1566.0495761405075,552.290532670644,408.1866560848639,156.7942079916213,11.093226618766634
2019.2861054072555,1389.8659504084276,1235.68485552501,442.0651620757583,1345.4560234836872,7607.0819744160835,7284.303283670401,1139.3854064591192,1430.2129360379408,10215.67864682994,10619.0953691654,1879.1386584209693,1409.4484599922014,497.0621262509289,367.3700230927641,154.18109488341747,11.093234915072898
2019.2888432580423,1370.7640992290817,1218.152660708408,442.08642684524295,1345.2728753424597,7609.405092655529,7284.941134227356,1156.5707746295348,1447.7183284388152,9194.111576904746,9557.249123063426,1691.2262064767006,1268.4992396023597,447.3560775290356,330.63188063901765,152.6114385206738,11.133311603834864
2019.2915811088296,1355.0835934581007,1203.094703449197,440.4731608755338,1343.8808785473789,7611.405010580282,7285.310986794979,1172.2925284454734,1464.226329925487,8274.217588591164,8592.113718380851,1522.0334885377706,1140.4002966803569,419.7492294092196,310.17701074698647,151.9888900089038,11.21620029514462
2019.2943189596167,1359.1963113296958,1202.8474643641637,434.48284781735015,1338.5979927341125,7613.136586534467,7285.402847560288,1172.8664476778806,1470.0924940584744,7446.791068898759,7732.887599171177,1485.190455585219,1094.770488413233,612.8478647221938,461.0233058781392,156.34884696553218,11.503036438686093
2019.297056810404,1351.2709108032498,1193.6744250699105,437.9259548302495,1340.7356306654242,7614.931947473794,7285.490305223596,1175.9812802520978,1477.4683377581084,6702.1087718011095,6959.447023002785,1363.213150658406,996.4077791772904,649.739207180184,490.9704638549898,157.59648573333925,11.662834186200127
2019.299794661191,1333.3095464447056,1177.1184047783088,439.8806723712957,1342.0945288575904,7616.590372750547,7285.42463688229,1190.7574017928405,1493.159028198845,6031.891853066473,6263.521355728477,1226.8857642400314,896.7666828764551,585.0819161212862,442.3024856905752,156.1911416663968,11.71454461440581
2019.302532511978,1311.0877384678688,1157.4997645765152,439.8806844886138,1342.0945288575904,7617.944834501308,7285.0832095857,1212.052635901599,1513.5469956972215,31853.981671342783,32518.0271706636,1104.1968800392042,807.0900101774843,526.5735785369043,398.07223496688215,153.5879738913536,11.714545822145803
2019.3052703627648,1289.2362765844516,1138.208144467544,439.8806848454041,1342.094538806531,7618.925216245826,7284.415741916536,1233.3516156837095,1533.933973526419,28668.61258099428,29266.27348203878,993.7772252389876,726.3828671675325,473.91620230399707,358.26498882955855,151.02813211690773,11.714542544290143
2019.3080082135525,1270.1871147470852,1120.979789326265,440.1822825592966,1342.3080121907724,7619.538728134495,7283.42857453925,1251.9135679185133,1552.3639226607447,25801.74409219693,26339.645844868934,990.0397137243308,718.8040399979302,426.5244625428395,322.43848640914547,149.2073254208201,11.746877581145176
2019.31074606434,1251.6436082728887,1104.1510106121946,440.0250823960048,1342.2066471979092,7619.835514937404,7282.167222239503,1270.7453877530943,1570.9833186674218,23219.368892972518,23695.134702910727,966.7014129472756,698.7136737384212,383.8372836846541,290.06572724811537,147.49259766069417,11.783913302942159
2019.3134839151269,1246.8005192364858,1097.047515097983,437.2017420382762,1340.2591874296352,7619.819991675509,7280.6185961047795,1278.8552404091215,1582.0108000846278,20897.42232132551,21325.62114062154,1510.5485477172217,1077.5392657529767,406.6652772119701,304.5398499977413,149.75300413850277,12.010983459503878
2019.3162217659135,1226.3286554816548,1078.9800971838508,437.18921070795153,1340.2503688606466,7619.723783567242,7278.955822565706,1299.8637436025438,1602.177710106821,18807.67320164409,19193.055969730245,1359.4962894980822,969.7862728952432,365.9989030004161,274.0859229264961,147.34855829780395,12.01542161142203
2019.3189596167008,1205.8811785776147,1060.9806193428035,437.1892138338959,1340.250379668808,7619.298730154164,7277.018847485527,1321.16417079372,1622.5420522198867,16919.49458366451,17257.665951959556,1223.0134660213273,871.9994699693468,329.254789354372,246.4476383437157,144.90055923481123,12.016155638628282
2019.321697467488,1189.2054059536824,1045.72259309099,436.2258435531116,1339.5391505408793,7618.521975618192,7274.764820653258,1340.0079682344085,1641.1932344318996,15227.535750424788,15531.89884207832,1127.2095965212752,802.3688505730623,296.3291279831178,221.80286715939488,143.48281286269253,12.065435638314021
2019.3244353182752,1174.7400373326666,1032.133484641963,433.7389988566721,1337.692029807667,7617.469465142239,7272.263207024597,1358.440592027816,1659.558977242801,13704.743912211485,13978.33406472256,1060.6533071688723,753.5631806344471,266.6967111566529,199.61842859987811,142.60655269070367,12.139413671002677
2019.3271731690625,1172.1532622628663,1027.146541744291,425.17361256846624,1331.3157758178238,7616.178706851889,7269.541430711122,1371.311411676173,1674.0718504437966,12334.256451647574,12580.495191238266,1083.8786146406298,767.2999290476695,402.2241587737187,293.3960439346721,145.00672051857532,12.370969325174835
2019.3299110198493,1170.009467006258,1022.492053016372,422.1482153921801,1328.5431801966392,7614.848361581112,7266.744009383684,1378.238849379846,1684.7242561203377,11100.842405131923,11322.4876886107,1043.8595943207729,736.3243941799453,577.3469290181318,415.1714405148662,147.5174139898861,12.608223963122606
2019.3326488706368,1154.0437016854614,1007.9723829161616,423.2122350107331,1329.082782435163,7613.485925261285,7263.876659252349,1394.93093140192,1701.9995741133598,15754.879065257448,16272.666694910764,939.4753132193476,662.6919173682198,529.6442854750946,380.1890878170035,146.07131876929986,12.65734725261835
2019.335386721424,1136.691977185871,992.5111985016592,423.81622400063424,1329.3935272904455,7611.861130178043,7260.77519648188,1413.731361994852,1720.679376443053,14179.418007428578,14645.66314533032,845.5274815134488,596.4227593045215,476.6797409477232,342.1704577619997,144.18077868421187,12.684243539851739
2019.3381245722107,1123.9952242748209,980.396448300931,425.8083060160509,1330.417099254507,7609.951631466561,7257.42458064555,1426.7734316019666,1735.5490705160512,12761.449063707316,13181.053973079705,827.4758632361503,583.7695653772989,476.9282838278621,341.1731561060551,143.59877597388993,12.775746095054538
2019.340862422998,1126.925835700137,979.3101719513865,433.4004301832478,1334.4334127034235,7607.835715167315,7253.881176155506,1418.7945123087,1736.5903379067197,11485.295558871496,11862.941189063376,1057.6334420033252,746.169533406066,651.4802960664813,462.51582763702345,147.61566374875053,13.098968811646758
2019.343600273785,1135.4436665917133,982.0924561985528,456.7635935468039,1348.6435054679869,7605.774418123118,7250.329367736934,1389.4027150977652,1723.5776693135645,10336.745485567906,10676.608763735532,1307.231843679037,920.501447207629,833.5987874487406,589.1637184162445,153.3512103931605,13.505840483788884
2019.346338124572,1131.7969208907696,976.3690320227092,480.32112799661815,1363.7600525722344,7603.860586611681,7246.833657872978,1371.833657860335,1718.1081562491152,9302.95073012105,9608.944945401086,1335.5598117613326,938.3686754430776,851.1070215845123,600.5131525787602,155.42788886806034,13.732842526708092
2019.3490759753597,1125.8274530990377,969.0495656611256,503.6035875697997,1378.9870585474705,7601.8914021281,7243.252259751536,1356.9177505624682,1714.2099147569031,8372.603052349426,8647.89683668193,1319.4223503885537,925.1853795100692,838.1268715228916,590.609822224965,156.7778874379121,13.92556976705031
2019.3518138261463,1123.353827915738,964.177875702818,536.0965416608319,1400.5492939951068,7599.828139323786,7239.558610927384,1329.3895844590534,1701.6409180917274,7535.298075661327,7783.062802094133,1351.1250894602072,945.1252580752194,860.1281055920675,604.9378863832418,159.17595221292004,14.169707554053016
2019.3545516769336,1110.779765452556,952.2927402143374,545.3444433237286,1406.8454918047066,7597.729256822968,7235.793837704505,1335.2425277601585,1711.4225289934868,20551.761334837516,21296.36611239309,1216.0135579017997,850.6141853554113,774.1158567566043,544.4449367833403,158.4870252382185,14.268087173306352
2019.3572895277207,1092.266925814447,936.4214764476728,545.3446826426143,1406.8458621904722,7595.426621032118,7231.841343847927,1356.485663870231,1731.6738162309614,18498.93266770961,19169.33198626952,1094.4079123001604,765.5500901436126,696.7015401791003,489.9987298661517,155.84544936677412,14.268073644230162
2019.360027378508,1074.0625094872355,920.8144484629412,545.3446922049874,1406.8458641153788,7592.82168357338,7227.635113668955,1377.7229080938027,1751.914972469755,31301.070884784625,31618.208646742863,984.9674756720442,688.9948531526893,627.0313405555414,440.9986600921226,153.24806102429432,14.268076547747297
2019.362765229295,1062.779481731915,909.8430030901692,546.8184888556963,1407.94000446231,7589.920474284338,7223.18028264438,1390.861248487461,1766.6750085201695,28170.96411624156,28456.395486431476,1107.0330385060877,766.741273576916,564.3282047588493,396.8987637577222,152.9364786417458,14.390236288013309
2019.365503080082,1045.0664283412964,894.6790682816993,546.8184874066584,1407.9400472911002,7586.839217452191,7218.554818142245,1412.0834601592646,1786.8922650019838,25353.77302916404,25610.718016379215,996.3332453628384,690.0729485890987,507.8934877189658,357.2083584670124,150.38736005959709,14.390220179428038
2019.3682409308688,1027.3534369790978,879.5150182301966,546.8184874066584,1407.9400472911002,7583.757906145118,7213.929333172805,1433.3056628285367,1807.1097000229272,22536.676617539884,22765.078467736075,885.6299415122296,613.3988212314072,451.4606672430809,317.5184820912402,147.83841874890118,14.39021990169378
2019.3709787816565,1009.6404456168992,864.3509681786937,546.8184874066584,1407.9400472911002,7580.676594838044,7209.303848203364,1454.527865497809,1827.3271350438708,19719.58020591573,19919.438919092925,774.9266376616208,536.7246938737155,395.027846767196,277.8286057154679,145.2894774382055,14.390219614214478
2019.373716632444,991.9274542547006,849.1869181271909,546.8184874066584,1407.9400472911002,7577.595283530971,7204.678363233924,1475.750068167081,1847.5445700648145,16902.483794291573,17073.79937044978,664.2233338110121,460.050566516024,338.59502629131106,238.13872933969571,142.7405361275097,14.39021931646805
2019.3764544832304,974.4900273206708,834.022868075688,546.8184874066584,1407.9400472911002,7574.246287735682,7200.052878264482,1496.9643908964003,1867.762005085758,14348.346040038658,14228.15982180663,563.8533350814814,383.3764391583324,287.42986319583946,198.44885296392349,140.46715924498278,14.414427578206496
2019.3791923340175,958.1667624770864,818.8588180241852,546.8184874066584,1407.9400472911002,7569.815611489992,7195.427393295042,1518.1462319856826,1887.9794401067013,12841.671115514506,11382.520273163484,504.6441818976538,306.7023118006408,257.2473910130777,158.7589765881513,139.3079444529012,14.539008229919958
2019.381930184805,942.1973161058212,803.6947679726825,546.8184874066584,1407.9400472911002,7565.045836993138,7190.801908325601,1539.3133528538033,1908.1968751276447,42902.51258724864,8536.880724520335,454.1797565262864,230.0281844429492,231.5226482508748,119.06910021237908,138.5025481331387,14.699951460866084
2019.384668035592,926.4940260547696,788.5307179211796,546.8184874066584,1407.9400472911002,7560.022973994956,7186.176423356161,1560.4674059030365,1928.4143101485884,38612.381136447686,5691.241175877188,408.7617533947779,153.35405708525755,208.3703694181549,79.37922383660687,137.96330813358998,14.890900993832668
2019.3874058863792,911.052457887239,773.3666678696768,546.8184874066584,1407.9400472911002,7554.752150396835,7181.55093838672,1581.607697668688,1948.631745169532,51410.56958924844,2845.6016272340403,367.885559545626,76.67992972756596,187.53332304084884,39.689347460834654,137.68579001756223,15.11282789762295
2019.3901437371665,895.8682575495552,758.7550262348631,546.8184808343547,1407.940046735305,7549.238410018512,7176.40074438991,1602.7335449570055,1968.8214813569464,46269.52889521384,8017.323338924202,331.0974724152742,16.76454355440626,168.78003260707678,8.6746177045708,137.11323131469214,15.305066359838928
2019.3928815879533,889.4401101307628,751.8236080102954,541.3772636462746,1402.3712416062128,7543.486702800496,7169.385289702385,1620.7825167818944,1988.7650593981316,41642.57575699455,7215.591367562031,681.596629756458,23.97356074370988,206.2108980262701,50.9209947433588,137.61650212046743,15.472261769287138
2019.3956194387408,885.6327215297364,746.6678132878731,535.7567758201262,1396.2286198578695,7537.643623119515,7162.2735357717065,1636.4813728900494,2007.6031297995733,37478.29113945087,6494.0288332372265,1088.3170949199446,34.04916236832551,253.2188891401266,96.83072075894566,138.96490824186333,15.691031379444958
2019.398357289528,895.2933598900506,750.5083860299062,527.8973650754155,1385.7965585881177,7531.753093589778,7155.095335255503,1640.9985748041822,2021.8007188434965,33730.43103616443,5844.656458964572,2069.7824477264285,66.50050018921614,380.3381293555579,193.8844171170869,144.78497386014442,16.171791319654734
2019.401095140315,894.2781675563066,747.2355602562216,530.1290976417652,1384.1986641523465,7526.039298390955,7148.000791960519,1645.9237297703994,2034.1938823479363,30356.51794516375,6389.838130906672,2423.727178139544,83.3668081284854,410.34476825057465,222.98230856721892,147.04260730008502,16.442602831498373
2019.403832991102,894.0255768179808,744.398551772191,536.7514119313294,1385.3399956044957,7520.324648808662,7140.871167020739,1645.696555801456,2043.4470843195984,27320.8552781759,5750.884503000795,2762.391851099196,129.1702842475468,466.2079374852431,244.3580710750408,149.62702504578976,16.736324879914825
2019.406570841889,889.6616550542103,738.472057601504,545.9070782803121,1388.5086662408405,7514.621444780989,7133.71379677442,1647.0359152439175,2053.79017810026,24588.739699189697,5175.825278370849,2731.2385329090325,157.99072416792666,599.5993905284714,240.2902334759805,151.18959745270627,16.994055728241285
2019.409308692676,874.8340501098387,726.1641815462655,545.9071748128415,1388.5086615823295,7508.861143533976,7126.477244188509,1668.051624902772,2073.762511399924,22129.82525291874,16570.952514704903,2458.1163212921124,142.19163606935237,539.6435686233758,216.2611867292368,148.66986856357323,16.994065165262732
2019.4120465434637,860.0988396392386,714.0614449282658,545.9071748128415,1388.5086615823295,7503.014256110277,7119.055385591926,1689.0616227970704,2093.715006614505,19762.972767636875,14913.860529898764,2195.213690394072,127.97247046842888,481.9273935830228,194.6350650236294,146.03739471097276,16.979140998751603
2019.4147843942503,845.5182721374078,702.0803427676657,545.9071748128415,1388.5086615823295,7497.022601301056,7111.524154050964,1710.0617451081223,2113.655240316067,17549.990242345004,13356.68931798088,1949.402058264861,114.61073449915013,427.9630367206852,174.31301966739215,143.43792936974216,16.964497882126388
2019.4175222450376,831.2972278218388,690.3524788779739,545.9071786109687,1388.508667193173,7490.695291519903,7103.765649546334,1731.0379954067191,2133.569503099542,15674.00303963168,12000.335737837866,1741.0228503983958,102.97227551022873,382.2164301967347,156.61177027378935,140.94474894386485,16.954795977507064
2019.4202600958247,819.0038367904688,679.0759495159864,547.7637991979116,1389.5774806796524,7484.02779958001,7095.809152592224,1748.5701577910386,2152.1616159291634,14106.596658452978,10800.302132508206,1566.919890319112,114.77980759813934,361.4706919157977,140.95060947661466,139.92788727448237,17.08513208226655
2019.422997946612,811.3773009501997,669.5454407792491,551.9150776211097,1391.4614290924835,7477.173703332725,7087.686534967295,1759.3274114553903,2168.358693878004,12695.915609506052,9720.261145254955,1410.2255169008154,174.41833447205755,421.205782308455,131.4468404549849,141.83186017095056,17.480383048040906
2019.425735797399,801.235504632477,659.8206438996829,553.3598762994452,1391.4223858001876,7470.211263078439,7079.42731839501,1775.4147493490584,2186.809650622153,12032.1593838156,10955.704199678026,1269.2012097636295,173.91487637738382,395.3768752986093,118.30214544442076,141.41486073279418,17.649599888569657
2019.428473648186,787.8822741278992,648.8237236152737,553.3600046454204,1391.4223493198124,7463.098935193978,7071.028670273673,1796.3080793921265,2206.6331555082784,10829.006591664787,9972.528423792292,1142.273634256093,156.5245159439041,355.8406586339045,106.47162521335436,139.05855051262552,17.649661006341123
2019.4312114989727,781.5572032688991,641.3876609153102,552.5851447877918,1389.710334113208,7455.783467833188,7062.469719864506,1811.1513774695436,2224.768083824012,9746.109314032405,8975.287048845974,1028.0457831959054,171.6600675318616,348.16799989760074,96.01686850271052,140.1695423535889,17.934649155215165
2019.4339493497605,768.5312721015218,630.6978667592886,552.5851408135982,1389.7103339665696,7448.38261799627,7053.81028215738,1832.006062448031,2244.5452158338026,68559.608565629,71074.86680259478,925.2410982785888,154.49406158451913,313.3512716767433,86.41518109580464,137.83340534223328,17.93465150290276
2019.436687200548,756.0354107629286,620.3034422395152,552.4624925432619,1389.641387112746,7440.784945972533,7044.996405874669,1852.650144080695,2264.2503634901086,61703.78453016026,63967.41709667837,832.7310170049301,140.30044169950307,282.01691196888703,77.77371258527558,135.73196852341334,17.95312317268894
2019.4394250513344,755.0601541578551,614.3236665151395,547.9223379422308,1387.0758398345567,7432.999827349119,7036.03343704578,1866.3785739102136,2282.186555321561,55533.39372249633,57570.6730834702,1280.079644446221,510.5681406105827,286.1111844831749,89.4913865707749,140.7364876427156,18.639109330260435
2019.442162902122,749.2179876364679,606.6253519258047,545.8369890332983,1385.872495433733,7425.219779042016,7026.995365386414,1882.5140376476363,2300.5541859710843,49979.91803703992,51813.56742800011,1409.7703673101516,653.0926799354344,267.58297272750804,88.6812881541932,142.59263571066322,19.032195978168552
2019.444900752909,744.6233312279571,599.5012922760396,543.6496362085742,1384.6201886541314,7417.363736597143,7017.853784141282,1897.5799893257424,2318.5000336455814,44981.495544925,46631.997624139214,1572.6961408941002,807.2040771385248,256.18529536275054,90.08157590204854,145.1220389519175,19.489322032469353
2019.447638603696,734.7423692082314,590.4448333465837,543.021040654382,1384.2976606916031,7409.452604853273,7008.618484917003,1916.428578643532,2337.542219761848,40483.12912579235,41968.746758874455,1438.352172503113,755.9751947198564,230.56734206440143,81.07371369006867,144.2975358616477,19.63920169965763
2019.4503764544831,731.1859046652726,583.3979681698955,539.9251823557196,1383.3034594164044,7401.398457730263,6999.257575923025,1931.5629486081607,2355.3720952077115,36434.76313620526,37771.7300655138,1552.0730947112452,860.9296715809713,222.1443024085009,83.24569365721824,147.78793649537704,20.21208772658609
2019.4531143052704,718.9995565623229,573.6747036973292,539.9251404484448,1383.303444061171,7393.307098138538,6989.804835701539,1952.2685982101104,2374.9760152569947,32791.14910385603,33994.5183709754,1396.8725146669956,774.8407149472202,199.92973696206167,74.9213318801502,145.32485286499377,20.21209214089369
2019.4558521560573,706.9975302146943,564.0103244213491,539.9251356837053,1383.3034426987742,7385.051458435117,6980.302587579213,1972.954169025895,2394.570544017702,29478.46467220789,30354.665193336637,1255.7556343561207,691.8777939857872,179.73220768879017,66.89951811802764,142.9872057933452,20.224569348909068
2019.4585900068448,713.6061683017589,559.4817596096616,531.8052602835862,1381.9109815838374,7376.60173325875,6970.57864309348,1983.343031515317,2410.643414430064,26530.61755571111,27319.19835358677,1340.3225856870465,756.7263001169895,465.5935656573794,262.97134206474067,154.1244086920973,21.597964751185213
2019.461327857632,722.4226104188915,555.4086876891645,542.8360656816475,1392.9871931311209,7368.285276204559,6960.805887831477,1972.2401410543105,2413.8409300652806,23877.49956026367,24587.12636299256,1368.356114569214,774.2508588214887,794.8995452218154,486.7461122865372,167.01392272972703,23.118590188212025
2019.464065708419,734.2630779846846,552.1910346510194,587.2232498714642,1425.288100637288,7360.138545121381,6950.992003313304,1924.58712038188,2394.9994601154303,21489.71056379332,22128.3799469117,1431.712616743225,805.2821247989326,1131.1820739890802,711.3370978980488,182.0720433336652,24.79656798669412
2019.466803559206,735.4547600437925,546.6125370218663,629.1422477647388,1454.1068966052094,7352.2114966064355,6941.151449671304,1889.83138894444,2382.027615418661,19340.735872334903,19914.84171245154,1363.0310951195647,760.8401037753939,1184.5075893161622,750.2963588988133,188.8422230219262,25.67693259755116
2019.469541409993,741.8858266626669,543.0091086745347,691.0736778867896,1496.8138204375205,7344.326016638754,6931.24482158947,1829.782272171197,2353.258648015516,17406.589382240178,17923.303037891674,1349.4416365330849,743.9872695964334,1296.3791256324052,825.073583657021,198.8767179881322,26.80691702694582
2019.4722792607804,740.2740322063303,537.3172435381157,731.8520686247313,1525.0414292203752,7336.569270850577,6921.305273616741,1798.8003216777688,2341.090352341807,15665.82768419465,16130.899790180738,1250.231210014313,683.2067215678229,1246.1689399016875,794.5060719177536,202.95678866821459,27.416440377263722
2019.4750171115677,738.698963568766,531.8209677359968,773.0822261024216,1553.8798749374412,7328.806992223249,6911.298121076147,1767.335411464972,2328.1832349674523,14098.915521128996,14517.703090843845,1162.7600746489609,629.4121907088091,1196.896321001175,763.6963450568189,206.87799583276922,28.00572439323733
2019.4777549623543,739.75081181543,527.3845273115295,824.6292585690317,1590.28930222498,7321.039719287094,6901.226887235486,1722.9317036878529,2306.709381945041,12688.994502053562,13065.564065361596,1111.793663372233,594.298105188172,1183.962718636627,755.6863784654593,212.3662845039005,28.707813646426455
2019.4804928131416,735.9786371290332,521.5171627333407,858.6696555117445,1614.6032989037749,7313.311250161033,6891.109164207799,1700.819850557598,2298.808372872122,11420.072323524026,11758.989567068247,1018.9689570330656,540.1324069551017,1099.7034200964763,701.7526807676486,214.46147439569256,29.139633078520017
2019.483230663929,727.7470600033053,514.1959337825377,874.8939258454151,1626.3112883523245,7305.541117642987,6880.921415852969,1701.0251898677045,2305.037260729204,10277.985838769342,10582.99724997948,917.0689004019836,486.1156609420552,989.730856068134,631.5742285366496,213.55112622076751,29.34414138612908
2019.485968514716,725.6616900670899,510.2980133970391,891.340376616818,1638.7913783379229,7297.655663973398,6870.639838099396,1694.9774627021077,2307.164568882676,9249.58637152356,9524.285763651773,825.3090426566561,437.5013920532367,894.8475551764499,569.8453406150275,215.36367667005084,29.678248089704134
2019.488706365503,770.3806077720901,532.631687299147,903.6778938786656,1652.790151566099,7289.756457805722,6860.321145556036,1646.2481339029348,2281.57871429575,8324.553508157178,8571.824513849451,812.8463739587495,427.7345660037234,933.7454418800672,587.2345391072336,237.74892047294315,30.86122860237922
2019.49144421629,833.8105259484907,567.5512547304359,889.9334346669334,1649.742892551516,7282.623031009295,6850.402622249598,1604.124001734692,2260.0528291854835,7491.957272864847,7714.566508307556,794.1130104353333,414.7859814735329,929.5040857219803,578.785045905242,266.2592712180549,31.93282681520181
2019.4941820670772,895.5800061898462,602.8123129981348,865.3633908698954,1638.5361617903036,7276.566516873984,6841.093279359815,1573.4089794256836,2245.735744568779,6742.686972989821,6943.067061719682,767.7175529767627,398.41028502143945,889.8443413400444,549.6489477586495,292.7676931917115,32.690289105186906
2019.4969199178645,969.4321867823422,646.4152495625179,830.4806182242909,1620.4028530600376,7271.556078159288,6832.396514450904,1539.8779101934854,2229.3907816435712,6068.348549415859,6248.645172291816,762.2007922131089,392.84993094944855,858.4094101802926,525.6108202542936,323.0169372198243,33.32021998278755
2019.499657768652,987.1129803407224,656.4795674434281,816.0345326903372,1612.4116418472954,7267.791004576334,6824.450946365164,1540.836175752015,2235.6911430611485,5461.54738745768,5623.807611850962,687.3225536570253,353.7516843017301,772.568682044831,473.0502800766724,330.6334128972943,33.494991908947384
2019.5023956194384,980.7913534486182,651.8548793454426,811.4412634384975,1609.767773852703,7264.330867239822,6816.6951249466365,1555.6391092324725,2251.1434205722576,5579.1505342387,5769.047180936133,618.5845500143387,318.3760698877911,695.3043789226688,425.74465126182633,328.93647410317567,33.53786439354127
2019.505133470226,995.1140983605958,660.4045895245888,796.739826719651,1600.9223888296565,7260.775120345581,6808.883496691228,1560.001447933584,2259.6786236715684,10307.007974283271,10601.844679497992,568.4241605309995,292.31933840349006,625.773406885297,383.17011748976194,334.709508836007,33.63528960020015
2019.507871321013,1024.3395397058189,678.7634813833504,773.8064470156075,1586.7085762583788,7257.4677991907265,6801.235744471898,1557.4446074472576,2263.6091966034114,9276.448354983217,9541.736769048624,672.7962305920147,346.974837417578,567.6722541571496,345.542763689985,345.5760583224685,33.73647554615678
2019.5106091718,1056.341783725398,699.089452136869,749.1525702239433,1571.198282620698,7254.655912120014,6793.914568360724,1553.3360272900509,2266.5425955987407,8408.935424731711,8780.982293290384,779.4598946807704,402.7015606235402,521.8689515149042,315.344895885114,357.25233158852905,33.819767152313915
2019.5133470225876,1038.737267599641,687.4379936099527,749.1520283240529,1571.1982685525063,7252.385799258348,6786.952592605264,1573.639098177361,2285.5839439493084,15244.801825875576,15635.147721913168,701.5189944490993,362.4315290984492,469.6819504717926,283.8103923622848,351.29927398968823,33.8198392362956
2019.5160848733744,1021.424978846282,675.9806936251379,749.1520283240529,1571.1982685525063,7249.828537856395,6779.815501916448,1593.936548332675,2304.6062346229355,13720.333384632935,14071.673745410337,631.3670695021598,326.1883742948296,422.71373834918256,255.42935164308625,345.4442852211441,33.81983918303327
2019.5188227241613,1004.4012290248668,664.7143485744166,749.1520283240529,1571.1982685525063,7246.989743734271,6772.507009959553,1614.2269922762173,2323.608971630549,44334.321395063336,44744.57753826,568.2303583217919,293.5695338859777,380.4423616820876,229.88641414571364,339.6868804504502,33.819839187198
2019.5215605749488,987.6612080037572,653.6357748882114,749.1520283240529,1571.1982685525063,7243.874998319461,6765.030769790816,1634.5096587121368,2342.591685485494,39900.89888616179,40270.15263520768,511.40731053198266,264.21255947851944,342.39811750799004,206.89775627183727,334.02543311554587,33.819839273699124
2019.524298425736,971.189348756104,642.650233411441,749.1520283240529,1571.1982685525063,7240.500293168132,6757.471817678758,1654.7841231111186,2361.564079074321,35893.5852295256,36021.13557397077,460.04582294331857,236.3347362096881,308.0105045415759,185.0673819117079,328.53911534466295,33.8285336186455
2019.527036276523,954.9814103753848,631.8873589745192,749.152028274272,1571.198266550511,7236.870522152244,6749.715187827982,1675.0497325575052,2380.511485364016,32272.917249995,32298.25154443928,413.6399515979915,211.90895610657577,276.94078096441206,165.9401555981438,323.0940514008656,33.83249641203629
2019.52977412731,953.1887452878713,630.6982291733415,740.7947198598133,1565.5166327445045,7232.959836932475,6741.754273670231,1689.538291279243,2395.7710631289533,29045.62487501481,29068.4258321324,708.1386659659598,361.76760901328186,253.5606786989052,150.7367436357733,322.4905161145298,33.83280779475999
2019.532511978097,956.1687230263974,632.6528026746652,729.7831704457053,1557.9857489466883,7229.029991352502,6733.795351066479,1701.927608534793,2409.734196029196,26141.00088049315,26161.56658798336,1058.3445778653977,539.8189413239403,254.69117601376703,148.4987742694442,323.51592035173223,33.83460602306281
2019.5352498288844,951.9877454562984,629.8692542099792,723.506177098788,1553.5952310955267,7225.16055939628,6725.890788112938,1716.6829114080315,2425.240725298585,23526.825237270183,23545.29262653506,1175.507156947221,599.1820023418669,240.05033044618727,138.4977213646902,322.1184912463192,33.83641152774757
2019.5379876796717,954.5508963001952,631.5002934247269,714.0396123006781,1546.9094460716508,7221.232083909322,6717.96151401484,1727.9427008492044,2438.652645205811,21174.043045697435,21190.7311257914,1401.0248474960097,713.2917433673855,271.6391215917766,153.05503474474887,323.05060287546826,33.84320355547313
2019.5407255304583,963.5543685375944,637.2988794832796,704.2140097300227,1539.5215145878592,7217.357060245279,6710.081116866867,1733.0677548465032,2448.5502877790245,19056.60452031657,19071.523081974254,1673.3265079943176,851.0804420461582,357.1081555225522,195.46342576830156,326.2554890543148,33.8595827809363
2019.5434633812456,960.9757548454712,635.467713330771,702.5399270674213,1537.5302129137233,7213.6426881210755,6702.3189688976345,1741.4627233254294,2460.5628035749,17150.90372529948,17164.351631638037,1603.9588287064464,815.1524981407549,446.8211997670182,239.9037008903261,325.50804151470027,33.872659104395744
2019.546201232033,962.1180377581042,636.0160476445508,706.1097356987165,1538.101149046021,7209.89555048449,6694.547581681992,1740.9256694180904,2467.6428203444675,15580.826043923158,15966.103128030603,1519.9821417913863,771.5473312946104,636.5699375369218,335.8589793140408,326.10199011355337,33.8941769425117
2019.54893908282,957.1008997368646,632.5344774340248,715.8899122537445,1542.5605255593298,7206.177699575903,6686.806608826454,1740.3083817928882,2474.833886897223,14022.674167272457,14369.487302324089,1392.2194225852752,709.8216435131924,695.2429138384426,364.37364987186953,324.5664223028398,33.911411262080385
2019.551676933607,956.67168561682,631.9486414093554,735.4862294868359,1552.0824087298324,7202.386434965073,6679.028842290406,1725.360443290665,2474.103506287433,12620.393322365084,12932.493993845184,1331.0685546681425,683.0669373103035,806.6993021082293,419.6359250383053,324.72304420746457,33.94299727791122
2019.5544147843943,958.9036420074086,632.9727675278353,769.2693074079802,1569.3584475631812,7198.59839726232,6671.262600158941,1693.5613466816849,2463.9974834670693,11358.344400655073,11639.116001744698,1303.5815145283918,673.4086278021592,937.4894507111566,484.9060586240317,325.9308744795733,33.989950627078244
2019.5571526351812,959.9377816317152,633.1494433837937,812.7734762566588,1592.497248350346,7194.857768039379,6663.534466301205,1653.1915674316392,2448.8380406816814,10222.061137456818,10474.367240660176,1265.838918298622,657.305161752798,1026.5818471882208,529.155221353264,326.7883382479215,34.042658232749446
2019.5598904859685,959.8732337075182,632.4840226453929,859.5842890502649,1618.230411311058,7191.144729880996,6655.830540087557,1610.5862407206102,2431.902124673019,9199.598300971393,9426.166858255854,1213.2622050811344,632.4111803159736,1069.5413443554194,550.0744858692875,327.38921106212536,34.10754665984193
2019.562628336756,959.6123483939988,631.5419918413668,907.9520718307016,1645.6071690170631,7187.4407593632,6648.136411659783,1566.6112137714886,2413.5894261988133,8278.611580355086,8479.608649775106,1154.293897421021,603.7490696599039,1086.5280894856348,557.932585916617,328.070356552632,34.18780063654751
2019.5653661875428,961.2434825325548,631.5604076439628,958.4125008806592,1675.111840787231,7183.742618053841,6640.448028822941,1518.6456918923332,2392.182621462892,7449.766985544027,7631.46583598444,1099.2695137726946,575.9562503385587,1088.70111378527,558.2403393386762,329.68307488859205,34.297561531443364
2019.56810403833,968.4939724985704,634.5733862549998,1005.860224951728,1704.0286167076551,7180.0818501093145,6632.781012794163,1468.0361457997749,2368.347782960212,6704.776897091584,6868.261608752951,1046.5086432679436,548.5076342617142,1092.177671721729,559.8908702848045,333.9205862435706,34.47833396237925
2019.570841889117,969.1391069408276,633.5428771402386,1027.6133064431936,1718.170806612215,7176.551933386402,6625.185215991734,1449.5957465889624,2363.259798972839,6034.284516251161,6181.417089546835,943.853075512892,494.1840285586672,1003.8054461994386,515.0031256806993,335.59622980058896,34.628282709582095
2019.573579739904,967.3600536122322,631.0010370228828,1035.409061130671,1723.9081805877263,7173.042453249302,6617.593070307042,1447.5164253671803,2368.084310799375,5430.815134824063,5563.251490051989,849.493553156049,444.7653888953964,903.4742009223332,463.5051658079796,336.3590165893494,34.77081933798555
2019.5763175906916,983.0431950399734,638.1213450804194,1039.4961633024943,1728.646562957283,7169.512981392133,6609.979376527189,1431.703553624782,2364.2672141521352,4887.6381805912015,5006.885509917191,772.9234133966113,403.50468202113245,839.2890858599206,431.1837916993112,344.92184995955404,35.087150971583554
2019.5790554414784,1009.291549947348,651.0905870751504,1036.2382107651738,1729.854144639454,7166.254206318269,6602.504848368592,1412.3998263285914,2357.9928186338298,4398.808832798531,4506.056853270946,715.0002353364738,371.72946177367913,792.6160925136841,407.7383533223223,358.2009628721976,35.490336057097075
2019.5817932922653,1016.4880077174804,653.5982245602364,1030.2639019017572,1727.998096745244,7163.441127793435,6595.26718689757,1414.418655946711,2365.0067905139776,3958.8150295449,4055.426431195855,643.4906818053263,334.5561489289683,713.3489636082313,366.9652133510232,362.889783157244,35.70035065854948
2019.5845311430528,1050.959181448446,671.642205386793,1010.4276068051356,1719.2264648414412,7160.756550176403,6588.091244686805,1402.8962549293994,2363.3382838019925,3562.8720648036274,3649.868589509283,595.4930931558429,307.94131560867936,666.7468445595339,343.292569354143,379.3169760616531,36.09245561172732
2019.58726899384,1102.4503863462076,699.8854607748056,979.1655526997382,1704.0873055858765,7158.6537542859005,6581.2356657661085,1385.197800027541,2357.517666590244,3206.570074416072,3284.883072387008,568.2537055222523,291.6529154598427,639.9362223560754,329.70825584774923,402.564925571402,36.51546868295828
2019.590006844627,1129.1232546586712,714.4289595763377,957.4360664914626,1693.056854797715,7157.415171803971,6574.869594622048,1381.9209004052832,2360.7985897209305,3655.161972989059,3796.7590775003137,521.9895294923476,266.44776821853105,582.8632687631026,300.3830851079611,414.6942950823335,36.72710604190804
2019.592744695414,1119.9995547481842,708.2659711232338,952.3967992353,1690.3503270509989,7156.623873964294,6568.763371870475,1397.3030654116103,2376.202228672321,3289.9213285311166,3417.181665949999,469.7865638752404,239.80276644883355,524.5695195863157,270.3444640653951,411.73358362495037,36.76194172394317
2019.5954825462013,1101.3329156342618,696.4615381963401,952.3967877899636,1690.3503265854386,7155.683346669444,6562.571193638507,1417.3381432657145,2394.62674029674,16118.795927474735,16348.958632797065,422.8078324312343,215.8224621106738,472.1124838139831,243.30998643844725,404.87137743792164,36.7619428867024
2019.5982203969884,1082.9774054917032,684.8538638077132,952.3967664819148,1690.3503169461233,7154.434284343977,6556.199239362968,1437.3706370417865,2413.034278600219,17884.619084807782,18124.969335162943,380.52732664267074,194.24031501126765,424.9012186122824,218.97897986886437,398.12354168398997,36.761943477780164
2019.6009582477757,1071.2618641504414,677.374174958957,948.86305039767,1688.2120719582645,7152.882720564683,6549.65128154849,1454.5993582465844,2429.628070251312,16096.158703363582,16312.473228019737,402.2669640799663,203.66530050540703,382.4110559240272,197.08107056086936,393.88768919148436,36.76857194051754
2019.6036960985623,1075.579087191512,679.95103486202,936.5222479478164,1680.6183715709592,7151.140146224373,6542.996604342255,1464.793411995675,2441.727487941791,14486.542629248586,14681.22030487181,622.5766984275306,310.6837463149685,344.1701269786461,177.37290675743114,395.6280523294919,36.78279515107832
2019.6064339493496,1099.678006203406,695.1987376985347,912.755041274173,1665.6614679188003,7149.47429708176,6536.403097350109,1466.5554488000366,2448.4580957495778,13037.883167298483,13213.081887761244,1048.6747270046512,518.7705541629722,325.26024821288166,167.23633026548967,404.47926850487136,36.7816093641192
2019.609171800137,1125.976831867726,712.0311016018961,888.1313277486245,1649.964414474856,7148.214402811158,6530.081764699505,1466.5681309318663,2454.072017940765,11734.002046971593,11891.760437091849,1439.044790267546,709.5462083757279,312.87496929398856,160.34628725390476,413.94573026583,36.763254673650174
2019.611909650924,1151.819815692587,728.7031546212875,864.5811654323944,1634.8021393190331,7147.39563036429,6524.057837853872,1465.521981870103,2459.0140669228263,10560.335045490452,10702.372836642477,1766.2530973340297,869.4557093382417,307.46552939039526,157.0347360850058,423.11666107129963,36.73462249100832
2019.6146475017115,1179.0251609860543,746.5251525851639,841.1362903030039,1619.4057854389944,7147.009577736681,6518.327356952619,1462.575464333638,2462.7468037402427,9503.991501514134,9631.568916592643,2036.9908710614227,1001.7477927580444,307.2168928190256,156.54137021846225,432.50000840089035,36.68284806061116
2019.6173853524983,1212.4288481274025,768.5985394202625,816.2628586195783,1602.7937184459242,7147.079136258465,6512.910994096143,1454.4035503539317,2463.12974675469,8553.589406533325,8668.405992514816,2170.2382040254934,1067.0991882118851,495.7701200231143,248.56038876324627,443.83030870714003,36.606709696213215
2019.6201232032852,1211.0821026202982,768.0540065933689,815.0781927647348,1601.6390213007974,7147.70524499596,6507.877350809783,1456.736752978383,2470.2905200130717,7698.251053079345,7801.572025830864,1987.857369696069,977.5272547014988,499.0984413649777,249.4693619937419,443.02809602692935,36.58117769789458
2019.6228610540725,1190.8974145022585,755.253115369089,815.0781925413926,1601.63902088159,7148.30719274659,6502.848449935554,1476.7473935691346,2488.5482125307885,41339.12197314906,42211.1889540269,1789.0715379585372,879.7744896417865,449.1886579276898,224.5224549985989,435.6442991331695,36.58117767559762
2019.62559890486,1171.049176140346,742.6655850294562,815.0781971119786,1601.6390221751017,7148.571080917833,6497.619979597249,1496.7596391892146,2506.792111915211,37205.24144531167,37990.11132158408,1610.1670296102782,791.7978951603569,404.2698126848517,202.0702089998408,428.3835911108897,36.58117864211277
2019.6283367556468,1156.188535155528,733.2613448937292,815.2496343761104,1601.6559921109829,7148.5034427736055,6492.196043177332,1511.944381054125,2522.031218534976,33484.715011606735,34191.094998410554,1666.1782650555265,820.8333411659155,368.5295176133633,183.9344722931222,422.9271902617987,36.579431243444006
2019.631074606434,1152.41033542954,730.8943842225465,816.0366596944186,1601.826502384141,7148.188330654998,6486.630254387725,1515.6785675804097,2530.2213577226103,30136.213593076867,30771.912478399667,2421.901367993164,1196.9909270722326,413.19087642390224,205.3330664416794,421.5159512069936,36.57689785035477
2019.633812457221,1157.5347133822083,734.1667761108916,822.7658945324066,1605.429964389373,7147.811095160203,6481.040241284,1504.63009028455,2529.363416932758,27122.5749829616,27694.670877297875,3580.327403100986,1772.8995697862615,516.4067673097431,255.57542815030783,423.3679372713167,36.57496681324356
2019.6365503080085,1158.322147171201,734.6700167507271,836.020786309036,1613.201124431656,7147.520192258901,6475.520060788836,1491.3065676202314,2527.037096745802,24409.954801324868,24925.120986649,4212.068165410372,2086.922217612729,566.4990278182228,279.82097045805585,423.652130420474,36.57463784622412
2019.6392881587956,1153.2959376601125,731.4685755594683,848.2689452573303,1620.561329903462,7147.243303444011,6470.023408357585,1484.789406997916,2528.8028848965064,21968.74824275694,22432.58698994856,4327.302895964384,2144.222054560425,562.7035847193814,277.6590107112505,421.8273621006442,36.57581270566833
2019.6420260095824,1151.3365439739755,730.2168025701654,863.0612493187504,1629.529460002902,7146.883762183993,6464.488469298279,1472.7439378826532,2527.049366845677,19770.849190953373,20189.266173239983,4495.830941666359,2227.8712200165705,571.9229395114804,282.01740877681783,421.11974140381005,36.57659818129849
2019.6447638603695,1153.8842849534708,731.733874596003,872.5968187969889,1635.3937849309457,7146.492422777427,6458.947871221256,1461.4798668314895,2525.6364679688204,17792.226080586817,18168.403027044285,4451.199996145205,2206.1248091579323,639.0105746483579,315.1966172507795,422.15041035746776,36.58515986934432
2019.6475017111568,1159.6994377713506,735.2359092180068,879.8526566487017,1640.0401395926287,7146.144351524514,6453.447682287412,1449.1848474148096,2523.4161676189738,16012.80028196882,16351.533168422273,4050.6423796098848,2007.495395657749,922.5810160426836,455.8312826647504,424.46352855334385,36.601167054892734
2019.650239561944,1166.245660602492,739.1308102587872,903.6847597834992,1655.4249185802576,7145.893916449942,6448.02033030268,1419.4848565234458,2509.9917395752964,14411.008709534795,14714.882481922794,3673.303147742538,1820.309764839816,1182.8051144416656,584.9907018878828,427.1148503437049,36.62306019840227
2019.652977412731,1181.7175019317042,748.4614734255152,961.1610180762218,1693.445221683805,7145.753492442315,6442.673344743973,1347.1050809091394,2468.41565886373,12969.820107690392,13243.346494459229,3453.424408169021,1710.8761921206656,1494.701042896378,739.5470762934033,433.25602850618895,36.663248855835974
2019.6557152635185,1198.4264143428911,758.4271829089691,1050.8540306051311,1755.4079595300486,7145.871198727488,6437.496391294801,1241.01334968387,2402.092064983204,11672.738435340796,11918.880836548078,3280.4766354420794,1624.4190898092063,1823.4885730905985,902.4092266999784,439.999231433922,36.714747452823616
2019.6584531143053,1214.611632344902,767.966167427081,1152.9791734595892,1830.9861763577023,7146.267148138665,6432.499596385026,1122.7408572270735,2322.3995585472103,10505.420362594676,10726.79325589981,3102.943526763941,1535.540990228465,1995.808350352226,987.7821438833648,446.6454649178211,36.7726977927535
2019.6611909650924,1245.6993727804272,786.6367816898808,1265.538893627329,1923.3463210772688,7146.931788904425,6427.675728785162,1010.4635092076944,2216.620567164709,9454.846897854524,9654.102084739705,2985.1657905257985,1475.827583255231,2218.233407588318,1097.8705075107237,459.06259109054645,36.85179595666883
2019.6639288158797,1288.7399982151926,812.8120250402993,1378.0683435127817,2025.30704864951,7148.11229896883,6423.175696267,909.4060435794556,2093.412528760212,8509.258208313637,8688.501718625823,2897.2749823397744,1430.5659714735464,2371.50974123074,1173.7035737981791,475.9279731748933,36.92971226422843
2019.6666666666667,1326.2688579294097,835.7739216929192,1470.5375936958949,2116.1021528394167,7150.0066976354365,6419.124458783959,818.4550804183126,1984.1346654007243,7658.235460777453,7819.573423266326,2773.5153939703223,1367.6912315693933,2393.4520703392623,1184.450575580211,490.4949362364905,36.9830697074693
2019.6694045174536,1361.050036163162,857.2337559259489,1546.497730336618,2198.283617218087,7152.521476503855,6415.467159843155,736.6001494144595,1884.578565729827,6892.323744605063,7037.567106990044,2641.6690467623143,1301.0908583758428,2327.918207373361,1151.8964391390805,503.81628023721316,37.016734642429846
2019.6721423682409,1392.9193910818697,877.1135799252111,1597.339867341729,2262.451429274036,7155.6066084345,6412.177099179464,662.897303165883,1804.248890338309,6202.678715563801,6333.668413841999,2487.870663211444,1223.9832172613876,2235.356442667868,1105.9592174388606,515.8058111566586,37.03055714918551
2019.674880219028,1419.4992418615427,893.9547658999019,1612.499568568904,2295.511107487746,7159.217393362271,6409.2273824823405,617.9749982153013,1757.7256428470318,5582.393002153204,5700.166635003338,2273.272366988257,1117.6649135755322,2061.04789108874,1019.5956093243832,525.5444759616408,37.02323047897071
2019.6776180698157,1498.9097526448556,944.9782919683984,1596.413764840703,2319.806404121419,7163.261324475273,6406.567037880393,556.177415958279,1685.4950647468104,5175.789268902268,5661.081308443256,2165.581821617834,1063.8354806217883,2005.473135928681,991.7367777728635,553.9314606764573,36.95562455971978
2019.6803559206023,1549.3218049047798,978.725201962656,1566.479532661226,2320.5166131187293,7168.617206986024,6404.764184771913,530.771950424354,1653.2686988637247,4658.2025274425605,5095.017094979294,1984.3582326247024,985.6223416226676,1824.9772760200765,902.2822157817982,570.5966029421238,36.82879832554814
2019.6830937713892,1606.5822943850992,1019.4627542532428,1520.9487360827177,2306.0625037749846,7174.797071952673,6403.527957845994,513.2902925558944,1628.6493828428022,4192.249482642048,4585.423761478513,1815.493468366188,910.823488386024,1654.3155625589131,817.6857320895577,587.1195401318564,36.54462906654711
2019.6858316221767,1620.9832075050786,1032.449791827995,1495.2804796342332,2293.9729555092736,7181.915241868946,6402.974558338649,517.8673659681274,1628.733193041109,3792.7057975921775,4219.8357261549245,1633.9746379099647,819.7369930124263,1488.88070892703,735.91096434346,588.5334156770834,36.30718769646721
2019.688569472964,1690.619074554652,1090.258435022385,1431.8214272176156,2256.9648563150663,7189.255024624517,6402.639597698713,504.77866857960026,1608.6955096808638,3413.4123629575797,3797.845334674814,1511.7047616190569,769.9866601622098,1368.2580554698611,675.9274259423509,600.360639532267,35.51128983271503
2019.6913073237508,1778.8033252839157,1167.3329812311936,1351.9684630013378,2204.048908708833,7197.734316887593,6403.26848007954,488.3959898035433,1584.3359286974612,3072.03443729278,3418.0339700100494,1430.375224307974,742.7751387025178,1286.5173242944688,635.0912113807041,611.4703440527221,34.375376713168954
2019.694045174538,1889.6989807124548,1268.730495495288,1254.3345646390396,2133.789561387575,7207.660643225635,6405.179304211474,465.6358063992632,1551.7148376226908,2764.817406860363,3076.185445176864,1398.821308816719,745.3840161448819,1249.6749031747963,616.3345868030603,620.9684852171667,32.86070911585342
2019.6967830253247,2011.428832497853,1386.4143226278836,1149.6755810518628,2053.717508759169,7219.407823713503,6408.773458767369,437.2456577131748,1510.9368085626104,2488.3223882779384,2768.5077064655584,1401.9205856174838,769.1063115288589,1244.242267963584,615.5724062272558,625.0145098699693,31.07316052011681
2019.6995208761125,2112.2820572095598,1492.2522049239592,1061.0888668199714,1982.3678814685643,7233.144837263801,6414.317694651397,411.67003368306143,1471.3322176731149,2239.3848937062594,2491.587786263588,1387.7762454178387,781.0543514785752,1249.4745249028588,624.7806238609633,620.0298522856006,29.353553904855584
2019.7022587268996,2192.900209827626,1584.5911824436214,988.5902802355772,1922.0891174973656,7248.513312986644,6421.59653322508,388.6098919265445,1432.4210655509671,2015.1526627389144,2242.135134329397,1369.515317777267,791.749789292976,1237.3493903672318,624.1547942223082,608.3090273840046,27.739932015958953
2019.7049965776864,2256.8132155149456,1665.3669588458624,928.6142501534832,1870.2769228250088,7265.193062085701,6430.393378942608,368.4210672222599,1395.0885381035537,1813.4741815798727,2017.6317832622735,1348.098556562212,800.1584206592215,1207.0394834288916,613.5836760245234,591.4462566690831,26.2071425585006
2019.7077344284735,2276.300002617554,1701.3841048469692,895.9002151538533,1841.029005665416,7282.901971432863,6440.531944685861,364.3673057721211,1378.6086435187858,4815.464302733616,5169.452622039828,1256.9157174669765,758.9155880462292,1107.398078215797,565.4638674142514,574.9158977705849,25.25659610374203
2019.7104722792608,2254.2546033634403,1691.1846128509894,887.066782413594,1832.900857956653,7300.88714564717,6451.243042379512,377.6888635521878,1386.6530855298763,23966.5218372829,24609.72522632015,1218.1694282966043,738.7552138264922,996.658356116024,508.9175140501065,563.0699905124509,24.97810095063474
2019.713210130048,2254.882694429057,1706.8506160946745,866.6150982392184,1813.5087368225131,7318.455665422919,6461.754816627256,380.37183688519946,1380.295329172585,21570.15399364268,22148.78140283369,3496.026712712234,2074.099350643869,905.8086781967006,465.32812667081913,548.0320783343827,24.30423896056136
2019.7159479808352,2268.17605436572,1736.8958961915253,839.7330378634524,1787.8915447610184,7335.986486696526,6472.4988670996445,376.8576160506945,1365.5510906648442,19413.09723874452,19933.880017571093,6208.934516352207,3681.7000685191074,864.5585996226582,449.8200908337593,531.2801581741949,23.423232828492395
2019.7186858316225,2285.83798518632,1772.653074899588,811.6792575654212,1761.1637866470417,7353.690799879427,6483.713660404375,369.9730523452272,1345.734776766026,17471.752780598574,17940.21098261155,8776.423531890705,5226.459941708214,851.9998239623411,451.9001681167848,513.184910286732,22.45062483047774
2019.7214236824093,2297.8235739875754,1802.7977940314845,787.6932908217434,1738.473258308372,7371.640627550829,6495.491158859207,364.4515026162457,1326.9309875179697,15724.590266692574,16145.09815463199,10486.311373207896,6280.520613208812,826.9446746802059,447.7729026363442,495.0257799560909,21.543245772217304
2019.7241615331964,2293.230963288659,1814.237651995748,772.0332967601664,1723.1202662938008,7389.741388669531,6507.741866833866,367.03124625803554,1319.0213135936149,20027.245912625564,22457.51588772195,10869.730368633427,6540.306198092517,768.2981316033129,420.9946013542931,478.99331129291113,20.88726861624091
2019.726899383984,2270.0079485681463,1803.2466750302196,765.0272752295499,1715.4316257660932,7407.716105239918,6520.149689553973,379.713465938779,1325.721008366743,18025.54945368373,20212.875101139874,10341.594341119731,6317.798036674799,691.4680946249082,378.89643821807135,466.7612735379266,20.562098640771094
2019.7296372347707,2242.9444950999177,1787.6085424619575,759.9408217443734,1709.0056546475191,7425.254997954254,6532.34119351811,394.752380177844,1336.02150808944,16223.209356738733,18190.762561825803,9524.256345467084,5877.820720278545,622.3117843904233,340.9909667436114,455.3359526379602,20.300812330965687
2019.7323750855576,2211.91096004174,1766.6311650188777,756.962942345463,1704.779860825225,7442.294297025435,6544.2378462287625,412.15239556375406,1349.7559266441608,19076.48629430649,21397.065932620942,8571.831780265673,5290.076832618868,560.0888560657359,306.9127652717186,445.27979502286234,20.130999984486703
2019.7351129363449,2190.7601209942904,1759.4295398879196,749.8034944197288,1693.8066250232866,7458.769715792355,6555.752314938616,424.4151637700184,1356.844218867206,17168.98370701613,19257.612294344544,8271.418112358318,5219.242713967418,940.0879222407948,533.6505174133348,431.3305811063708,19.68862665395829
2019.737850787132,2165.5682357987503,1745.918585653333,750.058187743101,1693.4099650836033,7474.847405374403,6567.115180432596,433.7025660601392,1359.8168675474944,44765.37847112457,47749.24906861563,7665.373258193898,4910.066565218816,1140.3364289865535,655.4309997825504,419.64965014541735,19.378269555687
2019.7405886379192,2134.2471678406955,1723.3637978080735,751.831326681411,1695.519481884932,7490.461414155696,6578.221799333383,448.0643862985895,1369.5834196906387,40297.70426459862,42978.16030050016,7560.502837556581,4866.638666764027,1096.6535353836991,633.0342138422815,410.883370032622,19.251911223025278
2019.7433264887063,2111.1871165592624,1711.8440875327356,757.6625974784603,1702.057488263992,7505.510416786878,6588.922012026276,450.6720641517881,1364.292810894025,36267.91121951609,38680.33463409746,9164.608726224638,5948.715821646097,1296.038726050246,759.0107273930873,399.3430290265269,18.915567734107906
2019.7460643394932,2095.590580667076,1710.711396382626,773.7732780854394,1721.075526896309,7520.133864923324,6599.400987759802,435.9623713005501,1336.3563876782953,32641.08370559665,34812.14179158458,11625.812771118846,7579.415452859802,1814.8930578358452,1114.4068477125384,384.8791842844503,18.366144028092265
2019.748802190281,2084.5429583602995,1716.3438915089316,811.1815546403651,1771.5156167669072,7534.457281338986,6609.832301391237,395.70631063842,1270.280389049959,29376.959356647,31330.865214007245,14095.82137985722,9217.734946891143,2458.97462344361,1568.9351956720648,368.1990668513679,17.66329954365599
2019.751540041068,2074.342322566028,1723.1843777565082,868.494056623594,1858.966088158503,7548.55742835375,6620.328846234695,356.1340071940052,1165.9207865673295,26439.098159008456,28197.47432157172,15966.571836397345,10484.434706355698,3050.2760706728977,1987.237648653389,351.1579448095199,16.928640031560764
2019.7542778918548,2057.5748106662195,1719.7989606300562,921.683592836276,1944.6220802286011,7562.448825643576,6630.910687802924,320.52091848877046,1073.4962700554502,23795.18200271915,25377.68715311069,16202.29334791475,10680.288756206408,3308.2347980022355,2176.993355647257,337.7758500361633,16.416212343054266
2019.757015742642,2031.2702929672616,1702.1647741978647,947.0076136807236,1987.401849369203,7576.022753223715,6641.407148464492,308.3557057474486,1038.282126685474,21415.65968711547,22839.84515762725,14786.84088594602,9768.02476699362,3091.048464242621,2041.310461674209,329.1055187693969,16.20195598334885
2019.7597535934287,1998.306180695726,1674.9864363179202,949.6766672564498,1992.014470957713,7589.121031917858,6651.580929976649,325.980385749117,1051.1019614647464,95025.5246392835,102214.29783491332,13308.156644441837,8791.221795852856,2781.956626835244,1837.209485062676,323.3197443778058,16.179689954481326
2019.7624914442165,1975.135822302999,1660.5123922448788,968.7987573091832,2024.2033338901877,7601.634043728082,6661.274216050859,317.9435422788873,1024.1217565311017,85523.13007737882,92011.4437930459,16562.064406398033,11089.310250040651,3039.0591609112053,2002.889689096109,314.6234300581202,15.929204792168205
2019.7652292950036,1958.126064121972,1653.914694510477,987.318755869066,2056.6583223210755,7613.727004222039,6670.699464726736,304.7682414060747,989.2671171587408,76969.85709460053,82809.88608978076,19117.196804955784,12914.461718708148,3319.0533231641957,2183.5763819524377,304.211369611495,15.535841904433465
2019.7679671457904,1931.2729012906143,1633.8993725028863,993.398780630386,2067.658854419496,7625.502968828529,6679.988826939985,314.1933148696191,989.4204448546608,69272.71945090289,74528.85513244502,17558.08376755898,11890.889849759167,2999.4701762953214,1972.637240477301,297.373528787728,15.397799481834069
2019.7707049965777,1907.7414945436883,1617.8945840879776,999.9301488161152,2079.4660980968183,7636.804037657754,6688.919353622026,320.32018460159105,985.1153629102058,62337.464918521306,67075.48589911706,16588.900082363576,11269.498349051752,2782.3665884699826,1830.5573199025405,289.8469104557107,15.193196315365517
2019.7734428473648,1883.147611173742,1600.6028079797752,1002.0467401673402,2083.5938071476185,7647.677500923704,6697.558619906295,332.3519133543625,990.0680636833406,56102.862110109294,60367.5201301618,14980.383161468024,10195.61856869103,2504.1087908223494,1647.5006818576244,282.5448031939668,15.003858514195825
2019.776180698152,1862.835486252934,1589.8903288885183,1001.3712387018423,2082.545150403087,7658.111261050366,6705.886154580352,343.33367961401007,993.9295648450692,50491.855993252095,54330.12955588893,13698.309525552986,9342.556306505903,2264.413370500452,1491.605357003212,272.94515736441576,14.652134307009627
2019.7789185489391,1856.463233085423,1601.1662300065236,995.2577688058276,2070.672098190183,7668.177723966202,6714.012151597209,346.1808397617003,986.828618923114,45442.1636529667,48896.76968061047,13427.09652825882,9192.44327621125,2186.910961303612,1445.3170838423987,255.29700307889948,13.75179419279952
2019.7816563997264,1851.4846348516503,1615.6515549528458,987.5857146396768,2054.714110472955,7678.111179813474,6722.302179056068,349.3259363143573,980.4391542351616,40893.76587756656,44002.30852774737,12991.538199350867,8935.324809625645,2124.146627747792,1408.8598131393317,235.8330798988045,12.737512127271883
2019.7843942505133,1834.670161080536,1611.4612168044955,983.8973954898656,2046.0772679740217,7687.933355244514,6730.812307657045,360.4344538042444,985.1841062814676,41156.34243486044,45079.23448323598,11706.78730458325,8059.52886503108,2142.8435010348776,1428.2426088399573,223.20894427604048,12.166162017077813
2019.7871321013008,1804.0926935142384,1584.6047820740405,983.8972889419224,2046.0768282980453,7697.448483510806,6739.229426573317,381.9247996521929,1004.05176177163,83433.51553159785,87264.63388370561,10536.05697577729,7253.563160127906,1928.576727702512,1285.4373540105198,219.48791144019788,12.166110545719896
2019.789869952088,1774.0244807843244,1558.1947013283554,983.8972889419224,2046.0768282980453,7706.427796345816,6747.175865108229,403.4415995470959,1022.9433039824032,75090.17369564719,78538.18033893556,9482.451009112896,6528.20665605001,1735.7190056840868,1156.8935852871002,215.82977945596895,12.166110546600077
2019.7926078028747,1744.437795078418,1532.17381868372,983.8972363548472,2046.076520496256,7714.9021232252835,6754.714569913346,424.9819109606086,1041.8536896237092,67548.22175464226,70581.96134980123,8530.046895942342,5866.874262453027,1561.3869894873526,1039.6981207904744,212.26397639469815,12.168045028235369
2019.7953456536616,1719.8455337251553,1513.5268843066349,982.4580131884704,2042.8169589162655,7722.8394035206675,6761.74473458984,443.5040151848638,1057.1579209042902,60793.34817771808,63523.76227296579,7677.035715327973,5280.186591676467,1439.934894560455,962.0248164558598,206.3186494185204,11.996347658713153
2019.798083504449,1695.0678009090102,1494.1171716124484,981.2779730313438,2040.1521891102695,7730.345425267499,6768.447815089853,462.3836664113033,1072.9572229044588,54713.39731138461,57165.05487784801,6909.254348658834,4751.641676722908,1314.589020332826,880.7549060083413,200.95062929656183,11.855020146615875
2019.800821355236,1666.816218726236,1469.2165966958432,981.2779798122764,2040.1512059853544,7737.417976317136,6774.807001733324,483.990590763508,1091.9274943025082,49241.42704766122,51446.8262040856,6218.249289601829,4276.334275350842,1183.117040140523,792.6617381219309,197.59962203039277,11.854913565779698
2019.8035592060232,1638.787638975797,1444.581340870812,981.2779764875336,2040.151134543812,7744.258382239303,6780.887547625381,505.60666791652017,1110.9101756770283,44028.703496848495,46097.55393915314,5559.982799531275,3831.699662886785,1057.8720195369613,710.245493944221,194.20629810498508,11.85060794248847
2019.8062970568103,1625.7369271053426,1440.2463869070766,976.9576369834311,2031.1198210772247,7750.354367062503,6786.38613024984,517.309634467877,1119.2057604828915,39625.82911368863,41487.79723515738,5650.795172239568,3900.850721045929,1232.7213812498594,840.2420682111901,185.490540198266,11.40962828029844
2019.8090349075976,1617.7252988811426,1442.336591588227,974.1084797345712,2022.5065440077544,7756.216211411893,6791.797400395554,522.7364755915455,1120.7454627254988,35663.10243339444,37339.00478653079,5883.718810984073,4065.963426377868,1521.320231422415,1056.4139975497233,175.38870729291557,10.841686620974437
2019.811772758385,1612.8631267378837,1448.00209636115,975.2181112609328,2018.0236063224736,7761.928471220155,6797.228662032552,521.2046564001832,1114.5595340008615,32096.58311659165,33604.74262506976,5631.864175679374,3910.7322399148456,2253.822831181568,1569.2167061799269,164.86103037673365,10.221638007818765
2019.814510609172,1609.183456992232,1454.122075744951,988.1001985910366,2026.9809590819784,7767.544005752629,6802.739462206135,506.8146042832563,1094.3993016839722,28886.77771366277,30244.156540863885,5279.730217822903,3692.397656209244,2914.847119277548,2028.410469144244,155.06138124728113,9.636028792957548
2019.8172484599588,1607.6916968365276,1461.688319274882,1014.797600820181,2052.2114065619094,7773.082839031776,6808.337052413738,476.498028930669,1056.4329204665037,25997.88455124652,27219.21743655836,5011.747245814619,3536.976657868101,3488.445243316441,2426.432805826,146.00337756164572,9.081553251095228
2019.819986310746,1607.1593810634365,1469.151749505117,1052.4891071489774,2092.333705885969,7778.581618377128,6814.045417046295,434.2679590296167,1003.5667262796546,23397.84284350998,24496.943056410848,4797.040630594365,3418.5489063896102,3904.692467068665,2716.2623776947626,138.00763155831942,8.58705323096217
2019.8227241615327,1604.5379479200287,1473.0868368687618,1091.210225076854,2137.6215581015585,7784.056650487454,6819.861407993479,393.12114213482215,948.9556957532332,21055.61524226236,22044.109811018745,4544.274929780341,3268.452707261784,4139.800593077803,2880.7492721908084,131.45111105126693,8.1924588459667
2019.8254620123205,1598.7504095559916,1472.5803721093553,1124.947032930188,2180.56533219274,7789.472928635517,6825.728209427023,360.1836032442025,901.0794849879098,18949.408723998364,19839.23423020975,4247.331700998766,3079.242078447959,4160.995122625592,2896.061928656308,126.17003744663634,7.891790781881743
2019.828199863108,1595.6278928414931,1474.3333874806228,1161.1091561869612,2230.051076877037,7794.77780302786,6831.570596385906,324.1643494978592,844.4262379734588,17054.36196159901,17855.256946792953,4033.701188459917,2948.785654363798,4214.598660422663,2935.3387411004264,121.29450536087029,7.601678681166015
2019.8309377138944,1592.976623020891,1475.8252442685352,1196.2003618306398,2282.0664378920783,7800.0161479270655,6837.426151822481,291.7448931117125,785.4913647339266,15349.415219023283,16069.32190292726,3844.101625909762,2831.032381200268,4239.5288183351895,2956.96912449152,117.15137875235587,7.354243437056357
2019.8336755646817,1573.9262356989575,1459.2924887337294,1204.5312559745628,2295.668043622338,7805.195854031932,6843.290564556783,297.71256954174225,782.9860018041768,26155.624897196296,27514.27516375441,3459.6901809584538,2547.9283234808413,3815.575688325719,2661.2716461048904,114.63374696522806,7.283298566677803
2019.8364134154688,1566.0455846074751,1454.8010862765534,1215.2859503427662,2314.741687096598,7810.043900027488,6848.863381941005,290.4183802694652,763.2588434028696,23540.590906670008,24763.16600480145,3621.985233876203,2677.1275949381197,3525.665432009735,2462.9996750708324,111.24449833092172,7.103528749375762
2019.839151266256,1574.937922241457,1468.5224402399483,1216.6649666022513,2325.4304864447886,7814.747311716599,6854.3460747275,275.8715146868891,733.7938973047887,21186.47306324785,22286.796653640315,3925.8860941479816,2910.938694486269,3369.693700003844,2360.9932180466494,106.41548200150874,6.756804855524582
2019.8418891170431,1594.4289519802292,1493.886809217846,1202.9739167273638,2319.073668927292,7819.5851765082525,6860.042143280627,265.6615700313494,709.5181772912603,19066.374919141188,20057.798142511747,4075.419284653344,3028.807917720549,3185.002826052167,2238.4458956416725,100.54214276238326,6.305840259455474
2019.8446269678304,1629.7682328573094,1537.6269364254003,1174.3727156686723,2295.978588140358,7824.735377790488,6866.144630753448,254.20118893072643,683.1985433978225,17159.673774100393,18051.476314813277,4234.09834011108,3156.034001557297,3043.1966312913983,2146.47054812882,92.14129643190904,5.653644154688605
2019.8473648186173,1669.1742074030683,1588.2822963821202,1138.45446678015,2261.971945625979,7830.454769227986,6872.957136727643,245.421971835992,660.1652199812827,15441.78891867628,16245.411978208022,4314.589260004945,3226.6648359514493,2887.8109688526256,2044.079681161364,80.8919110209481,4.8462233997014135
2019.8501026694048,1703.2577683493028,1635.8132763518536,1102.9343557667462,2224.5422294407517,7836.820156214228,6880.595891167291,240.9210349169203,642.8531017571306,13897.373578725268,14620.302526288076,4287.407983852306,3219.740318789653,2703.900149986964,1919.7444589808035,67.44449199744918,3.9597348828071053
2019.852840520192,1741.1690342050483,1691.025048604581,1064.268129586546,2180.1697296146885,7843.73623813817,6889.007226287803,235.1878133174316,624.0303942099557,12507.409757474972,13158.00428489727,4300.408901799054,3247.374870607842,2558.685320922594,1822.7767168988853,50.14398560046743,2.879903364658749
2019.8555783709787,1755.4104673019576,1718.8328287150407,1039.1776087661538,2149.236741528592,7851.265823106377,6898.307962155242,238.93521607270628,618.2827663181562,11256.621018726584,11840.733241041007,4060.835102128269,3082.565955868177,2341.08082847387,1671.751310352573,36.57763858691692,2.0837085837329123
2019.858316221766,1764.253495586521,1741.311403588409,1017.456612867178,2120.12727933948,7859.011359916406,6908.054643177049,244.49554687708684,615.5948726120965,10130.389900299684,10656.718017006662,3705.315097579403,2829.6454628697256,2234.4561810777022,1601.5918703171485,22.94209199811212,1.3003852369007258
2019.861054072553,1760.6387157160216,1747.1133825338725,1003.5384816746854,2100.8879328700077,7866.884041250373,6918.150313416954,254.5836766061138,619.3644698962006,28443.17369768049,29453.96534409212,3334.782747164706,2546.680240721415,2069.7584857790707,1487.5444585612345,13.525333182149097,0.7682060528044549
2019.86379192334,1731.295418313149,1717.9956248351482,1003.5381305757884,2100.887519472238,7874.67492128224,6928.315027208765,276.5643450760174,638.7458272008781,28732.347794200778,29711.7804521234,3001.3045212017923,2292.012019164243,1862.781960825844,1338.7897310595592,13.299793478000765,0.7681989646203268
2019.8665297741272,1713.1144400919318,1703.7162928789137,998.4960526132052,2093.3312554638446,7881.955393767487,6937.966612277367,292.9348287745714,651.357738096901,25859.113053639227,26740.60289228734,2977.2380154752373,2281.1227340996197,1676.5037369317974,1204.9104778998926,9.398147213018092,0.5486000814115929
2019.8692676249143,1693.3690615697185,1687.296155378631,994.5625570153752,2087.0187341097544,7888.913373631918,6947.35402674983,310.083623030183,665.1308824788098,23628.968585720617,24535.009666262034,2866.711260275248,2202.03717528501,1508.826346749891,1084.4092747646052,6.072906191087441,0.35862862555537545
2019.8720054757016,1682.8724174071083,1683.476054235743,987.0803547991968,2074.196478638852,7895.522739698877,6956.4418043849855,321.8810033420114,673.1133614574453,21266.074748092848,22081.742726770583,3138.3499322917364,2423.44318752102,1402.1667851165598,1012.5056544828672,-0.6036368286347624,-0.0358694350439719
2019.874743326489,1661.9191787481873,1665.2130583309288,984.3073493492265,2069.14420250036,7901.939047668845,6965.440995500538,339.61883948093487,687.8573423851977,58198.247125267946,59214.187499358304,2916.8214646464494,2256.98628324234,1261.950070332297,911.2550185376324,-3.2938795827415106,-0.19819733864691122
2019.877481177276,1643.8866769286303,1650.7984640090108,980.7339245693888,2062.279607007825,7907.988556656435,6974.111225883699,355.60315709273925,700.8942018164928,52378.62892836489,53296.36385335413,3743.0255584882666,2889.5956059318105,1135.7564786857286,820.7826955170867,-6.9117870803804635,-0.4204539873328836
2019.880219028063,1629.4671055437875,1641.1266662869205,976.1227173101652,2053.0962665364145,7913.721004926191,6982.517473487954,369.3293874670536,711.7709924057386,47140.657649096094,47966.516947609685,4817.869754316929,3716.0305295756025,1051.9368614895775,765.4085981918763,-11.659560743132943,-0.7155444073381219
2019.88295687885,1622.7002897005657,1641.456252254514,969.3740369512592,2039.3089408215287,7919.197371897413,6990.739420065394,377.79641669796,717.434685575587,42426.57287927562,43169.80643209464,6526.934099203135,5035.602834288403,1086.2061139487978,800.8351867648068,-18.755962553948393,-1.1558488448541167
2019.8856947296367,1610.8004774288238,1634.1844666085835,965.468822463008,2030.6515791950335,7924.545958154275,6998.944326567295,388.6807572010911,725.5868263461107,38183.86916617326,38852.458629696186,7061.010331746338,5454.883698753069,1200.6081416173436,896.0442135859304,-23.383989179759737,-1.4516999161240318
2019.8884325804245,1600.879545901281,1628.7790003704151,963.25431648502,2023.701549290569,7929.681591460509,7007.005678247981,396.10846140038575,730.308870808056,34366.22145320854,34966.874644648466,7465.239709230733,5777.176219781773,1392.865213726647,1050.07189119162,-27.89945446913407,-1.7427578821008
2019.8911704312115,1574.1981526266068,1601.634319642668,963.254323751406,2023.701080765816,7934.637773804089,7014.95474616983,418.26156506509744,749.9328521387076,44265.84697266473,45923.737107884524,6718.714395852802,5199.533994879072,1253.578897589941,945.0862830795892,-27.43616701606129,-1.742866167787267
2019.8939082819984,1557.928839398063,1586.7215775335037,963.6634633371522,2022.0994010335369,7939.135679421282,7022.429598585495,430.0517330907014,759.4003215644867,39839.269548758144,41331.366140697966,6810.987315220423,5299.350211427139,1244.6972717322071,942.9782094757832,-28.792738135440686,-1.8481420593359923
2019.8966461327857,1542.6348620700323,1572.425560682481,964.8933087848033,2021.498364056516,7943.35031912044,7029.636991798622,440.32912527192536,767.5178821794068,35855.00577580695,37195.5550420386,6879.261321437431,5376.826538390349,1247.3784120266723,949.64043789562,-29.79069861244875,-1.9311568372358172
2019.899383983573,1538.5149135518016,1570.1113342365948,969.093570161649,2022.430423138808,7947.298306796109,7036.584997248193,436.7287247376376,762.3799440934305,32269.48986328757,33475.691449950275,7206.963905404404,5686.150903318356,2196.1482577480583,1679.7571675827971,-31.596420684793202,-2.0536960939722055
2019.90212183436,1541.3591292930407,1574.6516530281503,1002.6411483757076,2051.813365339209,7951.166831956389,7043.475207337222,396.8963275720526,721.994373012443,29042.40575604826,30128.10349639205,7793.557720286619,6200.934275876271,3293.09550121974,2527.700852203008,-33.292523735109626,-2.159945927097442
2019.9048596851471,1544.8706725732468,1578.9725328723732,1065.0526739168488,2114.0110780316923,7955.072119616513,7050.422183610419,357.2056825523263,649.8101551193988,26138.05607275192,27115.142284509155,8246.552442815693,6598.253101680428,4176.476051434808,3215.1460929735017,-34.10186029912643,-2.2074249258887115
2019.9075975359344,1544.0663968437104,1578.2131006537652,1133.9619035113228,2183.7646722498075,7959.025141791525,7057.422112804284,321.4764641764773,584.8313247401779,23523.61749579181,24403.317974359816,8318.400711267881,6676.8395831469215,4627.700822749405,3569.572573497162,-34.14670381005476,-2.211478980428266
2019.9103353867213,1543.4016940940778,1577.3755411929933,1202.2777701128682,2253.2938209417284,7962.954271502569,7064.390305952957,289.2937152056565,526.3391052804025,21168.68716303794,21962.606940967424,8226.606299326075,6613.551750510655,4821.455334750099,3725.586449903112,-33.973847098915485,-2.2012316838136514
2019.9130732375088,1540.5114178166575,1574.1993952376374,1252.1128684200269,2304.213113861782,7966.861345301929,7071.325413648629,260.3606155379069,473.7035432905944,19051.5456444668,19766.277336150662,7715.426010093821,6206.695551574039,4914.319684901307,3809.7395927660623,-33.687977420979905,-2.1868047864731404
2019.915811088296,1545.5248090564069,1578.925130893458,1298.5948092735457,2352.1316092687684,7970.709698813423,7078.188609266555,234.31567884985995,426.3307513345659,17145.741653742516,17789.547887419896,7141.2136645255305,5743.193713293192,5206.017552957254,4057.096378715204,-33.400321837051024,-2.1610990416545306
2019.9185489390827,1560.4519778022966,1593.020380976746,1350.072747042467,2406.416743494396,7974.630812147682,7085.111675595788,210.8815188993545,383.6933339359642,15430.977817382674,16010.41190852567,6745.664013250787,5422.1100150470775,5597.057146339326,4381.758164310019,-32.568403174449486,-2.0871134541620466
2019.92128678987,1563.5436627417748,1594.8165336849618,1385.8000291397923,2444.965379515758,7978.789995970389,7092.250684622425,189.79314587413663,345.32310479067814,13887.847226415772,14409.316515121396,6177.111382829285,4961.429379400486,5371.147041683304,4214.342290802091,-31.272870943186945,-2.0001277667134634
2019.924024640657,1556.7635127785825,1586.8376251684888,1402.780346593702,2463.8426615046446,7982.989255088873,7099.400122775691,175.83515397984854,327.7069911425723,12498.665280339612,12968.174798241247,5559.345395074553,4465.275132928722,4944.097220693977,3884.365712699032,-30.074112389906304,-1.931835641254763
2019.926762491444,1553.599728097503,1582.365228075564,1406.240525469006,2469.6962911384785,7987.064147412122,7106.397181547111,171.8917674623758,319.7565998302442,11248.763108179044,11671.200264621491,5003.392390391403,4018.690282489655,4479.055285986331,3522.6459790085296,-28.765499978060916,-1.8515386851468096
2019.9295003422317,1547.2880972573,1575.3671208272465,1399.880111011552,2464.32460253624,7991.075121651354,7113.30035821354,180.98073852080128,325.6511190143714,23693.49931325192,24918.814072991598,4503.041870452621,3616.819260083428,4031.141329011162,3170.379950671928,-28.079023569946457,-1.8147249771854976
2019.9322381930183,1549.7047300794572,1577.6645311252416,1386.3180988717304,2450.7706811348794,7994.9699141312385,7120.067990044737,188.6592253585844,330.5678982865392,21325.06812431265,22427.228799863675,4327.171661785927,3477.8273985068363,3628.021789787294,2853.340062918066,-27.95980104578439,-1.8042018265215478
2019.9349760438056,1523.876325076747,1551.370361059563,1386.3180951771456,2450.770559243984,7998.894299020901,7126.855362745792,210.99114916622295,350.50271754205903,108459.29090240617,110258.59416234886,3894.454481808995,3130.04597722112,3265.219452413391,2568.0051546204054,-27.494035982816058,-1.8042170175083847
2019.937713894593,1523.58879454371,1551.0344864905228,1373.202015716099,2436.589434705628,8002.37746088435,7133.185905407805,221.33949729685665,359.1170739874404,97613.401577173,99232.75605834438,6013.450477511763,4758.533551323595,2938.697342118509,2311.204895349697,-27.445691946812758,-1.8013844710004117
2019.94045174538,1542.3015043317953,1570.1158653547511,1350.5440360334849,2411.4571768897267,8005.846286743332,7139.493508125104,222.24384133240517,359.28825022181064,87851.9786557421,89309.33503431137,9720.165233656206,7622.08694889053,2681.0999732187934,2110.727096905337,-27.814361022955836,-1.803432139878931
2019.943189596167,1538.731431601581,1566.588347133573,1338.9534230187098,2398.5216026391545,8009.6173378194435,7146.101848586304,234.06137600128423,369.5709022323605,79066.30122378288,80378.39787463976,10434.262657372969,8163.704373961417,2412.981219016866,1899.6543133496432,-27.856915531991945,-1.8103819133009593
2019.945927446954,1513.090861659247,1540.4790855647373,1338.9508614170784,2398.5212834433205,8013.318767634392,7152.633307140312,256.4309777303023,389.5769244430228,71158.87793381384,72340.39551857818,9391.29307029963,7347.354918419764,2171.6588914568283,1709.6850398863776,-27.38822390549035,-1.8100845494140767
2019.9486652977407,1487.4453377992206,1515.3752969794214,1338.9508614170784,2398.192165875231,8017.020134404502,7158.713250301942,278.8030348202186,409.3577874347983,63252.24781143555,65103.610616308055,8347.86680456233,6612.345850433049,1930.3607695551411,1538.651652584682,-27.92995918020074,-1.8777133162772266
2019.9514031485285,1461.7998139391943,1498.734168073509,1338.9508614170784,2393.557461348987,8020.721501174612,7164.356832633815,301.1750919101349,425.41793853508057,55345.61768905726,58592.84967326162,7304.440538825035,6156.178770114765,1689.0626476534549,1384.777036572328,-36.93435413431462,-2.52663557500295
2019.9541409993155,1436.1542900791678,1473.775153761916,1338.9508614170784,2393.5462566681517,8024.422867944722,7169.709768317884,323.5471490000512,445.4631218434416,47438.987566678974,52728.21100259528,6261.014273087739,5540.754912530946,1447.7645257517684,1246.1728040726268,-37.62086368274822,-2.6195558473508007
2019.9568788501024,1410.5087662191415,1449.2037292780717,1338.9508614170784,2393.5462566681517,8028.124234714832,7174.638452194895,345.9192060899675,465.5337624502756,39532.35744430068,47443.39898545572,5217.588007350441,4985.421117614713,1206.4664038500816,1121.2721316399632,-38.69496305893017,-2.7433337520228065
2019.95961670089,1385.9200616216976,1425.0342200452426,1338.9508503015754,2393.5462423296794,8030.743737132442,7179.151982207593,368.316319385308,485.617656008876,33580.722120154394,42678.22322769072,4432.131749911578,4484.689551103833,1024.832958383672,1008.6535512259268,-39.11415842354495,-2.8222521274262062
2019.962354551677,1371.6744202388109,1409.859221228713,1334.954602920748,2389.523527757987,8031.840370311158,7183.233648403268,385.8894749703092,501.16160320142296,30222.645453568264,38410.39470514453,3988.917987036548,4036.224825051835,1323.7802003758534,1206.1237235670928,-38.184800989902214,-2.783809366602767
2019.965092402464,1363.0920465543682,1399.678756532158,1331.557476509573,2385.5078567537157,8032.696659354046,7187.051225538727,397.4405860230431,511.9680617667902,27200.254066798683,34569.32996739909,3590.009447244044,3694.305611094149,1818.866514478131,1561.438999068438,-36.58670997778995,-2.68409679817838
2019.9678302532511,1353.0942723737255,1388.0568380245084,1333.5773760981997,2385.576397633089,8033.407980754262,7190.689177933267,405.1350392148411,520.3113870005222,24479.22772745016,31111.27872336781,3230.8689167223283,3358.8320209416515,2136.645530375737,1783.694352607673,-34.962565650782835,-2.5838972468228847
2019.9705681040384,1335.4130193485837,1369.3459883749936,1335.9648674906832,2386.7717353485777,8033.950253416817,7194.123041345751,420.31442818494673,534.820935522065,27606.691446865672,29312.99485981124,2907.773846440685,3022.944486198316,2010.224783443053,1665.2220755371409,-33.932969026409864,-2.5410093008500407
2019.9733059548253,1313.1562006298168,1346.5235706293497,1335.9649105109163,2386.771742081869,8034.196330366738,7197.235554032102,442.7530269335572,554.9587338480719,57705.33878800759,57229.85186871136,2616.994726589357,2720.649442930337,1809.202889216096,1498.69990238415,-33.36736999953291,-2.5410054023679156
2019.9760438056128,1291.2702568855063,1324.0815064003198,1335.9649105109163,2386.771742081869,8034.070777328368,7199.959164794228,465.192423716236,575.1050873149759,51935.387500689256,51507.219178828826,2355.2946999485266,2448.5841236395745,1628.282217314823,1348.8297055745784,-32.811249514813426,-2.541005598158273
2019.9787816564,1269.3843202083428,1301.6394468898309,1335.9649105109163,2386.771742081869,8033.945217210007,7202.682770732027,487.6318205117613,595.2514408876666,46164.8536218885,45784.23399195769,2093.595227289591,2176.519179346541,1447.361928393213,1198.9597153361633,-32.255126681488036,-2.541005601533981
2019.981519507187,1247.4983835311791,1279.1973873793415,1335.9649105109163,2386.771742081869,8033.819657091645,7205.4063766698255,510.0712173072866,615.3977944603572,40394.31974308773,40061.24880508656,1831.8957546306556,1904.4542350535075,1266.4416394716034,1049.0897250977482,-31.69900384816242,-2.541005605028117
2019.984257357974,1225.6124468540156,1256.7553278688524,1335.9649105109163,2386.771742081869,8033.694096973283,7208.129982607624,532.5106141028119,635.5441480330479,34623.785864286976,34338.263618215424,1570.1962819717198,1632.3892907604734,1085.5213505499937,899.2197348593334,-31.142881014836803,-2.5410056086470436
2019.986995208761,1203.726510176852,1234.3132683583633,1335.9649105109163,2386.771742081869,8033.568536854922,7210.853588545422,554.9500108983373,655.6905016057386,28853.25198548622,28615.278431344283,1308.496809312784,1360.3243464674397,904.6010616283844,749.3497446209183,-30.586758181511414,-2.5410056123975866
2019.989733059548,1181.8405734996884,1211.871208847874,1335.9649105109163,2386.771742081869,8033.44297673656,7213.57719448322,577.3894076938626,675.8368551784293,23082.718106685457,22892.29324447315,1046.7973366538486,1088.259402174406,723.6807727067747,599.4797543825033,-30.03063534818557,-2.541005616287
2019.9924709103357,1159.954636822525,1189.4291493373848,1335.9649105109163,2386.771742081869,8033.317416618199,7216.300800421019,599.8288044893878,695.9832087511201,17312.184227884696,17169.30805760201,785.0978639949128,816.1944578813724,542.7604837851652,449.60976414408833,-29.474512514859953,-2.5410056203232028
2019.9952087611225,1139.7518971044951,1168.2565940346797,1335.9649071724837,2386.7717366306024,8031.510252250034,7217.729584096883,622.266611914007,716.1548858292246,16807.06322287608,15349.634339896042,644.1582692302936,636.4700792602271,445.324929607847,350.6066070404916,-28.504696930184537,-2.5009563048414174
2019.9979466119096,1124.7377130234809,1151.836159249187,1333.2728144055638,2384.5632805420537,8028.50198224837,7217.425927797249,643.4090587636039,735.5153330029012,15126.35648585081,13814.669851853309,584.897515860871,572.8229672281956,420.1008363140282,331.3155254713518,-27.098446225706084,-2.4093124923197413
2020.0006844626969,1131.8747376929675,1152.1461615822852,1315.88325782642,2370.5725441800564,8025.25171733702,7216.849433167909,657.3397555846103,750.2004616611405,13613.719184278272,12433.199651481453,526.4716091318073,515.540537188065,880.5494517400748,679.880072684743,-20.271423889317703,-1.7909600076980015
2020.003422313484,1145.6368315841771,1157.180010221775,1307.4678361064214,2361.7060716886467,8022.129278901252,7216.279677998502,655.543421849168,755.0307406824716,12252.316043132512,11189.859865261486,481.9378058726029,463.9856615918418,1356.017339486933,1040.1462521431374,-11.543178637597975,-1.00757747301439
2020.006160164271,1163.0840862511589,1164.676563443226,1315.2673130428625,2363.141363093481,8019.244532516421,7215.795317741697,633.609336630576,747.0111563129916,11026.937269571874,10070.78002901806,473.8852750266976,418.9234100033848,1766.917741737595,1351.4405162733422,-1.5924771920672356,-0.13691849204128417
2020.008898015058,1175.0433264505664,1167.957040257009,1335.7811504057272,2374.1249031605366,8016.658495561776,7215.43719356924,604.1501960229457,733.5331636046083,9924.145591531194,9063.615181733909,512.0584299830223,395.510505580195,1952.124547976838,1491.155971714907,7.086286193557271,0.6030659494882369
2020.0116358658452,1191.402207734683,1174.2176360831832,1369.0245506331771,2394.6001570550684,8014.279051449742,7215.134807522125,557.3552586234152,707.5275999310163,8931.703452750766,8157.225361287912,652.6714413407506,445.59019088793247,2072.98434324513,1582.0384521906635,17.184571651499937,1.4423820553576496
2020.0143737166325,1208.4034352044405,1180.7523046708875,1410.9251710326653,2423.4272477747386,8012.178622416848,7214.937492958467,501.6295670152495,672.7910551872985,8038.460732036674,7341.402961862638,871.3648400455274,558.7833780700714,2112.3023380164577,1609.519606785943,27.651130533552987,2.288236670634332
2020.0171115674195,1217.8125075232203,1181.793414944034,1449.3750824923125,2452.707682652737,8010.366358400996,7214.849670331991,456.0104131037258,642.9852326626273,7234.26495540641,6607.20920440396,1001.207263628877,631.177838172196,2121.1122649164968,1600.609157698432,36.019092579186236,2.9576878506890725
2020.0198494182064,1210.0361417803604,1170.796154681828,1469.3772556978586,2468.909787764293,8008.717019936602,7214.779514788857,445.8618441054344,638.2784433564109,7190.3359482323895,6996.465045162425,973.9849791800842,611.2281220747254,1937.124985619087,1454.1431856102538,39.23998709853231,3.2428772780949675
2020.022587268994,1197.7262327568428,1156.5731864091715,1484.014373305133,2481.011128334967,8006.942642931829,7214.526306955975,445.736912526449,641.081178891274,6471.349161000603,6296.902012019575,931.594496675903,593.9791598003319,1743.4073909879082,1308.7259810339183,41.15304634767131,3.4359309516790066
2020.025325119781,1181.9624582572212,1140.026203257379,1491.7327439481005,2487.5364848863933,8004.967973922264,7214.036815472193,456.1848853926689,652.0201969754229,5824.194046939193,5667.177997825911,841.4317230239974,540.7634399165187,1569.0612099247328,1177.846354270493,41.93625499984228,3.5480192037297362
2020.028062970568,1164.721555586388,1122.5952074320237,1493.438394684593,2489.173609691161,8002.738449618158,7213.273423989912,474.37756163111806,669.0053594782938,5241.140740352396,5100.30962370325,757.2096476118148,486.67674407009497,1411.9846021031217,1060.030424001602,42.12634815436422,3.6168600084983735
2020.0308008213556,1168.4151630978915,1118.5351688821577,1491.4173793636564,2490.571062949769,8000.225211665091,7212.221210222631,475.6461073936185,673.1480585368289,4717.016934661466,4590.227747602291,725.0882462846555,473.0325959191176,1283.726607916008,956.9600242926604,49.87999421573386,4.269030032397383
2020.0335386721424,1167.6968471341086,1111.9299407717529,1484.0490710617223,2487.170386116971,7997.780365458432,7211.103970935871,486.60547786599534,684.6991027667908,4245.311927507534,4131.217436813183,656.7469097094538,431.4439344779605,1155.3528267590482,861.2611480053741,55.76690636235571,4.7758034544004335
2020.0362765229293,1151.771645105793,1095.7223760865731,1482.2410362599178,2486.148934194029,7995.330253721266,7209.879717801691,507.21672643328185,703.5802725090924,4628.231302890519,4613.595645118565,591.0710179494432,388.2987312630161,1039.81468975529,775.1323130060966,56.049269019219764,4.866352567142031
2020.0390143737168,1147.358933124396,1087.5261589528673,1474.1312729648296,2481.042413058955,7992.6214982685315,7208.388746202229,522.8758571625049,718.8018823773332,4165.480209619931,4152.356164714429,532.8228379862267,353.074823709294,935.8303243290572,697.6163724183399,59.83277417152863,5.214826192933088
2020.041752224504,1157.928257857652,1090.6091579230083,1457.5542449459867,2469.491266983621,7989.846587891696,7206.76522344897,532.0863708249253,729.3214522357832,3749.028841417313,3737.215311824636,515.2949812908661,346.8070152646324,843.1176982223641,627.8517210952416,67.31909993464365,5.8137539590919465
2020.044490075291,1142.117927242497,1075.0432487314747,1455.6099289855802,2468.012537877404,7987.255397697378,7205.197478970888,552.8601075948081,748.3617350116166,7353.134275371381,7459.714665120103,463.7656917461711,312.1263490284631,758.8057346483896,565.0663589557477,67.07467851102228,5.872832998337206
2020.047227926078,1138.3811231544728,1068.8770583816572,1447.3246676447163,2461.339574681411,7984.408051790555,7203.374610959327,568.1574189305171,763.4516565689871,7051.680485395386,7214.592728309273,496.7996928351904,339.0666206607348,682.9170456564563,508.5594382102068,69.50406477281558,6.105518034260677
2020.049965776865,1138.1081397877952,1065.5276563922234,1437.4690217969828,2453.2302438336365,7981.505996430908,7201.453969235923,581.6160035045757,777.2589311296042,6346.530924137974,6526.518040717629,560.0356768208873,387.8220062507614,614.6230462896883,457.70271167014414,72.58048339557172,6.377292355461463
2020.0527036276524,1125.418251515221,1052.6210678477296,1434.1960678636594,2450.525763352117,7978.607325695525,7199.482752860457,600.9054164458566,795.2691165310855,67597.82737437305,68007.76653792932,517.2107815494886,359.64511933761787,553.1607103446064,411.93241777633074,72.79718366749148,6.468455933558929
2020.0554414784397,1109.5321399027882,1037.27398779214,1432.7016726818345,2449.303030956776,7975.50510495605,7197.30183372387,621.8160439795877,814.4477481186001,60838.78208672264,61207.40441543007,742.7081969162962,518.5426713695692,497.8444414011374,370.7390301797741,72.25815211064833,6.512488418494955
2020.0581793292265,1102.9556972602993,1029.0265445924297,1426.5474652580426,2444.296233166843,7972.146616574099,7194.871110406205,638.3330824278167,830.560612425908,54754.882240096034,55086.631180158125,1855.614687638447,1300.0140030779978,448.0599736472197,333.6650486775867,73.92915266786963,6.702821595781851
2020.0609171800136,1118.0495453437272,1037.1487856721017,1409.3923577520115,2430.3726215435163,7968.687715756818,7192.309577890358,644.2811426676994,839.3514154854116,49279.38306062677,49577.96469645668,4921.374757492673,3445.7405718233945,454.2148963077959,335.17819325871926,80.90075967162556,7.235883240465328
2020.0636550308009,1145.0444675244275,1053.9577542844793,1388.2550651546617,2413.170698065657,7965.489834607356,7189.890295791492,642.0492942338111,842.5915524497633,44351.40469217009,44619.63648274185,8600.282636508859,6002.135232790859,512.9016821057476,374.0634169518701,91.08671323994827,7.954862524848197
2020.066392881588,1155.5996590970344,1058.2791321591346,1377.804976102925,2404.4581269727687,7962.750608551586,7187.757889242479,645.1113177687074,849.5430522170129,39916.22050207131,40157.60446555986,10051.668358043456,6991.798181572784,539.8153016261334,391.4622239273274,97.32052693789979,8.421647252297076
2020.069130732375,1161.3204899923503,1058.966801275605,1371.368698428387,2398.833968072753,7960.194847432113,7185.703315645294,648.8104256674028,856.9620155977454,35924.5976156412,36141.43277038693,10755.264677769756,7457.885868144824,571.2578690366452,412.9321758521365,102.35368871674541,8.813560907499326
2020.0718685831623,1167.1954400144546,1059.6703741335996,1367.6672222230015,2395.2209598512904,7957.741404762229,7183.665893411231,649.5182945205703,862.3367731952777,32332.016317959384,32527.04220413014,11271.702957032778,7789.959005588158,603.5611874026972,435.4053738586324,107.52506588085498,9.212258906659487
2020.0746064339492,1157.9441194204644,1049.3564673130772,1367.3659507100926,2394.673121660627,7955.392625770111,7181.645786454601,661.8475656195848,875.646525163092,29098.79724552375,29274.2661780946,10328.956016271752,7127.241641820589,569.4409109213655,410.21312249852616,108.58765210738716,9.37762455771474
2020.0773442847365,1157.7818633128234,1045.557533067554,1367.5707651121063,2394.1977088605413,7952.896104570627,7179.459322374894,664.7294285246979,882.535236288411,26188.903563234544,26346.833018567555,9378.868862832927,6443.086149041249,1477.547493038359,1045.064043119268,112.22433024526936,9.693046142919865
2020.0800821355235,1152.3086198655826,1037.944115620191,1393.0813891763094,2410.853833737629,7950.4037118087535,7177.215558448487,647.6123406696119,876.1641927850918,23569.963984523714,23712.002861673067,8440.965775457282,5798.746440575277,1924.3082446403007,1356.4059765609088,114.36450424539157,9.924815476840939
2020.0828199863108,1148.135986178803,1031.2065272063935,1436.3713186695977,2440.141161331936,7947.82697093633,7174.851171979597,611.4996857355245,856.4067400734779,21212.83277677411,21340.47697853641,7614.129279363141,5220.168980127528,2340.5432295408214,1644.671298012964,116.92945897240952,10.184286563612659
2020.085557837098,1138.7346236580838,1020.8005938546888,1473.3993213329147,2466.3344376413625,7945.187717044736,7172.380849379516,586.9401994845209,843.5176197158344,19091.49384823482,19206.36552984112,6852.701129463003,4698.1378170320295,2413.3505074831783,1692.3721813456525,117.93402980339499,10.35658592908525
2020.088295687885,1133.5603754814576,1013.330665365223,1527.1815131984074,2505.581425812624,7942.399029650388,7169.743876154489,541.55247712263,814.8054332590661,17182.287984238115,17285.675150986106,6169.097464634867,4228.312373036625,2645.7404455801598,1847.259192002804,120.22971011623463,10.606379044007198
2020.091033538672,1137.227892389638,1011.9370919673288,1608.5589530168563,2568.288167967946,7939.531742096199,7166.989605174013,487.3956342790431,756.6744354821145,15463.969642794676,15557.07733038647,5687.950066115055,3878.103085564321,3107.255606156708,2156.2133155810097,125.2908004223093,11.01721134882102
2020.0937713894596,1139.3544408096286,1009.5031012962646,1681.716331746783,2626.5610316022307,7936.733346039514,7164.219638253337,438.65194876379,704.0334294395699,13917.44189064196,14001.33829740108,5175.80397171562,3512.759074193349,3284.4486202091125,2270.2814355278715,129.851339513364,11.396922227387927
2020.0965092402464,1138.1711382968738,1004.851115537709,1735.286319357914,2671.082449619425,7933.978094946074,7161.416699534121,394.784874962681,667.3948359001471,12525.637242374583,12601.163889849538,4658.942384324647,3161.47577603733,3230.6701833560574,2227.4354625826086,133.32002275916477,11.713530441358843
2020.0992470910332,1133.9419361351709,998.193973037014,1769.8547693011235,2702.1317102127227,7931.210699418217,7158.543963894532,367.6427581394221,646.303353447136,11272.93873983195,11340.916224662024,4193.001135657844,2845.295263152708,3036.224226098451,2089.6262772313016,135.7479630981569,11.971332814520332
2020.1019849418208,1125.492268058144,988.7055545654542,1789.740508114493,2721.26235198905,7928.380406250058,7155.568160266158,359.46488057123673,640.0648337707408,10145.607138619347,10206.727566233005,3773.686989447857,2560.7413917175545,2748.1990576885973,1889.0266144872955,136.78671349268973,12.153500950183622
2020.104722792608,1126.11171310773,985.29513283233,1798.5953875628695,2732.9168945848937,7925.418674199735,7152.443964322005,353.38018812359684,635.3728088521752,9129.645548355496,9184.788589028183,3395.7972306021643,2304.349573501944,2494.8097083056405,1712.3871474031143,140.81658027540016,12.504672372760309
2020.107460643395,1152.9164876858767,999.7308814944952,1789.0442205154422,2733.8645903059764,7922.473713367055,7149.269865997933,339.49944142555904,623.5913627929976,8216.606251388663,8266.197511011313,3056.18970699689,2073.886461767454,2342.099606592194,1603.9128214586494,153.18560619138157,13.286791179372784
2020.110198494182,1190.7738777143495,1022.6167030296616,1765.8873500354505,2724.7692065257543,7919.973986538747,7146.344000059809,327.7265487053858,613.1546909761756,7393.019595027928,7439.206859870071,2749.8543435901,1866.4047613694872,2196.685025905564,1501.227514413929,168.1571746846879,14.121671446761997
2020.1129363449693,1200.4356442227113,1026.589253141206,1751.296480080062,2717.3959686590265,7918.121418199122,7143.808181448306,334.9361204920396,619.5190973428624,6653.723583094242,6695.212461166059,2474.857345252572,1679.7426726831218,1977.009993859697,1351.0949597883837,173.84639108150532,14.481941778234336
2020.1156741957564,1180.4284122024694,1009.4795636673422,1751.2964655099208,2717.395919488743,7916.435194048581,7141.3459231693705,357.057491232963,639.5189942659448,12510.736325376838,13743.566266274502,2227.371354106501,1511.7679065434124,1779.308789478086,1215.9850625666486,170.94884853512724,14.481932726116536
2020.1184120465437,1169.2515262899783,999.1140026269048,1746.4524344842569,2714.1335850684677,7914.420138093259,7138.605251396996,375.52136412644194,656.3154614990303,11259.759457982484,12369.339858053972,2004.6341645092,1360.591108074747,1601.377867243925,1094.3865500245597,170.13752366307347,14.55097725661457
2020.1211498973305,1152.25191325558,984.4031174465864,1744.9760428239963,2713.0553132330324,7912.22452881538,7135.699358048029,396.6208780989758,675.4384118637489,14320.398294364742,15299.728334764468,1804.1524274751916,1224.5305648722126,1441.2195935385746,984.945745344132,167.8487958089935,14.567022530234071
2020.1238877481176,1162.7338275452776,992.1009431179328,1727.788622932259,2699.3491245738624,7909.751501699343,7132.556285361983,406.2273108170555,685.0177475376227,12889.024557030154,13770.264785539526,1802.5091792317755,1224.71152638877,1297.0917555849155,886.4511927386787,170.63288442734472,14.675145797347172
2020.1266255989049,1190.5530666110924,1015.5992701349596,1701.404111165366,2676.458931782315,7907.459631260635,7129.5500050302135,407.5123539568418,687.8437936439108,11599.952122027104,12393.186970248134,1986.9358854617333,1351.5254952752884,1200.8908373522706,817.6160621472144,174.95379647613277,14.695169949386505
2020.129363449692,1214.0257963089227,1036.3256279080954,1678.2476572091662,2655.3558981591787,7905.637156000705,7126.9432771979855,409.4464534751427,691.2550973261398,10439.750242703029,11153.741328288912,2124.50283003461,1446.30898811142,1114.1382528651557,755.5047258333113,177.70016840082735,14.637264623297142
2020.1321013004792,1243.3987194868237,1062.599643356733,1652.8572677168777,2631.61314043704,7904.211562503436,7124.689370405163,407.3174132867961,691.4056463924634,9395.752702958354,10038.321988423344,2319.8019670217923,1581.7988293097555,1065.276933077073,717.996104481533,180.79907613009073,14.540715966372414
2020.1348391512663,1260.6073350425702,1078.6360286590382,1634.5659748458982,2613.915581510585,7903.279168257103,7122.8793954662815,409.7603848483624,695.3046949554922,8456.107171821368,9034.421446672532,2369.390390790297,1617.8307600192932,994.381452183622,666.8540749705091,181.971306383532,14.435209230111843
2020.1375770020531,1270.938851001152,1089.0251317051848,1620.1074746265133,2599.248864202662,7902.632057205726,7121.341582724331,414.96238016053934,701.5480219592216,7609.063219065474,8130.853251480172,2321.040185952113,1584.749028002805,937.7924506302068,628.0827768744276,181.9137192959672,14.3133337337724
2020.1403148528404,1269.8524646032845,1089.1039893804275,1611.3258525753631,2590.158929817888,7902.162801728294,7119.981348200998,425.727544086989,712.3472331920841,6847.902280417611,7317.702462799058,2128.608919623567,1451.6338541032217,881.7628380159051,592.5838867445945,180.748475222857,14.23381694024784
2020.143052703628,1264.9034459390648,1085.353865009194,1604.4832133726886,2583.285061104473,7901.677261964516,7118.62625600417,438.4326417176591,724.7542184735623,6163.05054040406,6585.494442458541,1917.1340225963736,1306.6851622102847,821.5103239074424,554.0835303437752,179.5495809298709,14.194726206676844
2020.1457905544148,1261.6672085649514,1082.6676233900878,1597.0248868506708,2576.148377480418,7901.110817905701,7117.212418750098,450.1215496726047,736.418880970796,5546.523797031105,5926.923457322756,1725.4517038227464,1176.019780496009,800.2300716611758,540.4399198462686,178.99958517486357,14.18754358991875
2020.148528405202,1263.85030540214,1084.1498923613854,1588.05600747749,2567.8503632580696,7900.491730797861,7115.757687971727,457.9543193164395,745.1172570002203,4991.865558052181,5334.240538101081,1570.502996328862,1070.88979112673,821.3966375411025,554.9211410209705,179.7004130407547,14.21848871441911
2020.151266255989,1246.6770917004806,1069.2954462008424,1586.8286374514798,2566.724347209352,7899.910719175828,7114.3316260066185,477.3638146661384,762.9516811745876,14710.64882321846,15489.469291240495,1413.4525805408014,963.8007094862436,739.258641808617,499.4290671173788,177.38164549963813,14.228355255785418
2020.1540041067765,1240.4454265758804,1063.416246827584,1582.384030356709,2562.562714558675,7899.045103192187,7112.661912430725,489.3336028691524,775.0901267744182,13239.73196041354,13940.778274630356,1618.1831026956606,1097.717674418161,709.6108081347944,479.4977924093235,177.02917974829643,14.271420245948821
2020.1567419575636,1230.4435580214872,1054.4197636603285,1579.5501201155596,2559.816016653621,7898.0785304503215,7110.898810763606,503.5638544065581,789.0243095138444,11914.9525376425,12546.635482436164,1661.5278538151467,1123.6072548209138,659.0891135187763,445.4449059658857,176.0237943611587,14.305718715306142
2020.1594798083504,1228.1201248475631,1051.6867319828746,1574.9275323598297,2555.216252365281,7896.94736382225,7108.990599414141,512.0689419642823,798.6932168291015,10723.447549260278,11291.933050156416,1879.5538364964937,1266.6993051231184,662.9668331621349,448.3410765453356,176.43339286468859,14.366134818170808
2020.1622176591372,1219.396355653298,1043.7130306774638,1572.6594396199248,2552.7883531897537,7895.78063532264,7107.042032153725,524.6554323980622,811.4712845704593,9650.852008033098,10162.717609991769,1874.6262495232672,1261.02765091121,622.5117304419176,421.1545760936734,175.68332497583424,14.40740118349058
2020.1649555099248,1217.6656680124963,1041.3629329185917,1569.3107764710028,2549.1140796937475,7894.471657030901,7104.965903745546,531.4716614795218,819.9996842335173,8685.83031997101,9146.45039264158,2015.246989186989,1352.525230003474,625.3360803245976,423.4015231454727,176.30273509390463,14.478747305216402
2020.167693360712,1199.5951940869634,1025.795318903811,1569.019833673502,2548.7648274107537,7893.137396806293,7102.856294204781,551.5952384271654,838.4540600720557,16822.504749314157,17844.247707355255,1813.7277404832,1217.2756783417672,562.8032881380515,381.06184642669785,173.79987518315238,14.488210359615108
2020.170431211499,1194.3722957159089,1020.4842907322528,1566.7126065219488,2546.120477882764,7891.505626382847,7100.493008681985,561.1850343732199,849.2006232944003,15140.30676255283,16059.913705196945,2257.654848203438,1515.6806430190493,542.7984359554479,367.719686465508,173.88800498365606,14.55894494600842
2020.1731690622864,1199.5163749460971,1023.2858131308832,1562.8448437607492,2541.7830543357745,7889.791274800579,7098.047681532045,562.0509694865019,853.609751592693,13626.2621339657,14453.907456023586,2831.2459456236907,1901.6908573430908,771.5944951490752,520.435090767983,176.23056181521395,14.69180125391229
2020.1759069130733,1203.0608369402971,1024.7049106060683,1567.0141713342202,2543.533857027061,7888.1671387041315,7095.655705495653,556.3892160152752,853.2597274626117,12263.285714513404,13008.41560697158,3109.96851046388,2088.3012485351323,952.8445674735854,640.9546882763192,178.3559263342288,14.825179314109771
2020.1786447638603,1199.194227811425,1020.1849877821908,1574.3498615943602,2548.255140534495,7886.606721445883,7093.29394780041,554.9084521422574,855.8480244742973,11036.926270169331,11707.477117571843,3073.206037972659,2062.851530691317,983.91761433188,661.1518094299422,179.0092400292342,14.927460112606852
2020.1813826146476,1205.2365736601082,1023.111863235234,1588.9094001441515,2558.286726476644,7884.98623552833,7090.863383308254,536.3549536613353,845.74802757126,9933.059739742346,10536.664366119108,3268.835606761676,2192.4997869378176,1113.0155055650418,746.8380721299577,182.12471042487425,15.111117137093757
2020.1841204654347,1210.080451593116,1024.9564826368055,1607.7630573593424,2572.3898016963158,7883.469991066895,7088.4881479133055,514.6015629745716,832.6034683449643,8938.894283244284,9482.835709921595,3362.154716102156,2252.0915202643537,1187.3318624558624,795.7569964094853,185.1239689563106,15.298484386933776
2020.1868583162216,1211.9704265307253,1024.4691288580293,1625.8528265847413,2586.784426015374,7882.039316232622,7086.150181750096,496.4803936458386,821.462063967888,8044.847400622988,8534.385983102722,3315.6146935909837,2218.352811100263,1205.4326754740025,807.3247550123302,187.50129767269596,15.470781594021224
2020.1895961670089,1213.08934187777,1023.3357606913648,1642.834645817666,2601.050602981977,7880.644140566953,7083.810560122516,480.2027347315386,811.096776795525,7240.225065092321,7680.78287613674,3085.606717556246,2060.797539188929,1324.7353475909565,887.5970371668255,189.7535811864052,15.642176930899506
2020.192334017796,1213.6478904837747,1021.738696291066,1662.1676473089808,2617.878381305651,7879.271437610007,7081.458561439562,462.1117875911637,798.6459615551055,6516.013531352845,6911.983170312638,2805.374499866698,1869.7405229439769,1442.165570327986,966.7566665301932,191.9091941927087,15.812592408182851
2020.1950718685832,1220.4751356595302,1024.669456703357,1691.1758184528542,2644.1299198916304,7877.911848434535,7079.086298511256,428.0638604470074,772.2638254851407,5864.362406880036,6220.727183951713,2603.084087118148,1730.027730164614,1619.4532599534875,1085.3539973563456,195.80567895617332,16.043397627298837
2020.1978097193703,1224.298839238224,1025.248324299599,1721.4758402460675,2673.3174388810003,7876.669637958543,7076.769320922535,395.6102455510929,745.2423164882537,5277.848457070816,5598.713886870456,2398.679488280159,1589.7134565021709,1700.0351242114502,1138.86552585477,199.05051493862493,16.25832750625468
2020.2005475701571,1216.4888163774165,1017.3378848240424,1731.8288098866096,2684.7374095402247,7875.494700905624,7074.468382789989,394.6701358242772,744.461623437131,6289.83657069248,7659.480736092162,2158.811268290085,1430.7411432856934,1550.512541675949,1038.5496409876764,199.1509315533741,16.37096279655294
2020.203285420945,1207.8144778309447,1008.863231157236,1734.9538042463396,2689.487765546863,7874.192838850646,7072.041928432504,401.9492420660009,751.0402754547807,5660.935760250311,6893.592747457595,1942.9293399004607,1287.6744261270246,1395.461894543282,934.6981311948956,198.95124667370874,16.472003799043343
2020.206023271732,1216.2547188059712,1013.0483020138862,1736.1664793911134,2694.987596921304,7872.749974853732,7069.481038183216,394.1670899431153,744.3441634729786,5094.830689956542,6204.131103343127,1825.3789696553752,1241.8952625430322,1333.5045982848817,892.458911063789,203.20641679208495,16.707554235972705
2020.2087611225188,1222.9265726372405,1016.2206103612232,1733.9901799154666,2697.179344925508,7871.451474682565,7066.996687435018,391.397935758659,741.8923578696342,4585.255971626514,5583.674960017711,1689.779542223423,1172.1722265396147,1247.6670532125984,834.3634117360099,206.70596227601732,16.902565280780188
2020.2114989733057,1220.9728575453496,1013.3046915709664,1730.4598191109665,2696.56928014224,7870.267623097252,7064.572031039778,398.4937632403621,748.270897838399,4126.624797141862,5025.402628866988,1520.8241755426325,1060.199477024138,1122.9344387833758,750.9259889479383,207.66816597438321,17.00841789324297
2020.2142368240927,1200.6233442555613,996.416321138994,1730.459811910313,2696.5692771021254,7869.054794072764,7062.105451804411,420.48401275528926,768.0537505458502,20676.449513379965,21372.81811907739,1368.7415278573533,954.1792560112387,1010.640825009024,675.833170438069,204.20702311656726,17.008416843934057
2020.21697467488,1181.8794266831476,980.8167849696666,1730.0648554584964,2696.317859656417,7867.506131092216,7059.364156782064,441.599449760065,787.0738991832354,18608.862395246637,19235.549252868437,1231.927906337736,858.7846090807624,909.5786467588232,608.2506179422732,201.06264171348096,17.012111148913693
2020.2197125256675,1195.0555444622917,991.2089593818242,1717.4554769180336,2686.735956464133,7865.649829654223,7056.37083360892,443.3169119593806,789.6848511365035,16747.627637818827,17311.609906543817,2048.176804799982,1361.648514634245,854.9960430184244,570.7246330411216,203.84658508046743,17.05749879368051
2020.2224503764544,1216.474451621885,1009.4319456551618,1699.1316978957232,2671.4286335410843,7864.017680093867,7053.558432273964,442.28183338244986,790.0094891211728,15072.85128275147,15580.419403889628,2807.518859382673,1821.5969125522745,838.9980764705053,566.9160326734662,207.04250596672318,17.019881156622755
2020.2251882272417,1207.75115824364,1002.7358555405084,1693.8533618212805,2666.677109883283,7862.746995192209,7051.057478216301,457.9820477367957,804.3859569512914,13565.563755604891,14022.376242793394,2633.0529750487485,1701.96468547452,755.0982856234169,510.2244267205618,205.01530270313162,16.974962210036136
2020.2279260780288,1187.6236392101391,986.0235694176492,1693.8525771556997,2666.6770918507736,7861.334498910155,7048.45183394486,479.95074771793736,824.1318053780933,12208.911427338153,12620.053593925077,2369.755616463469,1531.7628162820988,679.5834896109801,459.1990401492818,201.60006979248988,16.975080584162956
2020.230663928816,1197.692348553079,996.2487286187784,1680.5945659404065,2653.694594923503,7859.590326621137,7045.57473609623,485.3121218793053,830.194140952862,10988.019005005484,11358.046717123922,2641.167198739405,1689.8042243777336,650.7390606800222,445.6631541977352,201.4436199343006,16.81931258704815
2020.233401779603,1214.3121813283194,1012.298090322587,1665.2820851253723,2638.727311968314,7858.018653463928,7042.875889907238,486.0043430763093,832.2388083932348,9889.154770979065,10222.20864926649,2979.2728163445545,1892.040774432609,663.9850212066864,459.4071979142693,202.01409100573244,16.636091946697924
2020.2361396303904,1210.078207377322,1009.801071667986,1659.465364328484,2632.918301191387,7856.728268513395,7040.451962735661,497.7733227747293,843.3966649963393,8900.19902842638,9199.98297998941,2816.837712996493,1785.442597065603,613.809820678959,425.1646063877496,200.2771357093361,16.55075965242025
2020.2388774811773,1212.100777666421,1012.8380918165916,1651.7606702504197,2625.114900612837,7855.370978694572,7037.993079392198,505.2406363825151,851.0498287697442,8010.14521318329,8279.960475642842,2571.752739613629,1631.7738420374135,811.9605385116137,544.9040909002135,199.26268584982938,16.439448725827642
2020.2416153319643,1210.6015298172292,1012.3899435907256,1650.6240464479731,2622.76966415081,7854.051043831524,7035.591444485485,509.6243428972053,856.6727483643542,7209.012362270534,7451.825102984131,2328.392426475981,1479.0424268015686,921.3268086015972,609.2144095429184,198.21158622650364,16.37298329339041
2020.244353182752,1190.425055328332,995.5168309487476,1650.6240388810022,2622.7696584804185,7852.709788561038,7033.189017226074,531.5699802235553,876.3761939361374,25247.58567373789,27024.44757031563,2095.5527671606333,1331.138026167837,829.1966004266976,548.2934362512743,194.90822437958445,16.372994125684514
2020.2470910335387,1170.5848134937416,978.9249156695648,1650.6240677082965,2622.7696606781687,7851.035933959917,7030.511954686051,553.5119478319795,896.0730695575886,22722.86295653064,24322.05208148257,1886.0041998257009,1198.025195871485,746.2769070504086,493.4640641527751,191.65989782417682,16.373003956214532
2020.2498288843256,1155.428769408098,966.3073904548098,1651.065449460717,2622.7112184234857,7849.035998904917,7027.565697929898,570.6544452202005,912.1231937831808,20450.572368621604,21889.84228477366,1841.8279547629536,1177.9256889761798,672.1905322333818,444.1216178789431,189.12137895328829,16.368069063242313
2020.2525667351129,1141.1308953797668,954.4074779702464,1651.4102922020218,2622.477256329126,7846.788998356155,7024.418913329645,587.2823770559907,927.8317529623596,18405.458572533666,19698.8171312327,1819.8598142426229,1171.226238016187,612.321372901591,403.14936979464426,186.72341740952038,16.363014809740918
2020.2553045859,1126.9024810528067,942.4857811599296,1651.7444761006675,2622.270331779108,7844.310737249952,7021.080999520033,604.0827685905062,943.7261881323057,16564.082229654046,17728.614099004375,1777.923966668762,1149.7087641537564,558.3621424312885,366.5221047261128,184.4166998928771,16.364920922046963
2020.2580424366872,1108.1217540523546,926.777727888894,1651.744591324481,2622.2703292936462,7841.601327731126,7017.553309543004,626.0006898859698,963.3898338658282,15918.31363757678,16231.313917357138,1600.163593570459,1034.7398719034827,502.523841852541,329.86901867436063,181.34402616346063,16.364991076142417
2020.2607802874743,1097.6999663600193,918.0496572019538,1651.626798313271,2621.227935646348,7838.5861909411215,7013.773432775618,639.9833073795199,977.368074967452,14326.480886891555,14608.18180196161,1717.1574220017276,1103.31093677159,488.4114518659853,319.2389961867907,179.6503091580655,16.366066745340913
2020.2635181382611,1084.319206500783,906.8560210396048,1651.6011119000618,2620.5794223219345,7835.405746857159,7009.858520535126,656.9980977359286,993.5530366947056,12893.702821519004,13147.270202641304,1647.0001232563295,1055.1450820866846,446.1945429857669,291.0149432334266,177.4631854611781,16.366323163625523
2020.266255989049,1067.0663001251703,892.409217950524,1651.4534475619866,2620.381496174344,7832.01175259656,7005.767713010556,678.2205627102169,1012.716473455944,11603.761166486252,11832.620347474476,1482.2733150295076,949.6302147338288,401.5577707163922,261.91317579882553,174.65708217464635,16.36796909003297
2020.268993839836,1049.2818544080965,877.535708437492,1651.4534467822891,2620.3814929052155,7828.338634272984,7001.4473456077285,700.1060275305654,1032.3382536409351,16037.40372675733,17096.59117368577,1334.0454041569792,854.6658246854894,361.4018366503437,235.72148075602124,171.74614597060452,16.36797065050621
2020.2717316906228,1031.793864431244,862.910121578,1651.4534275791966,2620.3814877904524,7824.379166082425,6996.890895208356,721.9814049010735,1051.9481960145624,14433.72868085171,15386.978862279915,1200.6412447246307,769.199279669201,325.26209321663856,212.14940856815863,168.88374285324392,16.367973165486667
2020.27446954141,1021.8791516261108,854.0978259890207,1648.1741777310172,2617.505096730344,7820.1390773455905,6992.103168078494,739.8433562912185,1068.852509793517,12990.354609504437,13848.279788171909,1159.952986380226,745.4333473894542,371.79921503713655,243.2654639904989,167.78132563709005,16.41890094049776
2020.2772073921967,1006.7528525929984,841.2968280520575,1647.5839748414742,2616.9509252954326,7815.745373119063,6987.181712727101,760.3814624404037,1087.5570345167816,11691.3049168806,12463.419692806214,1043.9582762309117,670.8917615105305,335.75469500796623,219.81045776830743,165.4560245409408,16.43462187514953
2020.279945242984,993.741311652456,830.0701903940828,1646.4037125868274,2615.8705897135774,7811.111650113183,6982.060443578059,779.6348886414779,1105.4131769056503,10522.139898318866,11217.02184410342,947.3310023167172,609.662598271156,327.44234437703994,214.5998246412353,163.6711212583732,16.470193936710803
2020.2826830937715,977.1790196330796,816.2356339330421,1646.4036783407205,2615.8705860717346,7806.273751095234,6976.766072655175,801.4630139249109,1124.9700079314168,9469.896314236714,10095.290042096696,852.5957948650511,548.6942931675308,294.69863107216577,193.1397221018021,160.94338570003754,16.470204790159134
2020.2854209445584,960.6166644388722,802.6317052996081,1646.4036783407205,2615.8705860717346,7801.435800398721,6971.255573604121,823.291219815632,1144.5123356159077,8417.682324404826,14647.50957468533,757.8626946333793,493.82482680063856,261.9543966344618,173.8257368504232,157.9849591392641,16.44620221444402
2020.2881587953457,944.169704433178,789.255841764401,1646.4036773771388,2615.87010408412,7796.487998418682,6965.533438714634,845.1138827649506,1164.0387160282207,7601.953715031913,13182.759393344191,667.0897529057224,444.4423347656336,230.5789539294454,156.44315987245304,154.91386266877703,16.407417219744186
2020.2908966461328,928.5427980587476,776.1749739805923,1646.3646942419227,2615.840654630682,7790.863923014845,6959.6063687207925,866.8317476784366,1183.504003259312,6841.757107800287,11862.844355092138,600.381335916045,399.9428586176692,207.5218878698888,140.77939736428877,152.3678240781553,16.409348540175227
2020.29363449692,917.2739270834728,766.15615208747,1644.8328942683927,2614.6762315628494,7784.995089994154,6953.475205097171,885.9291516479293,1201.2463118438895,6158.37594248588,10676.558926024809,546.996388870885,403.3741001839738,224.1331306622184,150.360010105245,151.11777499600282,16.47466155246457
2020.2963723477071,901.9856389050456,753.3888298575483,1644.8329746305667,2614.6755886581245,7778.954374971296,6947.193991901903,907.6859744870396,1220.7233901738002,9197.4145774458,9608.796710744642,492.2924022445088,363.0491907402208,201.7185379270654,135.33430198018922,148.59680904749723,16.47440964003424
2020.2991101984944,887.5920746948816,741.264357828138,1644.6733840309532,2614.549434651688,7772.6752662710915,6940.71754884328,928.9461379970198,1239.8783592682676,8277.67450377577,8647.652451604961,443.0631371061488,326.734279282485,181.54667442276167,121.79731493161346,146.32771686674357,16.48591971903818
2020.3018480492813,873.8967126687054,729.6516507573396,1644.301914696747,2614.271395225354,7766.176293511682,6934.057031325613,949.9398421168104,1258.8575232830694,7448.739575763285,7782.500812959883,398.6943339295669,294.0462522500468,164.4459154581524,110.16080465004826,144.24506191136584,16.505962297405873
2020.3045859000688,859.3316872092877,717.492037960493,1644.3014294032746,2614.270011810088,7759.465275393552,6927.222335473323,971.6442709878334,1278.281115347469,6703.38035281876,7003.3328435610665,358.80111565823705,264.6074388611582,147.99328563981695,99.13313226988944,141.83964924879467,16.505809265503093
2020.307323750856,848.2576080526635,707.6746344644617,1642.882664417258,2613.268316942177,7752.528692274432,6920.201872912476,991.5015982495934,1296.5485762722583,6033.0319965292965,6302.987640272159,344.81847226115934,249.67429342100544,152.8958774826165,101.99679880597172,140.58297358820175,16.57314620624938
2020.3100616016427,837.1298880294852,697.8458148728255,1641.7284267441971,2612.445725303606,7745.426767504311,6913.0375141817485,1011.313380715952,1314.792246233193,5429.786253945024,5672.511269846517,326.9215828368911,229.21366724560957,152.5724008586506,105.5023587321038,139.2840731566597,16.638286978920274
2020.3127994524295,823.1777221828721,686.215050187583,1641.728426634208,2612.4457254240765,7738.158586207805,6905.728449657791,1032.96162796906,1334.1599753219273,36068.4232886726,36080.64504276255,294.2294134283206,206.2922904265881,137.315161952819,94.95212173179708,136.96267199528916,16.638287007099343
2020.315537303217,809.4580923773188,674.7781307270508,1641.728426634208,2612.4457254240765,7730.677781436187,6898.245564944448,1054.5899625462314,1353.507679495803,32461.664989017936,32472.7577218285,264.80645658539737,185.6630382385705,123.58363852373776,85.45689890528608,134.67996165026807,16.63828713537509
2020.318275154004,795.8440727272948,663.4940561874045,1641.728426634208,2612.4457254240765,7723.100832580826,6890.626274074542,1076.2088310516156,1372.838944905354,29021.40426646889,29153.98800113771,236.74244284633488,166.68794484827384,110.48632596506536,76.72305153880438,132.35001653989036,16.630144154537373
2020.3210130047912,782.3531045210061,652.3594878358301,1641.728426634208,2612.4457254240765,7715.411861659893,6882.873941506767,1097.816670178838,1392.1537458247035,25775.23776756709,26103.885071736087,210.26179718779517,149.24897838756027,98.1279621126916,68.69625197770425,129.993616685176,16.61572197182809
2020.3237508555785,769.2738714530989,641.3729580844949,1641.728426634208,2612.4457254240765,7707.349275353478,6874.990249722296,1119.3863895531597,1411.451867360509,23138.487598661857,23306.3387944428,188.75247702942096,133.2540058164019,88.08968705844788,61.334093268172026,127.90091336860394,16.62618712462039
2020.3264887063656,756.2346530444154,630.5002999538979,1641.728426634208,2612.4457254240765,7699.250379072683,6867.005718972052,1140.952404242639,1430.7369562413492,20560.96382190515,20695.95028726919,167.72629731064143,118.32910797764586,78.27689084717872,54.4644680704016,125.73435309051752,16.626367567836496
2020.3292265571529,743.5468405126173,619.9784814230451,1641.728426634208,2612.4457252335164,7690.835820752755,6858.712214984227,1162.4826750943644,1449.9801789505864,18404.36695420058,18606.348485426184,150.1338337093617,106.38182266284852,70.06659004682253,48.9653629168948,123.56835908957225,16.618772665940124
2020.33196440794,730.9429296285438,610.6547596214598,1641.728426634208,2611.976315876814,7682.345894981835,6850.254197921318,1184.004411749358,1468.6592271717866,16348.270572010068,30204.5918066832,133.36120397829757,171.8115544102193,62.23890096210465,49.6604442949817,120.28817000708398,16.456574806491794
2020.3347022587268,718.7521059767124,600.4771795395012,1641.7284232643622,2611.976315876814,7673.4882739981,6841.663958170371,1205.4807597547688,1487.854947004692,14705.000664778065,27184.13826063273,119.95664035266906,154.63043075603997,55.982893872312125,44.69440020316643,118.2749264372112,16.45559372330289
2020.337440109514,708.0777831820219,590.2996002124769,1640.9993027462267,2611.976315876814,7664.44422059374,6833.073717777063,1226.3561564719544,1507.0506667250245,13234.50092772628,24163.67907996441,166.0087845713983,137.44927531501804,71.50872495373117,39.72835577366826,117.77818296954501,16.633509166219437
2020.3401779603007,697.3419870817005,580.1220208854525,1640.564611197183,2611.976315876814,7655.247042932362,6824.483477383755,1247.1517217826947,1526.2463864453568,25300.54608853057,21143.21989929609,161.4976028153917,120.26811987399611,104.82784587788694,34.76231134417009,117.21996619624804,16.809537983909546
2020.342915811088,689.4970136797145,569.9444415584281,1640.4147785517553,2611.976315876814,7645.896134667059,6815.893236990447,1264.9253360954117,1545.4421061656892,22770.6931764648,18122.76071862777,464.3161735742058,103.08696443297418,248.27276913951616,29.79626691467192,119.5525721212864,17.33909933608806
2020.3456536618755,678.0054632227677,559.7668622314038,1640.4147787862833,2611.976315876814,7636.440098017964,6807.302996597139,1286.300822966925,1564.6378258860216,20493.606775458054,15102.301537959454,417.89345535228256,85.90580899195226,223.4494491078155,24.830222485173746,118.23860099136391,17.439181157824247
2020.3483915126624,666.5138463281058,549.5892829043795,1640.4147787862833,2611.976315876814,7626.984054269703,6798.71275620383,1307.6763836098482,1583.833545606354,18216.537457811577,12081.842357291136,371.461837994862,68.72465355093033,198.62217219386383,19.86417805567558,116.92456342372634,17.54270583692686
2020.3511293634497,655.022229433444,539.4117035773552,1640.4147787862833,2611.976315876814,7617.5280105214415,6790.122515810523,1329.0519442527716,1603.0292653266863,15939.468140165096,9061.383176622816,325.0302206374414,51.5434981099084,173.79489527991225,14.898133626177406,115.61052585608877,17.649862960541835
2020.3538672142367,643.530612538782,529.2341242503309,1640.4147787862833,2611.976315876814,7608.071966773179,6781.532275417215,1350.4275048956952,1622.224985047019,13662.398822518617,6040.923995954496,278.5986032800208,34.36234266888647,148.96761836596062,9.932089196679236,114.29648828845109,17.760847123890798
2020.356605065024,632.6289491212328,519.0927939298144,1640.4148000996763,2611.976315712119,7598.105782480164,6772.910815590821,1371.7232312928677,1641.4156753586217,13069.207193188116,3307.17995636347,246.46893599323815,17.54834487024432,131.7876632631823,5.072180530576917,113.5361551914184,17.9467214311214
2020.359342915811,622.9791360230149,511.02526071032673,1641.60348412577,2611.45986686435,7587.832870544559,6763.0064421386005,1390.8851723005982,1660.3319308780974,11762.286313697028,3159.01040592814,271.7478240260148,15.793510094078602,140.28841978703556,38.058425683279474,111.95387531268818,17.9707262794355
2020.3620807665984,614.3138825962925,503.70285098937,1644.6324948256993,2611.347629685821,7577.427285533216,6752.994765865355,1407.354900038736,1678.2061540508262,10586.073767911195,2843.131099208952,347.0381749693533,14.21412504015834,176.29597204041082,95.53004232134346,110.6110316069225,18.005621351001203
2020.3648186173853,604.1888648384084,495.3729749739971,1644.882290381728,2611.447773705004,7566.905776911479,6742.88845805564,1428.1795308623257,1696.9700938567314,29554.887434112632,34769.83547768975,312.334591858987,12.79271220776312,158.66651011803324,85.97705546324622,108.81588986441136,18.01024417977554
2020.3675564681728,594.1190394492652,487.1167464234901,1644.882297989816,2611.447774311898,7556.244355170626,6732.671017434092,1449.3386703842382,1715.8716624218891,26600.23096544525,31293.614105700985,281.1008214354947,11.513428022382856,142.79970099715845,77.37926278481726,107.00229302577509,18.010244735628028
2020.37029431896,584.217054912971,478.99813386601096,1644.882297989816,2611.447774311898,7545.444300282734,6722.343955947393,1470.468609808425,1734.7452364660671,54240.288768253246,50075.347835247776,252.9907291406402,10.362085111286596,128.5197257405623,69.64133577472451,105.21892104696002,18.01024467911745
2020.3730321697467,574.4801035183617,471.0148314470915,1644.882297989816,2611.447774313822,7534.508801453629,6711.909877626525,1491.5689600321402,1753.5905172039345,48816.26792037058,45067.81567131296,227.6916480610928,9.325876975736914,115.66774901842643,62.67720111799476,103.46527207127019,18.010244643392284
2020.375770020534,564.7431526031455,463.21091674116633,1644.882297989816,2611.5462284388227,7523.573302231084,6701.3713307011385,1512.669310169901,1772.2624247102433,43392.23904354525,40561.0337728715,202.3925751470288,35.02514567116446,102.8157764443702,56.40948081543091,101.53223586197919,17.97848019829425
2020.378507871321,555.0062016879293,455.6350567348935,1644.882297989816,2611.923013687257,7512.637803008539,6690.731593570768,1533.769660307662,1790.5291365984483,37968.21016671992,36504.919805047946,177.09350223296474,126.03241418817235,89.96380387031397,52.60305626743117,99.37114495303581,17.90451073354141
2020.381245722108,545.2692507727132,448.0648060136376,1644.882297989816,2612.010963589881,7501.702303785994,6679.994787105611,1554.8700104454228,1809.176143882241,32544.1812898946,32854.22980257736,151.79442931890074,125.28815606706831,77.11183129625775,47.34258250921148,97.20444475907561,17.826870783805436
2020.3839835728952,535.532299857497,440.7570628726008,1644.882297989816,2612.971130064747,7490.76680456345,6669.161179427086,1575.970360583184,1826.7852282269364,27120.152413069274,29568.802537187763,126.4953564048367,300.2560266072113,64.25985872220151,44.96138317625896,94.77523698489625,17.6973894964161
2020.3867214236825,525.7953489422808,433.9979966115854,1644.882297989816,2613.736374024139,7479.831305340905,6658.235515612449,1597.0707107209448,1844.1326143431984,21696.123536243947,26611.709703782057,101.19628349077269,467.01255734117217,51.40788614814528,45.74383324121874,91.79735233069545,17.458760811665623
2020.3894592744696,516.0583980270646,429.0690264427979,1644.882297989816,2613.174149772629,7468.89580611836,6647.227079974592,1618.1710608587057,1861.060144401352,16272.094659418626,23950.518866575418,75.89721057670866,563.5727734644009,38.55591357408906,114.43755050596783,86.98937158426673,16.85649762058607
2020.3921971252569,506.3214471118485,422.6102736993008,1644.882297989816,2613.4445894117503,7457.960306895816,6636.166653372139,1639.2714109964666,1878.73678410818,10848.0657825933,21555.446515989857,50.598137662644646,507.2201104462695,25.703941000032824,112.76461354323578,83.71117341254768,16.533207094041096
2020.394934976044,496.5844961966323,415.5667901300958,1644.882297989816,2613.444626517474,7447.0248076732705,6625.028922342164,1660.3717611342277,1897.345861601628,5424.036905767975,19399.83352498645,25.299064748580623,456.4949729081048,12.851968425976594,101.48920097115176,81.0177060665365,16.314989027457667
2020.397672826831,487.9943202067742,408.64067719456887,1644.8822977462785,2613.444626683281,7435.154249029382,6613.80427137413,1681.260396011511,1915.924525339387,77116.10457427282,81120.25570830864,17.87766420322922,410.8454736355097,9.08189304453361,91.34028423340835,79.35364301220534,16.261181683135455
2020.400410677618,480.3397597292017,402.0446640392324,1644.4440450111272,2613.5555477281446,7422.917202139389,6602.494937860242,1702.0181561142274,1934.1468509637448,69404.4975941123,73008.24728425061,98.68077508255335,399.5086107825933,23.530505985842897,85.344719654466,78.29509568996934,16.29994063662548
2020.4031485284047,472.9777211316591,395.6331881240072,1643.9575244362602,2613.7212293546054,7410.586107072826,6591.106675404494,1722.6257103532005,1952.208807708259,62464.03365608389,65707.21324801804,192.82655597972743,407.2879338860683,40.30264699456522,83.0971452737696,77.34453300765193,16.35267995765114
2020.405886379192,465.8500191519538,389.39017565754784,1643.5593667009498,2613.9566342132853,7398.166128438596,6579.642762831432,1742.999448702442,1970.108227889103,56217.35723042803,59136.22687058416,290.35369678651307,425.5240262077343,56.91094083327744,83.10501538251378,76.45984349440596,16.412974208651008
2020.4086242299795,458.1739402715514,382.9436355548698,1643.5389485532796,2613.992127708729,7385.661352518205,6568.106187778122,1763.6286216509072,1988.483749549648,50595.58178146899,53222.53892763472,261.3215827144308,382.97119113965744,51.2203455565836,74.79443679406963,75.23030471668159,16.419594853451063
2020.4113620807664,450.53340423021314,376.553949608793,1643.5388239760966,2613.9931556011084,7373.066557915118,6556.499717969224,1784.291976872515,2006.906777412246,45514.048438290265,47853.90415558728,235.07593974340327,344.3403314013093,46.076066823535015,67.24981349307815,73.97945462142013,16.420414985171263
2020.4140999315537,442.9762673999669,370.2534571854518,1643.5388239760966,2613.9931556011084,7360.410438836909,6544.829854100588,1804.933132780972,2025.3050337042237,40770.11716673145,42944.533704957335,210.57396483255567,309.0141803301677,41.27355644955276,60.35060113324862,72.7228102145151,16.41686373885423
2020.416837782341,435.5017588363663,364.08217479960143,1643.5388239760966,2613.9931556011084,7347.694230179552,6533.069976609324,1825.5517500019296,2043.6640935813384,36348.20859332111,38648.250298046754,187.73520735419697,278.0995939808653,36.79704508592916,54.31296924214099,71.41958403676489,16.399379012290005
2020.419575633128,428.2294185840476,357.9994901311209,1643.5388248528218,2613.9931551721747,7334.831993366475,6521.249251480871,1846.1142261906011,2061.9954038072087,32663.767710261724,34722.23444411006,168.7058410000954,249.84935758524463,33.06711771139864,48.795683632251794,70.22992845292669,16.40007094448202
2020.422313483915,421.2381704410623,352.6843784598228,1643.673180823548,2613.6657550771533,7321.873720469485,6509.349474249526,1866.3572912598545,2079.965592804868,29397.38988743391,31250.00584846282,194.22992055051463,240.57640116326445,38.969136152352114,51.28109526909814,68.5537919812395,16.274354223279307
2020.4250513347024,414.4360153156474,348.34481967875774,1644.3222260365287,2613.0200111953004,7308.834438666053,6497.393714464422,1885.9775829757248,2097.334555252888,26457.61048627402,28124.996477560773,213.138089027242,234.95813032318736,129.87836048002052,105.63849868445176,66.09119563688967,15.947261626514903
2020.4277891854892,408.1175726570913,345.08355281863606,1648.9572899087805,2613.7905875347296,7295.717505444403,6485.398385267967,1901.205794983679,2112.248474970033,23811.8350578608,25312.477254950467,255.8815033983167,248.87963476883843,265.2432286725226,189.19448262300148,63.03401983845521,15.445063888836192
2020.4305270362763,401.6754562274879,340.08761623004904,1651.9158370424304,2614.879850941188,7282.531208954999,6473.3815638917695,1918.3035607690333,2128.5998695283524,21430.609206669054,22781.245304145865,236.23408225103327,224.16482423334335,264.1623915218134,185.48141156024963,61.58783999743889,15.332736676487091
2020.433264887064,394.9808696911327,334.4194893025433,1651.91589267533,2614.879851124321,7269.273662585987,6461.314398945669,1938.6835380415048,2146.7630612188245,81369.22402612971,80082.63660651786,212.61075403969565,201.74833824567608,237.7465914422821,166.9332698687244,60.561380388589384,15.332737617380609
2020.436002737851,388.4865697203289,328.9483912162058,1652.258579807983,2615.012515267559,7255.940859092977,6449.185826212088,1958.595854372668,2164.6579678955045,73232.32279410562,72074.40479980635,203.48535931877728,184.2968028971217,213.9719283240588,150.2400539660087,59.538178504123096,15.325672274072325
2020.438740588638,383.5756000787145,325.26858486290485,1658.2896240403534,2617.342267366308,7242.536346088801,6436.999298817548,1971.3081927860887,2178.6224495445945,65909.0807707845,64866.941076753785,604.8115012597044,416.2349693096136,260.3817090833471,178.0321280314252,58.307015215809656,15.200918724716672
2020.441478439425,378.7264196970527,321.62356884417864,1666.8558649085833,2620.9221662440464,7229.086734752226,6424.784832558435,1981.4686436360992,2191.3299329447,59317.72920421772,58380.11342977591,927.1777803041678,602.2132386672407,292.889174781241,197.4983118099289,57.10285085287404,15.077598995747701
2020.444216290212,372.5585397840061,316.42970037108336,1667.893012141456,2621.373595798164,7215.593131031882,6412.543076897808,2000.5208800366156,2208.742027524306,53385.86085370708,52542.06044770297,834.4833189763274,542.0097233113361,263.6031835985774,177.7487958584755,56.12883941292273,15.065777164969536
2020.4469541409997,366.6821028719331,311.5409512612374,1670.2982618749782,2622.4175451017904,7202.03373088332,6400.248348397587,2017.979367363732,2225.309455830747,48046.92190468673,47287.256236101726,786.4672083084286,506.8384230098093,237.2481867839284,159.97291018175602,55.141151610695715,15.037862818724543
2020.4496919917865,361.2213995473451,307.0551620965508,1674.3061541353393,2624.13821144384,7188.413501093198,6387.905782359399,2033.4803082180783,2240.845044691576,43242.22012931631,42558.40136098073,803.9441579922677,512.1847171358227,224.82814893643013,150.99308516537565,54.166237450794256,14.995301363283357
2020.4524298425736,358.76259144427326,304.51801692996725,1681.0145956014435,2626.882898542487,7174.73957846502,6375.522260150839,2043.3324974832203,2253.448924968073,38917.95984291961,38302.520932574735,969.890177312581,607.8246888850322,242.5712524827115,162.0313893301109,54.24457451430601,15.119908208916993
2020.4551676933609,364.6816164514052,306.3546958212609,1684.8731041547978,2628.101893738341,7161.062135068572,6363.130378914228,2047.6603073191832,2263.21303211754,35026.06029239648,34472.12852945512,1165.636233347297,721.7903688413422,293.66879014608463,193.81812576510907,58.326920630144286,15.993929498751278
2020.457905544148,374.1570163287623,309.80855437298834,1687.8096321785658,2628.9889859447267,7147.5203362122,6350.802837301921,2049.218078274424,2271.6275229717303,31522.08933290365,31023.89116565198,1153.8008401615405,710.210535560722,461.6044723371545,294.0614497262557,64.34846195577398,17.198250773742704
2020.460643394935,367.9219340727513,304.6450735583896,1687.809794414308,2628.988985665325,7134.174014491201,6338.566850970724,2069.2272200156845,2289.454890396934,75304.53309412551,76918.43777281675,1038.425294360644,639.1894102540618,415.4577806906839,264.6554623445735,63.276860514361715,17.198447457022127
2020.463381245722,363.8748517681844,300.701593230413,1689.7977113719105,2629.8649690481043,7120.760364503196,6326.278332632642,2085.127935350659,2305.23880568021,67774.08036474913,69226.62433452051,971.8467230441972,598.6688661946789,377.0157048391502,239.34313665486664,63.1732585377714,17.361259848212185
2020.4661190965087,366.1160670757981,300.13687563434456,1695.5008448129045,2632.300907400279,7107.316015876036,6313.957758683839,2091.055835229208,2316.116058872908,60996.59836405939,62303.90827113671,1154.4828785994591,711.8865240657334,414.6326457295922,260.7432546177186,65.97919144145357,18.021386487742884
2020.4688569472964,370.68832048802176,300.74196274791217,1701.7336636127322,2634.94695567739,7093.944951641613,6301.661515449837,2094.049727251579,2325.589066716235,54888.71635809148,56073.23058201982,1307.4497244268512,803.9960902273634,443.5706798637827,277.1113418050164,69.94635774010959,18.869317934814674
2020.4715947980835,382.3500927486877,305.0321490270022,1713.8074009215204,2640.1687406265587,7080.687578454485,6289.409043248397,2083.9994908692524,2328.7574676894155,49399.59441975672,50465.73418883137,1607.6064564702694,982.6517381679986,514.1486768542195,319.1444221660425,77.31794372168548,20.22176669707395
2020.4743326488704,391.0099212858422,307.7744889235471,1730.7723824898544,2647.872937568332,7067.660119376215,6277.26130151582,2071.8300398420333,2330.8865725836736,44457.69194617049,45417.27563723682,1793.8686961349188,1087.30913706759,547.7311105594813,338.7793927545764,83.23543236229511,21.28729421713242
2020.4770704996577,384.4952521092854,302.64506063639953,1730.7750103203791,2647.8731329798024,7054.813430264406,6265.192900121043,2091.616670299876,2348.512106854127,40011.73401772919,40875.54780745733,1614.54023900201,978.580531343111,492.9705800629592,304.9018057978101,81.85019147288585,21.287698878950398
2020.479808350445,385.27405017678063,301.3118772395053,1739.1436158090837,2651.717290386371,7041.893429930952,6253.072072784087,2095.8171670771308,2358.5498601814056,36010.551903283835,36787.98978469501,1537.4975107744522,927.3366661964816,459.5961785091667,283.6842017010803,83.96217293727534,21.792844054446388
2020.482546201232,396.4616697914605,305.31250042303424,1752.4639221882655,2657.718525753038,7029.021702763484,6240.962219197013,2084.608868250741,2361.0857552182806,32408.647922985663,33108.67377156377,1622.431804005986,969.7318202053248,495.58058202904056,304.0682626537723,91.14916936842627,22.99066374218998
2020.485284052019,414.2702835933302,312.4353630224246,1760.6436898581596,2661.3525550086856,7016.370583628802,6228.951978422203,2071.699505913658,2362.767004138056,29165.801375745094,29796.863780322616,1566.57514458087,923.124269910757,613.0513350768831,376.4797851413432,101.83492057090558,24.581758480864675
2020.4880219028064,433.44705125909263,320.09413031300915,1771.235637661638,2666.441054451888,7004.051598736922,6217.093155649692,2054.677675336296,2362.3064601767787,26248.67679057465,26816.179257530694,1482.4251672878554,859.331407987564,692.0057527378385,425.2261264065538,113.35292094608349,26.151503538162697
2020.4907597535932,442.8968169361178,322.95812887213094,1783.3680439619557,2672.4687922246208,6992.086517990498,6205.394902126703,2045.488484105375,2365.5408773679146,23623.796063899288,24134.517103272825,1360.6417268543353,778.2918402222864,690.9085598245424,424.3060427098291,119.93868806398683,27.080503511788944
2020.4934976043803,442.5975107687426,321.03719462707994,1788.395262278846,2675.020739546288,6980.311681381361,6193.776323710691,2052.9633085650003,2376.956342707311,21261.454038058564,21721.768849079184,1224.5753605626128,700.4525446263658,621.864644540604,381.90238744949335,121.56031614166267,27.46520556126173
2020.496235455168,435.2209431317524,315.6877286444992,1788.395298752606,2675.0215294235336,6968.56416304636,6182.157693643408,2072.515258063235,2394.3515488799294,31071.864357440067,31680.617364699985,1102.116865727332,630.397797408119,559.6776935750034,343.70697744068184,119.53321448725319,27.464950015300037
2020.498973305955,427.9675623110348,310.42721142519326,1788.3953236716256,2675.021630861802,6956.725889056257,6170.48173774772,2092.034787955032,2411.7158205566525,27964.68046687332,28512.560822453743,991.9054147911222,567.3580441827608,503.7099080839372,309.336259775061,117.54035088584152,27.464780333145082
2020.501711156742,429.66347323226336,309.5382734729518,1787.999821386485,2674.907555550174,6944.799170467524,6158.750095799121,2103.088997907675,2424.8783757691194,25168.17135756832,25661.301253902424,896.4001792554683,510.62217344215406,453.3486269375509,278.4025959741021,120.12519975931156,27.95797344736713
2020.504449007529,425.35157236024,305.7703560080902,1787.6598568297793,2674.764705724004,6932.933181114983,6147.035713153306,2120.034752688945,2440.931425705965,22650.43554207781,23094.086029951814,806.7362098891009,459.5579977433746,407.9975769450266,250.55546319301268,119.58121635214985,28.113500483518557
2020.507186858316,428.9645082219066,305.8675686019312,1786.242592265674,2674.1586374497138,6921.028122895451,6135.290788036982,2130.172039610916,2453.6131065027344,20384.83931232718,20783.87461302837,746.1537756569319,421.0669609604712,374.5741463582748,228.8614307099119,123.09693961997539,28.69629940486741
2020.5099247091036,438.7349474127042,308.9792876024238,1782.8478539996745,2672.596592923136,6909.215756374121,6123.579558641513,2136.036605207445,2464.202561424292,18346.223331295165,18705.44376197937,723.8333014931518,403.2257897414657,362.9707311224845,219.58213234012632,129.75565981028035,29.574954212212155
2020.5126625598905,443.0864883790946,309.506179402828,1779.037204567482,2670.7421570663005,6897.597877093962,6111.952219818687,2147.5414929534068,2477.585344303548,16510.796670134692,16834.742617359003,660.5890471138165,365.19151367661647,331.1139575212036,199.00049013619596,133.58030897626656,30.14768278421939
2020.5154004106776,445.3222010554269,309.07192284912577,1774.4987974198143,2668.4778399160714,6886.085055848797,6100.365520378728,2161.784908669906,2492.298517447436,14859.598069722471,15150.98667960811,594.5282288118655,328.66654533001565,298.0015309689427,179.09732381681897,136.25027820630112,30.59588717638238
2020.5181382614649,474.3904099320128,321.9610819194633,1754.5918998292464,2658.457187893809,6874.641103898611,6088.8033838664805,2164.4954493340774,2501.420046911609,13373.63303091489,13635.853428050585,606.4518326999558,329.6416484179247,311.3667916434624,183.3739006032323,152.4293280125495,32.13162088044631
2020.520876112252,503.5254652749593,334.96431824911883,1736.1090762691704,2648.9028701408074,6863.711583847242,6077.486838001027,2165.200637602576,2509.7155742004115,12035.868229498576,12271.708251649496,597.6109233764314,318.3207331023637,345.78876166746124,199.36622129060189,168.56114702584046,33.47619110659966
2020.523613963039,502.49079194401554,333.03115440068603,1733.2724319158551,2647.3632253440164,6853.298931143729,6066.418846880658,2179.912507990352,2524.684273966001,10832.267258773889,11044.492884688843,537.8508075472186,286.49020689039367,311.2117322562772,179.43350402858587,169.4596375433295,33.72392892767867
2020.526351813826,502.0685952058556,331.4098983836561,1730.1966094738532,2645.706145302501,6842.89754530065,6055.349070448757,2194.239813013593,2539.4602864564463,9748.284016375625,9938.106081267018,484.0288563865236,257.7910371787896,280.0844254297825,161.45895342041658,170.6586968221995,33.991111663183574
2020.5290896646131,510.4325415239098,334.150216334547,1723.7100471065917,2642.2104868527585,6832.517685666891,6044.282570615326,2203.1701886965584,2551.7100267887317,8773.430125923696,8944.272505537145,447.3869864824737,234.7284161034287,274.1301764832058,156.34622456890745,176.28232518936278,34.53587121680511
2020.5318275154004,516.482679970253,335.76765405984713,1718.8219142177036,2639.481393451976,6822.30524053194,6033.291292251438,2212.6485282740537,2564.240860828101,7895.83873484481,8048.837755861855,412.2189216664116,213.26421535492088,263.7273199504809,149.07196178724527,180.71502591040587,34.9895616869116
2020.5345653661875,524.5455660970214,338.373196083564,1713.8510260717403,2636.624366376991,6812.221895842464,6022.357825080623,2220.067774982721,2575.8537130501804,7106.158036847526,7243.907609663826,387.5227126265429,197.3181705041019,260.33201876356713,145.55674428430552,186.1723700134574,35.49212538363587
2020.5373032169744,539.3935043777658,344.26207408976245,1707.5933224053983,2632.935868541289,6802.300572670664,6011.497752566826,2221.8267635401203,2584.9413053934786,6395.480016351967,6519.500063301211,381.4531199288272,190.2698076882449,272.90224561505534,150.36122133309323,195.13143028800334,36.176080858278645
2020.5400410677616,554.8748354960796,350.3927078947054,1703.0847170504223,2629.9874130481903,6792.653811850252,6000.76530729078,2220.9286985971944,2592.919472357679,5755.87699326274,5867.386002770576,377.8397360614148,184.74655822385023,283.75522141783404,154.28447765438105,204.48212760137426,36.85193750380828
2020.542778918549,562.0459164996928,352.4838825973229,1701.9318116382456,2628.8101842333103,6783.291175721434,5990.164521184002,2224.701059134576,2603.0342125767197,5180.167960002594,5280.542496734799,356.2328602955693,171.93242798150445,275.2271893057397,148.22337918434943,209.56203390236988,37.285571827917444
2020.545516769336,568.0909512216258,353.98427498045066,1700.8410663228951,2627.723557118657,6774.073164440198,5979.627756761226,2229.392681009226,2613.585111731022,4661.721337633181,4752.409121916699,331.9133490652382,158.5178220008373,265.0162110869102,141.26115076074854,214.10667624117514,37.68880243220896
2020.5482546201235,582.0103320280851,359.0693889620852,1696.8792192320702,2625.1968488849243,6764.982225745106,5969.144919836655,2228.9539859886813,2621.93744290769,4195.542351063764,4277.135818911455,320.0186444986831,150.85079174382005,266.97120533540465,140.42491180984678,222.94094306599993,38.30532394315671
2020.5509924709104,600.3591651329285,366.1392635016378,1692.2186205707008,2622.224569544444,6756.148158706283,5958.775483494245,2224.527718584031,2628.637184051027,3775.980610435,3849.378484225012,314.9601361441455,146.27437396259006,272.6071537608784,141.55074877028923,234.21990163129072,39.01329657879561
2020.5537303216972,613.8478643674579,370.9604559990618,1690.7583116203843,2620.7188843296326,6747.642927999314,5948.551999897585,2221.4324590067863,2635.9730603650773,3398.2272130234173,3464.3258662275803,305.00092157207075,139.77532193443568,269.47075160409173,138.50745160565884,242.88740836839605,39.56801391150565
2020.5564681724843,621.0249483188811,372.8276469234585,1690.4538150996552,2619.9351582485265,6739.386914787087,5938.437103964614,2223.2437847883184,2645.4323914547563,3058.3887249655445,3117.838193636198,285.949369867184,129.7296128815047,254.76120625333817,130.01821565144954,248.19730139542264,39.96575372169741
2020.559206023272,617.9619404873753,369.9524172775618,1690.118010101858,2619.5363449451816,6731.273251699864,5928.381202257898,2235.184160704848,2659.1902361107173,4252.571818772532,4334.446142729131,257.35459408860567,116.75667586611712,229.28517759572608,117.01643197842962,248.0095232098135,40.13346242880475
2020.561943874059,618.8699239953644,368.8736014633026,1688.8009026183631,2618.6303646433084,6723.130775105826,5918.304939346941,2244.1636612743887,2671.6791951378,3827.3282194326207,3901.087860823648,250.01905204176737,112.56574096336588,208.24477440376637,105.69900009189816,249.9963225320618,40.39561672638892
2020.564681724846,626.562783372201,370.8060488397171,1685.0057420274147,2616.5267407547904,6715.025724950982,5908.238296351908,2248.798912643344,2682.344914644933,3444.5811800569154,3510.968844655609,257.1631192703189,114.70334727562512,198.6552612633066,99.87378762232858,255.7567345324839,40.81901148931713
2020.567419575633,645.0320874759273,377.46254056855634,1676.9853832409076,2612.410455599641,6707.070949673156,5898.231432303743,2246.732642603952,2690.239472119406,3100.082965265595,3159.865026872194,281.244191825012,124.04145640264623,201.4303461981987,99.89139776189856,267.5695469073709,41.48158705629612
2020.5701574264203,661.5305856263612,383.1665337808535,1669.585215446535,2608.618660443431,6699.444048922565,5888.362438482832,2245.689112998479,2698.62416788423,2789.876226547653,2843.7521507449587,293.4100298130064,128.14510590818145,198.58792495078157,97.4108253750436,278.36405184550773,42.07878787372204
2020.5728952772076,678.0483787497461,388.8084434835078,1662.461536786738,2604.9662431717284,6692.114353988921,5878.615829090718,2244.052593468536,2706.809184845391,2510.829527260643,2559.320380139699,301.3044549470436,130.38982101705778,195.25069438104453,94.74804234553709,289.2399352662383,42.6577135689887
2020.5756331279945,694.3246392997198,394.25790969792496,1655.2768609488544,2601.33708444956,6685.070670852911,5868.989070304195,2242.4325918924583,2715.0435361396667,2258.808516903314,2303.128559359904,304.51963310263545,130.57158306949296,190.7335122541996,91.6056625786667,300.06672960179486,43.21706484511847
2020.578370978781,711.7555017451783,400.1174675957433,1646.9228337422255,2597.2593703339417,6678.327455159838,5859.480588816954,2240.5268723467016,2723.198073844704,2032.9249848983463,2072.8103394345726,278.90944643362513,118.81102838259818,171.66274822579533,82.44487502252788,311.63803414943504,43.78442223281995
2020.5811088295688,734.5358797017377,408.1886847272509,1634.3945876594512,2591.4977820372665,6671.893211026443,5850.095819202859,2237.1368846063137,2730.701114623964,1829.6289568872623,1865.5250983199155,279.6829724281548,117.66890939798589,180.857238786415,85.49541657566729,326.3471949744868,44.42903389647921
2020.583846680356,762.2342646135725,418.2912167645888,1622.1955589820736,2585.724160000006,6665.856118176476,5840.871223881832,2228.102521221823,2736.024699944913,1646.6559281793343,1678.9622019939547,278.940202179616,115.53273636279218,197.5237700631309,91.90569960953177,343.94304784898367,45.123010577771836
2020.586584531143,780.5821569734109,424.42788611139343,1616.472577087741,2582.6774843838075,6660.296894112706,5831.840324310914,2221.464734820087,2742.393505785225,1481.9708598025338,1511.0628087456107,270.0993042292545,110.39324406134422,201.17907502786605,92.66552746774649,356.1542708620174,45.626750199229726
2020.5893223819303,793.8300062545663,428.41521291489937,1614.165050046407,2581.086278326551,6655.05813705646,5822.935444129098,2216.1910696365085,2749.3301652207933,1333.7188364801175,1359.8199084405258,257.81421701071406,104.17861376101447,198.8810060689273,90.83810214813802,365.41479333966697,46.03186960187611
2020.5920602327171,806.7405833914046,432.2161082737932,1613.235381122882,2580.0766005505257,6650.054472373196,5814.122056371799,2209.6417261064566,2755.780235395225,1200.2757871713045,1223.7724089537687,246.19216585323383,98.42108158567048,195.48234853582903,88.50142470206882,374.52447511761136,46.42439996549722
2020.5947980835044,809.8879947723872,431.8975944514856,1612.5821239525849,2579.450366823696,6645.280788672644,5805.396325323646,2212.3491555963237,2765.8786139925164,1080.2462979861866,1101.3591982055148,224.6396815757369,89.19956019479447,180.98729964759505,81.51298800480627,377.9904003209016,46.67193522570154
2020.5975359342915,815.2985850231757,432.4741795022933,1610.5319437351202,2578.2721731066176,6640.572371487125,5796.689350217594,2214.1250627485174,2775.615097764835,972.1664120207196,991.175270905732,206.5916536604523,81.45761537427352,169.92592264807192,76.03132374231647,382.82440552088246,46.955117125586604
2020.6002737850788,828.6941990128996,436.2789525947673,1606.5141926690465,2576.209669929673,6635.967326318668,5788.015895741588,2209.7801449933245,2782.974182325314,874.9491463207695,892.0522181744894,195.9405369041069,76.57918300941809,167.76516142242886,74.29238697202702,392.4152464181323,47.35344435686389
2020.6030116358656,843.6185463561844,440.6554395985043,1602.3874278718558,2574.0962096780363,6631.596914451727,5779.429492453845,2203.78087431417,2789.725458860957,787.4027352813467,802.8309221611759,186.20131638271815,72.18745637425205,163.26180806630165,71.54386455529371,402.9631067576801,47.766032230821175
2020.605749486653,857.9035700556121,444.7828589217022,1599.153550489659,2572.3007750535176,6627.487919243429,5770.939651570187,2197.26662320524,2796.311215045938,708.6441392126811,722.5436858070117,176.72987460920405,67.9635577224279,162.29884652564564,70.31408139447859,413.12071113390994,48.15467909838982
2020.60848733744,873.3903363230108,449.3726402026287,1596.285384135074,2570.6052982257365,6623.62872514286,5762.541344508945,2188.935117393,2802.243117654032,637.7770155905208,650.2403735850183,168.1109548966811,64.14318861272375,161.707338537423,69.25309143011079,424.01769612038214,48.54847580584694
2020.6112251882275,887.4588954313058,453.2925819059958,1591.6502942760708,2568.328926886132,6620.037142598101,5754.242591173768,2183.521130688467,2809.326200625452,573.968714918017,585.1790723969136,157.59114611242617,59.70663858815822,156.38386126083847,66.36893646412052,434.16631352531,48.922413844790505
2020.6139630390144,895.033368459663,454.58816797730657,1586.5047457355815,2566.0063926622524,6616.690915091061,5746.0324096505465,2184.8663337076327,2818.9912303012406,516.5686823230587,526.6604490565629,143.80274627028123,54.18680716846186,144.83193825876134,61.09494998281077,440.4452004823565,49.20991954080495
2020.6167008898012,903.4431612031882,456.2023925530494,1579.8125758512524,2563.105937074826,6613.479869312118,5737.865695367765,2186.787656627381,2828.8720755957074,464.897050826459,473.91088690250257,131.5457722940851,49.291668032433904,134.47571801901182,56.361720278593005,447.2407686501388,49.50402945709525
2020.6194387405887,925.0964147403388,463.0113909642545,1567.843029719914,2558.0042492242947,6610.4180891150345,5729.748847095077,2180.5936294186554,2835.7095133077246,418.4058441812336,426.51535645656975,125.42691248183652,46.6079906596105,132.69597739900013,55.05515950214152,462.0850237760843,49.94993131670334
2020.622176591376,943.8537375454704,468.6691241012052,1557.428683584506,2553.527351328234,6607.725422486278,5721.767499247945,2175.3712193776905,2842.9379259139646,376.5626698213296,383.8546604005863,118.88447266322794,43.838098031779474,126.74907579952618,52.13946380519848,475.18461344426515,50.34515354889645
2020.624914442163,960.7913752593296,473.5981675071129,1547.9563225758966,2549.4422242455057,6605.352898563037,5713.90199544929,2170.706366595684,2850.387413389439,338.9055891558673,345.4478744679685,112.65073368489442,41.20434862307165,122.96304998473312,50.13974391741407,487.19320775221667,50.707491792452565
2020.62765229295,971.9155745195244,476.2327747532782,1540.2170514035995,2546.1172293063414,6603.267795622686,5706.140713108452,2169.834441448136,2859.266983423279,304.9963151229849,310.9008975134183,105.00474177555044,38.13649175499951,115.97885548869974,46.97167087740051,495.6827997662462,51.00060259979799
2020.6303901437373,984.1347779988006,479.2588922877569,1531.383683637165,2542.402458199741,6601.374479286847,5698.444465161612,2168.7698220711327,2868.0797849422365,274.4831175017402,279.800278817427,98.15416534334364,35.4002262311929,109.9769295504253,44.21773193183273,504.8758857110437,51.301498229509676
2020.6331279945243,996.7753831653006,482.4130819652552,1521.6840514263745,2538.3970731982827,6599.689922939095,5690.81930414501,2167.9413054631727,2876.984041282799,247.02245717024283,251.79274234581217,91.81480946437895,32.88899693956868,104.39245745146998,41.663557440357664,514.3623012000454,51.60262882563041
2020.6358658453116,1010.0533808058784,485.77087246785305,1510.8365453879992,2533.997264158916,6598.220888171844,5683.267512931988,2167.407748628219,2886.0057510325914,222.3123598685584,226.58588475601127,85.57133273561794,30.45088665200652,99.46353460468428,39.38537626505851,524.2825083380253,51.90641586880515
2020.6386036960985,1022.4728938138412,488.76943771145073,1499.7200048970042,2529.5309539643995,6596.977748417945,5675.793050576257,2167.775815865148,2895.3758583392405,200.0806274804891,203.925729745305,77.01426200129661,27.4064021569578,89.51735053665125,35.44699922893916,533.7034561023904,52.19732076335711
2020.6413415468855,1027.1384574184517,488.827523629681,1490.820996789655,2526.024556754556,6595.944681792615,5668.3887000036175,2173.470226993217,2906.656420203495,180.06865635700845,183.52061573269887,70.18773327811871,24.841218294836207,80.56386692732823,31.900119650330467,538.3109337887706,52.4087994077964
2020.6440793976728,1021.6545052951832,485.0719019573533,1485.8611206184426,2524.091362687804,6594.992497526348,5661.005781027237,2185.2941395539647,2920.1560549189526,162.05987278853297,165.1481705992306,63.16843340826707,22.355403843540792,72.5066221392306,28.706564552268983,536.5826033378298,52.52094524682753
2020.64681724846,1017.403819517342,481.76309084312135,1480.0268413193514,2521.861547029764,6593.951945503228,5653.5823281774165,2196.847556654014,2933.546034541045,145.84687827496336,148.56308713033758,56.84892125025971,20.11035632752356,65.25289361394096,25.823694173040234,535.6407286742206,52.64780005724074
2020.649555099247,1015.1373638997482,479.21964491404015,1472.7991244009172,2519.107810995723,6592.843920763193,5646.122621615519,2207.877653930078,2946.730823066066,131.24244678340264,133.6984435196879,51.15649613139293,18.09819043058487,59.03510326359008,23.251442725924186,535.917718985708,52.792630637387674
2020.6522929500345,1009.0367585321706,475.2544233787808,1467.1779439657598,2516.9788964798518,6591.700290764815,5638.640786598868,2221.170969731193,2960.734694133848,3565.795556586114,3578.1359770743866,46.0408465994573,16.28837149509367,53.13159360483931,20.9262988987092,533.7823351533898,52.90018729643451
2020.6550308008211,1007.5772421341804,473.0212779747129,1458.8103307042911,2513.833413036713,6590.458119037899,5631.113366276892,2232.668171117566,2974.068643303029,3209.250380649919,3220.4827595844604,247.46206695852476,85.00206807701676,48.70466983928381,19.030749099015416,534.5559641594675,53.05359646940894
2020.6577686516084,1001.627443061756,469.1388384592922,1452.7781843784746,2511.566674353288,6589.195023629232,5623.569348954577,2246.341111924474,2988.1897388241905,5426.511270120287,5547.437816070099,347.510501793247,118.94950481468112,43.83419884019134,17.127647956164047,532.4886046024639,53.16234177597637
2020.660506502396,989.8959319454304,463.1437558708791,1449.9182659897342,2510.499578038248,6587.836228935398,5615.981291467368,2262.719236123375,3003.267875214853,9727.648959344497,9926.362766537684,405.90215654629657,139.3898351320038,39.45076015526225,15.41487804396589,526.7521760745514,53.212884210902025
2020.6632443531828,976.78041683554,456.6626028596763,1447.9022098077724,2509.752456078917,6586.2856782842,5608.31411540064,2279.8292580664256,3018.5912262521065,8755.287391591242,8933.909141005084,486.587982872254,167.36729356077635,35.50556941985365,13.873365457733817,520.1178139758637,53.248181987603836
2020.6659822039696,964.6487077173296,450.5681647605623,1445.393598127756,2508.8230834739297,6584.520798485269,5600.5599435601225,2296.662358663584,3033.7971087967294,7879.729218168605,8040.485229694829,579.7952839243871,199.59910220869932,31.954893053378907,12.485977659576614,514.0805429567672,53.291995194110385
2020.668720054757,954.55938118525,445.2524004720142,1441.786274802703,2507.480055157634,6582.55850619695,5592.725423017367,2312.749200809038,3048.71832194433,7091.750857704831,7236.425707162029,730.8088880062588,251.6645793418824,28.759381887918245,11.23736281252258,509.3069807132358,53.355190965788154
2020.671457905544,947.0695017735454,440.9159269338485,1436.7243654322356,2505.592635711389,6580.433438918646,5584.823773769829,2327.8539568695137,3063.2717641762742,6382.567751622744,6512.767785314487,951.832215900346,327.6761297031543,26.01540415518089,10.113994228329949,506.15357483969694,53.444184813452445
2020.6741957563315,941.5632239940852,437.3284932908408,1430.5707312303214,2503.291766733686,6578.1893589492975,5576.871487551636,2342.1858488202374,3077.5402530151778,5744.303170934732,5861.488075043922,1153.9285398024565,397.02966800401725,76.6968594355492,27.23550776312931,504.2347307032444,53.552933871428685
2020.6769336071184,935.558018673774,433.5731660693555,1433.5934094557058,2503.8624570465704,6575.859700474768,5568.881214608323,2347.9259343896933,3089.14306286709,5169.82982330036,5275.307047445697,1278.068834089317,439.3473704522389,135.46811054069408,47.12756313692535,501.98485260441845,53.656196899046506
2020.6796714579052,930.246687277557,430.08366177185263,1449.6432270405062,2508.4633231371954,6573.436284668482,5560.850233623424,2340.0387640073955,3096.4905820588738,4652.844068014154,4747.764261561683,1295.0080089092253,444.0672528545431,280.736317001933,97.26920048261664,500.1630255057044,53.76670858882308
2020.6824093086927,924.2818151599804,426.3656976552525,1495.3446604536043,2522.5405485793394,6570.931061779828,5552.783094517808,2303.235325600525,3094.626359838944,4187.509065915243,4272.979103699488,1207.516646318528,412.8363552101368,476.3468260815656,164.65845767460945,497.9161175047279,53.87059545454169
2020.68514715948,917.2457575986724,422.27016597581417,1575.582222393662,2547.974976231816,6568.333224319918,5544.676153043859,2233.059558681684,3081.8223053398583,3768.749875913833,3845.600284133424,1118.5630347438446,381.3740429722069,578.9918602688197,199.9497732644014,494.97559162285825,53.96324676591501
2020.6878850102669,907.6726237758452,417.2842101720708,1648.5630420555194,2571.858357707701,6565.625263586358,5536.523151899252,2172.787733576215,3071.5057808123224,3391.858364419806,3460.988538294111,1012.4237126383908,344.58036685611125,619.8790906995565,213.95174192732884,490.3884136037744,54.027013788715806
2020.6906228610544,897.5008617036374,412.1041818907688,1722.0306425998697,2596.534652578156,6562.765344874671,5528.309385389475,2112.779713815757,3060.651180732945,3052.618361032815,3223.2992778595435,913.342609717961,310.5266453914788,629.2713905309441,217.0491694649212,485.39667981286857,54.083143596262175
2020.6933607118413,888.6241323672548,407.408543184939,1820.724149548811,2630.553218595243,6559.743904352015,5520.0317450741,2026.4122767258584,3040.033793737064,2747.275356807139,2900.975656131251,839.4374078382217,287.15359384973704,668.40760089547,230.2792388756125,481.2155891823158,54.152883278150355
2020.6960985626283,875.9082185215603,401.3649135964923,1859.1803277133736,2644.294087808581,6556.582406490204,5511.698513290835,2004.261410268805,3041.0976858954405,12134.82699777265,12503.120605896593,755.49380352557,258.4382542158066,605.140120154974,208.41725529898835,474.54330492506807,54.17728648853718
2020.6988364134156,865.4535117033865,396.146677361924,1934.1297034705,2671.4063957922917,6553.217650299086,5503.287387970395,1943.5593975209736,3028.0426394667384,10921.483977542272,11252.928996121653,1233.5464978919,421.314820937824,599.0605157125551,206.085655539298,469.30683434146255,54.22669479008437
2020.7015742642027,861.0127742000677,392.84235387453134,2021.0280800763264,2703.992819578892,6549.687865988762,5494.8124335104485,1865.0594427287904,3007.66339362748,9829.3271580906,10127.439335444196,1712.2284633200802,584.1808798933566,609.0515566355884,209.14442089595588,468.1704203255364,54.37438727439261
2020.7043121149895,867.259372257801,392.85366679518586,2094.4738917023665,2733.414645774719,6546.093854242062,5486.305621127244,1789.3889447917145,2987.1649668942023,8846.18112961988,9114.357285206028,2032.9023774679465,692.5001348094728,598.1617116568797,205.0632857739857,474.4057054626152,54.70170985037145
2020.7070499657768,893.8354009598188,399.28435261324313,2143.49594070104,2756.043330365716,6542.613617708642,5477.821980993863,1717.699003624443,2967.01713661853,7961.514967245729,8201.942998760707,2261.1229466470177,768.2848516814113,587.850453935375,201.17168258672356,494.55104834657567,55.32909614180828
2020.709787816564,919.9067305477656,405.6926114693156,2149.6331622159096,2762.2144112733044,6539.58577758358,5469.468899374251,1688.9461926466877,2963.21877847448,7165.338445527248,7381.686172831878,2172.778432505709,735.768562181984,529.251140474116,181.08655986499372,514.21411907845,55.89850601182766
2020.7125256673512,962.6309835377996,417.7942560578453,2134.9953530521525,2761.340603558747,6536.997997909351,5461.244984158262,1663.8754284946424,2960.6427568164954,6448.285856602821,6705.317330514514,2101.3321478041075,707.9315677976895,481.4409852053774,164.74963023876933,544.8367274799543,56.59871090764245
2020.7152635181385,1016.3403492053212,434.0572844158126,2107.603125027711,2755.913227640592,6535.126641641642,5453.245167846461,1639.8575471192648,2958.234820688485,5802.896675326503,6034.64149907382,2050.5365920836684,686.6312400490743,440.4060670557671,150.99214885639466,582.2830647895087,57.29213301870747
2020.7180013689251,1111.093045422068,464.89739877818624,2056.1863490500928,2743.57793919234,6534.1611199880645,5445.539033301465,1597.915048533712,2947.8640293193607,5222.60192363926,5431.171649289631,1944.173876318372,642.4421909131286,626.6914617481867,214.24728338113167,646.1956466438817,58.15855380486277
2020.7207392197124,1205.526866152038,496.7728700761828,2027.470999329215,2740.6252870790727,6534.776596515044,5438.367464989205,1532.0090009976393,2926.540678446892,4700.307629121427,4887.989834536732,1872.3273545951213,608.4157753146113,768.935725223722,262.28253490531966,708.7539960758553,58.79205316577897
2020.7234770705,1293.4433546637115,527.2400608959573,2018.308910200677,2746.2182555840795,6536.934191147595,5431.729771735198,1451.5249069819536,2897.54611237612,4229.246294521216,4397.455113849833,1824.4202441137743,582.5562178079693,864.7598703917221,294.23754189359715,766.2032937677542,59.23748349744802
2020.7262149212868,1371.887161290222,554.9728684084439,2023.8759872089888,2759.1786415355787,6540.572239938921,5425.632961646973,1364.3038745558058,2863.377629000357,3806.001083913869,3957.458445837077,1793.5222899498922,563.2457991922086,918.9954553340422,311.7565368375857,816.914292881778,59.54675544258995
2020.7289527720736,1437.6816184207155,579.0475207077415,2031.8571274639128,2773.3322679182043,6545.517196894975,5420.017543957295,1286.011220214332,2831.1926680081124,3425.3861956947085,3561.6926044560314,1735.863089701735,538.1267391319662,913.8807470677272,308.85959531595574,858.634097712974,59.72352200316634
2020.7316906228607,1506.5178525651363,605.4312774182742,2037.94069424382,2788.0569579681805,6551.545042652013,5414.818687236423,1205.4914735329771,2795.710977968475,3082.8283214868293,3205.498640708434,1699.861358218957,520.7523866277866,933.5746958446468,313.67765840469184,901.0865751468621,59.812538803479086
2020.734428473648,1528.2278120394465,614.1218225012856,2041.7896885827995,2796.5124074634264,6558.704224300718,5410.074087831024,1173.2012380709828,2783.7374827956173,33613.377233529594,34693.66919430588,1555.6576485194398,473.9276505996469,858.8887901925534,287.87637996242216,914.1059895381609,59.81477253173861
2020.7371663244355,1507.5132154319992,605.8402115051153,2042.0701817361487,2797.321330956687,6566.205631072068,5405.4873299885485,1186.5618347537268,2796.2248281410034,167441.01474264055,169479.06767575184,1552.3775169265425,471.3067483611768,772.999872042306,259.0887341211498,901.6730039268839,59.811946900146864
2020.7399041752224,1503.728124963634,604.6393767542298,2043.8319247028992,2801.0090226832763,6573.341253583543,5400.775125411084,1181.8774597438692,2798.8780757427653,150697.78035580518,152537.78930499248,7621.141029851459,2246.632450932551,695.6999196665212,233.1796229349184,899.0887482094041,59.790645215946036
2020.7426420260097,1517.401384590029,610.9515701564897,2046.9237563355337,2807.5137979441147,6580.394249296599,5396.055804264731,1158.487272771782,2791.208328226021,135627.71021791766,137283.98963776315,17831.39142570736,5237.960227107024,661.6279155920344,219.8825448862414,906.4498144335394,59.736983479716784
2020.7453798767967,1538.3765133555355,620.6984691378813,2041.7508159725612,2810.2686623625787,6587.655351818294,5391.4545268013135,1135.8518818475577,2783.7357422895825,122061.73709412184,123554.4401723888,25889.223629685024,7601.783284285145,635.6084154457441,209.17536318735975,917.6780442176542,59.65236964103136
2020.748117727584,1592.795825308759,645.750951323386,2014.658303983274,2804.3273108334174,6595.246553207955,5387.028373541939,1101.3617804939577,2769.478664892619,109855.41385770624,111198.84358972062,35345.720362320746,10386.606724286745,644.7698712151847,209.2927127087691,947.0448739853731,59.458020854731394
2020.7508555783709,1622.093164299299,660.5948882387188,1991.3782260676956,2797.0395604108758,6603.72117188387,5383.031862571978,1087.297800743081,2766.3468893697886,98866.00231120209,100078.82988545898,37568.52922863736,11051.489365677491,602.2615644142827,194.12280353304615,961.4982760605801,59.27515738443555
2020.7535934291584,1646.413836702907,674.1919693086217,1966.8145947863245,2787.5757356302984,6612.663359911099,5379.293394422789,1079.0264715936112,2766.3800012296506,88978.66655827155,90069.43845194811,37972.7065682602,11188.284348420975,556.1435083332138,178.182614865092,972.2218673942854,59.05088050895198
2020.7563312799448,1692.4022745160776,699.7663876122713,1929.6690744212056,2771.301426712508,6621.986678888297,5375.792118977749,1061.2881351683598,2761.00906728883,80080.73313726005,81062.4179278968,40021.42535360775,11823.943255867724,1103.2511457446235,339.3716628343763,992.6358869038063,58.65247889646324
2020.7590691307323,1753.1407639950964,734.7452685578269,1931.235170238944,2774.565108245763,6632.050947533016,5372.726688320949,989.3471812268888,2726.259835466819,72072.65180942691,72956.16332735558,38809.93661791905,11540.565898225224,6108.009608983238,1803.566239342911,1018.3954954372696,58.089773300150014
2020.76180698152,1775.6826720328502,750.5619974517974,2172.8084898712136,2910.9338246850048,6643.099763100978,5370.252612478649,890.4243404512598,2576.9763659759024,64865.22840041503,65660.50426580111,35505.57924356198,10621.37901578761,8246.948227397164,2427.7508713711377,1025.1206745810528,57.73107384144637
2020.764544832307,1776.484156937809,754.6459177044526,2374.2764081786954,3030.380767027687,6654.494126422735,5368.048765667366,801.3805380153586,2456.077250191856,58378.54999931088,59093.93422265884,31955.000629838803,9559.151524338216,8705.522891558205,2560.313235754676,1021.8382392333565,57.52025624561361
2020.7672826830935,1755.7914836178452,746.9286885431785,2436.88227506912,3069.9063046805027,6665.870713744098,5365.919204513684,748.5368192146174,2426.8264028540016,52540.3755068092,53184.45045162857,28759.32668188755,8603.22241359441,7835.172526161033,2304.2975729304567,1008.8627950746667,57.45914617354697
2020.7700205338808,1757.915764711571,751.7088679542069,2637.278135816301,3204.84329023412,6676.871282209403,5363.666873414776,673.6830334235085,2289.7894689882605,47286.28119408839,47865.97686208601,25884.66859062194,7776.480786678501,8459.76744795493,2488.1850455497693,1006.2068967573641,57.23862979990153
2020.772758384668,1774.2729061798286,764.4407346206718,2941.298856437737,3420.2490549051663,6687.8770794162165,5361.500367368343,606.3135385599021,2064.2465629060084,42557.569440098014,43079.320665402855,23934.892730274285,7259.071151736607,9928.110009790207,2926.0644266984964,1009.8321715591568,56.91526754660406
2020.7754962354552,1791.7761996893853,777.9913191653997,3289.875302711697,3667.277991201851,6699.124687958949,5359.551695804333,545.6639671793395,1857.7916318830555,38300.53379535359,38770.71191636066,22202.797517088173,6800.963344096557,11121.667567472445,3286.8310442584625,1013.7848805239856,56.57988317401086
2020.7782340862425,1811.0000902704903,792.6666198654536,3677.334526265533,3941.9503747260815,6710.633691971579,5357.834433100686,491.0937028245602,1672.005198129448,34470.20894369508,34893.488991747734,20665.885175494648,6394.39913537849,12179.551146238697,3614.969656735085,1018.3334704050367,56.23044835149283
2020.780971937029,1823.8408441353877,803.7580797826267,4044.482604136508,4202.892285231974,6722.431539833746,5356.365541929758,441.9807585338209,1504.7299253504063,31022.93718719562,31402.580054479866,19064.91310272293,5951.636123021641,12723.582758425504,3795.843445309216,1020.0827643527609,55.93047044827767
2020.7837097878169,1860.9799570334924,827.8224056170021,4405.108272448279,4464.684342343275,6734.411116260223,5355.085814571141,397.7786193821751,1354.193056848163,27920.35826274171,28260.98900571305,17683.484054496992,5569.764734669296,13246.674151464043,3975.926270795452,1033.1575514164902,55.51685538104354
2020.786447638604,2067.564069415571,944.9079729237632,4508.976909674693,4573.8853173876805,6746.976561991653,5354.211123545214,357.9973981840229,1218.7639603662233,25128.086647673717,25434.68577858103,16215.79031567274,5149.36704138597,13054.752657725736,3935.4667031585886,1122.6560964918076,54.29849130668748
2020.7891854893908,2445.7859817969697,1165.6136062041626,4383.131922948467,4539.886341301015,6762.934046197567,5355.289125260336,322.17776023376007,1096.877909250873,22613.881319176224,22891.01570650289,15114.284828429065,4861.467153060735,12584.282186841092,3807.015644115338,1280.1723755928072,52.341962261646366
2020.791923340178,2979.0347289834267,1491.8725741051264,4133.858673422778,4424.304895988864,6785.168122966196,5360.037788143141,289.95973444481893,987.1695394720472,20352.475656039653,20601.484670676768,15069.31127029863,4975.861697068413,12059.21828128808,3664.041269021434,1487.1621548783003,49.92094051168659
2020.7946611909647,3468.9349590596357,1810.6341251688527,3888.5215623787367,4289.966707273091,6816.22429882373,5370.215875562572,260.96197198403786,888.4497128021,18317.10251813598,18541.27625204941,15795.434977084264,5420.790758177168,12024.870284564124,3673.932844273258,1658.300833890783,47.80432188732411
2020.797399041752,3898.242133487837,2107.2797049096653,3665.542603531925,4152.095655185037,6855.334846990083,5385.655425353427,234.8548476277185,799.5584798899512,16484.62528149984,16686.18318143402,16808.403959379088,6009.850730058125,11835.696643971683,3636.716133231442,1790.9624285781715,45.94282159111961
2020.8001368925395,4303.168298603908,2395.786612673522,3418.017590474515,3988.490517024569,6901.506833370488,5405.994530533044,211.36307440537624,719.5536636878616,14835.721361994034,15016.542933570256,17731.75371937184,6581.583862121164,11396.163371217028,3518.521000477865,1907.3816859303856,44.32505432216547
2020.8028747433264,4740.948722340132,2707.7979033333745,3111.3097397625697,3783.0354655765295,6954.289853510521,5431.099880374203,190.21675850100732,647.5756005638701,13351.446724749543,13514.414976029164,18792.84699845472,7228.424305838126,10972.270866423552,3405.404729748992,2033.1508190067575,42.88489368016607
2020.8056125941137,5076.338959399845,2949.9713475942035,2840.24431890808,3599.9135574076818,7014.248730590629,5461.332892317986,171.1938744843788,582.7938756750368,12016.217250224772,12162.469176576058,19037.140975675247,7520.883044748452,10237.420864540873,3191.1141744572933,2126.367611805642,41.887817752363674
2020.8083504449007,5385.9938403019205,3175.29011403006,2565.458684331604,3412.3225079348613,7079.574271240175,5495.510864142556,154.05240215541568,524.4724383672404,10813.045372060804,10945.344712513896,19067.416302940863,7711.52108676219,9591.181912187294,3009.903041419509,2210.7037262718604,41.045418762453245
2020.811088295688,5629.873028714545,3355.898944369031,2322.394345176732,3245.2733563114293,7149.913690025945,5533.354487052414,138.6364780422048,473.5294315386899,9730.99092463824,9850.123697712965,18599.658429314768,7666.653954625345,8966.661415801911,2840.785010380569,2273.9740843455143,40.39121437992226
2020.813826146475,5702.805102700537,3417.2937784166456,2197.344458367705,3158.95894513591,7224.154875256289,5574.125902390304,124.77234160138936,458.10549332870096,8935.221666835521,14270.25692993997,16943.43928094341,7053.402754022342,8069.974607207537,2556.7093654466444,2285.511324283891,40.07696709118812
2020.8165639972624,5796.382129998568,3493.545460056079,2052.274047564505,3060.5514535471198,7299.409106290215,5615.809072207888,112.294675216948,439.0060334604743,8041.693013559679,12843.64626208611,15696.462723923489,7164.935129243932,7455.623579392493,2398.129575862538,2302.8366699424896,39.72886221604334
2020.8193018480488,5923.9550449849885,3594.241806542025,1877.8470614268565,2944.599072318378,7376.01670421965,5658.6488224670575,101.06485137617705,411.8502179441039,7237.54967429706,11559.339102855023,14853.029116547725,7502.794321875706,7306.170180090424,2420.9226543268023,2329.7132384429633,39.3269905114357
2020.8220396988363,5923.112077390866,3604.067321521017,1801.7473939704332,2895.075792049693,7454.541019299049,5703.049702783425,99.91113743861298,407.5750029174274,127674.76256200227,143682.37508947897,13367.734346663105,6980.034326533196,6587.933223883274,2211.282609614884,2319.044755869849,39.152471294978255
2020.824777549624,5953.865863953704,3636.731765665478,1701.08490623593,2829.431418672698,7532.836167013736,5747.492696038068,91.95282995574136,396.5398388953195,114909.1401552388,129316.63500409172,43560.14516878291,21820.154217740783,6250.769130898821,2150.901016007855,2317.134098288226,38.918144130803746
2020.827515400411,5991.001219666807,3674.285336177864,1594.9524050479304,2762.068401026489,7611.429343657284,5792.358299528532,82.7849354473668,381.911582538675,103418.16711134324,116384.84481477152,71578.09954333793,35661.223684962126,6125.087969382833,2173.987235412296,2316.715883488943,38.66992842337943
2020.8302532511975,6017.057075458098,3704.124397401092,1497.4682325463202,2702.93653379298,7690.425931461073,5837.726779886958,75.64528794681925,366.2638081905316,93075.77685930111,104746.01636381076,93756.631554261,46680.3471829546,6047.936747164051,2211.622112229579,2312.9326780570054,38.43960010768079
2020.832991101985,6014.213953226567,3713.213833991952,1423.2766265664789,2660.3730585524595,7769.640446913128,5883.467366539654,73.89340070613281,354.425160187496,83769.60109647643,94268.75154875612,106203.02619863498,52921.32629544255,5843.695789340496,2187.4170440637904,2301.0001192346153,38.25936584780379
2020.835728952772,5935.345683720567,3666.9407997231,1407.6277509022666,2651.807615912284,7848.590687958331,5929.235172264811,89.88820483114071,363.9237313713672,84666.60832315756,157889.1608399888,95583.19176574433,47629.76410299607,5259.325033399378,1968.6843118495688,2268.4048839974666,38.218580768079526
2020.8384668035592,5884.477608614287,3641.266521004033,1376.2928130982602,2633.7531416911784,7926.010517331313,5974.106963089809,95.09935367216391,363.2085934865386,76200.43430738171,142112.96374940765,97367.1874366669,54277.43886939055,4859.192876959161,1949.1349312406865,2243.2110876102543,38.12081949851279
2020.8412046543465,5862.672853366239,3639.177739277113,1331.4090861038442,2608.144238180603,8002.370282887109,6018.427409624992,85.85620702664687,347.01373218885044,68580.20232598549,127901.41670873707,110403.7268004467,69727.1433945911,5665.0055954380605,2579.5489472091404,2223.495114089126,37.92630374748672
2020.8439425051336,5814.001141548393,3619.133535031516,1308.2729712265395,2600.238558430574,8078.157208168099,6062.591538819931,82.30500844080822,331.2273869895359,61722.16452309239,115111.19233852392,108070.74277040346,73267.27393628271,10547.836193626748,5072.062578330703,2194.867606516877,37.75141340843178
2020.8466803559209,5743.272853218129,3582.180831296978,1310.9505755611224,2615.1653993347363,8152.925369998427,6106.300695328047,76.01545553364244,309.9719933117983,55549.893977424814,103599.78054728844,97530.81540833876,68570.15263840904,14355.056494253216,6969.693883244124,2161.092021921151,37.62823179661795
2020.849418206708,5672.807681062124,3546.048693841508,1325.0584851274727,2645.2442664908835,8226.331209398708,6149.274708929365,68.41399096066436,278.979840711233,49985.3552009112,93238.8781543961,87761.53213038518,63975.48072394717,18296.05889774124,8928.196992041929,2126.7589872206163,37.49041227539767
2020.8521560574948,5610.886226733043,3518.795145051011,1358.7197259651698,2703.841104523704,8298.340500153125,6191.528807961665,61.57332506133378,251.0798687836014,44986.661994401,83914.10464034627,80007.37918722017,61916.728750355374,23831.578317283253,11696.758136151286,2092.0910816820324,37.28628592956088
2020.854893908282,5528.194997161284,3471.682418364712,1377.2407120720948,2732.547540439245,8369.12699515224,6233.212700801595,55.4328531239171,228.23900590818116,40485.18844700197,75522.04026377374,72004.18933270653,55725.75591707293,22724.85018940105,11163.178564373986,2056.512578796572,37.20043485898357
2020.857631759069,5448.278129771954,3428.0694160977923,1396.9487557241916,2762.573823836226,8438.335369303371,6273.998557885564,49.88921398205788,205.4118830103459,36436.4102093205,67968.17677857875,64803.30922349998,50151.95987449079,22220.225361197263,10981.011896710885,2020.2087136741616,37.07976475420355
2020.860369609856,5380.118327349959,3398.6056731848034,1430.7683099715412,2813.649923143851,8506.02158352595,6313.944055889763,44.90018118146436,184.87057254521503,32792.68782602856,61171.31867464924,58323.07074519341,45182.98859009547,25188.43267470649,14631.1544754007,1981.5126541651557,36.830280183469
2020.8631074606435,5320.2156609410695,3375.5057795226585,1475.180752923791,2901.694069142114,8572.38657496343,6353.2890511613305,40.40996622223162,166.38336392307133,29513.27528123757,55054.1367215653,52732.18816806864,41219.96323752757,28806.38622246052,18647.755372608004,1944.709881418411,36.55321523327909
2020.8658453114303,5255.051810440074,3343.7746141209964,1510.1716437110076,2984.002468880285,8637.571031147243,6392.141842592638,36.36889891602188,149.7426522734407,26561.896129315297,49547.9371070023,47458.88185273952,37099.65454319021,29316.124603963075,19930.91983966323,1911.277196319078,36.37028263968765
2020.8685831622176,5186.721732713439,3310.3353575778165,1534.1053372322192,3044.5603834833,8701.492974893343,6430.361016946715,32.7312926730875,134.7623236937256,23905.163902809672,44591.137110201365,42712.024165602255,33388.254077476755,28239.88975917676,19762.57890912112,1876.386375135623,36.17673111902206
2020.8713210130047,5115.929842547886,3275.582571211264,1539.7279340725966,3066.1599827347604,8764.09915375102,6467.916081781069,35.723523507594734,121.28555658692684,21514.54167976782,40131.84646137523,38440.63265469156,30049.296187672902,25481.033847352184,18072.499667189102,1840.3472713366223,35.97287937826907
2020.874058863792,5062.536185558073,3263.747438501304,1537.3491070639266,3072.0950000207367,8825.35406274646,6504.792303880893,32.15225451125657,109.15009112712742,19362.97390977464,36116.3754500274,34596.36641332608,27042.654620131885,23650.23663983594,17064.093500909275,1798.7887470567694,35.53137560158453
2020.876796714579,5017.856484257979,3263.330214697455,1523.328218822981,3061.221735831659,8885.554441471968,6541.369170351982,31.090363120147,98.22521764389522,17425.897869352582,32501.473910413395,31135.338537278287,24335.94519529421,21949.56002715753,16085.928173073384,1754.5262695605238,34.96565266593065
2020.8795345653664,4967.901611125392,3254.988633263171,1506.4779792031975,3041.87126908652,8944.841471297537,6577.836696088243,39.03634604694549,89.89153269407086,15683.292495324196,29250.48929824576,28021.776833655724,21901.723794426984,19777.347223725643,14625.5118998559,1712.9129778622214,34.47960752737594
2020.8822724161528,4904.510951313337,3227.467336394826,1498.067614775916,3027.9671706292997,9003.13358441212,6614.065125874499,52.97315717170064,95.51639823337952,14114.933837428163,26325.31841487494,25219.54660554532,19711.46010051572,17799.5758428962,13162.90727887192,1677.0436149185107,34.193900912168004
2020.8850102669403,4842.1060414315,3200.534936122689,1494.1320350323156,3015.1729883539324,9060.210346489344,6649.735839493129,62.66504008383304,100.00112262180572,12703.307334703031,23692.620001485324,22697.35409758624,17740.189367361043,16019.467563700544,11846.606331799114,1641.5711053088107,33.90200650838088
2020.887748117728,4811.156554351858,3222.838096638991,1488.8856498596776,2975.4790902976733,9116.089647413282,6684.859861873272,56.39856505898722,90.00205701134938,11432.99798726349,21323.343004303857,20427.612855531763,15966.088276685863,15190.217448116357,11425.9320434821,1588.3184577128673,33.01323579412892
2020.890485968515,4730.970612085125,3169.124247071077,1488.8856498006276,2975.479025079184,9171.30000219554,6720.259143621149,81.80205273861219,108.7446003750162,137411.85201416793,142488.99291494917,18384.851473315648,14369.478176297329,13671.195675014804,10283.33949789534,1561.846365014048,33.01323328926114
2020.8932238193015,4652.121106539729,3116.305908986108,1488.8856503225077,2975.478774822334,9225.022669773174,6754.666213121774,107.35679088627604,127.58401921621162,123670.73834311438,128240.10663611312,16546.37126222916,12932.583173199411,12304.07545177146,9255.006437161166,1535.8151975536211,33.01322477169921
2020.895961670089,4606.593360711891,3126.5422774984777,1499.3866747041548,2939.305878913464,9277.283989540278,6788.098711162703,96.62349761557768,120.51594857178516,111303.661966992,115416.0944300786,31481.255227780275,19275.38465250009,11195.270800047758,8512.696934083837,1480.0510832134137,32.12897183060001
2020.898699520876,4529.8184478613775,3074.4333040387096,1499.3874899678883,2939.3058441952016,9328.643634757633,6821.610217420467,122.46623796515225,139.54135049205215,100172.87673911858,103874.46899927582,28334.69874124437,17347.86225969321,10075.71068558064,7661.426466260374,1455.385143822668,32.12899502649573
2020.9014373716632,4454.230094576092,3022.7090156416043,1499.3875825767034,2939.305778299465,9378.684274006466,6854.696472036831,148.44175939278185,158.6073501685294,90075.97110001164,92843.96346880092,25478.785947387285,15505.699093503605,9060.131457993131,6847.854033895224,1431.5210789344874,32.138462731811906
2020.9041752224505,4392.164604641085,2992.182563182434,1509.9164224939948,2931.992940676537,9427.2264206746,6886.294983005218,151.864162742364,165.27602928224354,81068.37121919166,83559.54661890953,27786.11164612313,16093.012349924877,8154.118033495959,6163.069536339292,1399.982041458651,31.874534938406608
2020.906913073237,4340.524340690529,2971.5050865704047,1524.9274149204423,2923.374062923081,9474.60136536104,6917.298489630238,141.5463895800361,163.99677702270924,72961.36522332266,75203.03235214806,33274.4731318214,18311.515100952634,7347.662406017119,5611.121226823774,1369.0192541201245,31.54041186421106
2020.9096509240248,4289.388342777857,2943.634015557511,1529.3064752910009,2917.200755924336,9520.985825358825,6947.872546726551,142.34676712435902,167.8949979380347,65665.06531696349,67681.80501923406,35190.291287787775,18890.57724797956,6612.879912563478,5049.960352773877,1345.7543272203466,31.37403796712005
2020.912388774812,4229.960795446465,2904.8980563479195,1528.875007485664,2914.04005905069,9566.390778000548,6977.897998876976,157.22872961936204,180.194101870846,59098.52928189888,60913.41535412839,32786.01436642868,17434.69869590023,5951.588950135609,4544.948711772985,1325.062739098546,31.325650595271952
2020.915126625599,4159.460230488231,2856.483456988305,1528.8750874950035,2914.039927532216,9610.682026767638,7007.195686133413,183.8658658011651,199.73904549249232,53187.97427453505,54821.84281749176,29507.10032057381,15691.185498072848,5356.359351388731,4090.4366048405223,1302.976773499926,31.325621626318195
2020.917864476386,4093.652855691151,2811.479256937889,1528.8434935754829,2913.4122744362994,9653.6758705277,7035.605999204135,207.1388907577,217.3884855681036,47869.1119787123,49339.62293113039,26556.35430241921,14122.056757611032,4949.829386729598,3681.398009186682,1282.173598753262,31.321014359357214
2020.920602327173,4044.5870366531194,2776.936614470105,1525.7136941866852,2909.646791859536,9695.455069253469,7063.188454031052,217.98321045876585,228.54205578573385,43082.16654731909,44405.59436332709,23900.80811949593,12709.833433680673,6117.329952690313,4068.922017565573,1267.6504221830146,31.341899944177996
2020.92334017796,4008.3684320487423,2750.246334247447,1529.1967559709533,2906.579520975813,9736.302520995312,7090.11972215359,210.2992034586681,231.7962387695739,38773.66315751064,39964.88912216249,21612.874597678776,11470.513464770038,8070.401709949549,4890.270100051976,1258.1220978012952,31.38738664195718
2020.9260780287475,3985.493450287629,2731.50926719798,1549.3917853015037,2908.7294887645253,9776.43395854059,7116.532275014239,189.2696930857583,222.3986851696794,34896.23756983965,35968.31501587035,20137.210619127924,10654.40470726517,10593.88289309148,6015.318453874312,1253.984183089649,31.463712052999366
2020.9288158795343,3979.134697488951,2720.2340087261123,1582.4005387231243,2916.880993053318,9816.074647863625,7142.561290986932,170.34037312344108,200.18605994095003,31406.180398819743,32370.226070823224,19242.6952780282,10126.217458799714,12583.373340588456,6895.786293742247,1258.9006887628389,31.63754897659718
2020.9315537303216,3958.850422756583,2700.528216605549,1612.7284602538052,2924.844272803473,9855.500312058626,7168.330646942623,153.30541648300903,186.58726096390245,28265.440888001354,29132.17242789401,17720.06594019643,9287.350026788155,13386.303522487287,7211.7614722235185,1258.3222061510342,31.785040397531695
2020.934291581109,3892.869621726673,2655.5194129019046,1612.728491455982,2924.844272803473,9894.47978612478,7193.700188619926,180.7346432169696,206.65442299023985,109215.69107745583,136487.8364000703,15948.058388341602,8358.615000225289,12047.675800163814,6490.585333996498,1237.3502088247683,31.785041089455866
2020.937029431896,3827.988458795536,2611.260809599984,1612.728491455982,2924.844304199191,9932.252785507795,7218.25007826142,208.2707067650936,226.79100525494675,98294.14088085576,122839.05799681072,14353.252135540535,7522.771221354389,10842.9079074244,5841.526765417333,1216.7276491955522,31.785039643990764
2020.939767282683,3763.1072984334246,2575.3580308853493,1612.728491455982,2929.32117564082,9970.025782072304,7241.995065925084,235.8067705626957,234.8998248642888,87372.57177311018,110555.1491753712,12758.446296706376,8996.469821900262,9638.140327408018,5264.624072239965,1187.7492675480753,31.562992318675935
2020.94250513347,3698.2261380713135,2536.823034160867,1612.728491455982,2931.5551183705684,10007.798778636812,7265.076677923394,263.34283436029784,248.54716686070975,76451.00266536459,99499.522196369,11163.640457872216,8939.858480517114,8433.372747391637,4738.156402150383,1161.4031039104466,31.404329009370358
2020.9452429842572,3633.344977709202,2499.786299351072,1612.728491455982,2933.936700785527,10045.571775201322,7287.452947734403,290.8788981579,261.2539494445388,65529.433557619006,89549.2478237817,9568.834619038054,8993.28825345957,7228.605167375255,4264.326014867626,1133.5586783581298,31.19876271899814
2020.9479808350443,3568.4638173470908,2480.855292657211,1612.728491455982,2940.50288331456,10083.344771765833,7309.150457525128,318.4149619555021,252.3491638186397,54607.86444987342,80594.28005464462,7974.028780203896,12925.86942530399,6023.837587358875,4338.007925314088,1087.6085246898797,30.478339710291426
2020.950718685832,3503.58265698498,2475.6252017804923,1612.728491455982,2942.7229371146814,10121.11776833034,7330.473058643868,345.95102575310426,234.46449977649732,43686.29534212784,72534.65465110178,6379.222941369735,17225.57848846284,4819.070007342493,4561.04725212027,1027.9574552044878,29.340179919976546
2020.953456536619,3438.7014966228685,2445.609631395775,1612.728491455982,2941.1967777258487,10158.89076489485,7351.649997901279,373.4870895507064,245.2571902926385,32764.72623438225,65281.1501041078,4784.417102535575,15929.34648512744,3614.302427326112,4104.944933142724,993.0918652270934,28.879850903092457
2020.956194387406,3373.8203362607574,2404.851580017153,1612.728491455982,2941.19628319686,10196.663761459358,7372.269048738779,401.0231533483085,265.82458536274896,21843.157126636663,58752.51908138576,3189.6112637014157,14336.4082981282,2409.534847309731,3694.4179928353774,968.9687562436043,28.720223949966556
2020.958932238193,3312.8528222859154,2364.09141949389,1612.7284602788002,2941.19628319686,10230.148632231729,7392.887702418477,428.9337277279566,286.39399220631407,14874.276869089028,52224.40407097498,2171.991062218599,12743.473649615456,1640.7942567814807,3283.923499521106,948.7614027920254,28.638803281860454
2020.96167008898,3286.422803923233,2323.331258970627,1593.4957882565448,2941.19628319686,10257.335046778668,7413.506356098174,447.83790356594966,306.96339904987923,13386.845839421065,45696.2890605642,1954.7914678754,11150.539001102712,2630.5000017522425,2873.429006206833,963.091544952606,29.305162555557253
2020.9644079397672,3239.652072736838,2282.571098447364,1589.7328043614705,2941.19628319686,10284.00653014056,7434.125009777872,472.12803528552007,327.5328058934444,12092.50190656174,39168.174050153415,1759.3098848926377,9557.604352589968,2493.787202054235,2462.934512892561,957.0809742894739,29.542708686026824
2020.9671457905545,3185.657933084808,2241.8109379241014,1589.732762370628,2941.19628319686,10309.825399678324,7454.74366345757,500.7312473906304,348.10221273700955,30000.81266144412,32640.05903974264,1583.3782387782376,7964.669704077225,2244.4091827886177,2052.4400195782887,943.8469951607067,29.628008247788852
2020.9698836413413,3132.5637381215984,2202.113555840263,1589.7327108146249,2941.196273456904,10334.673602064222,7474.21119005637,529.4051915239361,368.7599779620074,67477.05667184888,35778.666151738886,1425.0417792882254,6620.936541113313,2019.970118818086,1706.1656833727106,930.4501822813354,29.702513981064847
2020.9726214921288,3099.8302798628333,2172.437040926304,1579.8665929260842,2938.024980801603,10358.568824366172,7490.435792536958,548.5374453692928,385.8110830506787,60729.35811564266,32200.799894302225,2639.8635861429243,5958.842733843374,2144.7625960518017,1740.8141802636858,927.3932389365295,29.917548872306853
2020.975359342916,3060.512547006434,2140.839374616174,1574.7232887397586,2936.218230345309,10381.854511222788,7506.121579321904,570.1406955554019,403.9576130321499,54654.7774392576,28980.58341442688,3113.374229221013,5362.928409525142,2047.6056037937935,1647.1590015360216,919.6731723902599,30.049645550050624
2020.978097193703,3017.715920308695,2108.5284579463373,1571.842945081075,2934.9193839834847,10404.419709360847,7521.237535573882,593.6803677737687,422.8793198118354,49189.22138211472,45976.75023833344,3225.104425787344,4826.633825190525,1861.1752210599584,1505.5590384962925,909.1874623623576,30.128331704243156
2020.98083504449,2987.411029448936,2082.733015854521,1566.4414623768994,2931.3006610855405,10426.209806851912,7535.773602697794,608.0245438466459,438.1853176776834,44270.23463149445,41379.824562203794,4372.666286271128,4627.688369171467,1846.9068261378227,1588.332157831363,904.678013594415,30.28301109811775
2020.983572895277,2950.239320146485,2055.378804226103,1566.0012215979468,2929.0841480925988,10447.43506981955,7549.840746592509,624.8391309604107,454.1167984043291,39843.17849144922,37240.9789488568,4937.5396745747485,4306.085321051556,1705.5289145735649,1566.5031681631365,894.8605159203821,30.331794095807474
2020.9863107460644,2901.0692213885136,2021.123145847208,1566.0013480370878,2929.083895558343,10467.982859792168,7563.412794587296,653.8892133066245,475.228561322692,35858.70097273721,33516.68870574226,4443.882922461176,3875.480557115999,1534.971895763293,1409.8663293642542,879.9460755413056,30.331784883097157
2020.9890485968515,2851.8985660527387,1986.86683244344,1566.0013480370878,2929.083895558343,10488.530405347616,7576.984612794921,682.940223086952,496.3409565188359,31874.38312359229,29792.590810856575,3950.128955003701,3444.872025010844,1364.4190043059366,1253.2160125479404,865.0317336092987,30.33178472425734
2020.9917864476383,2802.7279107169643,1952.6105190396715,1566.0013480370878,2929.083895558343,10509.077950903062,7590.556431002546,711.9912328672796,517.4533517149797,27890.06527444737,26068.4929159709,3456.3749875462263,3014.263492905688,1193.86611284858,1096.5656957316269,850.1173916772927,30.331784559844223
2020.9945242984256,2755.5595154699326,1918.6943364147264,1566.0013480370878,2929.083895558343,10527.485694098215,7603.765966737061,741.1797849191665,538.5878986054073,29590.85764913128,24124.039544216597,3083.2493951733604,2609.3081103328354,1064.983842426043,949.2474524168272,836.8651790552062,30.370063660645975
2020.997262149213,2709.633522169313,1886.716096968781,1566.0013480370878,2929.083895558343,10544.56926092798,7614.911970690042,770.4501113900216,559.8480340983816,95298.24918561745,97131.99350537108,2774.924390338991,2348.3772630754447,958.4854356221148,854.3226939972191,822.9174252005321,30.370063643946594
2021.0,2664.472959233988,1855.270827990629,1566.001347940444,2929.0838950340158,10560.840593545712,7625.494469111424,799.7672418042538,581.1387051794774,85768.4628287701,87418.83000057301,2497.4318159150766,2113.5398490488587,862.6368370948373,768.8904044601937,809.2021312433592,30.37006355943644
2021.002737850787,2635.6175052504677,1830.389267786929,1559.6016370929228,2927.0794885287105,10576.314667493803,7635.5238871131805,819.9762326872046,598.4231538867264,77191.61518379401,78676.94137360339,4639.4065304791775,3134.0328931930503,1206.365948144701,813.3005789570785,805.2282374635388,30.551786663255463
2021.0054757015744,2607.097827258488,1805.890661984709,1557.5955718369207,2925.558451400681,10591.265964974267,7645.112550046439,835.9785784547192,615.2820338837186,69471.56269532001,70806.44248232138,6203.683325727062,3812.163850098381,1450.01424060556,885.4538050574456,801.2071652737791,30.731764527466698
2021.0082135523612,2565.1418265664406,1776.394079839524,1557.727413991444,2925.449179690464,10605.700474141688,7654.265239054691,863.79612782482,636.1630987308688,62524.33803044415,63725.75269641716,5583.330949899388,3430.9538027053773,1305.0153216699116,796.9091831206524,788.7477467269166,30.74869929444375
2021.0109514031485,2522.3856809364006,1746.7864837514244,1557.7280579867731,2925.4491468124897,10619.40873516408,7662.902426198722,893.2712684371414,657.5614405529113,56260.04594359861,57351.52082145765,5023.95678088586,3087.776130338391,1174.2687216939476,717.1981894187496,775.5991971849762,30.748636223507493
2021.013689253936,2487.0566921495515,1720.7212499277323,1557.8151942168026,2924.480713391189,10632.35433929532,7671.021284958783,915.9954168627264,676.9041490378426,50633.9467454553,51616.363907392486,4982.001116557475,2981.1030794774965,1128.5839450569297,667.9729969345796,766.3354422218192,30.81294626860633
2021.0164271047229,2458.8603999153825,1698.061525510211,1558.7073363665024,2922.6709019922573,10644.67556257054,7678.683525368526,931.4062436719704,694.1393444445544,45570.53736143749,46454.66524747518,5627.906463667378,3238.135122581049,1212.889246650916,683.5825143931171,760.7988744051715,30.941117048830964
2021.01916495551,2431.568976190388,1675.9729356026096,1562.3586996320614,2921.409441972161,10656.493717263987,7685.94837704031,943.6560494379686,710.6524427004672,41012.83752886996,41807.49562459621,6149.094623762408,3451.4090070773213,1300.6216279311627,695.634517298631,755.5960405877786,31.074423468405715
2021.021902806297,2391.872599923201,1648.4102292449954,1562.7703102905684,2921.378150947736,10667.824064322063,7692.823974829312,972.0383679885696,731.7987422935015,36911.48768584417,37626.61631306305,5534.178144675218,3106.26884538692,1170.5576956907794,626.0706355633278,743.4623706782056,31.082858288609387
2021.024640657084,2351.990603694352,1620.9318534981371,1562.778216979666,2921.3781205072764,10678.494928259255,7699.227233109672,1001.6694935911306,753.30179020046,33200.65911091762,33858.72261009551,4977.809731578418,2795.210042602189,1052.8778308612252,563.3765177805624,731.058750196215,31.082554030952164
2021.0273785078716,2312.126060362298,1593.458349677387,1562.778216979666,2921.3781205072764,10689.13255634659,7705.624506862396,1031.3243088358486,774.8059202684855,29509.51034233321,30096.060978789206,4424.391917110896,2484.583158063497,935.8220612921472,500.76945422422966,718.6677106849111,31.082548785090875
2021.0301163586585,2272.261517030245,1566.1085824740512,1562.778216979666,2921.3781205072764,10699.770184433926,7711.893305920924,1060.9791240805666,796.3147884132989,25818.361573748796,26435.15956199675,3870.9741026433744,2182.355471293891,818.7662917230692,439.8552548020191,706.1529345561939,31.077097828031146
2021.0328542094453,2234.3585269122977,1540.0067700445795,1562.778196186303,2921.378120031081,10708.360215680144,7716.866645025992,1090.7200037456462,817.8711622139018,32253.11738498217,34598.147157313295,3481.2037249339364,1964.119655298986,736.326191130944,395.86973120069,694.3517568677182,31.076111935681872
2021.0355920602328,2207.921613578014,1517.6411954862092,1559.3884166973598,2920.108186388899,10716.261551527718,7721.391325523821,1113.0732607212994,837.409889916627,29027.805901163563,31138.334978640232,3259.782318571076,1833.7575598860728,937.4905024771656,492.7215234701032,690.2804180918047,31.263809994286042
2021.03832991102,2171.1315733621504,1492.3471780587558,1559.3853922715953,2920.1081722499957,10723.702578699393,7725.530886514666,1142.8531981912515,858.9922604921394,26123.66175094778,28024.467482050957,2933.85796276782,1650.3814542352698,844.0847915905856,443.4518824153834,678.7843953033946,31.26408383681
2021.041067761807,2134.7654113163976,1467.4745750251277,1559.3853908115666,2920.1081703823397,10730.69476196202,7729.237667714268,1172.6550784344015,880.5859841938144,23425.73069677769,25221.90113223592,2630.869588171672,1485.3363873060268,756.9246924997841,399.1051568531639,667.2908362912699,31.258274691633996
2021.043805612594,2107.323930019982,1445.385044490141,1557.9263161864208,2919.536444889758,10736.87503461079,7732.519589154916,1195.8032617071913,900.3932187807362,21083.152078902334,22699.707411323,2396.9549873087635,1350.6567495324018,816.5487908777753,425.6705988045513,661.9388855298412,31.411349536735177
2021.046543463381,2106.5860532971187,1430.8972538468613,1552.034583479939,2917.531889532022,10742.581020089916,7735.4243669520865,1197.154785657415,914.4086869845802,18974.828986182853,20429.728490418816,2658.2861835580456,1489.5791630631838,1329.4168399528392,679.1424814851865,675.6887994502574,32.075062796162754
2021.0492813141684,2076.911971861304,1408.536203788633,1553.9093756050654,2917.982401126876,10748.259062583204,7738.079765946369,1219.70393247481,934.0917264536736,17078.03459214656,18386.72821404722,2392.48291148092,1340.6504039101974,1200.810508799624,612.656580703379,668.3757680726712,32.181227569008655
2021.0520191649557,2042.29684043202,1385.0605998338792,1553.9094187118487,2917.982401544832,10753.427018277913,7740.355152573944,1249.5789651026153,955.7198433628972,100290.4997733131,101945.7828854974,2153.2324701102766,1206.5852942231536,1080.728417555371,551.3908916973855,657.2362405981407,32.181229857806144
2021.0547570157423,2008.2585448981704,1361.97624483195,1553.9094187118487,2917.982401544832,10758.003870290771,7742.233055289022,1279.4683086236062,977.3541956497507,90263.70447821454,91753.83143343104,1937.9086068498275,1085.9263648822152,972.6552664983384,496.25161977099975,646.2823000662204,32.18122993715385
2021.0574948665296,1974.2349950404464,1339.1002605137278,1553.9094187118487,2917.982401544832,10762.565650662911,7743.8998008463295,1309.3579781091926,998.9913344106632,80260.69038939645,82111.20747192539,1723.144476479072,971.8022286484324,864.8630508480903,444.0986476243812,635.1347345267186,32.171182058988194
2021.060232717317,1941.325654080002,1316.427910028012,1553.9094187118487,2917.982401544832,10765.988629942349,7745.3602275041,1339.2722397902012,1020.6311582386086,72225.05266391336,73004.7515046366,1550.6245896879173,864.0253716058924,778.2736338497897,394.8462842866616,624.89774405199,32.18922815647487
2021.062970568104,1908.4306613705432,1294.4549378059382,1553.9094187118487,2917.982401544832,10769.396988837354,7746.11337892593,1369.1867736046513,1042.2788790388538,64212.05754639622,65625.93668720158,1378.5908305828216,776.6956677057656,691.9282090874306,354.93795494127335,613.975723564605,32.171759550523944
2021.065708418891,1876.622663426142,1272.6808801014554,1553.9094187118487,2917.982401544832,10771.69980352291,7746.66633400827,1399.1198568634998,1063.9278816609976,57789.65294089024,58660.752503855685,1240.7060089813203,694.2613641441003,622.7224697523357,317.2667481356371,603.9417833246866,32.182377155249355
2021.0684462696784,1844.8154857366328,1251.1066311380232,1553.9094187118487,2917.982401544832,10774.001783982729,7747.018354536289,1429.0529540931911,1085.5780100964112,51368.44718625061,52098.15883513552,1102.8469259230385,616.5917973735237,553.5296488435926,281.77295264150973,593.7088545986096,32.18256021748117
2021.0711841204652,1813.016058964023,1230.2435252459818,1553.9094187118487,2917.982401544832,10776.295921298011,7746.656791485641,1458.986143550516,1107.230579039099,44956.63067771044,46867.13074259835,965.1894238305964,554.6815670349479,484.4380033913996,253.48093112009997,582.7725337180411,32.1438153201491
2021.0739219712525,1782.788731490759,1209.5705595713998,1553.9094187118487,2917.982401544832,10776.999273612177,7746.105558739576,1488.9380187096165,1128.8826774597474,40448.3939838713,41926.31642838578,868.4005339288461,496.2060729559888,435.8587137547745,226.7585311563229,573.2181719193591,32.1528940470718
2021.07665982204,1752.5717971746917,1189.0817178417751,1553.9094187118487,2917.982401544832,10777.692109513728,7745.37074993141,1518.8900171241314,1150.5342279975362,35952.730916100256,37261.42445909902,771.8815915457865,440.9961732549843,387.41491341563454,201.52845751593415,563.4900793329166,32.152182309524484
2021.0793976728269,1722.3548628586248,1169.2249846687262,1553.9094187118487,2917.982401544832,10778.38494541528,7744.007061089191,1548.8420155386466,1172.182550012806,31457.06784832921,33482.40859716008,675.3626491627269,396.27078881311286,338.9711130764946,181.08964583226464,553.1298781898986,32.11474534764912
2021.082135523614,1692.9535125108516,1149.5482992572458,1553.9094077465752,2917.98239986408,10778.259127165556,7742.465151282126,1578.7970951014163,1193.8290469121025,27690.036529383357,29917.66036487152,594.487146799269,354.08136614048715,298.3793302487313,161.80985231045045,543.4052132536058,32.098058761676874
2021.084873374401,1674.9003116119052,1133.081500955753,1547.7732248006237,2916.409683295766,10776.945542812053,7740.412056352818,1604.727963299821,1214.3495567112177,24921.032236363582,26925.89428330986,605.1855161677453,361.2909800688478,543.257405276111,279.55367826538856,541.8188106561522,32.34931696530117
2021.0876112251883,1662.98652356954,1118.4205447653285,1544.594984729493,2915.5716608850457,10775.334705708256,7738.090143623048,1621.858728517111,1232.598348042129,22428.895572661902,24233.30044647575,673.4383487692442,402.3675646867659,902.3631338746636,453.059879802062,544.5659788042115,32.74626529355875
2021.0903490759756,1639.1821186595232,1100.810404670323,1546.4352617378363,2916.02949932454,10773.529691557236,7735.530257046111,1646.0557705697993,1252.7384362745793,20185.99480091608,21809.95006023993,608.0924013213646,362.7105780750949,859.5075742751906,430.4195878621451,538.3717139892003,32.84392306752745
2021.0930869267625,1618.1009955426211,1084.1090326030042,1549.9000596296144,2916.89130923023,10771.333241819044,7732.683976317201,1666.296445533107,1271.8521791651178,18167.1846599416,19628.8596608682,576.0128698569272,342.3859883184932,880.0204640322402,438.7959286396772,533.991962939617,33.00115162221662
2021.0958247775493,1625.1674522677563,1074.96933131131,1575.887494172135,2923.445091833325,10768.791094770037,7729.567030759082,1636.2126013144582,1277.9829434118358,16350.463237257072,17665.968763818724,838.0959478220267,480.6480346462632,1584.5702071914188,792.0002266153474,550.1981209564462,33.85485724493809
2021.0985626283368,1625.0983180736616,1064.2219473845407,1642.345003721215,2941.006603775541,10766.373638083804,7726.306321636648,1572.669582645701,1274.857424518824,14715.353348563976,15899.32911765368,1004.9473617180248,561.3984350949173,1982.239384444797,990.561759366428,560.8763706891209,34.5133807875677
2021.101300479124,1598.0136531248015,1046.484911446057,1642.3458230593212,2941.006604648857,10763.961695748094,7722.875395194809,1602.5932705921682,1296.4532860258294,13243.811239315402,14309.401102400305,904.4568435480472,505.2587709962622,1784.0232863420044,891.506019102696,551.5287416787446,34.51339358711169
2021.104038329911,1570.9286811569073,1029.0434974029454,1642.3458230593212,2941.006613645236,10761.549753639045,7719.158248733775,1632.51808466911,1318.039737533594,11772.275904459004,21246.41406773064,803.9621073762448,454.7328924719369,1585.7993478975247,802.3553998872422,541.8851837539619,34.49457574069446
2021.1067761806985,1543.843709189013,1013.5611702559604,1642.3458230593212,2947.2808587931386,10759.137811529998,7715.160596207725,1662.442898746052,1331.6733720587272,10300.740569602607,19121.77582862419,703.4673712044423,486.1200062670197,1387.575409453045,738.6933509217015,530.2825389330526,34.348200907694995
2021.109514031485,1517.7337759081977,996.6684794169246,1642.3458230593212,2947.280946793959,10755.765103901856,7710.91588171924,1692.3534396550017,1353.2385893854268,9147.074746336237,17209.57620577421,624.6788243676841,437.5094555932244,1232.1665474251183,664.8235262047854,521.0652964912731,34.33179815606808
2021.1122518822724,1492.4382214088048,980.021556076526,1642.345836041921,2947.280951976848,10751.59281810946,7706.43553313996,1722.249166964201,1374.7937561222184,15420.418431554202,15833.93944428766,562.2109650217197,393.1407467502432,1108.9499244904537,597.4023079385103,512.4166653322787,34.33419608140141
2021.1149897330597,1499.416876728305,971.9783866457384,1662.6394579451269,2954.1748577806147,10747.01037154763,7701.655705728916,1699.9872363033255,1381.1507471602838,13878.379281981996,14250.54446424971,873.3195402896846,513.5228543837042,1154.6033906389928,616.6073520968603,527.4384900825665,35.17624072855748
2021.1177275838468,1500.771191145946,962.5813780998766,1672.2209200474729,2957.926634386766,10742.556767966202,7696.754937538335,1693.9329633647642,1392.1246472905775,12490.516429744075,12825.465639318594,979.27848269108,541.554424897055,1099.9715663320037,584.7644544220567,538.1898130460694,35.8608838056868
2021.1204654346336,1486.5559116946968,949.3225630707404,1675.3898600691791,2959.2738761424703,10738.13795501479,7691.711000057399,1709.826015745712,1409.5080580449464,11241.473361372246,11953.69278424658,912.6913008078324,494.66005713751184,989.973892016902,526.2889765803754,537.2333486239563,36.139464677887695
2021.123203285421,1461.7799999873362,933.5005233880904,1675.389866471847,2959.2738830599974,10733.494334157036,7686.459873246066,1739.673441908158,1431.0091176213973,29446.66257118445,30319.750160815533,821.4221449423683,445.1938417046331,890.9763402857295,473.6597601575554,528.2794765992458,36.13946535072463
2021.125941136208,1437.4171991925048,917.9421824881792,1675.3897656999532,2959.273882279292,10728.450501547748,7680.959421629116,1769.5080760841713,1452.4958109189613,26502.00926003153,27287.784156376438,739.2816275193353,400.67447023281966,801.8786769906546,426.2937735899773,519.4750167043255,36.139474120398035
2021.1286789869955,1426.947101366282,906.336522406139,1668.3049525496572,2957.4710368732253,10723.014441679865,7675.214740103385,1792.926946928574,1472.0768979327986,23851.80691888376,24558.997619086625,770.4922460385621,403.9328844655352,721.6917942223337,383.6644520142621,520.6105789601429,36.484224149701525
2021.1314168377824,1499.33375697571,917.6654334587932,1617.8019845041124,2944.523458768171,10717.418775083634,7669.292377380319,1777.0668259609183,1480.0458277082664,21466.62046134765,22103.076112308256,1704.7159985336552,772.9235007800229,746.1431905089802,443.60899743924,581.6683235169168,38.795119552980225
2021.1341546885692,1572.8164926783263,930.140774928867,1572.649610402097,2934.614213597199,10713.044416315728,7663.574933794118,1753.5387231282202,1483.6250749953651,19319.867918992863,19892.63969370057,2553.8341518999414,1101.0069290945726,793.0580021952576,496.062077175886,642.6757177494593,40.861455913083425
2021.1368925393565,1668.351033054469,949.952720489747,1527.9718830631662,2926.891582571576,10709.90660662071,7658.081158744209,1706.2476197860194,1477.4574355100171,17387.77501536546,17903.3504256731,3490.9989686942854,1491.393123635407,996.13314577844,572.9958790927186,718.3983125647221,43.06038107876231
2021.139630390144,1667.3888473604304,941.9480795772872,1523.9598476479546,2926.762852753081,10708.370114930827,7652.932642946015,1713.1862325851484,1491.1672220391667,15648.981539012726,16113.005663313445,3245.58305270592,1378.7513353731686,902.2742068741096,515.6964705745515,725.4407677831432,43.50759386039773
2021.1423682409309,1639.6113620279311,926.2503869749164,1523.9584114695867,2926.7628782327743,10706.822037363632,7647.664906627881,1742.9411316632168,1512.560525479975,14082.486372738706,14501.603398311949,2920.8521737618507,1240.87792615315,811.9620928190217,464.1236636215934,713.3609750530147,43.507930694668026
2021.145106091718,1648.2305211230753,921.3980898443388,1514.6056364791048,2925.099475578063,10704.815356126644,7642.149920575792,1746.1093287955357,1525.0191113173578,12674.162013819414,13051.433872417943,2801.678227858957,1180.8654305613768,758.3731079757513,425.9174347370361,726.8324312787365,44.09774130280549
2021.1478439425048,1695.5365799834472,928.1678005162984,1495.5117689394174,2921.4433460363007,10702.957597510454,7636.569159545815,1720.182796091038,1527.9141912171358,11406.740098036766,11746.287878752662,2777.465755867351,1138.766179091028,1082.431635716793,565.2228440969832,767.3687794671488,45.25816715052177
2021.1505817932923,1730.7479170821284,931.4836458626944,1504.8910122671325,2925.503801378145,10701.892669484763,7631.116429512816,1677.0850436903304,1526.4185205618935,10265.975716036695,10571.584612934834,2704.7210114970258,1079.9696683473458,1284.848181424156,649.4014390137448,799.264271219434,46.180282138771275
2021.1533196440796,1701.9022031570569,915.9589398228088,1504.8910271538557,2925.5038070703417,10701.418203431453,7625.733987849052,1706.833108781988,1547.7535625733465,15127.71056765338,18157.416849600657,2434.2490528726744,971.9727104848164,1156.3640864757415,584.4615415300143,785.9432633342481,46.18028356014289
2021.1560574948664,1673.5371661967574,900.6929553855441,1504.8910271538557,2925.5038070703417,10700.464286409098,7620.107550281715,1736.579962764637,1569.0738845779508,13614.939754622192,16341.681341533764,2190.824134025861,874.7753514979032,1040.7276713868864,526.0153344985541,772.8442108112133,46.18028367828613
2021.1587953456535,1645.1721294774732,885.4269730551639,1504.8910271538557,2925.5038070703417,10699.51036914638,7614.481110727577,1766.326816746641,1590.394206462469,12102.168697856854,14525.939656573695,1947.3992287385931,777.5780804494216,925.0912627393122,467.56918034555264,759.7451564223093,46.18028368032308
2021.1615331964408,1617.7486064008897,870.5809432284707,1504.8910271538557,2925.5038070703417,10697.620143139944,7608.460161613414,1796.06846582966,1611.689085403324,10890.675826949577,13009.893294399537,1752.453980356651,696.4236366857076,832.484598769596,418.7698151035904,747.167663172419,46.185647152847274
2021.164271047228,1590.5623117839075,855.9232513583748,1504.8910271538557,2925.5038070703417,10695.495353452665,7602.262889754377,1825.807450133918,1632.971949132457,9742.28244839852,11618.217401282978,1567.6622760352852,621.9267924315542,744.7012677650274,373.9737627430188,734.6390604255326,46.18738008456849
2021.167008898015,1563.6110874651035,841.4135689712336,1504.8910271538557,2925.5038070703417,10693.138174001884,7595.927475808331,1855.543753903512,1654.2449454656444,8656.077680496688,10317.228071843025,1392.8757916440356,552.2844287629835,661.6708099271651,332.0967812326598,722.1975184938699,46.18779722678244
2021.1697467488025,1537.5509011192398,827.3794960171336,1504.8910271538557,2925.5038070703417,10689.902091355549,7589.150045960914,1885.267922895726,1675.484348267164,12168.867860278431,12829.29043265602,1253.5881519802383,496.744253317676,595.5037001948559,298.69965371306563,710.1714051021062,46.18848095273765
2021.172484599589,1511.9250497429657,813.5898363111003,1504.8910271538557,2925.5038070703417,10686.240539680068,7582.147513645961,1914.9832259474776,1696.7044402881506,10951.98352020629,11546.362934938816,1128.2292397962192,447.0697938147592,535.9532841032061,268.8296677941425,698.3352134318654,46.18848094028111
2021.1752224503764,1486.4810510862071,799.8355209681107,1504.8910271538557,2925.5038070703417,10682.401406624698,7575.112587356776,1944.694257659612,1717.9215819203298,9786.922075822982,10283.190542933447,1008.2079596462283,398.15926288612417,478.93845326060426,239.419043405978,686.6455301180964,46.19268638617009
2021.177960301164,1461.7063990368597,786.5049294403185,1504.8910087381323,2925.503806445927,10677.90923793349,7567.689446787101,1974.3889968158849,1739.1032146422106,15417.51296084642,16381.33179483195,907.3871551823012,358.3433242458753,431.0446038970403,215.47713163815897,675.2014695965412,46.19268753570769
2021.1806981519508,1442.2949256499685,774.9294692610457,1501.9809656506486,2924.5767045379603,10673.016465749832,7560.064468127063,2002.0311854739232,1759.6586553894876,13875.762165703083,14743.203431008971,816.6484306942692,322.50896037893017,387.94013924632736,193.92939956758917,667.3654563889228,46.27108121372439
2021.1834360027376,1418.285825784818,762.0300467295555,1501.959411516877,2924.562895783504,10667.821949728836,7552.2741384781775,2031.6842554938448,1780.790116324318,12484.021736365652,13262.517941661194,734.7385056335272,290.1188255782427,349.0297017319784,174.45273328696783,656.2557790552625,46.27105250044496
2021.186173853525,1394.247577023985,749.2930990616853,1501.959411516877,2924.562895783504,10662.619057487616,7544.316305824114,2061.353296495899,1801.9127966462504,11096.445519795345,11911.164382073644,653.0736625641002,260.5578395331589,310.23568780734564,156.6772759241295,644.9544779622997,46.25824628212387
2021.188911704312,1370.2093282631522,736.5925982828594,1501.959411516877,2924.562895783504,10657.416165246392,7536.325644579712,2091.022337497953,1823.0318586694784,9708.869303225034,10584.912587907522,571.4088194946733,231.54595697533463,271.4416738827129,139.2320025954327,633.6167299802928,46.2423307819289
2021.1916495550995,1346.1710795023191,723.985371681096,1501.959411516877,2924.562895783504,10652.21327300517,7528.25132231319,2120.691378500008,1844.1413075377648,8321.293086654727,9317.57034272216,489.7439764252464,203.82272633444404,232.64765995808017,122.56161469072214,622.1857078212231,46.218918033155624
2021.1943874058863,1322.1328307414867,711.9059425344352,1501.959411516877,2924.562895783504,10647.01038076395,7519.704036072666,2150.360419502062,1865.19592292495,6933.716870084418,8377.968562568025,408.07913335581947,183.26884914806237,193.85364603344743,110.20226487030894,610.2268882070515,46.154733777000324
2021.1971252566732,1298.094581980654,699.8395196730836,1501.959411516877,2924.562895783504,10641.807488522729,7511.145112845488,2180.0294605041163,1886.2491690134796,5546.1406535141095,7446.211528295809,326.41429028639254,162.88657651461793,155.0596321088147,97.94610340123673,598.2550623075705,46.08717042750021
2021.1998631074607,1275.7610966765717,687.9041921864418,1501.9593312429934,2924.562895547828,10634.960598954613,7502.470361709651,2209.6378156501933,1907.287147871635,4749.369020427842,6575.415459973272,279.5211316195381,143.83783287017576,132.78371955789294,86.49181253760565,587.8569044901299,46.07891759840692
2021.202600958248,1269.2650236093232,680.8519591214708,1491.617579691129,2921.828095515152,10627.08640621102,7493.38072104696,2234.777733012901,1926.591721631972,4274.431968461566,5917.872528261358,260.87614381697625,142.50889965448437,176.25835306789435,98.6191085624068,588.4130644878524,46.35856606326564
2021.2053388090349,1262.325248953092,673.7312247787956,1483.6824715987248,2919.6433955250764,10619.125588054072,7484.198680987585,2258.041333918485,1945.5070960241007,3846.9504207884297,5325.916703124773,234.78702386585903,133.0139662742647,226.27763092732005,114.36294009031144,588.5940241742962,46.627762905197855
2021.208076659822,1243.8590171953877,663.265465260468,1482.7246153933054,2919.354440273033,10611.070848692689,7474.922899221505,2285.9480612429893,1965.965492560557,3462.4137963469248,4793.411492924698,211.30828669896923,119.71249396720494,203.67569163656023,102.92735308797106,580.5935519349197,46.67679728238196
2021.2108145106088,1223.1280172741708,652.2110388059526,1482.7246051354657,2919.3544401497134,10602.730448284105,7465.498084862192,2315.447371830636,1986.8726334977089,17499.01236389189,16787.94782200252,190.17710503611448,107.74122636586168,183.3077826622344,92.63460212823364,570.9169784682182,46.676796737969255
2021.2135523613963,1204.4680306678388,641.8523093847085,1482.0849044884424,2919.1604143208533,10594.067339205109,7455.914849885128,2343.8380681629887,2007.4365237248728,15749.113463844797,15109.156472752731,205.55016959239865,106.5666270290662,164.97705247944265,83.37113897796922,562.6157212831303,46.710722655808304
2021.2162902121836,1200.26962545499,635.9077962072721,1476.3770494716412,2917.3741163262976,10585.116968099132,7446.185228342543,2363.122599498615,2025.324856439448,14174.199838334938,13598.236307157516,596.6870510318037,237.97071989097003,212.4437288060624,101.31746281374176,564.361829247718,47.0195877058693
2021.219028062971,1185.9378707479525,627.0385598895602,1476.0707719621955,2917.1234137047877,10576.12114424365,7436.3832001317,2387.1843555705777,2044.6747235895095,12756.7699879371,12238.379307233525,656.268347840248,253.5626141196803,203.23253933864885,95.91541840249256,558.8993108583923,47.127199884923414
2021.2217659137575,1166.172237740141,616.5880136731306,1476.070772258158,2917.1234010991448,10566.911117832997,7426.460223254612,2416.587914693073,2065.4761592886707,11481.08188744773,11014.50421020817,590.6423692438996,228.21014437120604,182.90924388391196,86.32406974475487,549.5842240670105,47.12719153150297
2021.2245037645448,1146.4066065610086,606.1373710083046,1476.070772258158,2917.1234010991448,10557.701074644336,7416.537213316337,2445.991489060864,2086.277711891771,10205.40488865402,9790.666279484816,525.0155344598747,202.853882959238,162.58598995004706,76.7325279045056,540.269235552704,47.12719138747848
2021.227241615332,1127.2974170470686,595.9983758312534,1476.070772258158,2917.1234010991448,10547.884870927282,7406.351199268088,2475.3447822918565,2107.0306211170728,10899.072784459826,11525.806768294182,472.4659159728921,182.0341812897018,146.31250610791153,68.85714670928014,531.2990412158152,47.1303343005559
2021.2299794661192,1108.509124504577,586.065070680073,1476.070772258158,2917.123400791219,10537.774848564197,7395.993132541809,2504.6709971974337,2127.749893302455,9809.165997889537,10373.226286470592,425.2192871129571,163.83079903200004,131.68124395768237,61.97143524680922,522.444053824504,47.13033409246844
2021.2327173169065,1089.720834220459,579.4327230110031,1476.070772258158,2915.993045837117,10527.664824133446,7385.497889478197,2533.997211912303,2146.4357389892443,8719.258719443553,9336.02841616978,377.9726955156679,220.75899565036545,117.04999334689124,65.26782461671353,510.2881112094559,46.82741626891026
2021.235455167693,1070.9325439363413,570.1054706974116,1476.070772258158,2915.8806529090484,10517.554799702692,7374.920863208466,2563.3234266271725,2166.880310500634,7629.35144099757,23410.97492422331,330.72610391837867,198.68345387849507,102.41874273610009,58.74109289626036,500.82707323892964,46.765510682687776
2021.2381930184804,1052.515050492848,560.6037095133964,1476.070772258158,2915.8806513944364,10507.106777333482,7364.217365136243,2592.6168424398697,2187.5134712714867,7223.398268941233,21070.18735975398,289.0741323317821,178.8149911670424,89.52002530243843,52.86694891939128,491.91134097945167,46.736751246370346
2021.240930869268,1034.9731266806982,551.1019516684396,1476.070772258158,2915.8806513944364,10495.86210664727,7353.513860342272,2621.831336938228,2208.1466339104136,6501.0576083494925,18729.089867331648,260.1666335588055,158.94664577919286,80.56799628236354,46.99283962976524,483.8711750122586,46.75205206188303
2021.2436687200548,1017.431209172484,541.6001938234828,1476.070772258158,2915.8806513944364,10484.617430244982,7342.810355548301,2651.04583084873,2228.779796549341,5778.71778145537,16387.992374909318,231.25922032562727,139.07830039134336,71.61599375211969,41.1187303401392,475.8310153490013,46.76788082174253
2021.2464065708416,999.88929166427,532.0984359785258,1476.070772258158,2915.8806513944364,10473.372753842694,7332.106850754331,2680.260324759233,2249.4129591882684,5056.377954561246,14046.894882486988,202.35180709244904,119.20995500349386,62.663991221875854,35.24462105051317,467.7908556857442,46.78426497668834
2021.249144421629,982.9859339686494,523.156138057065,1476.0707605166276,2915.8806511202934,10461.556821348828,7320.947483947629,2709.40752669024,2269.942524190577,4840.385468988221,12532.826847126884,179.75799227930727,106.3606730215796,55.66725934587216,31.445708281829383,459.82979591158437,46.77887851915588
2021.251882272416,973.0346854876896,516.1811910060358,1471.9489261259002,2914.8720874066594,10449.27812115921,7309.6093627785,2736.1872097515416,2289.6920561243696,4356.346885582955,11279.54386814532,180.7558849253608,143.84730420758916,89.2815462321949,42.42912594191159,456.8534944816538,46.95140895750049
2021.2546201232035,966.68851216522,510.2460468412404,1468.422999191917,2913.902505040858,10436.86723404428,7298.18606000431,2758.8980971229303,2308.447985429155,3920.702179356753,10151.583012265375,190.99160212369625,199.36055425035832,145.27278499190774,63.37160461323651,456.4424653239796,47.21711901816492
2021.2573579739903,960.8490733913424,504.50808497204486,1470.0461142697077,2914.0571307780283,10424.384572438452,7286.695202923664,2776.024982424845,2325.950078641827,3528.6215845244683,9136.3038788863,201.7177692923425,243.24248464699903,192.4025399809251,85.30646925343771,456.3409884192975,47.493513919790736
2021.2600958247776,949.61129734008,497.4948590906709,1473.412263551674,2914.6978401096835,10411.83878111974,7275.140139722382,2796.8703005128546,2344.30555839283,3405.947502802666,8222.646242629375,189.4368396661877,229.6436782943096,192.3337889600551,95.1158054224698,452.1164382494091,47.6106844469748
2021.2628336755647,934.4808399472694,489.4274768528428,1474.0557552838816,2914.8475228397656,10399.140251196844,7263.49983587099,2824.483696096353,2364.291461751965,3479.084362128789,7400.375231910794,170.49064710070286,206.67923490478412,173.09892079920022,85.60447201997353,445.0533630944266,47.62573442592359
2021.265571526352,924.3392993010378,483.0651574277887,1479.3608363589478,2916.042855565164,10386.224148545436,7251.756968696434,2842.664158318933,2381.6292156261743,3131.1838055424737,6660.331486226652,177.45598450250623,189.29300623517187,181.6994498778431,111.60331901075382,441.27414187324916,47.73941151338362
2021.2683093771388,918.3449506957376,478.1468259732089,1491.8750010310314,2920.4985878398616,10373.1744027715,7239.940234335133,2849.621988026083,2394.3364491673574,2818.063377803133,5994.291331467744,208.48697356182396,188.0909908386813,215.1599823456989,160.23427818147204,440.1981247225287,47.933853655865896
2021.271047227926,907.5834866135268,471.6665184121597,1501.2197844919947,2924.8541423766105,10360.060518683353,7228.073905169493,2864.580452735476,2408.755431357303,2536.2459939195915,5394.849085092345,204.42918109652047,173.1135496622199,209.0032039025494,164.39622479923224,435.9169682013671,48.030508997900284
2021.2737850787128,896.4459921166448,465.08325110681216,1510.577675979521,2929.503276306235,10346.80343287986,7216.134873636768,2880.045041548319,2423.05649626575,2282.594368154594,4853.140175287183,196.6729960143628,159.37034130661485,200.8907407266075,163.4267819184535,431.36274100983263,48.119211285815425
2021.2765229295003,881.5052269034275,457.3318726654774,1510.5776812664303,2929.503328792167,10333.396793185868,7204.1160313722685,2908.820341168617,2443.25456448565,10292.891652352722,9813.104861065063,177.00569730979947,143.4333089459553,180.80166622378195,147.08424538856156,424.17335423795004,48.1192103338963
2021.279260780288,869.8164564615538,450.5710000006075,1515.5750206499858,2932.3169086700264,10319.777871355584,7192.0009251087085,2929.5585940572128,2459.744863536221,9263.605341341052,8831.794654321506,272.1118009245763,154.58562233683813,165.56748122112734,136.8481681630018,419.2454564609463,48.199301513155156
2021.2819986310749,857.8137354007237,443.6941735408692,1516.8344016979306,2933.43489215738,10306.001509134372,7179.806341890423,2954.506196291311,2478.126189726891,8337.247728780378,7948.765725720093,283.88914247406814,145.0470820121651,149.01044379937778,123.16312895232946,414.11956185985446,48.27616355040065
2021.2847364818615,843.5168510393257,436.2992694197248,1516.8344053232615,2933.434896200904,10292.062789033973,7167.5305455488415,2983.1696971277734,2498.2247861460937,23948.72724514426,24687.509787309114,255.5004823224512,130.5423633277645,134.10934961033317,110.84676427520466,407.21758161960094,48.27616438460646
2021.2874743326488,829.4582365560635,429.0276183605444,1516.8344053232615,2933.4348971165973,10277.923971170552,7155.165130308951,3011.7950294744587,2518.289751529469,21553.856481383707,22218.76361955926,229.950430524679,117.48828842343212,120.69841277776892,99.76208983582596,400.4306181955191,48.27616395228282
2021.290212183436,815.3996223720748,424.51495376319696,1516.8344053232615,2933.912405090715,10263.785153055816,7142.712398587847,3040.420361773182,2535.205539873803,19158.98375686928,19996.886944551687,204.4003822924339,212.02541351129665,107.28747781673562,93.8967448518276,390.8846686088778,47.937803487295874
2021.2929500342232,801.341008188086,417.4395530382761,1516.8344053232615,2933.9123753504027,10249.646334941082,7130.218588162669,3069.045694071905,2555.2026807642137,16764.111032354853,17997.11493077835,178.8503340601888,190.8211666168462,93.8765428557023,84.50667806125875,383.9014551498099,47.90737666325731
2021.2956878850105,787.2823940040972,410.36430380888953,1516.8344053232615,2933.9123753504027,10235.507516826348,7117.724762327432,3097.671026370628,2575.199655828838,14369.238307840427,15997.42623632318,153.30028582794367,169.61862526571656,80.46560789466898,75.11700357607599,376.9180901952077,47.875843924085785
2021.2984257357973,773.2237798201085,403.2890545795029,1516.8344053232615,2933.9123753504027,10221.368698711614,7105.230936492194,3126.296358669352,2595.196630893462,11974.365583326002,13997.73754186801,127.75023759569856,148.4160839145869,67.05467293363566,65.72732909089324,369.9347252406056,47.843164539853056
2021.3011635865848,760.1232426857808,396.56035584852015,1516.8344053232615,2933.9123753504027,10206.430194151077,7092.491154914269,3154.763300364217,2615.093011202371,10558.738257558716,12585.729453306338,112.64741343021817,133.44475416508052,59.12736920528079,59.09714902914426,363.5628868372607,47.82946585775566
2021.303901437372,747.409051625326,389.9329264418189,1516.8343996264744,2933.9123523908665,10191.1730466953,7079.681499154024,3183.1625445772243,2634.958019328858,9473.377900897509,11304.328639532889,101.06816905852776,119.85841726058094,53.049529624252486,53.08024431660491,357.4761251835071,47.828712323744895
2021.3066392881587,737.2954412208757,384.51720310489486,1515.2739048612973,2933.264505044994,10175.70884475969,7066.783996595767,3210.728751682462,2654.34699256991,8661.751383752911,10173.890669011713,109.40901365721209,111.969175463206,52.48072533101226,47.77220684388587,352.7782381159808,47.8476087593626
2021.3093771389456,728.385386413741,379.6817964148738,1513.1258857473138,2932.312846044359,10160.118472429029,7053.831590116732,3237.805097934236,2673.514364739602,7795.567519426398,9156.449090466132,120.18377627290934,107.332355706906,62.02263526192068,46.56278979194292,348.7035899988672,47.87350165215902
2021.312114989733,724.3683989903578,377.1312683142892,1508.8847426523687,2930.150713284876,10144.42229010714,7040.8340552374575,3262.187310774453,2691.652460478947,7016.008918442924,8240.801517838794,124.75704239802894,105.04608143195938,137.5924553010009,71.15960863954012,347.23713067606866,47.93653770098974
2021.31485284052,723.1891789249219,375.9033654812651,1510.7949532631735,2928.760840461965,10128.702162814932,7027.829620563739,3277.604347521278,2707.7025708085994,6314.488473948925,7416.726536889542,137.7631108162011,107.75199157893816,226.93758093812428,102.2467233747464,347.28581344365676,48.021433888145935
2021.3175906913075,711.1360342763137,369.6383712511005,1510.7949552707955,2928.760825579038,10113.00544659691,7014.840348352084,3305.7821063802976,2727.3847521333428,31603.888419221195,31570.317654435406,123.98684167295586,96.97700706597104,204.2440009939095,92.02263401882551,341.49766302521317,48.02142579833374
2021.3203285420943,699.2837660723503,363.477730777053,1510.7949552707955,2928.760825579038,10097.15085035682,7001.782247820854,3333.91687082435,2747.0313931386186,28443.577492651508,28413.41965705425,111.58815088088724,87.27929652310712,183.8195899815628,82.82036128357728,335.8060352952973,48.0214258628383
2021.3230663928816,687.6229511290069,357.31709125620137,1510.7949552707955,2928.760825579038,10081.14690014995,6988.724146661289,3362.0095359745646,2766.678033819036,25589.48383479649,25256.387891610717,100.3911393864985,77.58159581651002,165.37470989645072,73.61809788169472,330.3058598728055,48.03589806455368
2021.3258042436687,676.1489940792409,351.15645173534966,1510.7949552707955,2928.760825579038,10064.998214113217,6975.666045501724,3390.060079061061,2786.324674499452,23010.600489885728,22099.35612616717,90.27381778578751,67.88389510991291,148.7084071243986,64.41583447981216,324.9925423438912,48.065226035935495
2021.328542094456,664.8590214303839,344.995812214498,1510.7949552707955,2928.760825579038,10048.708031703944,6962.607944342159,3418.0681341191903,2805.9713151798687,20681.4597517756,18942.324360723636,81.13627151947689,58.1861944033158,133.65609202775624,55.213571077929615,319.8632092158859,48.10992991081466
2021.331279945243,653.7502028563304,338.8351726936463,1510.7949552707955,2928.760825579038,10032.279541260765,6949.549843182594,3446.033343136422,2825.6179558602853,18578.859471050364,15785.292595280092,72.88747528741987,48.48849369671869,120.0678182796168,46.01130767604707,314.91503016268405,48.170544159951945
2021.33401779603,642.8197497285165,332.99729881042765,1510.7949552707955,2928.760825579038,10015.715881702885,6936.281436854826,3473.955355822118,2845.1521360712704,16681.661793172436,13620.663680877202,65.4445023171388,41.83926068212936,107.80698028883997,39.70177148059053,309.82245091808886,48.19740697900723
2021.3367556468168,632.0649145277765,327.3500459322002,1510.7949552707955,2928.760825579038,9999.020143232789,6922.888827148991,3501.8338294929517,2864.6198986553327,14970.617559354989,12042.134421349192,58.731835454978565,36.99041131245749,96.74917835786036,35.10064071298582,304.7148685955763,48.20942621427303
2021.3394934976045,621.48299847467,321.7027930539728,1510.7949532579082,2928.760825579038,9982.195368028324,6909.496217443157,3529.668422763407,2884.0876612393945,13428.205018889168,10463.605161821182,52.68087913525017,32.14156194278562,86.78118026735831,30.499509945381117,299.7802054206972,48.236268112958754
2021.342231348392,615.4645937370867,316.05554017574536,1508.68524567979,2928.760825579038,9965.204937827071,6896.103607737323,3555.2148652803558,2903.5554238234563,12085.384180118755,8885.075902293174,88.71940131607606,27.292712573113757,88.83222519266295,25.89837917777641,299.40905356134135,48.647648720674006
2021.3449691991784,614.5528598178242,310.4082872975179,1503.4987492361988,2928.760825579038,9948.160758169954,6882.710998031488,3578.785175300339,2923.023186407518,10876.824653646032,7306.546642765164,107.88365707877549,22.44386320344188,138.781066063172,21.2972484101717,304.1445725203063,49.49038437644987
2021.3477070499655,604.3113990579567,304.86263258300335,1503.4981667266989,2928.760825579038,9931.148055320682,6869.256058624988,3606.467821418977,2942.451680528532,10126.705652090728,6471.753816640657,97.10015751666562,18.15351750290074,124.91219725950984,17.226088408812604,299.44876647495335,49.552063214719304
2021.350444900753,594.239098804676,299.7815706230935,1503.4981667266989,2928.760825579038,9914.011609631552,6855.517233759961,3634.104467361385,2961.6994673534728,9938.582028455894,8978.037064169283,87.38733928272029,16.33808181170261,112.41737320651973,15.503399915406542,294.4575281815825,49.552028598234244
2021.35318275154,584.3351133166454,294.78521085728823,1503.4981667266989,2928.760825579038,9896.753919334711,6841.731354415618,3661.694043146247,2980.909606463621,21077.8355171295,21748.321592973614,78.64860241546621,14.704273082978585,101.17563210508416,13.953059404285597,289.5499024593572,49.55202859809196
2021.3559206023272,574.5961929562527,289.872123598871,1503.4981667266989,2928.760825579038,9879.378444878505,6827.899972023559,3689.236337962848,3000.0819761140974,18970.128194616533,19573.530083459387,70.7837326175089,13.233844968700607,91.05805660095749,12.557752699052928,284.7240693573817,49.55202851110073
2021.3586584531145,564.97584969794,284.97645780124327,1503.4981667266989,2928.760825579038,9861.919169744197,6814.059230376154,3716.743856355469,3019.246283559129,17016.317781052527,17444.966776662353,63.49342021331593,11.794701128833731,81.67960684998381,11.19213201344291,279.99939189669675,49.55953286258099
2021.3613963039013,555.4715456097377,280.1452557412621,1503.4981667266989,2928.760825579038,9844.37825242714,6800.183857170317,3744.216977760725,3038.380758824947,15207.405012617255,15487.613768316416,56.74377735977086,10.47131663196367,72.99668863888164,9.936356743537615,275.32628986847567,49.56622747727818
2021.3641341546888,546.0824178573308,275.380717903962,1503.4981665284683,2928.7608255220302,9826.756656973195,6786.273045367112,3771.655601165297,3057.48400852246,13536.760590203396,13698.280377100622,50.51007715046679,9.261534742846006,64.9774729873706,8.78837813020358,270.7016999533688,49.571583171551985
2021.366872005476,538.8241198985414,271.15176886144405,1503.055238010936,2928.502914873512,9808.935410008024,6772.27019522571,3797.605974606781,3076.4016183548965,12183.083941575283,12328.45182693878,74.22528494804838,20.021150506075827,64.72634966944511,10.241454224296389,267.67235103709737,49.677128612486584
2021.3696098562627,534.5444086466521,267.4583390827101,1502.0691821576768,2927.9960035962567,9791.04201729535,6758.235226956279,3821.193034424596,3095.064827680317,10964.773797074511,11095.604506233878,136.64260669681855,46.02959809331048,78.93105884655132,14.814220095394775,267.086069563942,49.96517880341218
2021.37234770705,531.3115416395689,263.6441001173077,1500.6085701477691,2927.7815905702105,9773.12633593914,6744.17717864061,3844.230094797797,3113.579427987436,9868.19910528541,9985.907191319371,175.70279783310923,62.88811275047353,86.78826382723688,17.22725343840552,267.6674415222612,50.37862356542622
2021.375085557837,529.2410798571117,259.7915310503007,1498.6008318735248,2927.7540171524543,9755.205862015844,6730.0941478447285,3866.6566687777913,3131.970501268083,8880.869257357068,8986.87969401691,202.4196138894101,73.79029634239599,92.59628628764617,19.82821315892432,269.449548806811,50.91244029650134
2021.377823408624,520.4204050190515,255.4616681932974,1498.6008288628852,2927.7540170230363,9737.29995452486,6715.985393303508,3893.811154117469,3150.837018795726,7995.604590933194,8106.566180475098,182.17787044745845,66.41122228166626,83.33671302204588,17.84537550589789,264.95873682575404,50.912441993133314
2021.3805612594117,511.74673352265535,251.20397417007896,1498.6008286121173,2927.7540172101835,9719.296093886558,6701.843127831296,3920.9165865029327,3169.664878104012,26405.853067321976,26584.63861821793,163.96008202476912,59.77009918231256,75.00304903663917,16.060850909547607,260.54275935257635,50.912442090075785
2021.3832991101983,504.98686846038186,247.15013514371208,1498.3044769548476,2927.7918014271395,9701.196997962898,6687.668646748261,3946.499799146133,3188.28331399646,23765.274088920574,23926.178368952937,193.2315454480325,69.25803302259789,74.57544082084597,17.74508438865122,257.8367333166698,51.05810654102149
2021.3860369609856,502.6939633135096,243.4889010318375,1497.8164096602518,2928.0588180357217,9683.034824707684,6673.465445256416,3967.870844842813,3206.3086329916014,21388.74312459296,21533.4731511296,351.4248254137223,122.98620215462348,102.65653355242613,29.4029704028768,259.2050622816721,51.56319375174524
2021.3887748117727,503.2505186676127,240.09384204942376,1501.4969249311428,2929.349530283212,9664.884194607552,6659.240127444821,3982.212304317951,3223.066197538124,19249.86287128935,19380.11705668993,569.699277607003,196.36935483549428,143.58797278835976,45.29027291132345,263.15667661818895,52.29138706402385
2021.39151266256,505.2150505799046,236.8543183900997,1513.9789188868697,2932.483039114124,9646.792568206702,6644.9972482845415,3986.285304850781,3237.84299152681,17324.875621518822,17441.490244168297,797.4144460923312,271.20937628234924,186.80942199219777,61.70168647709136,268.3607321898049,53.1181190825116
2021.394250513347,510.5871578562622,234.00389755283,1542.0327714847078,2938.8963030039004,9628.78324686331,6630.7393501920415,3971.2965663199698,3248.9659465668065,15592.379858827037,15697.317295965668,1074.3763804885646,359.94189302364447,241.75430739961,81.85916461915264,276.5832603034322,54.16964685611902
2021.396988364134,509.1452641162711,230.77192235811395,1559.761264554003,2942.823312431788,9610.912795383372,6616.47300952443,3973.308318470606,3262.965153001251,14033.130182978804,14127.512204160952,1071.6538527067817,356.15453861656766,236.20879405026892,80.47279191234878,278.37334175815715,54.67464029962701
2021.3997262149207,504.5355153118567,227.3317441803568,1567.3394544212426,2944.5608327374966,9593.067276849337,6602.191888034278,3988.613295941813,3279.3768323634536,12629.785868998091,12714.727871693229,970.6983868211198,321.29462644970744,212.58773756313823,72.45204061815627,277.20377113149993,54.94237030274439
2021.4024640657085,502.9879820032178,224.31064680189172,1577.3026972493474,2946.945985447845,9575.193836171104,6587.892563669594,3998.49892710058,3294.74000139626,11366.837021860509,11443.191944439392,918.420609959766,302.0196353769538,198.98942807444212,67.98875056095771,278.67733520132606,55.404372504379886
2021.405201916496,498.7138445004291,221.048496357094,1582.77259265207,2948.273000652046,9557.343560808817,6573.582053766109,4015.581344562931,3311.413546540338,18434.64239150704,19042.16689000817,826.578614918621,271.81766616450693,189.04333733994056,64.7120830128531,277.6653481433351,55.67628635244278
2021.4079397672824,497.8176524497984,218.2231408907796,1593.5559309892176,2950.849282778633,9539.470959382044,6559.2563818697445,4023.994699703186,3326.416191776431,16591.644963324987,17137.93548813479,840.9847088653011,273.67107135543364,229.96912035830624,78.98391978098266,279.59451155901877,56.16404122736769
2021.4106776180697,495.5123570249532,215.31771522824715,1606.4101679369016,2953.6945363925006,9521.632375638326,6544.922872797951,4031.7122419240686,3341.237772896888,14932.438532510028,15424.044556950425,818.4172016295778,264.0602398875405,246.70884409782508,84.73110817088518,280.19464179670604,56.54644890775062
2021.413415468857,496.5520842328826,213.06525825336155,1623.481632726883,2957.375886965148,9503.804247417338,6530.580206780522,4031.8570781471462,3354.5794453165568,13439.139719196208,13881.622551260454,817.6040237162229,261.3066480780899,270.5933042541304,92.57924765376478,283.48682597952103,57.091055496721246
2021.416153319644,511.41105458747165,213.3070576173107,1651.912810240332,2963.3929377111454,9486.042291156687,6516.239293782334,4006.7567865397614,3363.089408204796,12095.215648144584,12493.45420939549,893.5070686241424,281.87750563620983,333.25333418865995,112.55671258963736,298.10399697016095,58.29048752390105
2021.4188911704312,514.396905043036,211.77175823432196,1663.7516068773637,2965.79659800382,9468.576635615607,6501.941687638368,4009.825694988248,3376.946553439078,10885.686756023317,11294.670104356548,822.4335077171329,257.63655158185406,313.11861001570827,105.38684340982586,302.625146808714,58.83105902112601
2021.4216290212185,516.4930286525514,210.19014535895377,1668.7960242184076,2966.827118851661,9451.208571286612,6487.657626342521,4020.481118366685,3392.2096067624507,9924.645732772817,10391.327301877096,740.1888587116274,231.86908542024267,284.0397767880299,95.28405575433484,306.30288329359763,59.3043596527708
2021.4243668720053,522.011400982651,209.31462052086837,1671.6662019593714,2967.413707363654,9433.922915879435,6473.386373588057,4029.806123702807,3407.19769584301,8932.01471265218,9352.137016337454,672.8722270224525,209.54726689404637,261.1594450289273,87.22840899639058,312.6967804617826,59.902289465929705
2021.4271047227928,532.8537023070991,209.4817645757869,1675.1480968408505,2968.1022057507485,9416.77670026053,6459.139636886166,4033.056043115786,3421.0166901028915,8038.783688331448,8416.886943361913,634.1294210294434,195.60138444819236,250.106805353572,82.9758228500874,323.3719377313122,60.68681447294206
2021.42984257358,548.4592058644091,210.58446839740813,1680.7167109284164,2969.1581158916056,9399.858113940423,6444.934720059367,4029.2284117910185,3433.490892967213,7234.868779615609,7575.183506201916,595.7501601680679,180.4994696804848,272.41038628291045,89.64185528666731,337.87473746700095,61.60435158244583
2021.432580424367,560.2384311006322,211.0138108588769,1689.330226230186,2970.750654747991,9383.245750992646,6430.787045375978,4025.875934200808,3446.044586332747,6511.299584724556,6817.576387210059,550.2982819199261,163.63583091890945,283.5542406223983,92.7020109046399,349.22462024175525,62.33499896743538
2021.435318275154,557.4485376601667,208.73392818612456,1691.6579609176322,2971.1709081192143,9366.87542665573,6416.685340168138,4043.1363172907418,3462.4338208421154,5860.1370383244885,6135.806521193872,495.2685813269535,147.27196230900353,255.20383535154085,83.43179254129444,348.71460947404216,62.555480177190184
2021.438056125941,550.2165095689769,205.6422940355156,1691.8134714810565,2971.1938187124274,9350.503572616342,6402.584276083453,4067.012588857892,3480.031508484197,5273.751867552359,5521.899129121058,445.71033054954313,132.5369236521849,229.67687598052197,75.08477128816047,344.5742155334613,62.6252047222993
2021.440793976728,555.8595644630924,205.02450811438916,1690.2737331525193,2970.8583135332924,9334.056234205918,6388.470350592659,4079.7845107027406,3495.526625075252,4746.218277103119,4969.567688488495,401.1259100312236,119.27983433091268,213.47397191537965,69.35374388828434,350.83505634870323,63.115772180258624
2021.4435318275157,551.4572864573661,202.5292322681965,1688.9020901318745,2970.585272265791,9317.747611111294,6374.3847061884335,4102.29495482373,3512.8084865931723,4271.523502535926,4472.492080396931,361.00715682474834,107.34899868343231,192.1245326168236,62.417248300596974,348.9280541891696,63.27381335927741
2021.4462696783023,572.8888246793375,204.9492813016192,1676.9111083847145,2968.2501003931216,9301.410496665749,6360.296126103715,4109.619412794466,3527.2400895171386,3844.385243510343,4025.254022497029,328.1136853289498,96.6139474537635,190.8085271295776,61.20562087313067,367.93954337771834,64.22529599589673
2021.4490075290896,563.7132965606049,201.6033214521417,1676.7821905783092,2968.224653113251,9285.47511524505,6346.2864654269,4135.28714014031,3545.049057323308,4179.884806177332,4349.834554491575,295.3011498204686,86.95237327812885,171.72967849715724,55.08514435973592,362.10997510846323,64.23655026727452
2021.451745379877,554.3180749215774,198.2432657695711,1676.7821905781343,2968.224653103263,9269.430679026049,6332.259434688485,4161.154697998523,3562.8640437542767,61486.684561702416,61851.00505118621,265.7710341893232,78.25712979791696,154.55671027002325,49.57662602630083,356.07480915200625,64.23655032399624
2021.454483230664,545.079086538708,194.9391505609688,1676.7821905781343,2968.224653103263,9253.273867598906,6318.214852202423,4186.978397808536,3580.640641448943,55481.281793014845,55734.96829143539,239.1872585830199,70.43047310314421,139.09715909357766,44.61836557137522,350.1399359777392,64.23653826110875
2021.457221081451,535.9504614549362,191.66608746953136,1676.7821905781343,2968.224653103263,9237.038416410916,6304.160914018031,4212.770374080301,3598.395542724772,49761.654689437695,49894.06431243802,214.5093681698544,63.04522641734424,124.7459579918579,39.93974249895544,344.28437398540484,64.23809638129269
2021.459958932238,526.8658100126244,188.4489678784601,1676.7821905781343,2968.224653103263,9220.771632599532,6290.090348188408,4238.549709333996,3616.111128145466,44213.52651013621,44661.76661811958,190.5906423115524,56.43359174259541,110.83624208250014,35.751209894463344,338.41684213416426,64.23207498054492
2021.4626967830252,517.7811585703126,185.2871989253524,1676.7821905781343,2968.224653103263,9204.504848788149,6276.003928728018,4264.329044587692,3633.787216558964,38665.39833083472,39991.124940780486,166.67191645325042,50.531866537691215,96.92652617314238,32.01241160031332,332.4939596449602,64.21515231705924
2021.4654346338125,508.6965071280008,182.14638279404477,1676.7821905781343,2968.224653103263,9188.238064976764,6261.911620617713,4290.108379841387,3651.448240800576,33117.270151533245,35524.948278968535,142.75319059494842,44.88850736343168,83.0168102637846,28.437290610866985,326.55012433395603,64.19350629663117
2021.4681724846,499.61185568568897,179.00556666273707,1676.7821905781343,2968.224653103263,9171.97128116538,6247.819312507409,4315.887715095083,3669.109265042188,27569.14197223176,31058.771617156577,118.83446473664642,39.24514818917214,69.10709435442683,24.86216962142065,320.6062890229519,64.17107307890801
2021.4709103353864,490.5272042433772,175.8647505314294,1676.7821905781343,2968.224653103263,9155.704497353996,6233.727004397105,4341.667050348779,3686.7702892838006,22021.013792930276,26592.59495534462,94.91573887834444,33.6017890149126,55.19737844506907,21.287048631974315,314.6624537119478,64.14780892678618
2021.473648186174,481.4425528010654,172.72393440012172,1676.7821905781343,2968.224653103263,9139.437713542611,6219.6346962868,4367.446385602475,3704.431313525413,16472.885613628787,22126.41829353266,70.99701302004244,27.958429840653054,41.287662535711306,17.711927642527982,308.7186184009437,64.12366680194715
2021.476386036961,473.3756878215014,169.70885740746868,1676.78219048146,2968.224653083514,9122.452430981632,6205.509258030984,4392.926433239691,3721.999728793629,25392.625612859207,22137.291517879323,63.21823601675542,23.68121395201227,36.76398602890384,15.002271243264769,303.6668304140327,64.14922401518393
2021.479123887748,465.50032879709215,166.88298940684612,1676.771351932379,2968.22282473365,9105.349005627391,6191.336343765161,4418.3439561674095,3739.428239409935,22853.365158002245,19923.56236654933,56.89643090498241,21.313126228982743,33.08761581150564,13.502118500513747,298.617339390246,64.14975906932408
2021.4818617385351,469.2218113160949,166.20218721243296,1668.0300689237497,2966.752744964104,9088.16118363492,6177.1551616922125,4440.979478649506,3756.188203446847,20568.02607428019,17931.203568942932,123.0044359971046,30.31500780402534,151.63575457903735,42.438469417192685,303.01962410366195,64.57918553567205
2021.4845995893224,467.67221242113953,164.57710659541775,1669.3809443955054,2966.810342658658,9071.082468987875,6163.001481227452,4458.684816719747,3772.337266834066,18511.209993347657,16138.05317693886,146.97180549038984,32.56911395825182,192.26743074482184,51.97075956418594,303.0951058257218,64.80930399020248
2021.4873374401093,462.38783956970445,162.29295975631874,1671.1935078375634,2967.0104370157424,9054.024712372828,6148.859496409331,4479.642282744172,3788.991204134206,16659.963886094516,14524.232067971914,141.56933457721,30.2506247901864,186.20858741154785,49.92335575000427,300.0948798133857,64.90111852696046
2021.4900752908968,456.2568867427773,159.88007479021326,1672.5939779595767,2967.168195536279,9036.9256467249,6134.718188352147,4501.899731097015,3805.81553863696,14993.896472019424,13071.732834757158,130.7907141736935,27.302320457432124,171.20098506266734,45.78239298263208,296.376811952564,64.9583207539948
2021.492813141684,448.6526454893013,157.21540816643602,1672.594037250149,2967.168196998358,9019.77123753938,6120.575409212205,4527.086222245438,3823.0508829386017,26202.276827917656,25983.207401747764,117.71163504359008,24.572083113069613,154.080715042234,41.20414791245272,291.43723732286526,64.95832360578714
2021.495550992471,441.1751013487808,154.59515104333974,1672.594037250149,2967.168196998358,9002.537079641066,6106.426966304567,4552.225824284273,3840.247482969336,23582.04957876731,23384.89597420685,105.94047103321668,22.1148728325306,138.6726428756472,37.08372981906709,286.57995030544106,64.95832367449923
2021.498288843258,433.79121174065153,151.97489424056582,1672.594037250149,2967.168196998358,8985.244750041395,6092.278523356075,4577.329943492076,3857.4440827206017,21158.728279692503,20786.57523403208,95.05389390897923,19.65766452122364,124.42246627208796,32.963315027821814,281.8163175000857,64.96588908965121
2021.501026694045,426.49896303982257,149.3546374377919,1672.594037250149,2967.168196998358,8967.895869579304,6078.130080407583,4602.398972654995,3874.640682471868,18919.99049285698,18188.254493857305,84.99654351684114,17.20045620991668,111.25772058422967,28.84290023657654,277.1443256020307,64.98124253965736
2021.5037645448324,419.2976091860708,146.73438063501794,1672.594037250149,2967.168196998358,8950.491260252731,6063.98163745909,4627.432835835322,3891.8372822231354,16856.614475566817,15589.933753682526,75.72699184779435,14.743247898609718,99.12417789103132,24.72248544533127,272.5632285510529,65.00471802835824
2021.5065023956197,412.1892931354071,144.11412383224402,1672.594037250149,2967.168196998358,8933.029998578519,6049.833194510597,4652.430313560197,3909.0338819744006,14964.61542628112,12991.61301350775,67.22733749611025,12.286039587302756,87.99840583260834,20.602070654086,268.0751693031631,65.03690750043293
2021.5092402464063,405.3137468549325,141.49386702947007,1672.594037250149,2967.168196998358,8915.429197173404,6035.684751562106,4677.334561245791,3926.230481725667,13458.677666878855,10393.292273332972,60.461951242629205,9.828831275995796,79.14273450422026,16.481655862840725,263.8198798254624,65.09028669088967
2021.5119780971936,398.5585152415584,138.87361022669614,1672.594037250149,2967.168196998358,8897.75859431821,6021.536308613613,4702.188295714362,3943.427081476933,13387.087028024052,7794.971533158197,54.41574136387258,7.371622964688834,71.22844174064414,12.361241071595456,259.68490501486224,65.15602981345722
2021.514715947981,391.9158719410297,136.25335342392222,1672.594037250149,2967.168196998358,8880.02381621906,6007.38786566512,4726.9936171140425,3960.6236812282,12048.378237482357,5196.650792983421,48.97415981742158,4.914414653381873,64.10558786704645,8.240826280350182,255.6625185171075,65.23403026544844
2021.517453798768,385.3548739681465,133.85657518926092,1672.594037250149,2967.168196998358,8862.24322506874,5993.214306409533,4751.763106237246,3977.6219187184497,10808.393008768608,3927.9754422453766,43.93387671505002,3.714640592800148,57.50802064999888,6.228963158031382,251.49829877888556,65.26407624979838
2021.520191649555,378.908465470844,131.61511860006456,1672.594014471341,2967.1681951972782,8844.398921179953,5979.025777532296,4776.481741402149,3994.479805985965,9700.492068395262,3501.780203278361,39.43056985286332,3.3115926552553447,51.6133425550814,5.5531159555855645,247.29334687077946,65.26466664276943
2021.5229295003423,379.5549511580661,130.46733272488277,1668.2152862389305,2966.2770676760915,8826.482832409685,5964.838470296792,4798.557972717609,4011.1339266178393,8730.442748823218,3151.602061318686,47.896154343300594,2.980433274703977,66.86067220000417,10.372282369499054,249.08761843318334,65.62623348034012
2021.5256673511292,377.2879009009059,128.8992466570649,1666.325086009497,2965.857816489512,8808.626596424341,5950.670895681205,4820.999359189546,4027.71673848782,7857.386981706155,2836.429517596065,49.12715511546339,2.6823782797180447,69.37960090219966,11.889455155426813,248.38865424384102,65.83530869946446
2021.5284052019165,377.48361304803086,127.70396207499658,1663.8510944130078,2965.286793017211,8790.78150378041,5936.516007709815,4841.550631282842,4044.065834513578,7071.843874870021,2552.7850167861457,55.72874585239624,2.414138534581634,79.05857237123897,14.813840636041617,249.77965097303428,66.1696673283808
2021.531143052704,371.1921829507749,125.57556583567327,1663.851107209718,2965.286791060721,8772.988558792717,5922.379979380229,4866.062893571069,4060.7581610389775,12562.661093801278,10074.048881620294,50.15586536942396,2.1727242841324848,71.15272835922786,13.332475123590068,245.61661711510163,66.16966315469895
2021.5338809034909,365.0056552996209,123.48263979461748,1663.851105828031,2965.2867910420555,8755.139510201945,5908.247206903793,4890.526371194671,4077.411759575134,11306.396152135549,9066.644009352503,45.14034738821606,1.9554525321019325,64.03747492505755,11.999227801482457,241.52301550500343,66.16966394856136
2021.536618754278,364.71287940238784,122.14230481596567,1662.7124948067244,2965.052523456276,8737.236254278603,5894.118272251163,4910.288914036551,4093.543196792197,10175.75635629664,8159.9796042968255,80.54771951063873,10.19064801499544,72.18904307732159,13.115570462798436,242.57057458642217,66.51001055512327
2021.539356605065,362.4136928881362,120.51110661252388,1662.7325166762946,2965.0307631893725,8719.377153832158,5880.00570534622,4930.855079127678,4109.736622167487,9158.142675275363,7343.966434450307,94.83344954269192,14.398951534704798,72.86524402818588,12.58317045154528,241.90258627561235,66.74763978917287
2021.542094455852,359.0128999348961,118.72654432816962,1663.0657994440044,2965.091348740392,8701.528675609663,5865.904612161244,4952.198967535703,4125.989592085799,8242.3101234763,6609.520335585623,98.43391769298296,16.324086115507278,69.47314401784992,11.395954406890848,240.2863556067265,66.92972749734072
2021.5448323066396,359.08215252345536,117.1488157570542,1664.2393577741454,2965.3470399456387,8683.672419771485,5851.812415996745,4969.240312455178,4141.831725616165,7418.07416340257,5948.565302324291,125.39163833568618,23.498519305656156,77.38083154017785,11.229247618658192,241.93333676640117,67.37548359510794
2021.5475701574264,361.0775702647194,115.67570308198762,1668.0641164274514,2965.8171741022693,8665.866200732398,5837.732532405599,4981.654255099697,4157.342487725746,6676.203805628648,5353.703027373456,161.57717990792324,32.39691243011461,89.42455380085573,11.526669751315785,245.40186718273176,67.96375277556524
2021.5503080082133,358.1573153012353,113.97925642847588,1669.8317917878867,2965.933634545929,8648.142050957551,5823.666670988648,5000.958884477593,4173.416235352544,6008.578990532908,4818.327940536493,153.75618198645017,31.17313871806132,82.78318971518301,10.374050091254102,244.17805887275944,68.17620314899575
2021.5530458590008,353.0798117758691,112.160547717827,1670.0668545227072,2965.931018797159,8630.417799717769,5809.611072779729,5023.953476507923,4189.721058020882,5747.368159347197,4833.535254214001,138.38105171420938,28.05593046648857,74.5048585143928,9.33663695509702,240.91926405804207,68.23365596755636
2021.555783709788,352.95915818837074,110.86698765526404,1670.3196167070685,2965.773192880397,8612.657488639672,5795.563671935192,5042.009578989156,4205.647744844743,5172.6640492738825,4350.223819659683,134.5116453295192,27.41168197552987,76.39508638189683,9.988468892074364,242.0921705331067,68.58928715030098
2021.558521560575,347.0765179517287,109.0192058007744,1670.319616806634,2965.773192654324,8594.943818420637,5781.53319830602,5066.033789345267,4221.953900554464,11185.91821227271,10741.165547838074,121.06048472069013,24.6705132820317,68.75560626471622,8.989627209507413,238.05731215095432,68.58928790568979
2021.561259411362,345.4357419825475,107.63270176583887,1670.553167965609,2965.6597392954304,8577.180636157398,5767.510368066407,5085.632096418713,4237.90458818791,10067.331098031384,9667.050773957284,138.81258942679958,28.792857665594067,68.9450363572672,9.671933573839416,237.8030402167086,68.84146928511039
2021.563997262149,353.5984737798679,107.2604741321162,1671.255107514587,2965.373877534565,8559.438772766227,5753.502845881583,5094.937188463584,4252.998099767323,9060.59417396213,8700.329708418321,226.0733093969262,47.85638976499999,92.9282264601853,14.642481273726608,246.3379996477517,69.66602457710522
2021.5667351129364,359.97520661178737,106.6767199478462,1675.2625432973582,2965.5925162409726,8541.881521009447,5739.527497862208,5102.538171605676,4267.766463264563,8154.511603155281,7830.293454340809,273.81263165843785,57.726696399674935,103.50406477309583,17.00961449079429,253.29848666394116,70.3655368512946
2021.5694729637237,366.0936809131617,106.02888516573766,1681.3418572304288,2966.122926288453,8524.47861785224,5725.580563686612,5108.171186528443,4282.258722174784,7339.016537000789,7046.817391773039,307.3085063023776,64.22892331473624,109.84389640954728,18.471458172346093,260.064795747424,71.03777238075628
2021.5722108145103,375.8243937407783,105.61202261686093,1689.89531633029,2967.056517194098,8507.225250617017,5711.661185211376,5107.5682818361865,4296.089272293252,6605.009907253471,6342.122880110148,347.46469816689586,71.6750190984279,118.68966050441468,20.24951821671333,270.21237112391736,71.89857167980801
2021.5749486652976,385.6120097349643,105.06553768206332,1697.2927967815697,2968.0790056963087,8490.181456544567,5697.772981831808,5107.854879463172,4309.929372105408,5944.485251441013,5707.872298135605,365.1812830948792,74.15747624939713,119.85882119973392,20.642896249008658,280.546472052901,72.75356186279673
2021.577686516085,379.1833116891449,103.3149141301492,1697.2920712140456,2968.0794569905406,8473.347322896265,5683.913719522921,5131.546336724819,4325.96670667198,5349.964522240852,5137.046351480983,328.6588941672231,66.74349462173647,107.87162479769329,18.579025084721504,275.8683975589957,72.75330666059298
2021.580424366872,372.7564448602288,101.64904303506088,1697.2920712140456,2968.132707725013,8456.513418611361,5670.063258118528,5155.23500783864,4341.8576884369895,4755.515997096751,4623.2749516265485,292.1407658577352,60.06827800853533,95.88574267771988,16.720881182610874,271.1074018251679,72.73043982561433
2021.583162217659,366.5130410348168,99.95383783434986,1697.2920712140456,2968.134919861466,8439.575034305324,5656.221825884318,5178.84469597009,4357.820013735463,4262.874839860346,4155.086361726807,261.8768470522867,53.98520039412898,85.9525932218193,15.02756781664621,266.559203200467,72.72843619639315
2021.5859000684463,360.3004336204797,98.28793096554472,1697.2920712140456,2968.134919861466,8422.619111805658,5642.391221753058,5202.441125884093,4373.744424735532,3787.3232401506702,4158.184070180988,232.66277046651317,48.58647427496699,76.36401895404731,13.524753669678066,262.01250265493496,72.72056267657015
2021.5886379192332,354.27662139806404,96.64989687015964,1697.2920821816606,2968.1349622158536,8405.558890219254,5628.570747686192,5225.953048725292,4389.630790543394,3399.781433329713,3742.365668137387,208.85530947279256,43.72781817770983,68.54999097308138,12.172275889356005,257.6267245279044,72.71908699796363
2021.5913757700205,348.56732052748,95.05509711665324,1697.266628726407,2968.1353489381418,8388.434977131717,5614.760647311898,5249.23961613866,4405.463203948912,3059.5411698564467,3367.387054737881,187.95180764960023,39.346287700676776,61.68909351780617,10.952612983529743,253.51222341082672,72.7297736997237
2021.594113620808,342.7578698237864,93.47084628119671,1697.2666261541492,2968.1353486344765,8371.26241988072,5600.961992995089,5272.649526665605,4421.274009404845,5756.820137831504,6001.000214787184,169.15658169537846,35.41165689152659,55.52017468389274,9.857352735741244,249.28702354258968,72.72977384027665
2021.5968514715948,347.5793804277827,92.88655812263664,1692.3947767958994,2967.721232879372,8354.040085791325,5587.174739016709,5290.350099509252,4436.487567296892,5181.139645663284,5400.901711758198,168.12278660012336,34.993527364185425,58.20614527435521,10.483584009030212,254.69282230514608,73.27615982043679
2021.599589322382,358.0790116325395,92.87679575269678,1684.697902768624,2967.044464260348,8336.945289765801,5573.415514259785,5305.070038357293,4451.361223042782,4663.023585715854,4860.798682739501,175.09082810681048,36.12568696325278,64.04686809353788,11.589152048272844,265.2022158798427,74.06248544720434
2021.602327173169,369.85661345571054,93.02921502964094,1676.848533449148,2966.340992642424,8320.072104870042,5559.693784990763,5318.44289074935,4466.061904652784,4196.669276638429,4374.65504043373,180.48172629929655,36.7227627357521,68.43340143616354,12.406736776008168,276.82739842606964,74.84722142442347
2021.6050650239565,381.8109307859468,93.22529654323608,1670.0393994033057,2965.736956883247,8303.440528765785,5546.012029903169,5330.357183569211,4480.579513985961,3776.7841143643086,3936.942143681576,185.35971065036995,36.97715216843345,70.62254765075902,12.847498932143694,288.58563424271074,75.58338721436432
2021.6078028747436,393.76517122527497,93.4456426459199,1664.881456544837,2965.297773466956,8287.054697944195,5532.37106446525,5340.37461680994,4494.867216737487,3399.0723938484352,3543.068693286506,191.8959413088836,37.32463038554,72.89921825507777,13.351651950256604,300.31952857935505,76.26868766601524
2021.6105407255304,407.7475070758779,93.8909583599935,1661.36269901672,2965.0354006943544,8270.913126558115,5518.771104850775,5346.480509873534,4508.712133410489,3059.155201039915,3188.6144637321663,204.069297791103,38.19549363151579,76.22964318482714,14.3416045468026,313.8565487158844,76.9732599879461
2021.6132785763173,403.8414718583187,92.60962853310625,1661.2688056430384,2965.046031109451,8255.048866748737,5505.216029942515,5366.772598274153,4523.965807730537,4210.736768453192,4334.716377311836,183.6630024421805,34.375960622590675,68.60686741459462,12.90745596388556,311.2318433252125,77.06782611826533
2021.6160164271048,397.1107849228937,91.06613380208054,1661.268805767651,2965.04603147388,8239.162985892553,5491.676736533384,5389.817065941157,4539.4764955062665,20529.51535059393,20665.424230003533,165.29668485959877,30.938278053083867,61.74617419638583,11.616677885974676,306.0446511208131,77.06782659661013
2021.618754277892,390.4922714840937,89.5483648800822,1661.268805767651,2965.04603147388,8223.208449916523,5478.148815729771,5412.818015355985,4554.950085231878,18476.56910644491,18598.88343859064,148.7670105327194,27.844449909728336,55.57155459488601,10.455009970447556,300.9439066040115,77.06782658213766
2021.621492128679,383.9382817213397,88.04877883166019,1661.2688062374327,2965.046031684993,8207.214968824625,5464.629351733708,5435.793385740865,4570.397035065257,16543.66979747173,16680.865171294663,133.20428879742124,24.973045148292183,49.75801668744037,9.376832305577366,295.88950288967953,77.06694460450665
2021.624229979466,379.7881194817558,86.80490087363358,1661.0452631107466,2965.035165686123,8191.128420114379,5451.125244092374,5456.68153981738,4585.583786663483,14889.301664522603,15012.778279852322,156.16230988335903,28.00727579061552,44.7822501289685,8.440524487947144,292.98321860812223,77.14386090010288
2021.6269678302533,382.14217984526346,86.22993118592704,1658.9140948430472,2964.8513515663903,8175.016774886613,5437.637402532019,5472.998192949337,4600.258312031282,13400.368154386377,13511.498417092083,272.10169983292604,45.90317478913155,47.82127120841044,8.962885029244745,295.9122486593364,77.43511820107291
2021.6297056810404,392.9729749004703,86.5260500262041,1654.5081867551112,2964.4539645371387,8158.988500499026,5424.176929519975,5483.029480369652,4614.247953232302,12060.323328207303,12160.338633406238,459.8432934268071,74.89403283822894,58.41139520387337,10.725178110016454,306.4469248742662,77.98167926226508
2021.6324435318277,404.36211716069215,86.89773282529138,1652.0426470042755,2964.225910431791,8143.180976828457,5410.757740135839,5490.341301530836,4627.9514139227,10852.093615428304,10942.587253477584,598.6306890101293,95.45657256790562,65.85012231983963,11.86440207519681,317.4643843354008,78.50992238455451
2021.6351813826147,412.6876251030122,86.98225827272243,1651.2027101064498,2964.12469319239,8127.610181574201,5397.38202708165,5498.854425740595,4641.77171876886,9766.843307645271,9848.28659613969,660.2749609055855,103.710608988052,68.88797169388128,12.226106039465158,325.70536683028973,78.9229787903113
2021.6379192334016,426.4530570039173,87.67259750291257,1650.1853497046347,2963.932948672246,8112.220785683565,5384.044377918518,5501.923650132141,4655.038673221947,8790.100460173699,8863.442269377996,694.0025330865418,106.82469415888129,123.32173166925132,20.829240808505418,338.78045950100477,79.44144236674866
2021.640657084189,441.1981416443514,88.50796007083152,1666.549058238548,2965.2551541086027,8097.102953975801,5370.754776004835,5486.360588665556,4666.598607131351,7911.047173779615,7977.087061502772,674.1449098991608,100.93761576333806,221.534384956816,36.45131870470141,352.69018157351985,79.93918112597638
2021.643394934976,454.40656016791655,89.1920976318299,1717.2414458774372,2969.694931785783,8082.272036108496,5357.515316592544,5437.718600370406,4675.142051305455,7119.8272007364685,7179.034197444649,661.3531946263607,96.0469393165943,288.1640268696659,47.04074500782593,365.21446253608667,80.37174076032908
2021.6461327857637,470.6760238814636,90.2071315884702,1811.30928339074,2978.156556481332,8067.702140254334,5344.323724056565,5342.379094997716,4679.2848851892495,6407.805805839474,6461.125184287118,671.2686815991638,93.7749609797919,367.4163205633212,59.60567640805111,380.4688922929934,80.8345598646452
2021.6488706365503,484.2351587817035,90.94878025872468,1936.8935013115413,2989.752034890605,8053.442593639078,5331.185188094783,5217.923188791927,4680.514194071503,5766.8298722571335,5815.005428012381,676.1781722044667,91.45331845249694,401.0785199182035,64.63811934233112,393.2863785229788,81.21805519294708
2021.6516084873372,494.5173249442923,91.35822825273506,2067.7266966917705,3002.107227096729,8039.448663329709,5318.0949405232,5091.229657558479,4681.267701442949,5190.076753238358,5233.406331805313,666.2635975123867,87.47825920498737,434.9881341097644,69.48755018085691,403.15909669155724,81.52577803759927
2021.6543463381245,506.0301814351295,91.90171301820588,2220.856707444316,3016.85621326874,8025.664469567349,5305.047417839773,4940.798884077456,4679.45065318889,4670.999329465713,4710.104075155636,657.0514995657738,84.13261700615274,452.4116697930109,71.41974821880484,414.1284684169236,81.83868939248494
2021.657084188912,507.1040847362874,91.3513501167418,2284.3865627872806,3023.105824748098,8012.110170592038,5292.044733997621,4890.17732440865,4687.181988453144,5787.3176908527885,5960.247831793045,591.7895972259453,75.7193464496043,414.8985861679697,65.24842284697036,415.7527346195456,81.98568048130636
2021.6598220396988,502.5969396892101,90.22868319599574,2303.9199250738266,3025.048816013458,7998.610903933722,5279.068502354341,4889.078273827497,4699.765795751806,5515.085450947067,5719.251273507807,532.6089392251304,68.14736570564651,373.4078757598728,58.723548148773205,412.36825649321435,82.04750644685774
2021.662559890486,494.22033520218105,88.72487541637258,2303.91998063806,3025.048835169885,7985.07351756212,5266.109111838211,4911.420109121894,4714.6568748911295,11559.53295995958,11848.56619910654,479.3479764842372,61.33260546556525,336.0670399363064,52.851172937564286,405.49545978580846,82.04750612293684
2021.6652977412728,485.9833282693778,87.24612740566229,2303.91998063806,3025.048835169885,7971.433610390566,5253.160163528709,4933.724923226251,4729.512471211344,14234.857904464196,14551.789829797191,431.4131274824615,55.19934255065082,302.46029993925055,47.56605360296042,398.73720086371554,82.04750609113442
2021.6680355920605,477.8838353388389,85.79202534948406,2303.920033375016,3025.048835363584,7957.693790090234,5240.222045791635,4955.992083720164,4744.332590810901,13879.791271283222,14181.530628761331,388.2722575715033,49.67939685008045,272.2142127677476,42.809436804835954,392.09180998935483,82.04751468761147
2021.6707734428476,480.8669890618502,85.37731532882142,2303.5846743454563,3025.091025736763,7943.856622365615,5227.295139668604,4967.6093567513335,4758.059916581415,12491.81123917926,12763.375967517906,371.75870278706986,47.49887808357383,244.99275050072455,38.52848204207835,395.4896737330288,82.24512863829794
2021.6735112936344,551.5613042528158,91.3094278061522,2279.1125628720138,3023.142110358155,7930.107076996538,5214.3967382803,4935.564598402886,4767.403020870993,11242.623081733336,11487.03788942844,547.0122624331564,69.35873688978168,237.20153678345008,36.46581448423078,460.25187644666363,83.44528031569466
2021.6762491444215,613.7028578455594,96.55226078800064,2248.948173912252,3020.422797831368,7917.572985492804,5201.632439730932,4916.549425273638,4778.071698965298,10118.313601957432,10338.235303200638,653.3635874691294,80.79026265093715,221.4576879764488,33.491823460866435,517.1505970575588,84.2672623153568
2021.6789869952088,680.4050412191555,102.358732789458,2210.918651892927,3016.78848617226,7906.102680289232,5188.9902581788965,4899.774969122939,4788.969620174983,9105.777690431129,9304.094300550669,740.6990626058209,88.86635464793092,203.27554755284297,30.26583484731247,578.0463084296974,84.95620599664417
2021.681724845996,744.7092043334858,108.067291236408,2169.1357557493943,3012.6336488713746,7895.780503094795,5176.479624953836,4888.003779346577,4800.354432253979,8195.048817504525,8373.527134562017,806.5057708096007,93.78710169922564,194.663302916149,28.49558242868902,636.6419130970778,85.48865911585877
2021.684462696783,839.8837791616915,116.9493939399908,2109.571128708192,3006.516761993628,7886.559678024771,5164.098608330096,4862.042556629597,4810.398133051884,7375.513319870365,7536.172849600845,923.424017017394,102.67666075175892,214.03190720311616,30.386315523127493,722.9343852217006,86.07552653812162
2021.6872005475705,921.3173987873342,124.52793397673273,2065.665195470885,3001.775988182706,7878.94952603038,5151.899441891806,4832.552922235651,4820.187433264351,6637.984887265048,6782.5095287817685,997.5153064508338,105.7812702719873,261.8244973227134,35.99957192155115,796.7894648106015,86.48370972472243
2021.6899383983573,939.0674337982352,125.75994896389908,2056.657400789186,3000.6540766990656,7872.718568426204,5139.860103995892,4830.469539510626,4832.54456765674,8587.294069791555,8925.816757384344,922.850733703417,96.06619903660962,248.2992735329864,33.85563771071242,813.3074848343362,86.60799592897826
2021.6926762491444,952.2056279620336,126.53584172748552,2049.840390187334,2999.764088182992,7866.800582432822,5127.874288848539,4830.494241942062,4845.072378556578,8575.463010188523,9045.20207460632,889.4935664338094,90.8459580292263,235.53392059452207,31.86496553498108,825.6697862345482,86.71129029154082
2021.6954140999317,996.8617219356404,130.4567224738763,2037.783490627222,2998.0835334674325,7861.117733143732,5115.934247974471,4804.005796817656,4855.199993399815,7717.991139734979,8140.68525098492,1024.921196725597,101.58734987863537,265.1243576696756,35.075741941777935,866.4049994617641,86.91325791699936
2021.6981519507187,1036.2755754086909,133.86021328839504,2037.358774946733,2997.4216850113703,7856.193253375311,5104.092234314606,4770.369038793517,4864.728264701223,6946.019034171216,7326.585221866241,1123.177697001876,109.05330515113516,293.2480405492512,37.62918686431397,902.4153621202959,87.08256602153315
2021.7008898015056,1063.9870590526082,136.07730612067328,2045.0807718827596,2997.53284562305,7851.940063422544,5092.339386139377,4739.616648166346,4874.580759432492,6251.344306921116,6593.892563547523,1151.84598845041,110.34194540408603,305.6312167177154,38.18318942032508,927.9097529319349,87.21062394858085
2021.7036276522929,1076.218250669206,136.73632366954303,2053.5383561144363,2997.869182238348,7848.160924712059,5080.6557014498985,4723.134911028556,4885.696989957803,5626.1964079048685,5934.47678135298,1090.8716483669862,103.7123411679166,288.6734652153769,35.431964442763345,939.4819269996631,87.29474030155885
2021.70636550308,1104.2481690059608,138.90192647746863,2067.69861532228,2998.470226062917,7844.596047228998,5069.015028839754,4684.937510967021,4894.998915935452,5063.565801142859,5341.018863185866,1109.321981075739,104.46825050099758,313.04236838658136,36.92710393789618,965.3462425284922,87.42113137461595
2021.7091033538672,1125.6915785180884,140.39658445744604,2087.854700634977,2999.547959934902,7841.506874253426,5057.44203034119,4646.855089117766,4904.427422582054,4557.060580949355,4806.663291564471,1092.2107381904357,102.13729944994914,327.8674007532496,37.381920118631314,985.2949940606424,87.52797061498227
2021.7118412046543,1124.4643563129696,139.701961847751,2097.1373607037767,3000.034777948842,7838.784650846002,5045.92595720264,4641.949774661504,4916.579200316357,5622.566850126606,5993.152193425436,983.000906768871,91.9237086018764,300.04090730899287,33.77936248871527,984.7623944652186,87.57613248802099
2021.7145790554412,1106.3418701773764,137.4302964583753,2097.2658604753537,3000.0369965109867,7836.049601306592,5034.429867501906,4663.106710564929,4930.772636844323,17944.853786018262,18499.39596818503,884.7006593976467,82.73128383286482,270.03678099441566,30.401410012165226,968.9115737190011,87.57795396134274
2021.7173169062287,1101.8074930125135,136.3964929454091,2097.569418297239,2999.8978257962244,7833.020087698612,5022.927414079049,4670.794943515888,4943.875964494905,16152.007353006067,16649.52160179756,944.1161348545378,87.19726121414493,246.9352596357487,27.47595190170412,965.4110000671044,87.6206602505053
2021.720054757016,1114.1990032499914,136.88744203413526,2097.169689173286,2999.495164825543,7829.923217208356,5011.43924038113,4662.327932892616,4955.703750074778,14536.805817492392,14984.52268460482,1209.0572147876874,109.72936877403806,256.7990000515477,27.81678462490054,977.3115612158562,87.71427351533701
2021.7227926078028,1143.2639606315954,138.84155116132104,2096.8314864049107,2998.856278685629,7827.041337362514,4999.990725624765,4636.910958125229,4966.264941843873,13083.11111078274,13486.063690063733,1579.9210321757537,141.3167036284308,287.55068275084903,30.14419133886141,1004.4224094702744,87.85568723039094
2021.72553045859,1184.6082292176295,141.80074972152602,2096.687032058379,2998.0510048175697,7824.651413661487,4988.606090615805,4598.528967586754,4975.923552160688,11774.68951340102,12137.325757273122,1922.0077308998336,169.90022538469634,318.03495768153994,32.46437913850322,1042.8074794961035,88.02973453804404
2021.7282683093767,1236.7275195693426,145.59178058112823,2098.6204313836206,2997.282275701291,7822.955359368678,4977.301976778187,4546.6002322026125,4984.6332642549805,10596.821115616443,10923.516591148287,2234.2649083025453,195.24030024129476,346.06073328641213,34.57487399256831,1091.1357389882144,88.22765902129947
2021.7310061601645,1270.737864943856,147.7744372013549,2105.1232749003816,2997.094812819225,7822.134299752967,4966.091880071272,4507.33600292705,4994.276067223737,9537.080935822203,9830.929514324094,2325.086627169211,201.3473743775535,345.0782583128624,34.04201535158332,1122.9634277425012,88.37097396103138
2021.7337440109516,1293.380741876022,148.92953790382657,2109.465279207984,2996.9535178773453,7821.882551225966,4954.948896871564,4481.030770214283,5004.833144662854,8583.33410686831,8847.57712412797,2281.462375017714,196.1123154700644,330.043548447948,32.26645387887216,1144.4512039721956,88.48525162916782
2021.7364818617384,1300.872045847787,148.78224597794028,2109.152375535017,2996.689847595283,7822.008639896358,4943.855849000473,4474.154181245091,5016.76505474189,7724.889240084441,7962.810761588767,2098.843042747092,179.485872759457,303.93623382664003,29.546836605631796,1152.0897998698467,88.56288391676695
2021.7392197125257,1316.97983971345,149.2913962021347,2106.6054674891507,2996.236887475037,7822.259674102569,4932.790726134562,4460.770161219081,5028.201887503848,6952.396247799396,7166.477682235362,1913.475981831133,162.64003029142268,359.23714844042473,34.07700391472141,1167.6884435113152,88.66410922170094
2021.7419575633128,1332.3976558610582,149.74188234725509,2114.3804496104517,2996.4848421291645,7822.777975916463,4921.7643931648245,4437.4869611362765,5038.957679674337,6257.008411036419,6449.7729280623935,1735.0502269071335,146.39889311113083,426.31555738533024,39.651918112948266,1182.655773513803,88.76147209591983
2021.7446954141,1360.142939705406,151.15074391823146,2142.76185144631,2998.0402284590677,7823.552296619472,4910.77578582053,4381.013854753062,5047.40993911775,5631.297102115335,5804.758819273616,1626.4332368909863,135.2958492859657,528.8853807040401,48.27207280553527,1208.9921957871745,88.8871427034743
2021.7474332648871,1386.6354056503008,152.40867033157392,2190.2369939390314,3000.9763856458426,7824.779878253998,4899.840268141925,4306.246564680922,5054.579273196237,5067.205307104015,5223.661225547058,1521.8530771292149,124.86161155024394,603.9274466617537,54.35765186612774,1234.226735318727,89.00874233338232
2021.7501711156744,1419.8942166242346,154.0945364504199,2249.6701391940333,3004.824187391748,7826.451212674469,4888.956070832831,4212.311174031517,5060.357702640582,4560.293569470177,4701.211398651956,1426.5745968061606,115.4639204097359,666.7848957565282,59.2400212481433,1265.7996801738147,89.14746361762245
2021.7529089664613,1431.679522986432,154.12973402283322,2285.436177979904,3007.235802784933,7828.673741195261,4878.129902501797,4162.965200362661,5069.164958006011,6402.5285419224765,6847.429613003305,1283.917838646086,103.9175014473884,640.2622731861878,56.52821798863507,1277.5497889635988,89.23434109741794
2021.7556468172484,1459.206977923756,155.28831385931107,2324.267437910936,3009.906539199455,7831.086631500886,4867.333988270392,4094.6214951886736,5076.5594559864185,5762.284900687313,6162.848161846188,1282.2600757410632,103.22067635503724,639.4642927417266,55.92876616317659,1303.918664064445,89.3580337670627
2021.758384668036,1504.9675704606886,157.7587538733022,2371.483704018796,3013.238340816692,7833.951580018866,4856.586946833777,3999.2075880259,5081.932155791802,5186.037166560202,5546.537594852259,1323.099272362963,105.7124679304714,662.9924390764537,57.31334653347084,1347.2088165873865,89.51746489626947
2021.7611225188227,1588.6084904874444,162.9646317798837,2452.7778640008883,3019.1710584024618,7837.5714624896145,4845.910541668585,3831.080525546302,5081.89786546464,4667.4312108706345,4991.883776729292,1474.5009482931562,116.37884293961127,748.1538610489372,63.648540611666895,1425.6438587075609,89.74167438008091
2021.7638603696096,1677.4527138678166,168.54736186059708,2570.319745113131,3028.204705839906,7842.574480596374,4835.350103813526,3620.119302946929,5078.269825801538,4200.650937865815,4492.672539798264,1635.1640217391282,127.0870622301718,828.7437173037401,69.52874856063136,1508.9053520072196,89.952184018829
2021.766598220397,1759.1372111395517,173.5373946280513,2682.7342990722223,3037.6395222574765,7849.044417267325,4824.911621248751,3419.978215045152,5074.711359181293,3780.56611509467,4043.376649510351,1723.8621806667943,132.01867031948032,861.2184085368419,71.51688753587648,1585.5998165115004,90.13508477171969
2021.769336071184,1765.6614563373207,173.1550347047623,2707.3076027061866,3040.0385067616626,7856.859121772146,4814.584974858205,3381.4938617085986,5083.449280990937,11223.02751281157,12015.400497403243,1551.476627026023,118.8168209176022,775.0967689197498,64.36520610795185,1592.5064216325584,90.19319167424347
2021.7720739219712,1795.2016911657029,174.36363874665196,2721.7490293523474,3041.986514071241,7864.761169209147,4804.280247662578,3330.0380527970538,5091.0252968351,10100.73809582062,10813.926761123434,1805.31043550654,136.05606673381098,698.4299503877495,57.92959642880687,1620.8380524190509,90.28723961186611
2021.7748117727583,1886.2347054754289,179.8600331649234,2715.162059915821,3043.144714423126,7873.133822074564,4794.023894202701,3237.647255058437,5095.054955524815,9090.644151237364,9732.52795485706,2303.6154018635425,170.36094439638313,684.8635079168994,56.38292159790099,1706.3746723105055,90.46459951973
2021.7775496235456,2002.43894346616,187.1950850347837,2688.521850425253,3043.1455022675696,7882.999347147729,4783.887116528519,3138.645601485107,5098.283793484695,8181.478990995338,8759.155141414585,2734.0111903365287,198.5105485639448,704.5656428120835,57.61315316002822,1815.2438584313763,90.65164580195615
2021.780287474333,2159.4282191161506,197.5156466646197,2651.9741634340003,3043.171164520052,7894.775588686452,4773.900448346941,3006.855671287645,5098.352137783955,7363.308127588632,7883.20963884496,3265.524213263036,232.61153971524945,743.4732791635928,60.18164738269855,1961.9125724515309,90.85333585455031
2021.78302532512,2322.022094255019,208.35504121157828,2621.4269138508,3044.2396439983,7909.131693352339,4764.112883777148,2860.880841066091,5096.65972832854,6626.823968851117,7094.751286571128,3765.6903346714857,263.431257671044,787.1935290362068,62.92221212596956,2113.667053043441,91.02700005624084
2021.7857631759068,2505.0507112948576,220.82898446719244,2589.183352656898,3046.074519410459,7926.16138465013,4754.5329763596965,2693.4939939223627,5092.358717078219,5964.091297987177,6385.227752347308,4268.7543599342425,293.5002082774603,838.8602332219986,66.01881761831031,2284.221726827665,91.18465013616246
2021.788501026694,2695.610568111831,234.18826172441211,2546.968442662997,3047.6714474710325,7946.191950899417,4745.186930463822,2525.546380850002,5087.176457656298,5367.576965302258,5746.580364297338,4473.98961937062,301.91456821715394,1060.6868142712117,81.40803663847278,2461.4223063874188,91.31223684553025
2021.7912388774807,2891.772485515291,248.58713292991732,2525.807916560219,3051.7669501849296,7969.344755196811,4736.089033169087,2327.8200852519262,5078.207881031633,4830.751567562596,5171.794862335432,4421.651752422408,292.4951358975927,1351.9438766061317,101.67764716862932,2643.1853525853735,91.40364139381383
2021.7939767282685,3037.8032911560053,259.8480294469509,2537.106821008025,3058.5790727740905,7995.705516212497,4727.256540319811,2144.557514147723,5069.39525477471,4641.211056780175,6128.571499330581,4270.419392232756,278.2349656984945,1477.2541075077804,110.0598560168475,2777.9552617090544,91.44618645310413
2021.7967145790556,3019.7542830808125,258.17926762535467,2541.6196670558115,3060.220993421039,8024.429386927556,4718.63590984743,2129.7977054600733,5078.470626421736,6650.651376690862,8510.919754128887,3843.3827070601023,250.41206432530117,1329.5345114210222,99.05490178955289,2761.575015455458,91.45032199898215
2021.7994524298424,3056.5863111446884,261.0978359906947,2554.2713985060327,3064.6783909653404,8052.773904017622,4710.011129851605,2052.3973288559087,5080.147340507917,5985.606529041637,7660.318248652167,3741.526057386336,250.54845803740864,1236.5277131891787,91.57972442332222,2795.4884751539935,91.45786150259522
2021.8021902806297,3136.231999669156,267.76911718388857,2569.593280767049,3071.272507561651,8081.654588096437,4701.45861855222,1928.9769739916155,5075.862354017793,5387.116598926146,6894.3106068971365,3928.827458282476,271.93968155987005,1292.076661279327,94.24858832870387,2868.462882485267,91.46207559861209
2021.8049281314168,3083.9615413569645,263.306301767685,2569.5932902224467,3071.272509472724,8111.783601197767,4693.040728474591,1951.546309747079,5089.170957600552,245847.3156136954,253605.20380162887,3535.9447327098555,244.745726798806,1162.8690012657653,84.82373244749476,2820.6552395892795,91.46207570241526
2021.807665982204,3069.784446603356,262.22707295168755,2570.3478247200183,3072.720286803581,8140.958896547939,4684.571521042916,1936.2214746529448,5097.699516517364,221262.6247620012,228244.71316285548,15587.842538258714,974.8753739393328,1046.58209019899,76.34139957748555,2807.5573736516685,91.45780176058173
2021.8104038329911,3087.500093909078,264.195201583697,2563.64557875769,3074.2436799155075,8169.817977443149,4676.107529252749,1896.776892414344,5103.099886563594,199136.33303781,205420.00719736933,33780.922051806265,2080.824262542244,990.8845358755074,71.42392098726911,2823.304892325381,91.44307065431697
2021.8131416837784,3128.4648805478896,268.64592499044534,2548.1803990454623,3075.215214419399,8198.893221571936,4667.6995272413305,1842.629941358972,5106.513530664376,179222.41503520514,184877.9303962242,53313.50817461177,3271.7454907666283,982.7991755753544,69.64822869694343,2859.8189555574445,91.41285150231903
2021.8158795345653,3175.993715020879,274.1138266264704,2521.446443513343,3074.699343025255,8228.568207698276,4659.388152624613,1792.5879762917634,5110.300775039216,161289.03241295164,166377.69523720298,67108.74678305195,4117.025583924626,969.4006651291093,68.14891625605509,2901.879888394408,91.36919492850228
2021.8186173853528,3181.768737776751,275.69789397305453,2497.646598830903,3073.152171555449,8258.957345309864,4651.191231079494,1780.6515606067444,5118.888700707557,145159.95639550217,149739.3031721665,66425.66966382487,4077.5111516473735,879.1925177376932,61.98188749510368,2906.0708438036963,91.33507439746555
2021.82135523614,3128.7465742240715,271.10328785742246,2497.643108844109,3073.1520275923763,8289.359539647845,4643.043198521798,1803.702919808232,5132.059383343961,130643.4360316041,134765.10780847387,59783.399896456045,3669.76402258395,791.2709095044208,55.78361662113493,2857.643286366649,91.33508318983439
2021.8240930869267,3093.2323252312176,268.52224256320125,2488.9252732390387,3072.260201611857,8318.795070992239,4634.840921174244,1818.9273730617608,5144.162431966254,117578.59825158956,121288.57442810573,53804.85090268189,3302.8727043585773,712.1409758779766,50.20623409727256,2824.710082668016,91.31904059152332
2021.8268309377136,3100.465938443823,271.02761062441306,2458.515681444725,3069.003444959756,8347.558195438014,4626.618101866957,1813.7681271976903,5153.564539864428,105819.8220490384,109159.43572450076,52857.49982547626,3248.3719802137,767.1686719554313,53.76785220142839,2829.4383278194096,91.25848772393073
2021.829568788501,3137.4943381662933,277.4544159721454,2418.8647335458204,3064.4868236118023,8376.362605007032,4618.459561553663,1788.0141658050984,5160.240796177954,95237.83181589172,98243.47093464056,49691.789599847136,3067.5278591009733,6301.082205748834,390.1407042873146,2860.039922194148,91.15681540530514
2021.832306639288,3198.400527941297,287.06178611527946,2841.1670907295106,3113.213583756796,8405.705182428657,4610.430479164981,1609.22746464857,5110.363648278511,85713.93806647122,88419.0497478783,47507.89176952665,2958.545782920537,13588.808434683113,833.9803638746959,2911.338741826017,91.024833081176
2021.8350444900752,3229.294628556106,292.86393104420364,3614.14224939171,3212.5325059050806,8435.982162166583,4602.583455948947,1448.2977087217523,5013.517504417335,77142.17086867974,79576.76750190648,44400.24838617213,2791.403239347154,17516.281056969197,1073.5324321780067,2936.4306975119025,90.93102473665743
2021.8377823408623,3195.170195226897,290.4779919127645,3850.197488763183,3245.671817604679,8466.690654310609,4594.854676366143,1303.437942574193,4990.92081143198,69426.3561125917,71618.88568542115,39960.894300553824,2512.264847384683,16030.786750229629,982.0680996878484,2904.6922033141323,90.9088413397604
2021.8405201916496,3178.257472007844,290.3017206773112,4225.503335359189,3304.510502705108,8496.747933666169,4587.107338322471,1173.0751660115573,4940.433635610675,62482.7094272808,64456.78137587191,35964.23208567964,2261.0345503685394,15897.388841217398,974.4981922398252,2887.955751330533,90.86600996822592
2021.843258042437,3197.613921981227,294.8998770679124,4913.430457354285,3424.155584969022,8526.440230532093,4579.378279157916,1055.764053743846,4824.34735612071,56234.246964865735,58010.95400339211,33443.28978803919,2126.325888485739,18085.423647179352,1111.178410381316,2902.714044913315,90.77750209177243
2021.845995893224,3243.315047134889,303.10253394695485,5958.995164117746,3622.342348647917,8556.373647981209,4571.747002495026,950.1858153867796,4626.017112225663,50610.72463633683,52209.64275688564,32434.49924510513,2096.91757688132,21498.81002001909,1323.911737753844,2940.2125131879343,90.65454544063759
2021.848733744011,3258.170140572023,307.1869945309127,6830.551745518948,3798.605348079775,8586.986276420479,4564.273351109656,855.159424126214,4453.5712035952165,45549.23619545162,46988.58267118512,30424.434309273885,1993.3626511699772,22302.04414485556,1375.5414094126495,2950.98314604111,90.57179394330275
2021.851471594798,3233.1073248370494,305.91621470298725,7210.900174561314,3881.350137873889,8617.76310896108,4556.888206178793,769.6427075696927,4379.910238559888,40994.27134188345,42289.31423705251,27381.956192816968,1794.060803580319,20418.68909998326,1260.4474872817157,2927.191110134062,90.53801238353863
2021.8542094455847,3195.224986868589,302.9145489446186,7382.389648995708,3922.502360207655,8648.04134038381,4549.50218479621,692.621319795156,4349.573603367075,36892.11591485109,53872.84033426853,24641.688415474524,1614.6492176440718,18375.50414225335,1134.401119758921,2892.3104379239703,90.51977403189115
2021.8569472963725,3141.9712292534523,297.86597308835337,7382.389651392083,3922.502360207655,8677.601835345351,4542.086371088704,716.7424812633585,4362.46589293084,82754.56765444555,138277.74544910018,22177.51607279965,1453.184281345896,16537.95111753466,1020.960997572268,2844.105256165099,90.51977400954344
2021.85968514716,3089.6089108882447,292.9015401438441,7382.387879065752,3922.502360207655,8706.193772428336,4534.606731769237,740.9439384528215,4375.337865194818,74479.11814530496,124449.9768929851,19959.78970029942,1307.8658417548131,14884.15858072348,918.8648897660738,2796.7073707444006,90.51978588255571
2021.8624229979464,3617.756555675787,287.9371072590382,7072.21010319919,3922.502360207655,8733.83467725098,4527.127092404485,666.8671993987322,4388.209837444376,67031.19880191103,110622.20234807508,20989.02996409669,1162.5474136202238,13815.004891014043,816.7687900088471,3329.8194484167484,92.0410037870762
2021.8651608487337,3647.945427070704,282.97267437423227,7017.82144001364,3922.502360207655,8770.200098402465,4519.647453039733,655.1310848669324,4401.081809693934,60327.89054094114,96794.42780316506,18890.19555581134,1017.228985485634,12433.482257605116,714.6726902516202,3364.972752696472,92.24295757621958
2021.8678986995208,4155.081069255724,278.0082414894264,6683.897689905349,3922.502360207655,8806.971219729787,4512.167813674981,589.6178827591452,4413.953781943492,54295.06220096373,82966.65325825504,20851.38478554792,871.9105573510444,11703.953567749642,612.5765904943935,3877.072827766298,93.3091981394427
2021.870636550308,4663.30611568414,273.0438086046205,6317.204401491671,3922.502360207655,8852.07642288557,4504.6881743102285,530.6423982603408,4426.82575419305,48864.29475474891,69138.87871334501,23096.874858007413,726.5921292164549,11055.400437777327,510.4804907371666,4390.26230707952,94.14484484116772
2021.8733744010951,5226.274410196657,268.0793757198146,5866.252486418669,3922.502360207655,8905.521937578,4497.2085349454765,477.56121966342937,4439.697726442608,43976.3044176715,55311.104168435,25505.538849311528,581.273701081865,10462.236035267755,408.3843909799398,4958.195034476843,94.8705453506846
2021.8761122518824,5376.375124914949,263.1149428350087,5689.020660762428,3922.502360207655,8968.226362516742,4489.728895580724,442.4199392912449,4452.569698692166,39578.59825093595,41483.32962352498,23730.26653272536,435.9552729472755,9416.01963335827,306.288291222713,5113.26018207994,95.10609031695549
2021.8788501026693,5387.585428867236,258.15050995020283,5612.387999686051,3922.502360207655,9033.262002676567,4482.249256215971,443.2345562554997,4465.441670941725,58012.19373751467,27655.55507861496,21357.243195048683,290.63684481268587,8474.411889183044,204.1921914654862,5129.434918917033,95.2084191822369
2021.8815879534568,5297.792730676379,253.82448874894192,5612.387721342348,3922.5023368911848,9098.306429829105,4474.289340649651,468.4110056375331,4478.155531025775,76779.19380143395,152541.50083162397,19221.510729708083,257.4385668209032,7626.967354988023,180.8681642780648,5043.968241927437,95.20886335776795
2021.884325804244,5277.231007524354,266.5748862962376,5564.33065707705,3908.451418953191,9161.676116534818,4466.261421914473,474.0880063491555,4487.911870151648,69101.28352651853,137287.37584106773,18037.60266671079,330.17158587629604,6864.2714326021405,184.28173680867528,5010.656121228117,94.94858409805917
2021.8870636550307,5392.007511742644,311.40911921241536,5419.2320789670885,3868.792124587773,9224.52952353797,4458.467985520332,441.9845732376564,4490.958267995032,62191.096599781646,123558.51789643288,20575.53872567869,627.3850935390989,6737.3451379783255,251.31447768698607,5080.598392530229,94.22461636905675
2021.889801505818,5302.143282792366,306.21904311311266,5419.230362500881,3868.792074513118,9289.123607508316,4451.443145595364,467.6843346837909,4503.601134093963,55971.97730701964,111202.64622664211,18518.031700998345,564.6474918112731,6063.612866815946,226.18322961801775,4995.924239679253,94.2246177294582
2021.892539356605,5301.324990555137,323.4102048669149,5360.295109436676,3853.24637828808,9352.04301591029,4444.351061927536,464.9463995348669,4509.475652233027,50374.77682532269,100082.37684421377,17994.325936614256,669.5387196864704,5586.939178103759,230.1878612955657,4977.914785688223,93.89944579056927
2021.895277207392,5437.074390427632,375.2813274328549,5213.653422629427,3816.30718316987,9414.776451171008,4437.564904040028,418.4563004405207,4501.757782672805,45337.1354229014,90074.05305670686,21347.459889882844,1129.398547703566,6365.107006191689,290.9506525017928,5061.793062994778,93.09773417679249
2021.8980150581792,5682.9957368693695,455.0028425739346,5017.672112463195,3775.6990446454497,9479.600362143206,4431.661668549714,376.6104759307025,4468.975541546457,40803.40080840847,81066.4072471156,27705.41133226025,2050.117985276137,8511.664754770092,371.5993775695013,5227.992894295435,91.99360929268292
2021.9007529089663,5797.042438487887,498.8484488788794,4932.231049736167,3766.203946677997,9548.344616810631,4427.103461035498,338.9488501196549,4439.611140723186,36722.96440025302,72959.7334313312,29805.0815347767,2626.228752791188,9447.642175440938,382.09023161067296,5298.193989609008,91.39477666116586
2021.9034907597536,5767.544596612782,505.8314603534784,4912.091852921661,3767.2401920164993,9618.801997816205,4423.288324478424,318.5594286353029,4435.834920467153,33050.63347982576,65663.51272252892,27195.18235569822,2547.0452501150908,8801.5091828997,344.05858617636085,5261.713136259304,91.22969138980655
2021.906228610541,5752.79276021799,512.7431321127362,4888.325106818334,3772.473762984718,9688.575568470102,4419.6002321745245,287.73749408193413,4427.805670043579,29745.189544128563,59097.05506453606,24867.06726332785,2510.868424124079,9195.379147235652,381.623622824723,5240.049628105254,91.08705713060822
2021.908966461328,5727.325648502527,515.0433862420731,4868.709474084649,3782.904772711737,9757.91210239807,4416.036875855661,263.911604603117,4419.065662506085,26770.143227353823,53184.30264956565,22405.76915099216,2387.300830638012,9427.710856351288,437.0068576624088,5212.2822622604535,91.00726206520599
2021.911704312115,5695.834663412124,516.5210474818643,4851.362185600807,3796.5725265058713,9826.634041511796,4412.522037304197,244.45608817039695,4407.862986023624,24092.878376061944,47863.85858891282,20165.34320342968,2238.40216300834,9427.945246336089,481.36923282909777,5179.31361593026,90.93160040617403
2021.914442162902,5675.215764895852,523.214865413734,4832.0279479939245,3814.474195942224,9894.64272530104,4409.041600938778,220.01020188407463,4387.175835020824,21683.443705607307,43077.17736451877,18396.851311097533,2141.7657753718872,9660.35223963505,543.1944478480372,5152.000899482118,90.78070531432323
2021.9171800136887,5669.7193277817205,536.0603339807108,4808.013476262492,3840.773241754048,9962.121112625362,4405.682263991277,198.00920154757785,4351.818557589525,19515.068367426848,38769.38581367294,17120.094347167113,2097.5369025387263,10145.148222580849,627.512625118918,5133.658993801009,90.54520509764907
2021.9199178644765,5575.912485466544,527.2955575847499,4807.834317952097,3841.0535517046014,10029.32301739431,4402.546194521733,225.22225319637792,4363.8669935044745,17563.51044293598,34892.35848525719,15408.099081239525,1887.7910024147984,9130.737400258024,564.7703461799514,5048.616927881794,90.5433315361543
2021.9226557152635,5500.547098615412,523.6318235088535,4803.96881690959,3846.688192997549,10094.777737049577,4399.273062310994,239.4263214347525,4365.597118498164,15807.110016163597,31402.054195094464,13867.245852561851,1698.9540998330458,8217.63799144715,508.7909837951788,4976.9152751065585,90.48036833207625
2021.9253935660504,5433.71496952834,523.1107520808274,4795.697854780131,3850.7540587882,10158.798658273328,4395.947594211411,250.93639142753383,4365.8056922351225,14226.14675949057,28260.92584626761,12480.301136220756,1529.0087576207677,7395.753680517591,474.00473110694577,4910.604217447512,90.37287095450583
2021.9281314168377,5426.341249629141,542.924919569211,4760.610264215463,3857.398304520782,10221.52933285296,4392.622414657249,231.09492731177272,4343.100358568317,12803.399848880215,25435.01895366644,11245.644490130107,1397.5108078943551,7424.71833697453,544.4666338213474,4883.41633005993,89.99464105567786
2021.930869267625,5362.229918566003,543.144912071649,4749.335955222311,3861.732389991895,10283.964166564092,4389.636562994844,244.47363365693516,4341.96003225717,35055.41653189194,49777.68728326562,10121.079015967456,1257.7590351143845,6682.24850807453,499.9537992209277,4819.085006494354,89.87091340132429
2021.933607118412,5272.861202219903,534.094067965177,4749.335138443235,3861.733252353136,10345.159795111256,4386.662571908362,273.0754382349552,4354.411905088882,41501.71071699944,54178.81103688532,9108.937166628506,1131.9775339294297,6014.001244010649,449.9580561510192,4738.767134254726,89.870887029222
2021.9363449691991,5184.980617344857,525.1925410868895,4749.33498831847,3861.733252950312,10404.697918782176,4383.545886144592,301.845949563848,4366.858017133759,58463.0672229928,70301.99456137801,8198.071228278824,1018.7801805464528,5412.603270027829,404.9623335302085,4659.788076257967,89.87088709010773
2021.9390828199864,5147.701276040649,543.6775882128386,4733.697667094325,3858.2635325181504,10462.608241183509,4380.289381246158,297.28018969086986,4355.527095338406,52616.76099480232,63271.80479172895,12457.825275932862,1297.2031512957035,5156.382061769307,417.4889890244042,4604.02368782781,89.43843943036633
2021.9418206707733,5081.722843137563,547.8185378123379,4727.589215494232,3855.718344106619,10519.738786978574,4377.349852008873,312.6644283989692,4357.298763387723,47354.93150800159,56944.55878260459,12616.011446345672,1268.0716445756775,4640.765044898781,380.1614118488191,4533.904305325225,89.21982652886864
2021.9445585215608,5002.047460286911,542.7628638675276,4726.089940872409,3854.284455583843,10575.613210686652,4374.487270955468,338.39256216336423,4367.078806908714,42619.33567045771,51248.86571568888,11354.44449580791,1141.3340101925146,4176.678477932988,342.1403290836625,4459.284596419383,89.14918604478024
2021.947296372348,4918.688408541229,533.7195258194081,4726.081283286843,3854.2833200729688,10630.031779964447,4371.548582400236,367.76960221681736,4379.489869022938,38349.282103346006,46122.78403648224,10216.836870974636,1027.174016252426,3758.2148732626993,307.9183183425947,4384.9688827218215,89.14914949902881
2021.950034223135,4836.529111584232,524.809711717739,4726.081246142136,3854.283277816517,10683.087280930627,4368.480878933679,397.3013353523392,4391.895328847606,34458.63715381847,41460.86370537222,9180.316403715193,923.351701237266,3376.933166958681,276.7951132469853,4311.719399866493,89.14904263760683
2021.952772073922,4776.180218501406,530.9481471103761,4720.02953054049,3847.832916611409,10734.427412509727,4365.259268477596,412.7897124577157,4395.856765116159,31012.93375487408,37314.99907177904,9274.537531954496,908.2941992035472,3039.2387092157637,255.7281992288933,4245.232071391029,88.8834147201219
2021.955509924709,4696.577338519419,522.0990854681336,4720.029490196236,3847.8328800624154,10784.62105360795,4362.1487879939,442.6268916857397,4408.244243791096,71817.28975984135,84572.63932461693,8347.090023982395,817.464982956096,2735.314915207643,230.15543943130916,4174.478253051286,88.88341343416005
2021.958247775496,4635.208412213715,528.379437682556,4715.333069014772,3839.553851698965,10833.35043931407,4358.899347436187,460.3907534667865,4413.920260497834,64635.61475194655,76115.49509938745,9940.08991912152,948.2505560794698,2743.054608325903,236.18916720365272,4106.828974531159,88.60074044803933
2021.9609856262837,4592.839378296663,548.3259267626526,4707.292698856011,3825.315919488317,10880.92353170472,4355.763466096964,463.6549651519407,4411.775484967609,58172.034013149096,68503.8316043063,13300.026341772838,1263.8666387589792,3690.28719197001,317.52944575909146,4044.5134515340105,88.06128667695735
2021.9637234770703,4516.292209140235,539.1893178174575,4707.292706160749,3825.314968205646,10927.660106077905,4352.968565742935,493.8934526304405,4424.13584554951,52354.82999095864,61653.29831703007,11970.037648949608,1137.5168400416708,3321.262899275582,285.7866838335822,3977.1028913227774,88.06123933419926
2021.9664613278576,4462.773252569329,546.3402497493429,4708.078875830017,3820.554404746707,10972.992850273004,4350.029113998644,501.72139533697725,4425.112828820853,47119.346085495934,55487.96421534399,12461.053287507342,1195.7292523615206,3593.98992836713,311.1457951258493,3916.433002819986,87.75783086369442
2021.9691991786449,4411.391667077985,554.7573272090954,4712.8512578457685,3816.9167281470704,11017.309755924009,4347.216772599065,504.44159316156606,4423.573669360315,42407.23344473087,49938.56575028042,12864.98406337818,1250.6992475787954,3819.6407989691934,333.1781031411204,3856.63433986889,87.42443725073826
2021.971937029432,4362.68360873735,563.3660128435756,4721.366443039536,3815.762818910578,11060.653364133956,4344.552103018552,501.7187580984798,4419.211462542839,38164.185287294735,44943.051381572535,13206.548089328331,1305.4544265566494,4006.3725062834983,351.6713521912275,3799.3175958937745,87.08670938879692
2021.974674880219,4340.632067576356,587.6558587783312,4743.45270611955,3818.90676044546,11103.061785577183,4342.03863426949,459.70351473623975,4394.719043822258,34347.68109696198,40448.68056880539,15561.98868713185,1587.1719125352547,4879.411344002501,432.2094495515714,3752.9762087980253,86.4615141382749
2021.977412731006,4300.672523630212,597.7976477373096,4764.332643065615,3828.489150813767,11144.986347340877,4339.93581975881,437.2864599726344,4377.5255790056535,30912.88037902479,36402.6307656124,15659.97985819999,1634.961023545716,4999.734147188747,445.5259497860271,3702.8748758929023,86.09990310927681
2021.9801505817932,4232.228814103685,589.7422614967277,4766.541927061767,3829.761597386458,11186.13013994638,4338.0088380222,462.80499289750793,4386.6634004101525,27821.53674834429,32762.2733775616,14094.028268263672,1471.4818930227536,4499.788192200412,400.980093485226,3642.4865526069575,86.0654447715246
2021.9828884325805,4161.69072414088,579.9246925364782,4766.542687056604,3829.7715315560513,11226.022517327205,4335.954887788727,493.8778465127571,4398.952885434274,25038.849775785144,29480.491966574104,12684.35613322575,1324.08439290207,4049.72549009786,360.8142851878579,3581.7660316044016,86.06516603522489
2021.9856262833675,4138.892617537291,595.6027823670571,4795.27986799464,3843.537113169996,11264.627810088996,4333.740976500781,449.7613849446712,4372.151025277698,22534.963332582927,26532.431076988803,12004.126666834853,1306.9945043311182,5933.522986063189,547.5771778215727,3543.289835170234,85.6096101685902
2021.9883641341544,4105.963405108193,605.068288292222,4823.947977614626,3862.1388064700654,11302.747531485193,4331.794291714014,416.3306663575921,4346.4584108392255,20281.378454467063,23879.03925037821,10885.886186853022,1220.0673061045748,6399.081144870541,597.2146787423721,3500.895116815971,85.26367070053615
2021.991101984942,4073.017346932213,613.4339996599265,4844.819451435809,3879.6249857819394,11340.214529524976,4330.010775746521,391.3663516252709,4322.81793612714,18252.996981746444,21491.04117044777,9804.364308031463,1123.6965302830731,6462.369167198995,608.8462048067394,3459.5833472722866,84.93907716543453
2021.993839835729,4063.896291428363,632.7061486639933,4872.393054858384,3908.913787637489,11377.029125682677,4328.371608651598,352.22986003794915,4276.324052362451,16427.70144004409,19342.060553071176,9139.714051980049,1086.8406516298471,7021.23244128013,674.1459386793812,3431.1901427643697,84.4310458906516
2021.996577686516,4002.592946263127,625.3757167370179,4874.489285330865,3912.200868083195,11413.590795192948,4327.05812995355,375.3032704807951,4282.108782541766,23724.990526335954,36438.44425547792,8225.742376996626,978.1576414131976,6319.1154755046655,606.7339091552182,3377.217229526109,84.37573530126572
2021.9993155373031,3940.623869312209,617.33853610243,4875.460049965146,3913.909291707003,11449.030668583868,4325.626129378244,401.2896094065073,4290.2974401278525,21352.766365244694,32796.80221590596,7403.159770933036,880.3396231324981,5687.197499341095,546.0591200808664,3323.2853332097793,84.3339898306463
2022.0020533880904,3885.107699951107,612.4290322892335,4876.173193177891,3915.8323706960177,11483.34350191287,4324.06541085912,422.2077022258635,4295.272483471158,19610.47282590645,29672.110297390074,6662.666094412255,792.2405089331991,5118.331490710934,491.40066287716655,3272.6786676618735,84.2364979406635
2022.0047912388773,3884.693768386877,638.785849731785,4874.600770143409,3919.363404314291,11516.63415347975,4322.4258379943685,391.3356265981335,4267.452105275085,17649.415037188108,26704.76937405447,6935.934047710178,930.1686243671998,5143.301062548195,508.3032480869159,3245.9079186550916,83.55633962887525
2022.0075290896648,3908.997339627247,678.6955861101334,4869.444813842969,3927.934892264049,11549.82664398234,4321.229930607601,352.20141613153595,4220.594688333747,15884.440149401822,24034.24185511277,7560.618099304782,1142.632890258693,5413.254908447748,551.660806933996,3230.301753517114,82.63760429740144
2022.010266940452,3941.1982817465273,719.5042290691387,4862.917778293834,3948.3423623927542,11583.333083267766,4320.70234427555,316.97933467688887,4160.334061578084,14295.908646519983,21630.74043389031,8151.721813957606,1358.0542969232215,5671.714525621637,595.9185192191521,3221.6940526773888,81.74402357776597
2022.013004791239,3999.07674388514,776.0327753077197,4833.964562395457,3965.105323213399,11617.28378793844,4320.854159794227,285.275271552246,4087.318639000179,12866.041331619415,19466.826787106595,8663.33518278015,1565.0963903443244,5879.061682348986,635.3705304386939,3223.04396857742,80.59470160220539
2022.015742642026,4079.080729498038,852.7485867724658,4779.501440760139,3968.760064111555,11652.102398524008,4321.94926393608,256.73462366640047,4006.280882495426,11578.700021676686,17519.95595306202,9025.268215722012,1750.6373282742206,5982.817503799536,663.7816509098699,3226.3321427255723,79.0945891164698
2022.018480492813,4048.224445139813,862.9683945278048,4764.333767592146,3969.184385805997,11688.16335140094,4324.320669754758,267.12554988337337,3993.693247226968,10421.06225646762,15767.9744395477,8122.746873117975,1584.2261334061816,5384.537526119755,597.4039930126111,3185.256050612008,78.6827927595798
2022.0212183436004,3980.7540513968647,848.5855879525715,4764.333759787868,3969.184385805997,11723.611400862625,4326.856022440262,299.5758019689062,4005.968601116707,58772.04121477746,73325.72685517182,7310.471098032111,1425.803520041751,4846.0830524240655,537.6635937018543,3132.168463444293,78.68279283281018
2022.0239561943877,3914.408179503407,834.442525082987,4764.333746695392,3969.184380468189,11757.837823636666,4329.144716494055,332.12316418079297,4018.250875270309,52894.85770388497,65993.17710147426,6579.426327832269,1283.223740555666,4361.47455448199,483.8972354632571,3079.96565442042,78.68279221742156
2022.0266940451745,3890.657959908742,849.2923832231743,4748.641941662434,3963.0605800613207,11790.86470716072,4331.191422944966,338.9662052843568,4007.9060110860746,47605.37119349783,59393.8548794364,8865.280362533662,1694.8583957881228,3985.042554512238,460.0422482685099,3041.365576685568,78.17098310942
2022.0294318959616,3910.035787627054,890.2629299455676,4715.585181246123,3953.580053424977,11823.405432389702,4333.480004304741,320.5323127533766,3974.5553096402487,42844.654806352366,53454.431679540336,13781.459650896915,2620.674155190375,3996.263958135206,498.9732203326757,3019.7728576814866,77.23133550944158
2022.0321697467489,3895.0432483252457,909.044924410401,4696.2062865338185,3951.116132499637,11856.17976298721,4336.445060584207,322.5573161699781,3955.70007982129,38560.10597841693,48108.89083751242,15199.5591881543,2916.072727655283,3716.695024879193,483.870262689786,2985.9983239148446,76.66149343011111
2022.034907597536,3876.6250985901465,928.72242110995,4678.154321499907,3945.93648623706,11888.619153289046,4339.712916467054,327.0159406371493,3938.362273501472,34698.18309574194,43294.10719314328,15968.492951219208,3094.0277932856084,3442.7350546868265,467.2879223314285,2947.9026774801964,76.04301686413503
2022.037645448323,3822.7775683939935,922.3650961306448,4673.928270281803,3943.798509813528,11920.658086157617,4343.300905304978,353.4784891828299,3943.697486066383,31228.292704853597,38963.045661256576,14371.775952313035,2784.7121260943613,3098.4599944138504,420.5550697995512,2900.4124722633487,75.87186071832727
2022.04038329911,3777.469241564702,924.5518628445084,4667.118563388617,3937.711852427927,11951.7125689141,4346.774267858655,374.96994014882455,3944.5519141844447,28105.160374198345,35066.496136695125,13180.047288397687,2569.014275000954,2788.584123081192,378.4995237205571,2852.9173787201935,75.52456939499682
2022.0431211498972,3747.057287681832,943.9159107275564,4655.748909267846,3922.6903494280464,11981.925977020814,4350.274490983479,386.9660400457514,3937.137046176455,25294.642325490888,31559.788756669463,12965.398828445082,2554.6200229985766,2558.1148058810813,365.54061839184783,2803.1413769542755,74.80914119379469
2022.0458590006845,3684.6084060268654,928.18410578104,4655.748200001846,3922.690300184427,12011.549910142734,4354.087848397634,420.21959784479714,3949.483442952436,22765.095735412597,28403.793999437497,11668.92255806213,2299.1586603626456,2302.308926895173,328.98664642319847,2756.424300245825,74.80915192336799
2022.0485968514715,3623.0341657984536,912.4521739355806,4655.748159149572,3922.690300184427,12040.228722793318,4357.901219993823,453.5429662749175,3961.8299032017057,20448.67428348658,25247.815123770542,10481.574144842094,2043.696658062788,2068.0437013906967,292.4325845840137,2710.581991862873,74.81524787844522
2022.0513347022588,3570.808696355713,896.7202420901214,4652.857331964558,3922.690300184427,12067.625721277336,4361.714591590013,481.69016441865193,3974.176363450976,18403.80188008265,22091.8362481036,9433.41660516019,1788.2346557629298,1983.526132645307,255.8785227448289,2674.0884542655917,74.88747456548725
2022.054072553046,3549.0141491654763,880.9883102446621,4640.878360349868,3922.690300184427,12094.077254885193,4365.527963186202,489.440049615716,3986.522823700245,16563.41225961088,18935.85737243665,8547.182440389899,1532.7726534630724,2784.7249877065647,219.3244609056441,2668.0258389208143,75.17653429328199
2022.056810403833,3520.8346004097007,865.2563783992028,4641.9824332438775,3922.690300184427,12120.093190984022,4369.341334782392,490.9274893786519,3998.869283949515,14907.004250274516,15779.878496769708,7694.510624569464,1277.3106511632143,3209.573614796154,182.7703990664593,2655.578222010498,75.4246797535301
2022.05954825462,3462.155320105802,849.5844111228739,4641.982520747733,3922.690300184427,12145.568113650652,4373.092352455164,524.55965951205,4011.2181335530713,18884.64841690868,13343.37784346776,6925.0476909498975,1027.6910410451303,2888.6523353887164,147.05232522203366,2612.570908982928,75.46082331462497
2022.0622861054076,3404.453328741079,835.4246964421612,4641.982728698368,3922.690282773936,12169.995177358192,4375.27101782538,558.2622792185809,4023.627100274056,16996.18513836126,18794.493938457494,6232.542619468886,924.9219256240192,2599.7869757331687,132.34716323150735,2569.0286322989177,75.46082687081247
2022.0650239561944,3352.254356270093,826.1608573596429,4643.370442936857,3919.448778521929,12193.393935712287,4377.207720735526,586.1026790969792,4034.6236406984335,15296.50749297658,16915.04872118507,5609.2666738081925,832.4296543213079,2339.8708766356367,132.6277213995023,2526.09349891045,75.35506648490492
2022.0677618069813,3306.891260540215,822.4778285310136,4646.312476831489,3912.7875511375273,12215.85928280152,4378.984734113796,606.4862938429991,4043.6187835331953,13766.846723156266,15223.572988726472,5048.273288939016,749.1857810459124,2186.0574048644103,159.097887717338,2484.4134320092016,75.1283678920651
2022.0704996577688,3252.2100618273985,809.1775243121057,4646.443478516889,3912.558762919427,12237.506045449149,4380.695483195421,639.8176282227757,4055.865026888576,25035.905824189264,31988.78296180883,4543.444867054018,674.2667352335974,1967.4513657672449,143.18876463999297,2443.032537515293,75.11914947285314
2022.073237508556,3198.0065268606327,795.6912433656233,4646.443478544397,3912.5587493308576,12258.182168887492,4382.179883564111,673.7729397236881,4068.294821054943,22532.38522008509,28790.416084917862,4089.098496015933,606.8397998331268,1770.705413217238,128.86984758899143,2402.315283495009,75.1191488609398
2022.075975359343,3143.803025830176,788.1901509199812,4646.443478544397,3909.2556216573553,12278.858256094802,4383.435433686314,707.7282535468364,4078.27139105188,20028.794637666164,25911.3721239199,3634.754009310532,596.8978584395957,1573.9602766405137,132.33376860662148,2355.612874910195,74.92876797801777
2022.07871321013,3089.59952479972,775.0538096284143,4646.443478544397,3909.255519996581,12299.53434330211,4384.562549192848,741.6835673699848,4090.708618497687,17525.204055247235,23320.178570784992,3180.409522605129,537.2096740114575,1377.215140063789,119.10095777863654,2314.5457151713053,74.91410121579895
2022.0814510609173,3035.3960237692627,761.9330700224003,4646.443478544397,3909.255502199726,12320.210430509418,4385.673695088046,775.6388811931331,4103.146130005358,15021.613472828309,20764.72542014437,2726.065035899728,477.94852820156245,1180.4700034870648,105.96260998509077,2273.4629537468622,74.89839664887434
2022.0841889117044,2981.192522738806,749.353996712471,4646.443478544397,3909.20058531946,12340.886517716726,4386.357047788844,809.5941950162814,4115.524667494763,12518.022890409382,18688.2383900716,2271.720549194326,430.1540598337984,983.72486691034,95.36641307167736,2231.838526026335,74.86395155640456
2022.0869267624917,2926.9890217083494,742.9675438481751,4646.443478544397,3906.724526013907,12361.562604924036,4386.828864950671,843.5495088394298,4124.343262502787,10014.432307990455,16819.414106786448,1817.3760624889244,466.3571439046124,786.9797303336156,110.05802500389518,2184.0214778601744,74.61666106917822
2022.0896646132785,2872.7855206778927,730.584932943221,4646.443478544397,3906.724460751874,12382.238692131345,4387.192961835723,877.5048226625781,4136.789741784721,7510.841725571529,15137.469274662137,1363.0315757835226,419.72455031624304,590.2345937568912,99.05345076844011,2142.200587734672,74.56876165364325
2022.0924024640656,2823.7263660258777,718.4085186581117,4646.443478414495,3906.724460397783,12397.447858947657,4387.34967088896,911.7827106281836,4149.237347370681,35399.886422385134,38921.6606866702,1167.4127932777162,377.75208968663503,505.5256444744062,89.14810437055809,2105.3178473677663,74.55813965185295
2022.0951403148529,2778.1855443935924,706.8635859640627,4645.441939257323,3906.565239718616,12410.544358108316,4387.303010891758,945.656472256974,4161.416060741098,31859.92845608564,35029.50608830712,1077.7253490136611,339.9768646930402,454.9730442171741,80.23329015167741,2071.32195842953,74.55664588743826
2022.09787816564,2731.8820434349186,695.0799268047501,4645.441879844228,3906.5626920672894,12422.84648236902,4387.072689215812,980.0858083680388,4173.860489227685,28673.70258966724,31509.093694385338,969.948346100094,305.80970323400123,409.4724121266077,72.16996566200248,2036.8021166301685,74.55673723266636
2022.100616016427,2685.5789510283585,683.4388275381482,4645.441879844228,3906.5626920672894,12435.148083383505,4386.694229928859,1014.5151997601164,4186.307947781239,25487.70974405868,28257.02543219657,862.1758111987277,274.2469410536065,363.9751077048903,64.72126982708312,2002.1401234902103,74.55152724977805
2022.1033538672143,2639.2758586217988,671.8541620914024,4645.441879844228,3906.5626920672894,12447.449684397983,4386.259518144877,1048.944591152194,4198.755225011967,22301.716898450115,25106.11606275804,754.4032762973616,243.6659707302064,318.4778032831729,57.50427326088287,1967.4216965303963,74.54399622924458
2022.1060917180012,2592.972766215239,660.2694966446566,4645.441879844228,3906.5626920672894,12459.751285412469,4385.824806360894,1083.3739825442717,4211.202502242695,19115.72405284155,21955.206693319506,646.6307413959955,213.0850004068063,272.98049886145554,50.28727669468262,1932.7032695705825,74.53619624364968
2022.1088295687885,2546.669673808679,649.2276883468803,4645.441879844228,3906.5626920672894,12472.052886426947,4384.85043638474,1117.803373936349,4223.646580516626,15929.731207232988,19698.23557775792,538.8582064946294,191.1800965815084,227.4831944397381,45.1177999247073,1897.4419854617986,74.506796267145
2022.1115674195755,2500.366581402119,638.2231967361361,4645.441879844228,3906.5626920672894,12484.354487441433,4383.838969621892,1152.232765328427,4236.090438890218,12743.738361624426,17502.71490842597,431.08567159326327,169.87159654082774,181.9858900180207,40.08907225523904,1862.1433846659831,74.47481495380399
2022.1143052703628,2456.691855368717,627.4272803254813,4645.441879844228,3906.5626920672894,12493.912933585972,4382.62201602582,1186.7769452172888,4248.531208896944,10642.86261571486,15559.938518759383,360.01918365237486,151.01609162279976,151.98450960395851,35.639242416345624,1829.2645750432357,74.46048111592275
2022.11704312115,2415.65462367049,616.7902270465457,4645.441879844228,3906.5626920672894,12500.72358986716,4381.248551579764,1221.4314206343315,4260.969626621935,9551.922847255306,13809.667027916788,323.11547649920897,134.028931968717,136.40536009965442,31.63033519082172,1798.8643966239442,74.46695313962731
2022.119780971937,2375.393705241556,606.2244789269436,4645.441879844228,3906.5626920672894,12506.735950734912,4379.80519863833,1256.1078781955046,4273.406627682973,11978.630813637234,12230.494161675237,290.8038854979176,117.75724019767632,122.76480578861464,27.790275755297174,1769.1692263146124,74.47898941597573
2022.1225188227245,2335.8038095866423,596.1207370042137,4645.441879844228,3906.5626920672894,12512.06081640174,4377.9094742497855,1290.8008081835983,4285.833993994251,25470.37197039592,25704.76303484173,261.72349421523046,105.98151056650023,110.48832405604328,25.011246855495678,1739.6830725824286,74.47898943577343
2022.1252566735116,2296.873742630109,586.1853912940142,4645.441879844228,3906.5626920672894,12516.71126475978,4375.850547424909,1325.508326782091,4298.256166529325,22923.341855113915,23134.287479187948,235.55112952953823,95.38335885628744,99.43948520656778,22.51012201570769,1710.688351336095,74.4789894013598
2022.1279945242984,2258.484826319016,576.3533341326786,4645.441879844228,3906.5626920672894,12520.80993606179,4373.69185063946,1360.2264717911717,4310.674820476109,20588.73452688595,20724.148092527263,211.5616329778392,85.44628195982754,89.31215874360322,20.165008401541478,1682.1314921863375,74.48053104381285
2022.1307323750852,2220.6250708818243,566.7308701081392,4645.441879844228,3906.5626920672894,12524.369934692557,4371.330999042989,1394.9541285975913,4323.086036097119,18450.21740875884,18627.35485188198,189.5868104739808,76.80114076086093,80.03534040843414,18.12478686221651,1653.894200773685,74.47876827387674
2022.1334702258728,2183.61465201844,557.1249812059278,4645.441879844228,3906.5626920672894,12527.067011284787,4368.954170546188,1429.6953708687406,4335.496653496131,35509.82092281938,16554.940042629256,170.62812589060422,68.2565125648782,72.03180487485378,16.108286022062366,1626.4896708125125,74.48611270807581
2022.13620807666,2147.2210722830696,547.5190923037165,4645.441879736261,3906.5626920672894,12529.139859692332,4366.577342049388,1464.4440023045113,4347.907270895144,31958.84542145776,14482.525233376531,153.56535559420075,59.71188436889543,64.82862636410218,14.091785181908218,1599.701979979353,74.50103767277406
2022.138945927447,2115.3254441109066,537.9132034015053,4643.141212853253,3906.5626920672894,12530.600467176657,4364.200513552587,1497.607589875352,4360.317888294157,28762.960770594207,12410.110424123804,1166.1050321575833,51.16725617291267,166.5971564263461,12.07528434175407,1577.4122407094014,74.57066453301252
2022.141683778234,2084.919343363098,528.307314499294,4644.489866648504,3906.5626920672894,12531.52549833619,4361.823685055786,1526.1679056683731,4372.728505693169,25886.653159452548,10337.695614871076,2343.047804801147,42.62262797692992,284.5699123409231,10.058783501599924,1556.612028863804,74.6605394505524
2022.1444216290213,2053.3017007696712,518.7014255970827,4649.192585067841,3906.5626920672894,12531.941227067744,4359.446856558985,1553.0950011109082,4385.139123092181,23297.97678583695,8265.28080561835,2823.953626410429,34.07799978094717,350.1783940093524,8.042282661445777,1534.6002751725887,74.73817776497971
2022.1471594798084,2019.0799858868036,509.0955366948713,4649.192648776996,3906.5626920672894,12531.828896178218,4357.070028062184,1587.856883174148,4397.549740491193,20968.14986698039,6192.865996365624,2541.572855447959,25.533371584964414,315.1628136131039,6.025781821291629,1509.9844491919323,74.78576677232176
2022.1498973305956,1985.377258372083,500.2179595532046,4649.192648776996,3906.5626920672894,12531.197818163791,4353.994475539149,1622.6185887032948,4409.930770155896,18850.341175723992,5064.576988097995,2284.8710811127867,20.881402283268603,283.33101235465915,4.927934168932537,1485.1592988188784,74.8048912394937
2022.1526351813827,1952.181651364444,491.8613799187196,4649.192648776996,3906.5626920672894,12530.06105012369,4350.421186206047,1657.3788637510352,4422.288539123486,16925.347417705932,4701.603598218103,2051.540423795885,18.73159518884377,254.39729627693836,4.42058759835675,1460.3202714457243,74.80452807376088
2022.1553730321696,1919.486361355121,483.66369019998,4649.192648776996,3906.5626920672894,12528.426511099053,4346.699913767043,1692.1365927849974,4434.635401281231,15177.515426290169,9838.518062476842,1839.6837396265337,16.858435587491584,228.12641854060885,3.97852881905898,1435.822671155141,74.80244194814063
2022.1581108829569,1887.2846722983843,475.60262822505575,4649.192648776996,3906.5626920672894,12526.302016119613,4342.852208819742,1726.8906768211764,4446.972068203456,13592.326435667344,8854.67419112329,1647.541196641354,15.172591382196478,204.3001546909576,3.580675784570616,1411.6820440733286,74.79963488253976
2022.160848733744,1855.5699483153192,467.5415667217228,4649.192651347199,3906.5626920672894,12523.695285974827,4339.004503436042,1761.6400283788205,4459.308735090489,12156.305602675498,7870.822384875606,1473.479494048844,13.48674782344732,182.716097981511,3.182822902664718,1388.0283815935964,74.80334453863051
2022.1635865845312,1825.0266663777688,459.4805052183898,4650.054615207564,3906.5626920672894,12520.3099590349,4335.156798052342,1795.134573395932,4471.645401977522,10940.688231341775,6886.970578627922,1326.131504953952,11.80090426469816,210.18162194991956,2.7849700207588195,1365.5461611593792,74.82335388937928
2022.1663244353183,1794.7562425442602,451.4194437150568,4650.230386314585,3906.5626920672894,12516.424905701928,4331.309092668642,1829.542179455399,4483.982068864555,26118.34047859636,5903.118772380238,1193.5167439263814,10.115060705949002,189.16820136176932,2.387117138852922,1343.3367988292034,74.84786886295372
2022.1690622861051,1766.636542629108,443.3583822117238,4650.255374382149,3906.5626920672894,12512.046014618112,4327.461387284942,1862.4436823867989,4496.318735751588,23507.02746923049,4919.2669661325535,1184.603639015966,8.429217147199843,219.58389546761316,1.989264256947024,1323.2781604173842,74.90381459267688
2022.1718001368924,1737.19265119836,435.2973207083908,4650.255326957174,3906.5626920672894,12507.210556777854,4323.613681901242,1897.1509790827809,4508.655402638621,21156.222992266208,3935.415159884869,1066.154603319097,6.743373588450684,197.63137275834043,1.5914113750411256,1301.8953304899692,74.94248433481965
2022.17453798768,1707.748708821208,427.23625920505776,4650.255326957174,3906.5626920672894,12502.374921032766,4319.765976517542,1931.8584572050224,4520.992069525654,18805.52024534316,2951.563353637185,947.6942394175004,5.0575300297015255,175.67298321157912,1.1935584931352274,1280.5124496161502,74.98248676762506
2022.1772758384668,1678.7355899979536,419.6421607119605,4650.255326957174,3906.5626920672894,12497.120092486752,4315.487947698942,1966.5543045742852,4533.292096837354,16661.194937004424,2680.4882014851064,839.6332544251322,3.957634080368313,155.64210779289527,0.933987092830726,1259.0934292859931,75.00248620377006
2022.1800136892537,1650.2731115176002,412.6481226957039,4650.255326957174,3906.5626920672894,12491.329488991674,4310.658730878344,2001.2352865497176,4545.543251674206,14780.642912470106,2791.457004753531,744.8638304833822,3.5618689304947653,138.07480947173735,0.8405879724805927,1237.6249888218963,74.99516172106625
2022.182751540041,1621.8106330372466,405.7706538951332,4650.255326957174,3906.5626920672894,12485.538885496597,4305.72617574861,2035.91626852515,4557.781175604513,12900.09088793579,7239.093639427848,650.0944065416322,3.205682007235551,120.50751115057945,0.7565291681031459,1216.0399791421135,74.98039255451015
2022.1854893908285,1594.5772884097917,399.0078094997489,4650.255326957174,3906.5626920672894,12478.55873142827,4300.692510054142,2070.557667220927,4570.005585694365,11526.315148966967,6515.18624392553,580.8636062565292,2.885113755612009,107.67425523862812,0.6808762392806214,1195.5694789100428,74.97720478022966
2022.1882272416156,1567.951254322703,392.3505383515825,4650.255319964859,3906.562692065328,12470.994859219123,4295.566188279903,2105.1754805094747,4582.217078618738,10358.620256069751,5859.081309210552,522.0186692270672,2.5945717623165705,96.76635584607924,0.6123094513905152,1175.6007159711207,74.97686632349657
2022.1909650924024,1543.8582960678264,385.8619260461593,4649.40474397337,3906.5227761015753,12462.960275036525,4290.336689466738,2138.581498938436,4594.403005701078,9322.757094536088,5273.173153863757,496.7845482468202,8.663268057483567,116.23437496115976,3.215509277836911,1157.9963700216672,75.00664879484464
2022.1937029431897,1531.3888511422813,379.7068112105173,4645.254163897309,3906.598879261514,12454.54615211608,4285.013375637331,2164.04354686049,4606.233231206187,8390.480805832447,4745.91789909878,559.1433160915798,44.66157264430564,481.78881870869577,16.379893816121132,1151.682039931764,75.20506885450489
2022.1964407939768,1507.1701002483107,373.4004436927889,4647.553585739533,3906.746364095578,12445.947259870143,4279.602060932388,2194.989668158172,4618.231328594794,7820.625260767813,8797.226963758083,503.22981320380114,40.57772644525775,434.540671994208,14.81723874869089,1133.7696565555218,75.22506294204814
2022.199178644764,1482.0501197129422,367.1770848550058,4647.5535554851285,3906.746369095129,12436.96870844196,4274.100480640073,2229.5161303761274,4630.384162725338,8678.889651580686,9393.03355313725,452.90046885012816,36.51989768848449,391.0812278909088,13.335486949910296,1114.8730348579365,75.22505615895608
2022.201916495551,1457.349283258845,361.0574638517232,4647.5535554851285,3906.746369095129,12427.59565795747,4268.510236888162,2264.0179173147126,4642.521927480532,7811.000917157882,8453.731876497197,407.6104084345794,32.86789648678105,351.9730934181852,12.001934080111884,1096.2918194071217,75.22505634034785
2022.2046543463384,1432.6484479302958,354.93784577080646,4647.5535554851285,3906.746369095129,12418.222606413576,4262.919990638558,2298.519704187156,4654.659691811053,6943.111951999814,7514.428521183471,362.3203615495666,29.2159067179326,312.8649706290944,10.668385385120857,1077.7106021594893,75.22505634347529
2022.2073921971253,1408.1922798344335,348.8182276898897,4647.5535554851285,3906.746369095129,12408.620149358563,4257.329744388954,2333.0062293380306,4666.797456141573,6126.80277080405,6575.1251658697465,319.72196254490945,25.56391694908415,276.0810957277824,9.334836690129825,1059.3740521445438,75.22936088451631
2022.2101300479123,1384.6254800828085,342.79140775266154,4647.553689793877,3906.7463697464514,12398.184550728034,4251.660634953003,2367.436393411441,4678.921284863432,5494.694016741345,5721.2835059035415,286.73613015616223,22.24422239126577,247.5978484393489,8.122627420228847,1041.834072330147,75.24302328076755
2022.2128678986996,1362.7983983855142,337.0895905547966,4649.4321369061545,3906.8667880264,12387.294027584889,4245.725440886868,2398.7034511396078,4690.865777847482,4945.236745555893,5163.3189838112285,259.5820900008583,23.747801924297747,228.517550484834,8.851460059877846,1025.7088078307177,75.26489677753207
2022.2156057494867,1340.08508899384,331.4714299315111,4649.432146946595,3906.866788272611,12376.069550551796,4239.711476899167,2433.069127523936,4702.925802212259,12821.02794589314,13327.08223907024,233.6238289693814,21.37303083732034,205.66577145552,7.966317555288628,1008.6136590623288,75.2648967849955
2022.2183436002736,1317.7503356529407,325.94690502660256,4649.432146946595,3906.866788272611,12364.497263877274,4233.620353733399,2467.404067539359,4714.969350282936,11538.951579376288,11994.438817766795,210.2614333340084,19.23572503299345,185.09918309596955,7.16968478571923,991.8034306263382,75.26489683153092
2022.2210814510609,1295.781035075721,320.50612124658323,4649.432139459409,3906.866788272611,12352.590662932042,4227.4606669154255,2501.707876548998,4726.997720880929,10382.711528130096,10782.930839905615,189.1927094787699,17.292804021178497,166.55167530519944,6.44550458484972,975.2749138291379,75.2654103918218
2022.223819301848,1290.751429574705,315.07367282947314,4639.77883176133,3906.866788272611,12340.344300043556,4221.2941554592935,2529.065052636578,4739.0245807541705,9344.440142383572,9583.48695812894,333.7192073001368,15.369231517879154,187.4391242324443,5.728536106277797,975.6777567452319,75.5899032447101
2022.2265571526352,1269.2407985199684,309.6412244123631,4639.777756771296,3906.866788272611,12328.047675469184,4215.127644003162,2563.30128325572,4751.051440627412,8409.967080836725,8384.043076352258,300.3709013776787,13.44565901457981,168.7005287529848,5.011567627705874,959.5995741076053,75.60421751542904
2022.2292950034223,1264.058971670985,304.20877599525306,4632.080991083552,3906.866788272611,12315.426216455766,4208.96113254703,2589.229234805864,4763.078300500655,7568.970153710439,7184.599194575579,408.41094852508047,11.522086511280463,188.7011416735182,4.294599149133952,959.850195675732,75.9339727961336
2022.2320328542091,1248.2362181924584,298.776327578143,4630.215692743087,3906.866788272611,12302.75298478193,4202.794621090897,2620.018418298698,4775.105160373897,6812.0527696518975,5985.155312798899,393.4282699926642,9.59851400798112,172.83382339284336,3.5776306705620287,949.4598906143153,76.0641196575121
2022.234770704997,1227.4324148219655,293.4206265263425,4630.215620513892,3906.866788272611,12289.850828820609,4196.565675458272,2654.152349859713,4787.117707058324,6130.822586641861,4887.559461344509,354.08613905272955,7.83827198003778,155.54997891894243,2.921539960943217,934.011788295623,76.09476310197478
2022.237508555784,1206.9752076707043,288.5302826615946,4630.215620513892,3906.866788272611,12276.637211759102,4189.958579099223,2688.2510740724856,4799.043047282115,19233.705899953453,21399.49665781704,318.6775224519581,7.054444605907162,139.99497984285776,2.629385899201567,918.4449250091097,76.09476310466906
2022.2402464065708,1186.858953112719,283.7214445897359,4630.215620513892,3906.866788272611,12263.11884370266,4183.288078592103,2722.313596686913,4810.950285861092,17310.357669624034,19259.550288661576,286.8097588162349,6.349000118869866,125.99547685471528,2.366447299424042,903.1375085229831,76.09476308489454
2022.2429842573576,1166.7426996515403,278.952888149949,4630.215620513892,3906.866788272611,12249.600474665867,4176.586481549016,2756.376119184883,4822.848339343969,15386.987079628683,17227.15318193053,254.94200657103903,5.679010920589758,111.9959788704295,2.1167238627838394,887.7898115015913,76.09131060059248
2022.2457221081447,1146.6264461903622,274.2986327605549,4630.215620513892,3906.866788272611,12236.082105629075,4169.796869772346,2790.4386416828534,4834.7201065100335,13463.61648963334,15491.54783168372,223.07425432584324,5.106860569263046,97.99648088614371,1.9034676604823928,872.3278134298073,76.07776851197656
2022.248459958932,1126.510192729184,269.6494179580557,4630.215620513892,3906.866788272611,12222.563736592285,4163.00338188567,2824.5011641808237,4846.5907091992085,11540.245899637996,13768.832513490666,191.2065020806474,4.538959477204069,83.99698290185793,1.6917952742040092,856.8607747711283,76.06329532582578
2022.2511978097195,1106.3939392680054,265.13975404649705,4630.215620513892,3906.866788272611,12209.045367555493,4156.103835403715,2858.5636866787936,4858.427819592718,9616.87530964265,14527.158875989362,159.3387498354516,4.073662160739334,69.99748491757217,1.518366142472756,841.2541852215084,76.03568271334579
2022.2539356605064,1086.277685806827,260.72075645587137,4630.215620513892,3906.866788272611,12195.5269985187,4149.136246718919,2892.6262091767635,4870.24230586814,7693.504719647305,17173.708696362464,127.4709975902558,3.6662948985357136,55.997986933286384,1.366529138304119,825.5569293509557,75.99870089734722
2022.2566735112937,1066.1614323456486,256.3754098950223,4630.215620513892,3906.866788272611,12182.008629481908,4142.114096552738,2926.688731674734,4882.03770259517,5770.13412965196,15456.340054348811,95.60324534506,3.29966506579776,41.99848894900061,1.2298760966712496,809.7860224506262,75.95341548502894
2022.2594113620808,1047.718308748465,252.0300639540911,4630.215620513892,3906.866788272611,12167.001957501889,4135.091945927316,2960.566427251937,4893.833099161524,4806.606017725081,13738.969184712563,79.6387199277828,2.9330355759441886,34.985275727068846,1.0932231828408376,795.6882447943739,75.94486401071396
2022.262149212868,1030.2563420443391,247.78997022321067,4630.215614947231,3906.866788261207,12151.129679387948,4127.9925029883,2994.328577636664,4905.600535842827,7094.159860577568,12271.185234221342,71.67483587228105,2.619691841668571,31.486819771993872,0.976431799335351,782.4663718211284,75.9487071216159
2022.2648870636551,1016.402881436197,243.7326728688909,4627.690610305329,3906.8203709954255,12135.00985224915,4120.812767335249,3027.254770025509,4917.311886115976,6384.743941067447,11044.066678602445,79.8689015891621,12.12052373462454,67.96020002382245,8.368784947358511,772.6702085673062,76.02007261879345
2022.2676249144424,1003.5638163825754,239.7592088007534,4625.93461300232,3907.035905363205,12118.703337464229,4113.585083072467,3058.584247167064,4928.725400079119,5746.255567125273,9939.653573475833,90.21233546358008,21.898675833984488,107.57310181648282,16.24366701160722,763.804607581822,76.10922146785002
2022.2703627652293,986.8380395802982,235.76336208664463,4625.9344768427245,3907.0368935535566,12102.2275183699,4106.310975419967,3092.21387922326,4940.4222662553775,5806.624200508965,8945.68428557288,81.1932612744804,19.70884672510365,96.82057673894784,14.619330917136216,751.0746774936536,76.1092142144303
2022.2731006160163,970.5042065438504,231.82797312552336,4625.937061408233,3907.050833676328,12085.518033589537,4098.995889620827,3125.682512474564,4952.086700892867,5225.961839413033,8038.992954589846,73.0739263392167,17.71125389879105,87.13850856439008,13.137586682141263,738.676233418327,76.11262562672378
2022.275838466804,954.3228273119056,227.96097286457183,4625.937072994313,3907.050834055729,12068.587468894584,4091.631786200496,3159.22234481539,4963.745704194753,4701.987789416838,7230.669032322608,65.74738967626956,15.930386359965038,78.40179476950388,11.81660275650403,726.3618544473338,76.11280309550153
2022.2785763175907,941.4023789487496,224.2305378397215,4626.331955951967,3907.5009111578506,12051.428227208076,4084.2211857932266,3189.335051907397,4974.864562524749,4231.78876157333,6507.601865866423,86.2064901718348,19.81757424357078,95.74564248686993,18.79538312236136,717.1718411090282,76.18122251931034
2022.2813141683775,928.3893701613688,220.56057804601343,4628.168342734852,3908.3296506478073,12034.100679219498,4076.76873349274,3218.267121900467,4985.586135128991,3808.608088197321,5856.835611198762,106.25605479404352,21.469747495445283,105.01174383807604,25.612699276233897,707.8287921153553,76.24266443209314
2022.2840520191648,912.9162142496248,216.8845683089466,4628.168343586166,3908.3296506634047,12016.603697091685,4069.275513789397,3251.6651590887154,4997.183264553808,31929.529162933617,31197.218833697447,95.6304688465838,19.322773106548944,94.51057852359324,23.051430661243632,696.0316459406781,76.24266445007598
2022.286789869952,897.7009433798435,213.26982513914103,4628.168343586166,3908.3296506634047,11998.896765934092,4061.741556799232,3285.015261116085,5008.75986471378,28736.587736743724,28077.516552062934,86.0674193567282,17.39049451803106,85.05951809654235,20.74628607067148,684.4311182407024,76.24266447396387
2022.2895277207392,882.6947662571188,209.65508233399197,4628.168343586166,3908.3296506634047,11981.020741306984,4054.2075995666014,3318.3253628659186,5020.336464751559,25806.90534930009,24957.794668693197,77.2928833654922,15.458217207376164,76.38773720066307,18.441143004547115,673.0396839231269,76.24829212220322
2022.2922655715265,867.7330838674546,206.0403395288428,4628.168343586166,3908.3296506634047,11963.108733926963,4046.673642333971,3351.6269526356014,5031.913064789338,22933.24657562572,21838.07278532345,68.68614142981937,13.525939896721267,67.88178539100883,16.135999938422753,661.6927443386119,76.2553320416771
2022.2950034223136,852.7714014777906,202.4255967236937,4628.168343586166,3908.3296506634047,11945.196726546948,4039.1396851013415,3384.928542405284,5043.489664827118,20059.587801951344,18718.350901953705,60.07939949414656,11.593662586066376,59.3758335813546,13.83085687229839,650.3458047540969,76.26261898875772
2022.2977412731009,838.2944918980089,198.8108539185446,4628.168343586166,3908.3296506634047,11926.895190713683,4031.6057278687113,3418.1348878183285,5055.066264864897,17747.658366481002,15598.62901858396,53.15506314892514,9.66138527541148,52.53258538052581,11.525713806174029,639.4836379794643,76.2838887956414
2022.300479123888,824.0816352067125,195.1961111133955,4628.168343586166,3908.3296506634047,11908.38148103088,4024.071770636081,3451.289354192429,5066.642864902676,15741.699586285866,12478.907135214216,47.14712319951049,7.729107964756587,46.59500202239035,9.220570740049665,628.8855240933169,76.31349822952521
2022.3032169746748,809.8687785154159,191.6849195432898,4628.168343586166,3908.3296506634047,11889.867771348076,4016.469740191152,3484.443820566531,5078.183986917717,13735.740806090733,10077.052291239444,41.13918325009583,6.128953404926373,40.65741866425489,7.31163915555065,618.1838589721261,76.33136075517436
2022.305954825462,795.9741559300102,188.49016999380507,4628.168343202415,3908.329650501239,11871.103292379095,4008.6604629115177,3517.530822504657,5089.615913909008,12011.227652547395,9069.34230352859,35.97420973577191,5.516059710183714,35.55290813128427,6.580472199306604,607.483985936205,76.3195615599385
2022.3086926762487,786.6940655652506,186.23664224962192,4625.732186285093,3907.710605112985,11851.845957716154,4000.8193343792295,3548.93230444967,5100.757515573733,10810.10482129655,8162.407947486534,107.24607700894995,12.012583615976515,71.15001075189811,12.59039155070481,600.4574233156287,76.32667508228776
2022.311430527036,779.5781894813625,184.5945145813954,4624.427891114886,3907.02175966329,11832.486723124168,3992.962130543327,3577.139610295749,5111.373592527556,9729.084330651023,7346.16157944953,131.90688846190935,11.189974089907912,174.97427577402578,28.83392420482472,594.9836748999671,76.32123152339571
2022.3141683778235,774.5464527380446,183.4434625748523,4633.448716105972,3907.686346282055,11813.061923154097,3985.0990842554106,3593.0032220180487,5120.1510042032505,8756.172518226607,6611.535019427309,161.73230401514752,10.57209352005367,301.06421962117776,48.431536118792685,591.1029901631923,76.31601540148118
2022.3169062286104,766.5383697689936,181.55646482733883,4648.440135782259,3909.469552471213,11793.60648067052,3977.238394980293,3605.903227794392,5128.543385036726,7880.54515449777,5950.361733091288,169.06080306731425,10.027141947634874,343.252381734998,54.72755540230873,584.9819049416548,76.3147584011935
2022.3196440793977,753.9190887583484,178.56710899605238,4649.0883906675535,3909.551135228739,11774.070873829956,3969.367793676537,3637.837760760309,5139.749659414242,7092.485947434484,5355.317798969569,152.15519616998904,9.024475574665924,308.9280610366176,49.25519047443879,575.351979762296,76.31481790835939
2022.3223819301847,742.796601273502,175.92074362877185,4655.219317977153,3910.3274426481385,11754.379170350643,3961.468939312335,3662.948924414872,5149.946471726326,6382.882122919507,4819.7704178766535,138.65624259228562,8.292937834477058,283.53924974965526,44.95420417857835,566.8758576447301,76.31643126433788
2022.325119780972,732.9357755360027,173.5374540105108,4666.448442732183,3911.7632628742494,11734.55537449466,3953.547615492357,3681.8323212533305,5159.243164938452,5744.642435866051,4337.882700763235,136.25737188109156,8.795355729399954,280.0835371979967,43.46191603819174,559.3983215254918,76.32296583099641
2022.3278576317591,720.7201793551093,170.64516274610466,4666.448445878718,3911.763262226381,11714.621504362269,3945.6082691562183,3714.409684420071,5170.502703186874,47890.3426756833,49966.61931366186,122.6316378188329,7.915819460464019,252.07518835016532,39.11572287460717,550.0750166090046,76.32296588409724
2022.3305954825464,708.7081763371548,167.80107669383872,4666.448445878718,3911.763262226381,11694.53865393592,3937.642469536635,3746.932437864375,5181.740488858723,43101.31028011382,44969.95948385251,110.36847384484582,7.124237502560999,226.8676691202703,35.20415052855744,540.9070996433161,76.32296588405515
2022.3333333333333,696.696173347903,164.9569906480703,4666.448445878718,3911.763262226381,11674.455803488563,3929.6766699134814,3779.455191300984,5192.978274527645,38312.276012545495,39973.29755248633,98.10531006296254,6.332655556514597,201.6601502852538,31.292578241096727,531.7391826998328,76.32296588405444
2022.3360711841208,684.6841703586512,162.13722418804954,4666.448445878718,3911.763262226381,11654.372953041206,3921.697747692369,3811.977944737593,5204.204863208779,33523.24174497716,35232.99225867018,85.84214628107925,5.581686190029461,176.45263145023725,27.58169148155586,522.5469461706016,76.31941394188814
2022.338809034908,672.8494874921732,159.43306823454245,4666.448445878718,3911.763262226381,11634.161515828357,3913.6566569507854,3844.4519648169207,5215.37800990387,29158.379216492587,31690.842366719808,74.66514892071972,5.020531207936166,153.4777795693205,24.80876533298756,513.4164192576308,76.30479457912985
2022.3415468856947,661.6146431877693,156.7307811647416,4666.448445878718,3911.763262226381,11613.516137654236,3905.614566629649,3876.760087295445,5226.550287294808,26196.764489027508,28167.54314085279,67.08141447489774,4.46236258893322,137.88905122131965,22.050596184831974,504.8838620230277,76.31086573151002
2022.3442847364815,650.4004850628996,154.02849409494078,4666.448445878718,3911.763262226381,11592.855880667246,3897.572476308512,3909.062402407304,5237.722564685747,23280.92656737825,24644.24391498577,59.61489958282576,3.9041939699302737,122.5412732643876,19.29242703667639,496.3719909679588,76.31789987363787
2022.347022587269,639.1863269380301,151.42361235901177,4666.448445878718,3911.763262226381,11572.195623680256,3889.480619417811,3941.3647175191622,5248.847203312377,20365.08864572899,21884.122564709247,52.14838469075379,3.466929626607697,107.19349530745556,17.131701800106832,487.76271457901834,76.3099418780758
2022.349760438056,628.0773111020825,148.89687358763047,4666.448445878718,3911.763262226381,11551.462039529171,3881.349708893916,3973.6352175061934,5259.932752607653,17614.038584022328,19676.56193951294,45.10383804372364,3.1172031383102508,92.71309323115754,15.403541567742131,479.180437514452,76.29322521993952
2022.3524982888432,617.569982606968,146.41161137989985,4666.448439196996,3911.763261243816,11530.309454243925,3873.1992074836216,4005.723037968276,5270.996417208239,15794.116555765875,17689.776422900402,40.44363718311861,2.802459033103636,83.13384627899833,13.848226119749254,471.15837122706813,76.29230443457632
2022.3552361396305,626.4561203606036,146.66075035918595,4653.760676640965,3909.994478575888,11509.01239840106,3865.027896331081,4031.249618613531,5281.115272049423,14214.704854451,15920.798754511085,76.39679626162872,11.91405064179537,217.22596636174669,36.475921571187,479.7953700014176,76.5888231286232
2022.3579739904176,650.1361951066671,148.96914993648923,4653.086959651028,3910.001540244965,11487.921789227586,3856.883122758216,4029.7617700308833,5287.372484375909,12793.23154198276,14328.706294695923,147.26912878684763,27.47878409186083,438.7637867362028,73.89328242854542,501.16704517017786,77.08647033379705
2022.3607118412049,655.5525154372505,148.73465349535752,4672.465890912325,3912.84607623278,11467.283449866422,3848.799132645407,4026.032757800163,5293.274334942033,11513.850490154677,12895.819420607051,174.95286514375945,32.71117530667379,483.5180365486658,81.5320218185763,506.81786194189294,77.31155780919364
2022.363449691992,653.1622435120428,147.43306910328823,4687.086194724763,3914.988766609084,11446.79205395013,3840.7333712686577,4034.722021829227,5300.926890334548,10362.416430252126,11606.103061043475,177.72058248417608,32.88236498320945,463.53276921041015,78.36011225343542,505.72917440875455,77.42780288239825
2022.366187542779,652.3253036471239,146.38023693485175,4706.800202087623,3917.8592342173774,11426.31701483121,3832.6680314670425,4036.747893450214,5307.602494696308,9326.15790459479,10445.353099964615,188.39297923169983,34.206580957827825,456.3579141467737,77.52946959609801,505.94506671227214,77.56023932899033
2022.368925393566,645.7602528457361,144.54645171401128,4716.601676513182,3919.291571205161,11405.884108083268,3824.60724016614,4054.372276573987,5316.492634230264,8394.374583458772,9400.778092572687,175.75935628806934,31.684422602475998,411.2413266161432,69.92650467309475,501.21380113172484,77.61608103363066
2022.3716632443527,636.1222996857597,142.29254864852453,4719.176717349053,3919.669872005826,11385.397788360013,3816.53797231683,4082.349408621345,5326.865404344395,12891.783019902594,13396.132378447275,158.18324393497252,28.51599228346648,370.1166069672889,62.93379837767855,493.82975103723516,77.63125915899882
2022.37440109514,625.5202812678205,139.92100449257256,4719.176825492603,3919.66988505039,11364.80697144375,3808.4532490712186,4113.970035812012,5337.749558701394,11602.954511830969,12056.80640431363,142.3646603929167,25.664337829681248,333.1043399128172,56.64029665770624,485.59927677524786,77.6312601393232
2022.3771389459275,615.0949366505437,137.54946201509716,4719.176825492603,3919.66988505039,11344.095856499103,3800.368523131388,4145.534395373941,5348.6337271187,12914.412529003504,10717.193166468902,128.1281353036375,22.8127386013346,299.79376775657914,50.34691681993839,477.5454746354465,77.63768585641216
2022.3798767967144,604.8433524776609,135.24659019181922,4719.176825492603,3919.66988505039,11323.267725377678,3792.2536090782455,4177.042010668247,5359.479412995117,11622.972706676466,9829.95105770895,115.31530624369388,20.456571388035595,269.8143546448639,45.14693812489974,469.5967622858417,77.63940206372453
2022.3826146475017,594.5917702001519,132.9924778844782,4719.176825492603,3919.66988505039,11302.439592979848,3784.1179840390673,4208.549625343587,5370.297050341636,10331.531453776117,8846.950240266871,102.50249271333011,18.410899081272376,239.834977869206,40.632210837252885,461.5992923156737,77.6329770188864
2022.3853524982887,584.3820521011153,130.7446405080371,4719.176825492603,3919.66988505039,11281.583578114954,3775.979806945757,4240.043258307518,5381.110964811389,9071.733175018462,7880.367360385104,90.00361990352538,16.399396579370443,210.5901585055135,36.1928951147481,453.6374115930782,77.62685557539771
2022.388090349076,574.6104112361111,128.5356661647431,4719.176774592574,3919.669875305159,11260.436107942423,3767.825845360602,4271.390320245086,5391.901810485072,8140.84338705869,7015.149517434774,80.76812170276379,14.5988628399729,188.98062575282756,32.21913659992277,446.07474507136794,77.63081495717505
2022.390828199863,594.5271944426123,130.6232567580709,4702.157820372663,3917.17521770085,11239.16243827115,3759.645296040629,4290.194060929768,5400.917326816028,7326.7590250913,6313.633893238948,116.91114011224344,17.769785686996347,181.28952112778504,30.93867076331521,463.9039376845414,78.02905266923337
2022.3935660506504,637.8127028028338,136.1034192251791,4671.252365321623,3912.612780112147,11218.27897179822,3751.521948201785,4299.125374093514,5408.550849776465,6594.077450579178,5682.265541301532,182.06855427912,24.0930816163049,192.50004926067052,32.80966800945183,501.7092835776547,78.6609111692069
2022.3963039014372,697.0349453730545,143.90927747003076,4634.340913985256,3907.103136361633,11198.173973669876,3743.512170629449,4297.347480988005,5414.692312854465,5934.650983857644,5114.024775400419,239.2254131668248,28.34437263335058,241.88152001516477,40.29394178717445,553.1256679030237,79.35407996036551
2022.3990417522243,755.7266771010102,151.61642757382975,4610.000198073771,3903.234261502115,11179.10948331355,3735.654440059908,4282.488855527858,5419.139668179722,5341.071305811411,4602.614524235448,296.1313669524569,33.02782375072031,289.81610058632947,46.64601041840249,604.1102495271805,79.93766368610477
2022.401779603012,771.8346808101124,153.19289990569874,4606.020803049846,3902.384462418572,11161.077060090329,3727.9466890228937,4288.8205700659055,5426.548645968412,4806.956622990053,4175.329629570117,292.11024684927577,32.14428493499209,279.0215851156467,44.05545739213558,618.6417809044137,80.15210980868228
2022.4045174537987,767.2714163466704,151.8126413490966,4605.321477858099,3902.192601115254,11143.362670529315,3720.286351085641,4312.225449282099,5436.209003765583,26491.636159389185,27099.23774046825,262.8994348180805,28.92985855988882,251.1195677061604,39.64991147096889,615.4587749975739,80.21395843573245
2022.407255304586,754.8233398082136,149.32976586962522,4605.292188051138,3902.185178235375,11125.620767390816,3712.623996521036,4342.872618766013,5446.78955668954,23842.59536782216,24389.703962886364,236.61027934490463,26.036860016350428,226.0075436607227,35.68490029849691,605.4935739385884,80.2165940036291
2022.409993155373,743.4590465682691,147.00992887775917,4605.193395879498,3902.158950560248,11107.72007449951,3704.941290191936,4372.664297068905,5457.246227685631,21458.217604263,21950.244074511076,217.14687304679268,24.433682133876488,203.4056685441981,32.11569396770699,596.4491176905099,80.22622368288583
2022.41273100616,731.0693528515327,144.55975484421955,4605.1933345459465,3902.1589505231927,11089.679641669009,3697.2409356413978,4403.522384949693,5467.824656306765,19311.218869312237,19755.16356875724,195.4309126426133,21.990279195841094,183.0539449713993,28.90404249276063,586.5095980073131,80.22625975492407
2022.4154688569472,718.8548922844678,142.14615262600597,4605.1933345215175,3902.1589505231927,11071.504257756716,3689.522903131619,4434.340129453482,5478.384191034758,17348.916550498496,17756.678602797623,175.57265297485014,19.765684301938244,164.4529864759098,25.98003256613088,576.7087396584618,80.22602973817483
2022.4182067077345,709.61603153608,139.7368233786023,4604.974418066317,3902.1589505231927,11053.1522852015,3681.8028051580873,4462.577779212295,5488.941518255693,15614.023682197268,15781.162245921898,186.8967610399309,17.566656382354132,148.00768287696184,23.089628316854814,569.8792081574777,80.3081078824954
2022.4209445585216,707.8931248500236,137.32749413119865,4603.1848608810005,3902.1589505231927,11034.69661146062,3674.082707184556,4484.973816824549,5499.498845476629,14052.620976292194,13805.645889046174,283.9391848540846,15.367628462770025,136.0140715451881,20.19922406757875,570.5656307188249,80.60053286146926
2022.4236824093089,696.0949397874615,134.918164883795,4603.184854009623,3902.1589505231927,11016.26278443157,3666.362609211024,4515.633735787539,5510.056172697564,35053.85028675932,11830.129532170453,255.5457628326132,13.168600543185915,122.41265861120024,17.308819818302688,561.1767749036665,80.61785007013704
2022.426420260096,684.4933573912024,132.66143939887627,4603.184854009623,3902.1589505231927,10997.6828249356,3658.570246900852,4546.243177679767,5520.533160492653,31548.46596797117,11029.06702130854,229.99118558958983,11.80733155713562,110.1713922903216,15.519566695056056,551.8319179923261,80.61903187717022
2022.429158110883,672.8917750614113,130.4504151708331,4603.184854009623,3902.1589505231927,10979.102865390234,3650.757790865272,4576.852619554921,5530.984540756276,28043.08093929524,9926.159812154016,204.4366093063285,10.626597539822033,97.93012642920158,13.96760889306264,542.4413598905782,80.61346266880322
2022.43189596167,661.2901927316203,128.23939118085184,4603.184854009623,3902.1589505231927,10960.522905844871,3642.9453347267577,4607.462061430077,5541.435920884772,24537.695910619303,8823.25311002316,178.8820330230672,9.445864384108472,85.68886056808157,12.415652223557034,533.0508015507685,80.60769801361671
2022.4346338124567,649.6886104018292,126.02836719087055,4603.184854009623,3902.1589505231927,10941.942946299509,3635.132878588244,4638.071503305231,5551.887301013268,21032.310881943373,7720.346407892307,153.32745673980588,8.26513122839491,73.44759470696154,10.863695554051429,523.6602432109587,80.6017274778878
2022.4373716632444,638.0870280720383,123.8173432008893,4603.184854009623,3902.1589505231927,10923.362986754142,3627.3204224497294,4668.6809451803865,5562.338681141762,17526.92585326744,6617.439705761452,127.77288045654456,7.084398072681348,61.20632884584151,9.311738884545822,514.2696848711489,80.59553983176872
2022.4401095140315,626.4854457422473,121.60631921090804,4603.184854009623,3902.1589505231927,10904.78302720878,3619.507966311215,4699.290387055541,5572.790061270258,14021.54082459151,5514.533003630599,102.21830417328324,5.903664916967786,48.96506298472149,7.759782215040215,504.87912653133924,80.58912301357115
2022.4428473648184,614.8838634124562,119.39529522092676,4603.184854009623,3902.1589505231927,10886.203067663417,3611.695510172701,4729.8998289306965,5583.2414413987535,10516.155795915576,4411.626301499744,76.66372789002192,4.722931761254225,36.72379712360146,6.207825545534609,495.48856819152945,80.58246405129063
2022.4455852156057,603.2822810826652,117.18427123094548,4603.184854009623,3902.1589505231927,10867.62310811805,3603.883054034187,4760.509270805851,5593.692821527249,7010.770767239645,3308.7195993688897,51.1091516067606,3.542198605540663,24.48253126248144,4.655868876029004,486.0980098517198,80.57554897507619
2022.448323066393,592.7616531247622,115.00286816943944,4603.184854009623,3902.1589505231927,10848.246766934304,3596.058181828784,4790.834139947501,5604.126996794161,5465.029379689172,2348.575605661593,39.84055646630219,2.456374638389199,19.08459910870067,3.2286609251255225,477.75878495532277,80.59880095765337
2022.45106091718,582.8476211769395,113.08615347419706,4603.184854009623,3902.1589505231927,10828.429078093988,3588.122682194121,4820.993760735645,5614.407111124076,4887.9775011877055,2115.0879195627085,35.63368474806235,2.2107365003231463,17.069404860290827,2.9057939464082447,469.7614677027424,80.59764690368931
2022.453798767967,573.1334940335797,111.20138424835642,4603.184854009623,3902.1589505231927,10808.47627621556,3580.1769783172053,4851.088589757425,5624.665484226838,9216.221572266038,7810.410537492173,32.07031595823337,1.9896628493125412,15.362464223358163,2.61521455048155,461.9321097852233,80.59764689972191
2022.4565366187544,563.5812721268251,109.34802852423478,4603.184851406455,3902.15894996543,10788.416237430796,3572.221630673899,4881.128753052113,5634.902088152027,8294.599758610739,7029.369645525818,28.863292675699128,1.790702025029341,13.826242836530083,2.3536952081686864,454.2332436025903,80.59764688212923
2022.4592744695412,557.0634247741153,107.84684917669856,4600.769952257517,3901.8960103613417,10768.251953950195,3564.257189250406,4910.653683034356,5645.0585485271495,7465.139714333216,6326.432581156664,32.42110231096454,3.9403944977384153,35.212517046679245,3.0980874999001617,449.21657559741675,80.6401130678379
2022.4620123203283,553.6948068121133,106.7192180776796,4597.635294058938,3901.407642205936,10748.034289245008,3556.2895485723598,4937.802523900121,5655.070088459621,6718.617928245357,5693.788764953334,47.84174401921859,8.498076036700468,75.68944269955492,4.864872860504658,446.97558873443364,80.72598536870639
2022.464750171116,548.7550744095031,105.435478476914,4598.462410984547,3901.155331321285,10727.815866947603,3548.324934636446,4962.561461674528,5664.998652880947,6046.73550799672,5124.232028781219,59.27309956038148,11.172907680326174,95.11271425931814,5.683692604463107,443.3195959325891,80.78642305214771
2022.467488021903,541.0125492401588,103.84493169174856,4599.626535818819,3901.1015682217994,10707.570510528509,3540.360754340304,4989.813118428696,5675.035043061741,5442.056913866895,4611.796279428829,57.725804752805686,10.833550568964142,89.6200074888158,5.28345628991854,437.16761754841025,80.80544862820712
2022.47022587269,531.9958620567893,102.11418505996404,4599.626801147365,3901.101565769105,10687.251613075334,3532.391886000948,5019.57633773669,5685.162560485574,4897.821353142674,4150.602400349692,51.95431318617681,9.750239042007076,80.65826335853957,4.755106428278254,429.88167699682526,80.80545501516258
2022.472963723477,523.0950698907076,100.4084768479704,4599.626816232323,3901.1015657748544,10666.859600862355,3524.4169282720213,5049.29702703079,5695.271126420743,4395.664662249191,3729.460936959545,46.6275332313026,8.760924302743996,72.38848404858825,4.272625896789558,422.6865930427372,80.8049277029223
2022.475701574264,514.4946952092843,98.7509880498602,4599.923158732396,3901.103357972804,10646.353579317489,3516.434466345504,5078.534980757006,5705.337184947421,4263.68603612206,3756.13324757245,41.96494057497444,7.884828593081383,65.14963533504165,3.845361480102198,415.74370715942405,80.80621841791962
2022.4784394250516,506.528264736694,97.18282240424996,4601.632204331687,3901.124738772627,10625.760400876004,3508.446250029588,5105.813444071796,5715.300086109121,3837.317148007063,3380.5389314187,44.93328451501591,7.92000197522451,60.13838184088048,3.6710322235560793,409.345442332444,80.81393889149146
2022.4811772758385,499.5676199385419,95.75201454946396,4605.951858425403,3901.191331776514,10605.090873497023,3500.453782525893,5129.551862155222,5725.0846684637145,3453.581409003782,3042.482418323637,52.47165768470175,8.407207282925732,72.24628377317973,5.521328037442426,403.8156053890779,80.83302225207397
2022.4839151266256,491.7891231976786,94.22565436101974,4608.262013824882,3901.2789038159326,10584.361970068228,3492.4593654797613,5156.177006925405,5734.945773658874,3108.214827697716,2738.227580598607,49.43885918905571,7.695822215137026,68.31664594047622,5.496824404181413,397.56346883665884,80.84023214089162
2022.4866529774129,484.2281879022916,92.70764974750703,4609.490936280343,3901.333995949436,10563.56026757866,3484.461414796548,5183.738622254897,5744.834536822098,2797.3872058821626,2464.4706205584143,44.73785873298574,6.926170332415269,61.97225770478175,5.133933776753202,391.52053815478456,80.85455327391767
2022.4893908282,476.1577184020368,91.16252045997604,4609.49093825881,3901.333996340969,10542.689477267297,3476.460073051342,5213.107780088042,5754.808907463304,11928.20901956248,11807.063219476651,40.26406782068259,6.233546000991447,55.77502419368591,4.620539758106076,384.9951979420607,80.85455366219553
2022.492128678987,474.1901946337701,89.91469684288438,4607.626997918757,3901.304314889892,10521.741358965011,3468.4549002490958,5238.315262498638,5764.51948533372,10735.393832349073,10626.35740929166,103.67208873291378,14.4198863870039,56.93537240053624,5.001060011029401,384.2754977908857,81.03826315676393
2022.494866529774,477.3911864828334,88.90017007041773,4603.728163789557,3901.269073878345,10500.81782662608,3460.45086201976,5260.364537117706,5774.001191347069,9661.788530252994,9563.68577811313,194.13602200361387,26.03826254428272,63.37035405116047,5.923565838171264,388.49101641241566,81.37791970451165
2022.4976043805611,478.4881080715385,87.80886889437261,4601.757803933414,3901.346859185088,10480.00495953692,3452.451832865772,5282.478742474309,5783.441636370362,8695.587409304551,8607.076686213688,248.434895466802,32.75228798350976,65.23505497383559,6.3085118366525474,390.67923917716587,81.6486831306486
2022.5003422313484,481.8627435944664,86.83296630256355,4600.560846516711,3901.551884995112,10459.267406630255,3444.4565415681327,5301.466517274741,5792.635704449789,7826.012818606809,7746.36129048514,314.6686169475785,40.74456168116663,70.60920333336136,7.1075619079642935,395.02977729190286,81.97973023296406
2022.5030800821355,479.59300378633617,85.63235244357564,4600.992458974195,3901.7440966168183,10438.64286863498,3436.4668899937847,5324.3570826206615,5802.061658261417,7043.454946965933,6971.723816252362,317.9885773876154,40.77545248202941,67.0753580994433,6.865029762402624,393.9606513427605,82.14478698239606
2022.5058179329224,471.59978585256096,84.20514992741177,4600.992458838118,3901.744100406817,10418.037063723785,3428.4791179963736,5353.384005601716,5811.904528984993,30576.578474265152,30818.014604583725,286.18971445501893,36.69798429475504,60.367820140998646,6.178533258975896,387.3946359251492,82.14478622478906
2022.5085557837097,463.73979372192537,82.80173204932349,4600.99245826479,3901.744100590453,10397.354492960803,3420.489443692893,5382.354469068636,5821.725520982918,27518.923815145616,27736.219449022687,257.570890893302,33.028286494669,54.33103771289478,5.5606803193319445,380.93806167260186,82.14478611275393
2022.511293634497,460.3820558690617,81.66761955057049,4600.157854903363,3901.750377124476,10376.59758719042,3412.4982686060844,5407.731616053311,5831.272432034461,24767.029837673,24962.59729437514,366.0274290360519,46.07872188624641,49.52446634752581,5.118415088409788,378.71443631849115,82.26090298058928
2022.514031485284,459.1593675540045,80.6828547954149,4598.837019179742,3901.74221146706,10355.84158688363,3404.51008450719,5431.459040398774,5840.681446545923,22290.300783694493,22466.26650798142,506.7229255094053,62.81732295144739,59.68654085853045,6.599060573292483,378.4765127585896,82.42813704853243
2022.516769336071,459.5187818961014,79.81097754440326,4599.312141042715,3901.919248945893,10335.12207272899,3396.527373519866,5451.771918348355,5849.786897305427,20061.260188489483,20219.624126512204,659.095626619822,80.61671475527214,83.21396834247547,9.77128148187684,379.70780435169814,82.63161796889321
2022.5195071868584,452.5881577956727,78.52489269713931,4599.705597716851,3901.96611946762,10314.465314822846,3388.55200145808,5479.393743680791,5859.42938369275,18055.12943813927,18197.644177428807,593.189779956322,72.55509741000304,74.89307530926071,8.794165709974957,374.0632650985334,82.64981278352614
2022.5222450376452,447.858647536986,77.39694752706579,4600.548525006615,3902.080963648376,10293.749659498437,3380.577045266811,5504.423881974137,5868.8453408733385,16249.5559049964,16377.739001925856,560.6387059504035,68.299051144024,71.67764833599271,8.481741038975471,370.4617000099202,82.71844298358133
2022.5249828884323,446.95649123627726,76.54751545132905,4601.624406751873,3902.260881157788,10273.011919872302,3372.6051391734645,5525.415796155728,5877.91466153301,14624.57214501922,14739.947185921814,592.4805518644533,71.68388194249832,77.95961844646999,9.291683685196142,370.4089757849482,82.87360918741791
2022.52772073922,450.18441142336815,76.01427994785115,4603.741788501381,3902.562812171698,10252.315926238496,3364.640914770593,5541.194387852939,5886.538090425448,13161.996882851749,13265.904568901864,657.9573182649632,78.88901328904144,97.70815141306572,11.699801724438164,374.170131475517,83.11485737422284
2022.530458590007,451.1686040072004,75.3524886271018,4607.817036399549,3902.9865031390186,10231.730410483977,3356.689616246766,5557.148363125467,5895.155389302704,11845.72771359946,11939.212640908168,626.0438979933812,74.33969051033742,144.3241363106769,17.428803034100003,375.81611538009855,83.29837494058003
2022.533196440794,444.9120643490263,74.18712947854263,4609.531641488949,3903.1415568747448,10211.21774866255,3348.749081013061,5582.630859515665,5904.53412994924,10661.154139547942,10745.289691245764,563.4395500868692,66.90571949082724,131.79596981742176,15.931626686584249,370.7249348704837,83.32543991876472
2022.535934291581,443.1402349040818,73.3535923174724,4617.377199631061,3903.848771453946,10190.65701947093,3340.81087805184,5597.545760010119,5913.026555492335,9595.017108784225,9670.75546352998,507.9240939732813,60.21515434082934,161.92956828514102,19.621112359884687,369.7866425866094,83.44686703220485
2022.5386721423683,444.6643771408218,72.76789396307285,4637.294765579959,3905.5868820799215,10170.12307909379,3332.880529906141,5597.065892201617,5920.232391366459,8635.504711440106,8703.659367478791,478.8194352917072,55.91384016155609,217.4027503117786,26.27353461734895,371.8964831777489,83.63532189581541
2022.5414099931556,449.4446010210712,72.46159543748459,4675.223962771559,3908.8037564493943,10149.670780742706,3324.962143843968,5575.236669480838,5925.668101584751,7771.930267887329,7833.254950832251,462.8534117564249,53.09162107002657,278.39850749963966,33.46046087156126,376.98300558358665,83.87752455522602
2022.5441478439425,461.4924722923426,72.80113703537914,4733.675215691172,3913.6681195454926,10129.35419597296,3317.060350082563,5525.482030059701,5928.793890652163,6994.730296711359,7049.920572416122,457.7488033097975,51.33711933899593,338.5550424199737,40.52050293373572,388.69133525696344,84.22484841978924
2022.5468856947296,474.5794545467693,73.26963763373169,4802.830390088625,3919.420027769263,10109.293571247368,3309.185846778784,5463.728398133414,5930.875885133818,6295.102541566498,6344.875424949514,449.4515412580332,49.254231723766985,370.3347976286126,44.16427665972727,401.3098169130376,84.56114420214307
2022.5496235455169,472.17803434222674,72.49448870398462,4825.013964860587,3921.280304160247,10089.5064946522,3301.3407403908627,5464.1612201611615,5938.063764060498,5909.633129053197,6025.492437346261,404.508193447292,44.32885690336383,333.3047488264648,39.74808376192111,399.6835456382421,84.64678925503726
2022.552361396304,466.27707338580456,71.44624623940938,4831.738606950376,3921.8438394049176,10069.733615625682,3293.504210092021,5483.5383180543095,5946.812901579246,5444.960533351693,5578.559799847765,364.0480654188368,39.89582039592046,299.96660426566945,35.773140159992664,394.83082714639517,84.67729804499872
2022.555099247091,463.0289523707562,70.62466354542363,4842.520643545211,3922.746891932733,10049.916608212963,3285.6716784103296,5496.249309887245,5954.991863427109,4900.446740770072,5020.6686297497,327.6458447762091,35.905892158119265,269.9755203289215,32.19554668585172,392.40428882533257,84.74724675772043
2022.557837097878,469.8174956380471,70.6398175755082,4860.066886743541,3924.2187568961904,10030.099739200305,3277.846914271829,5492.159292434284,5961.757508572065,4410.362685292311,4518.58991755903,297.96149539985896,32.38886364994795,251.5395098581872,29.86749338119537,399.1776780625389,84.96441315375579
2022.5605749486651,491.1750385293022,71.865522565952,4883.319104551197,3926.163879871897,10010.450242041636,3270.043835915015,5467.626928894048,5966.817658962731,3969.3078478966895,4066.716701833975,287.2460022292706,30.721286205566265,251.5999722317028,29.643533464482505,419.3095159633502,85.36865334583473
2022.5633127994524,519.0358673975521,73.6347691800116,4907.671867341797,3928.193062385484,9991.210319310889,3262.282548598725,5435.081159965946,5971.208417151374,3572.346679675839,3660.02144967322,282.94054820155395,29.620653860827865,253.93528117366813,29.647057649365543,445.4010982175405,85.81316363564302
2022.5660506502395,552.9161234736714,75.90742331371517,4920.434640242327,3929.256495341323,9972.486282621616,3254.5718737664647,5407.590067678564,5976.010904894091,3215.000267109867,3293.8906253593664,275.4788293237813,28.209750148081817,248.4376092512414,28.759673125477324,477.0087001599562,86.27143971913314
2022.5687885010268,587.6979152912401,78.25669382563417,4919.128076957882,3929.153625595334,9954.377853034872,3246.920357481325,5392.6511687321845,5981.843920413303,2893.3947666764134,2964.4986237064213,261.45562942326285,26.237487164705563,233.79595637704287,26.865089123915496,509.4412214656059,86.68419747807796
2022.5715263518136,625.5009050873556,80.87272562129631,4906.587064068137,3928.106900854299,9936.90003142012,3239.328916223546,5385.294913440567,5988.293954616453,2604.028778024744,2668.0228582366763,245.03352160526552,24.110209863980543,214.03601770830625,24.421622189411707,544.6281794660592,87.07072604315385
2022.574264202601,688.5194851869564,85.61371782383813,4876.625975679972,3925.5647526708112,9920.098751444124,3231.801876898912,5369.466601705133,5994.050049922035,2343.544314447081,2401.2001585838952,240.0070579919329,22.88552901106956,205.87176898487505,23.282162613278004,602.9057673631183,87.56553450326957
2022.577002053388,677.0481609217171,84.18747968694505,4876.624380687499,3925.564486554797,9904.395559808592,3224.374452744243,5397.070612598379,6003.331878329615,2109.185994888281,2161.0620041421744,216.0071335739943,20.59701502068001,185.28482759660167,20.953978952400487,592.8606812347721,87.56551091249783
2022.5797399041755,700.9461783103803,85.71411403944695,4861.741612596358,3924.27724883785,9888.544366621712,3216.943675199287,5404.334456487741,6010.95115923902,1898.267221630224,1944.9529693154725,198.4958324799025,18.56022360417627,166.8357716888437,18.85891988701848,615.2320642709334,87.77165541496218
2022.5824777549624,736.9159882507237,88.24591160344254,4841.553850274091,3922.537410148701,9873.134779914264,3209.558588740966,5404.389895577104,6017.972186822492,1708.4474900797034,1750.4109611228707,190.91969993611764,17.333522794405205,155.56755339183903,17.44945355355954,648.6700766472811,88.02496987303547
2022.5852156057492,749.2049044767782,88.81448579318251,4831.403692812071,3921.656668121315,9858.366390938463,3202.2358504657645,5417.447425788867,6026.034992935338,1608.0034266739235,1667.252050735396,173.43596804247548,15.600382109697676,140.01163269096952,15.704390496320524,660.3904186835957,88.1455012824285
2022.5879534565363,776.6200245333683,90.63631069512024,4813.457003436889,3920.115563510665,9843.8438408118,3194.942820216583,5422.929445234125,6033.475202893229,1447.1988297632265,1500.5224973861225,166.76967832994177,14.652507745061277,130.60538000862087,14.472551425469083,685.9837138382481,88.32938788185652
2022.590691307324,817.6340766493133,93.57966888402068,4787.236601096289,3917.859814372625,9829.817438882685,3187.7000638603454,5422.590097387886,6040.458250198606,1302.4584272497746,1350.43927143874,165.83839200496655,14.190392975777335,127.21893812807056,13.81460806961328,724.0544077652927,88.55482280441238
2022.593429158111,872.2523110174988,97.63913100920456,4753.564089973514,3914.928663669235,9816.513169817788,3180.5262513106827,5415.376543207376,6046.931651326476,1172.2026211612554,1215.384699963982,169.69826496067378,14.119342836139948,129.10177610751597,13.63119212122037,774.6131800082942,88.80609087807326
2022.596167008898,930.0328394016856,101.94764438256472,4720.076210464319,3911.9352690992455,9804.154216410314,3173.439665673879,5403.870747739855,6053.131018159908,1054.9557329739405,1093.8255127758855,174.17690702065585,14.124912306312524,131.95965692623565,13.504305700329514,828.0851950191209,89.03827477230263
2022.598904859685,981.7678036522078,105.7445250350936,4692.5709453054105,3909.367262692957,9792.78734897859,3166.4432644130643,5391.435816079964,6059.326445174484,949.3811426245356,984.2865990811396,177.41680545679787,14.047942345985147,133.65241036231367,13.308485245364162,876.0232786171142,89.22917163898423
2022.6016427104723,1039.4592681093905,110.00529778436312,4665.780785701885,3906.743058808484,9782.319573210778,3159.53046487279,5371.430186994115,6065.030575849962,854.4309970153025,885.8551139881225,184.40641435731155,14.23650367109909,137.24834549652718,13.305116749864265,929.4539703250273,89.41706508765417
2022.6043805612596,1104.2654770856495,114.82221388927208,4641.161415443515,3904.137546525823,9772.84259695879,3152.707583920025,5341.148224528215,6070.069952980481,768.9838522695683,797.2636132841751,194.51429441738065,14.64256436325524,144.15235590375252,13.57948283411516,989.4432631963774,89.60193755288736
2022.6071184120465,1161.7840834730837,119.04336403453831,4626.711344889664,3902.231144587112,9764.469588993728,3145.9830613751988,5306.880596659696,6074.907627318753,692.065988770643,717.4771836657668,202.13224244132851,14.856369796594754,147.27704380096972,13.570316023205754,1042.7407194385453,89.75340033247268
2022.6098562628335,1197.7580081522483,121.51405457451168,4621.019192222042,3901.1398008338256,9757.080323497315,3139.347965277761,5284.415990144563,6080.591276629501,622.856552616463,645.7276238090375,199.74135517352929,14.422344755904106,143.95477610130033,13.063137150551873,1076.2439535777366,89.85487437800826
2022.6125941136208,1227.5897715926585,123.4805543098923,4618.616617133172,3900.324460393855,9750.300699300986,3132.772180284265,5264.194325989354,6086.44380232759,560.453308508588,581.1468946720236,194.77566223739092,13.853019410046883,139.55455364332911,12.477930262641104,1104.1092172827662,89.94122000954029
2022.615331964408,1235.420348711864,123.67585127070096,4618.666601928604,3899.952170658845,9744.04646076535,3126.24723426892,5262.995902610355,6093.573641117135,504.39690145761614,523.0299452837193,178.80330829317197,12.612898363267744,126.73033117927744,11.23993170070279,1111.744497441163,89.98916835070312
2022.618069815195,1244.4053056784535,123.93480521160944,4617.310553939116,3899.493422933972,9737.940728806076,3119.7434083832627,5261.90062559253,6100.705160786754,453.9551837242173,470.7189316573312,164.9075664658618,11.54170299682518,117.3335002261862,10.289955203015325,1120.470500466844,90.04063992285538
2022.6208076659825,1260.0262537010206,124.65787501082146,4613.274545252216,3898.8158830643697,9732.001483473694,3113.261705602992,5256.682831589244,6107.569233637416,408.5583293760672,423.63743105734153,153.86843068708987,10.684697773198542,111.2322539975997,9.604030587673176,1135.368378690199,90.10672399526047
2022.6235455167691,1283.7818027497835,125.92108110988876,4605.580438146539,3897.862788638879,9726.33877112555,3106.8097765377684,5246.7120019943,6114.138951029061,367.7003277484598,381.261654233931,145.33949476187703,10.010415304730367,109.30663557524744,9.24995007494974,1157.8607216398948,90.19139538820589
2022.6262833675564,1311.1094254751763,127.3662393529383,4595.839145168591,3896.787598532248,9721.086864578769,3100.396597672807,5234.805478793636,6120.610061757607,330.92268381803143,343.12936787516304,137.07737995000895,9.36938697966766,108.27089277294296,8.973101348282851,1183.743186122238,90.28561332271883
2022.6290212183435,1346.8081434746696,129.33388057981486,4583.043517955189,3895.4823133489463,9716.301167299478,3094.024998088913,5217.115985286838,6126.747205297924,297.79592462380384,308.80425753255315,130.23146065129956,8.82981743470027,109.50959469325008,8.871395999592496,1217.4742628948547,90.39700782873628
2022.6317590691308,1387.762503248867,131.58411187960024,4567.707063343561,3894.012596225695,9712.126935353086,3087.703707618734,5196.100212070669,6132.715881591575,268.0165921854486,277.91983293272216,123.59992137816874,8.307661461172499,110.92324209387542,8.794579981841883,1256.1783913692668,90.51825427106218
2022.6344969199176,1404.3747812363845,132.10219069333607,4557.491666012044,3893.075302555304,9708.647714404004,3081.4373135718374,5193.610452363752,6139.829390495125,444.4640606212967,473.6013839787335,112.59163291031732,7.518881142986221,102.87111287568356,8.073751875917656,1272.2725905430484,90.59352300694007
2022.637234770705,1396.850448665057,130.97054023530438,4552.613502222486,3892.660640198147,9705.454885487108,3075.196721210084,5209.633677641537,6148.044195672069,489.5710959019156,527.665654856479,103.68099626785607,6.924406722989303,92.58396377726416,7.2663712543746835,1265.8799084297525,90.62386811984987
2022.639972621492,1403.878731344838,130.80945719959038,4541.857444530783,3891.801489095568,9702.145451457862,3068.954367524552,5217.09878668271,6155.734683495894,440.6148874906023,474.9052068222026,108.11788550760038,7.245468606176522,83.97226621909546,6.5445783823609815,1273.0692741452476,90.6822822884223
2022.6427104722795,1415.6369176605017,130.95478379325834,4528.678993754255,3890.773349942205,9698.962163628035,3062.726418504996,5222.130238973401,6163.273345075144,396.5547991906743,427.4137986896671,114.23439365028,7.667563933333654,77.66898501784188,5.993415428149016,1284.6821338672435,90.74940882372044
2022.6454483230664,1407.163167540044,129.7641231884164,4523.108544023312,3890.3396835741305,9695.983608170764,3056.51796588204,5239.580894282071,6171.5340246710175,674.7829696921389,715.7918951146756,105.35575124809404,7.07036327427786,69.90207455574449,5.394071439856149,1277.3990443516277,90.77831724267871
2022.6481861738532,1404.711709413067,128.96298442655976,4514.904807692632,3889.724621295974,9692.872002453,3050.3066797581446,5253.775594457495,6179.589411834922,607.3162419992236,644.2163262283676,117.24286770082948,7.833382013061095,62.911788445322685,4.854657657833372,1275.748724986507,90.81925611053356
2022.6509240246407,1402.3383075099714,128.15665221192882,4505.874389871563,3889.081014733458,9689.728058090275,3044.0990568805096,5268.751258544383,6187.674873489709,551.8723827021859,612.5490328938281,125.18653846045068,8.333092086423049,56.69732973984113,4.3691720321529255,1274.1816552980426,90.86121718806305
2022.653661875428,1399.8539471983397,127.33110403632494,4495.931346360026,3888.406242222936,9686.553179951336,3037.895001529391,5284.781440506493,6195.807149526954,496.6821854447179,551.2930546324183,129.4692791969012,8.676330535236216,51.21041372827083,3.9322257331825834,1272.5228431620149,90.90397221144644
2022.6563997262149,1390.1336751449544,126.04743513714568,4488.79390038254,3887.9416333389504,9683.345582361217,3031.694186422165,5305.274656127479,6204.184142417344,762.4007734308311,825.9659311731464,122.8141047699325,8.253593803497015,46.08931111832636,3.539001649516678,1264.0862400078088,90.9327111923965
2022.659137577002,1384.8491398457363,125.0293478893518,4478.530136118867,3887.297994251636,9679.984788901284,3025.4889657788176,5324.611649150297,6212.4789893958,686.1715501046226,743.3709557122344,131.2802366599176,8.797941850581925,43.2014621319305,3.276264816626824,1259.8197919563845,90.97162685147934
2022.6618754277893,1391.7037289397529,124.7354564520826,4460.995092087523,3886.212009041493,9676.545113916782,3019.283777375859,5339.159679072123,6220.491954446175,617.5532073065243,669.0331908621071,151.59472446919003,10.108745844076184,45.75612273400253,3.397274434709743,1266.9682724876702,91.03721188222221
2022.6646132785763,1402.5161771006506,124.6788873151195,4443.330967866549,3885.096564972826,9673.229032305491,3013.090686845132,5349.755336743487,6228.28495818253,555.7944876773701,602.1271347375562,172.11765812169128,11.415989898431386,48.294799881254505,3.514852275903331,1277.837289785531,91.11034230115894
2022.6673511293636,1405.8721680752976,124.18366147388504,4431.606018813966,3884.329420789943,9670.102189873412,3006.91361699806,5361.679037253504,6236.152298053722,500.2112966472369,541.9109455345555,176.60183939159867,11.659902626876825,53.27090200673152,3.79804271467178,1281.6885066014127,91.16678853925261
2022.6700889801507,1404.2016327764052,123.39137388391728,4424.575679315425,3883.835478908249,9667.03982564942,3000.74521570536,5373.870176274929,6244.034828818082,450.17841537576567,488.2325864095573,171.54976726533542,11.280715187000428,57.2515465481824,4.01623717056084,1280.8102588924878,91.21270257748195
2022.6728268309375,1404.1198133159476,122.69557063443094,4419.84381163597,3883.4463697995448,9663.95816521324,2994.580508383097,5382.193423851024,6251.712348498532,405.15552334073305,439.39467436450497,168.33499917107267,10.997217569016996,61.48404043705371,4.279455815877094,1281.4242426815167,91.26174494007923
2022.6755646817248,1407.7934759031384,122.2278003910506,4418.484307630916,3883.2025409170265,9660.8835626242,2988.4211013288145,5383.381767857927,6259.011254678715,364.63884866937553,395.45237275299127,167.75432873630294,10.860920769439575,68.92528259490366,4.770328127503549,1285.5656755120879,91.31777476716618
2022.678302532512,1408.272024870727,121.58224367948242,4422.764241822963,3883.267250064447,9657.878329133924,2982.270737733827,5382.056418188582,6266.170365837844,328.1584465368784,355.8884871150582,156.99984770467037,10.084473243250306,79.58781144575774,5.451629181165036,1286.6897811912445,91.36656544103096
2022.6810403832992,1399.3386910941665,120.39737484990503,4430.09864654468,3883.5442782460063,9654.88958350611,2976.126502912098,5387.0719928712415,6273.650341307592,295.34143905632857,320.302656177406,141.41744489743317,9.07602093114201,80.59116637215058,5.490922312527957,1278.9413162442615,91.39612335339886
2022.6837782340865,1388.2026906982885,119.09330166747714,4438.451282534983,3883.886677453715,9651.760195291492,2969.979355843568,5393.412645491436,6281.187062350843,282.3297218083872,322.41790579507074,127.27517465145463,8.168375301324291,79.05925444789415,5.362502945479356,1269.1093890308114,91.42104373767124
2022.6865160848731,1376.3651335786776,117.75485823445705,4447.464556699862,3884.2695083580834,9648.456382526105,2963.8273155800607,5399.968641211556,6288.722615143001,254.1329368223565,290.17647337652534,114.74943209690804,7.388129559886454,76.75365099694758,5.182733280577064,1258.6102753442206,91.44450441517046
2022.6892539356604,1366.033965026053,116.49875883339904,4456.8917186628405,3884.673271341929,9644.96199358138,2957.6698412281003,5404.794936745927,6296.160325912173,228.71486125240003,261.14728669883687,103.95735307565668,6.719010794867516,75.01810683385615,5.037892914027972,1249.535206192654,91.47175240030161
2022.691991786448,1360.4289182509276,115.49870971576269,4467.418857021558,3885.120078747418,9641.305162598555,2951.5082838652243,5403.957576145158,6303.3030249871945,205.83572099974705,235.0313433454129,95.74060406826698,6.216185678025541,75.48493963930068,5.036236780406069,1244.9302085351649,91.51012536073867
2022.6947296372348,1360.3415741750994,114.78702382576458,4478.7062840085455,3885.596970666594,9637.564801113418,2945.346938209387,5396.925754719132,6310.12706461385,185.24233039701036,211.52716042115603,89.35156894666834,5.828858368133928,76.79319124173983,5.087377593976411,1245.5545503493347,91.56189695258188
2022.6974674880216,1361.6597133341538,114.13767347502264,4488.230167668484,3885.99706621508,9633.8327997889,2939.190573108463,5390.243633224656,6316.960584517034,166.70082487968807,190.3644598658296,82.86977711220415,5.424602432053699,76.66415395034218,5.047419509401159,1247.5220398591312,91.61775351379488
2022.700205338809,1347.6267480970682,112.68596303275322,4490.778882998048,3886.1008471927807,9630.13306586968,2933.040290749824,5405.855517051402,6324.886696340237,16205.37143837315,16269.295581563012,74.58280225328835,4.882142173108104,68.99774732542413,4.542677579378048,1234.940785064315,91.63819186641459
2022.702943189596,1346.4066519986625,111.9056575815944,4492.110796930023,3886.117400730565,9626.209593173862,2926.882663358411,5410.09507191364,6332.23597564502,14585.07391956118,14642.410086908338,1376.6283104878933,78.70693366539774,64.32908868182693,4.217478966210234,1234.5009944170681,91.68856916924193
2022.7056810403835,1354.6988908915573,111.6177250178481,4488.1377446319175,3885.8561390380537,9622.27652763078,2920.7289010312443,5410.136850861934,6339.3668322284375,13126.55709776533,13178.168730765608,2653.956875272398,150.59495670663614,62.73041030715191,4.115521344560283,1243.0811658737093,91.7606985752834
2022.7084188911704,1364.3559970239558,111.4004421437553,4481.2710130639,3885.462734122059,9618.492381169664,2914.5871849333216,5411.5585227586735,6346.547136116448,11813.842781082192,11860.175506932766,3544.2790920794687,200.0329407104124,60.26348271383918,3.957550434509272,1252.9555548802005,91.83494319761478
2022.7111567419577,1372.9095231214865,111.13043296695731,4473.699953974884,3885.0461116948313,9614.878936714502,2908.458631162564,5414.617400205325,6353.790221491232,10631.939643668187,10673.584688895644,4134.830639211017,232.13815557767924,57.17130633841448,3.7558131106810135,1261.779090154529,91.90548021589304
2022.7138945927447,1373.553557361491,110.4660815315784,4467.496218672827,3884.713883433451,9611.418583840088,2902.3423667331813,5424.065354141792,6361.330965617376,9568.7114245898,9605.661417868823,4275.138042689883,239.0655589127352,52.41117897399631,3.443043837292441,1263.0874758299126,91.95764293721632
2022.716632443532,1377.8033814589396,109.98852055665382,4459.177286044754,3884.2794068830985,9607.97846448943,2896.2318205198303,5432.002482023069,6368.781449356003,8611.708863153266,8644.632182394895,4445.779792230092,247.44202969341623,48.7716019480163,3.2016785787684503,1267.8148609022858,92.01711056622692
2022.7193702943189,1389.0542228633992,109.86561653512442,4447.251891119517,3883.6681781749626,9604.618587651998,2890.1300778481923,5436.464812381282,6376.045224757303,7750.492832507715,7780.136343555642,4482.00400868248,247.70553155102408,280.3500662921451,16.32610554032172,1279.1886063282748,92.09061714605731
2022.7221081451064,1398.8369786093351,109.67238690451376,4536.3474301972965,3887.37033160212,9601.45538148634,2884.0430043613737,5341.177623723224,6379.051274447577,6975.405745146399,7002.107981998092,4066.886331921056,223.23012572518675,698.141134562585,39.90377887603413,1289.1645917048213,92.15974494658087
2022.7248459958928,1410.340373730788,109.56858638413856,4815.204246714802,3899.3633182929966,9598.46393289395,2877.96938944092,5054.236760676649,6373.663603197533,6277.846651875119,6301.895146535148,3724.589727868448,202.40877303329296,1086.9614281763747,61.666235622978206,1300.7717873466495,92.2310536927837
2022.7275838466803,1418.0577010845236,109.28418757167442,5220.278803299348,3917.81337758773,9595.672415751922,2871.9106821420414,4644.6642938804025,6361.984550014139,5650.052015380965,5671.692656220386,3370.75959940915,182.22465436869652,1260.9779801784025,71.14966781997771,1308.7735135128491,92.2933892261158
2022.7303216974676,1424.7534158816227,108.95631966196628,5682.66924910018,3940.706269748292,9593.017132378787,2865.863826262876,4180.220675866994,6345.894281642448,5085.016903719749,5104.467268399929,3077.7888934854823,164.82227072432633,1475.245586857542,82.69402537165273,1315.7970962196564,92.352619165714
2022.7330595482547,1429.2302269564275,108.5285155880351,6160.792437138927,3966.911866389181,9590.480626449951,2859.828080076584,3762.149557339248,6326.580135261782,4576.440359531412,4594.004542198443,2794.8456975059507,148.59170119500388,1572.2339350365862,87.6451812054317,1320.7017113683924,92.40650571607706
2022.7357973990415,1433.4045200367686,108.09904722784118,6630.43459639955,3995.403350669571,9588.025839633248,2853.8017333074986,3385.933980479469,6304.972366110671,4118.7955679890265,4134.550159329983,2552.366480132615,134.4312548114537,1655.2632177148537,91.81017664798522,1325.3054728089276,92.45858055302712
2022.7385352498288,1435.824939714578,107.5955864979587,7068.089719995674,4024.787398026762,9585.6472771577,2847.784732478208,3047.3041599311605,6282.536680312655,3706.871705295815,3721.012953836163,2325.3800494162515,121.4352130095448,1661.7873764644223,91.75933065590144,1328.2293532166193,92.50635759820781
2022.741273100616,1436.2766564133187,107.00538170244212,7459.891028878746,4053.892897481877,9583.31526212699,2841.775816355841,2742.296695462856,6260.45820177542,3335.847521097832,3348.7790976963443,2104.5008440218357,109.36394918793904,1635.957340004323,89.84114345382245,1329.2712747108767,92.5498070845448
2022.7440109514032,1435.442183093599,106.36095381883509,7814.272789743102,4083.0506137656585,9580.997535216697,2835.773534630532,2468.03868654229,6238.375095100555,3002.2282957555944,3013.8023966478936,1907.590493753838,98.5764603994911,1628.0555964259397,88.85446170101055,1329.081229274764,92.59037005659046
2022.7467488021905,1486.1602490429243,107.9130284797782,8074.977443387352,4109.34174266094,9578.67226330014,2829.776973402416,2221.23476627693,6216.956352772449,2702.0054033980377,2712.41492716073,1716.8376811452342,88.71862007233256,1465.2814764843426,79.96938739614144,1378.2472205631461,92.73880265945255
2022.749486652977,1682.9211087974231,115.7713011928455,8127.291436242399,4126.461233955978,9577.198432591347,2823.822694032236,1999.1047107276256,6198.360768134525,2431.8017685413865,2441.185023582431,1566.6217729518844,80.1350960934263,1436.176573706899,77.84324079924772,1567.1498076045777,93.12081234303533
2022.7522245037649,1841.8911478814327,122.21409797527286,8056.245550751966,4130.56419160707,9579.008177275204,2818.015714506642,1909.7987439741337,6194.0498932266,8163.46265642161,8797.435456638717,1409.9594498200863,72.12158253299097,1292.5590150961696,70.058915834861,1719.67704990616,93.36474915383327
2022.754962354552,1927.0313290701376,125.68989266511753,7990.688232201224,4130.708792880343,9583.462252868128,2812.332006277272,1886.1897057432484,6196.541105492849,9978.64721491981,11049.302101725913,1450.7126599247797,73.31240664663598,1163.3018479208306,63.052905796681536,1801.3414364050202,93.47753766277545
2022.7577002053388,2195.9917908814414,139.21748890279798,7799.200487933473,4127.5753692765065,9589.323017175724,2806.721812458212,1803.2841238921064,6192.185026678062,8981.021617329485,9944.429014824387,2090.255688271205,103.91962414696036,1058.4601104936316,57.13286040780282,2056.7743019786435,93.66038208881838
2022.7604380561256,2661.901570571593,165.59099662976865,7455.289858773907,4117.693059207171,9599.650452380298,2801.3523613302145,1671.3854381569408,6181.491180148429,8082.912528985694,8949.943076221969,3257.391453482008,158.08428851973338,1018.351778204314,54.54945450143265,2496.3105739418243,93.77922164889775
2022.7631759069127,3102.5946455526887,193.34399656023984,7113.576153250118,4105.351460730995,9617.668989193782,2796.430744187927,1554.8154318861566,6171.429295836421,7274.086404396109,8053.519416420109,4414.584863068851,210.47814488924607,976.557887342874,51.90978955584191,2909.250648992449,93.76831269797418
2022.7659137577,3499.703512177573,221.21979345473096,6792.504339348453,4091.499515666554,9643.02827679468,2791.991657272815,1453.8469915620412,6162.272430921482,6546.668394592923,7248.161304938069,4941.942072497926,233.561301925216,878.9016146021279,46.71879480200785,3278.4837187228422,93.67889900715949
2022.7686516084875,3843.063398500624,248.2161716706676,6498.569575680774,4076.456365478701,9674.876025882151,2787.998554576286,1373.002019819192,6154.740205589929,5891.319708264565,6518.141134736163,5329.787560658119,252.16471545555385,790.9199148201865,42.01337230232498,3594.847226829956,93.54118977668936
2022.7713894592744,4125.28847906398,273.1758074599407,6240.763814389941,4060.8412856526497,9712.412052328807,2784.495348400169,1311.4745741000113,6149.326755802824,5302.08865111136,5866.043464041223,5370.756956918454,255.76864118555775,712.4112282637078,37.810257861244125,3852.1126716040394,93.3780192864979
2022.7741273100617,4361.908349085696,296.9174949141041,6013.99467772011,4045.060736392076,9754.557285164698,2781.4195231975464,1259.9065079122254,6144.869342811854,4771.87687808163,5279.438972418089,5892.924920825781,283.681444673145,1041.786754589151,53.29017872998893,4064.9908541715913,93.192945125123
2022.7768651608487,4469.528423782248,310.4222728863112,5910.9745642405205,4038.943709277241,9800.53070445003,2778.747800533348,1209.761027409923,6140.581214618677,4294.685883969678,4751.492154850381,5872.291609245905,285.9115826976516,1161.2272973026156,58.67746053575881,4159.1061508959365,93.05469742099497
2022.779603011636,4610.457549460633,328.91784605616203,5808.994794346751,4033.885702866981,9848.172072034413,2776.30837856977,1123.598204040931,6130.010969822664,3865.304855831137,4276.322429064418,5982.239533471188,296.9255843053608,1458.2589115820938,72.14552438791505,4281.539703404471,92.86583072227523
2022.782340862423,4641.864913593247,335.68443039117216,5776.837516544301,4034.773823475149,9898.031118871364,2774.1839514493167,1074.9169708738148,6124.908591999945,4048.890511595621,5688.253015455323,5585.966699024296,280.9525622177531,1472.9642813699018,72.27536751828644,4306.180483202075,92.76832831976319
2022.7850787132104,4644.993001381867,339.4372042542152,5758.514087187424,4036.542686154704,9948.27744332586,2772.17815664777,1040.2938879875717,6121.820650258894,3644.764349637136,5119.473811170057,5196.195503845825,275.6961133310978,1453.4213231958336,70.77292078277702,4305.555797127651,92.692406551458
2022.7878165639968,4637.036884585724,342.2846851045301,5747.255547954298,4038.703500279036,9998.43847552021,2770.240430215488,1009.775411822482,6119.177981716528,6359.534802209623,8855.943802157874,4779.482822373009,265.6106425525095,1441.1286433075554,69.740120480094,4294.752199481194,92.61846102103823
2022.7905544147843,4614.894830761151,343.7834727700387,5741.972827835247,4040.850298088463,10048.329446805365,2768.3554596007,987.737114480952,6117.84526685638,5723.655806766661,7970.535356887798,4815.064569768676,283.2156247746819,1404.9486443218582,67.7849282286901,4271.1113579911125,92.55056755619853
2022.793292265572,4545.0825336818325,339.042599696663,5741.928479186823,4041.209851991888,10097.71478139363,2766.500647091549,1008.6363256204218,6124.509298535478,9478.840640377932,12114.589976012488,4333.584286650385,254.89455549964816,1264.4584711650923,61.0064718266034,4206.039933985169,92.54045229796927
2022.796030116359,4478.330260980119,334.7234541634358,5742.650322884631,4041.69915566432,10145.801186788269,2764.571903653853,1027.0082492296856,6130.69578383397,150719.55352175562,157249.65712747426,3919.4319694621454,232.7559006722516,1138.0133327821293,54.90583700120813,4143.606806816683,92.52570858652619
2022.7987679671455,4436.003821983008,334.17055741446376,5747.754452230614,4043.563212805012,10192.643340744888,2762.576458543665,1017.8163049241906,6131.807968552439,135648.92686632846,141524.7841834502,24724.103778304485,1324.5925471286307,1119.626481799435,54.443453529050565,4101.833264568544,92.46685596260193
2022.8015058179328,4383.535311370247,332.01258758915,5748.009203696579,4044.219231927967,10238.651991223122,2760.577265459592,1024.4493135927598,6135.737012338872,122083.48524812527,127372.20010675804,32087.368815214835,1713.4889238796948,1026.8966552593304,50.19062753909639,4051.522723781097,92.42591734739861
2022.80424366872,4368.395665518524,335.8440061148988,5734.904908306258,4043.240664243668,10283.659871493348,2758.547584212065,1008.113274564582,6135.341742744949,109875.05569909127,114634.93317554552,49468.22198306493,2640.0012359628704,1062.0061780386943,53.67275496141113,4032.5516594036253,92.31196000019301
2022.8069815195072,4366.75855519285,342.2082475624954,5713.669450211918,4041.090439563128,10328.292160891351,2756.586890857058,986.781453586588,6133.516319332901,98887.20698885374,103163.57114496664,63592.051471925806,3409.40557167677,1113.9151031423623,60.36306839416502,4024.5503076303544,92.1633348114576
2022.8097193702945,4370.560915719395,349.9484678679188,5689.334175676779,4038.892671553415,10372.775310725116,2754.737776046966,963.2591177614154,6130.250881847284,88994.58211358072,92844.20058793842,73155.02756548984,3950.3125276215246,1190.874042709209,68.52829198610293,4020.612447851476,91.99305364651765
2022.8124572210816,4379.848442881767,358.97140835127686,5668.0824613355135,4038.28590043248,10417.19945086106,2753.0229811838512,931.2270648043616,6123.977407347973,80094.77380817321,83559.45306810977,81505.69617154307,4444.46577831545,1401.444136684926,85.56373368704614,4020.8770345304906,91.80402214750866
2022.8151950718689,4369.848616534697,364.6574525958607,5660.500899855808,4040.8356777470954,10461.656639807688,2751.4632729617674,904.7791636845257,6117.729194010861,72084.95656355526,75203.29035720575,82811.74322127823,4558.690506936212,1519.264699887161,95.1003721375364,4005.191163938836,91.65514678892846
2022.817932922656,4362.282111643962,370.9253617685913,5658.352713962065,4045.559915958315,10505.825571608368,2750.00251253388,870.7528226683153,6108.625707054797,64875.92080714379,67681.8721288514,80654.176518469,4497.587290136626,4436.79713290379,250.1461554685717,3991.3567498753705,91.49698822140586
2022.8206707734428,4382.103649260901,382.239390565334,5834.1828330929175,4095.8884110138174,10549.747190679003,2748.6503468197307,783.6776336018552,6048.763248916699,58388.32590355045,60913.6736965648,74984.6987817144,4294.237995588653,15169.9069846147,816.4505105389513,3999.864258695567,91.27726267657307
2022.82340862423,4394.778767558465,391.7785230696399,6581.856244929543,4301.163859321008,10593.878780049476,2747.490379700896,705.3076111393725,5835.536535224036,52549.32499727549,54822.04325813205,69688.57818002324,4109.050564459367,23754.323758382165,1273.1448444321709,4003.000244488825,91.08536416072444
2022.826146475017,4381.15863063271,396.3144485687613,7387.757275627896,4535.30318168308,10638.100753730443,2746.492583349649,634.7756627350327,5598.286983714094,47294.304037834445,49339.585373662216,63163.25659277439,3807.3272901913247,27024.92011485384,1449.2495537907205,3984.8441820639487,90.9541178035015
2022.828884325804,4383.874244933468,403.8770194554324,8497.550425020047,4879.325348396178,10681.974705254515,2745.573143879872,571.2956141664106,5248.049585584102,42564.68868931071,44405.32542880077,58458.65230800278,3618.7124373197216,31392.11589903708,1695.7167089937163,3979.9972254780355,90.7872124771325
2022.8316221765915,4400.107052435084,414.269967866692,9917.052117812804,5340.459398133681,10725.77361631202,2744.7822601737707,514.1639831862665,4777.741371141442,38308.06562643163,39964.60420278165,54801.46676178241,3489.550079502083,36146.09106821669,1979.5631987875804,3985.837084568392,90.58500252539471
2022.8343600273784,4374.819057610959,417.25837635707103,10691.927584454605,5598.066582215386,10769.72300887742,2744.1667629503936,462.7469048524839,4518.189175792732,34477.13512635815,35968.02910714141,49321.40979516688,3167.095341701837,34679.0175075261,1907.9556722095967,3957.560681253888,90.46227121939687
2022.8370978781657,4301.9062121917295,410.3043109197133,10691.941583517091,5598.072311261246,10813.130665141383,2743.6027964375294,492.6794052532886,4526.129378697095,31029.353928561824,32371.16657732405,44389.17199360253,2850.3818076432444,31211.12461514173,1717.1616326229664,3891.601901272016,90.46226740701833
2022.8398357289527,4229.156794701978,403.4011892187864,10691.941583517091,5598.072311261246,10856.357919736123,2742.9883353920345,522.6294681483005,4534.074861443515,27628.236408836096,28933.209340136986,39523.68910647855,2547.6590673011906,27790.090662360104,1534.7919664398844,3825.755605483191,90.46142744756727
2022.84257357974,4158.590703715752,396.67709523382126,10691.942684120864,5598.073132881357,10897.18851882502,2742.1974558726984,552.7926119688594,4542.016913327704,24842.89944312681,26037.45065439509,35539.11366487837,2292.6785090112858,24988.43643665168,1381.1834569690532,3761.913608481931,90.4612614345676
2022.845311430527,4139.363839825595,402.8707459800942,10904.35235493527,5661.395138848842,10936.643075974893,2741.295878543629,497.51340486677776,4473.830733943017,22358.60450357765,23433.68584725,31985.19515243412,2063.4094395625007,22489.688242401367,1243.067215440021,3736.493093845501,90.26732702006043
2022.8480492813144,4511.937424959151,509.8848429539702,11078.01105656472,5742.941873394104,10975.669328535389,2740.4999857225903,447.7644141300926,4286.493695244915,20122.736586311377,21090.36211970793,28786.459257203,1868.8659728226523,21980.322801688824,1240.5814149272403,4002.0525820051807,88.69920402412083
2022.8507871321008,4436.869542239327,501.3875713621128,11078.00393851736,5742.941949475865,11020.788059351376,2741.4898151727866,478.2476058906897,4294.42896130482,26792.14351289971,78963.47396780859,25907.294451475973,1681.979114197183,19782.49796735296,1116.5237379018256,3935.481970877214,88.69951963678747
2022.8535249828883,4538.549519061924,544.3626032710202,11000.1594292718,5723.252851040544,11064.541956155155,2742.3353444893028,430.42286966705166,4270.725398514718,24112.93449251379,71067.16156887934,23316.583859060083,1654.722053574989,17804.257279198893,1004.8724143020784,3994.1869157909036,88.00580227262707
2022.856262833676,5337.367211367187,805.8081573705435,10506.725762732536,5588.985490355169,11109.86885456962,2743.894766557982,387.3751770605144,4142.415683031893,21701.33821171241,63960.40065468715,22814.02628953449,2540.074177243924,17064.45452635608,985.0733594261884,4531.559053996643,84.90251606345569
2022.859000684463,6413.143714735502,1166.137932097336,9762.651290403674,5380.9919023493085,11168.37925654524,2749.806511648804,348.6351392606149,3984.59565122014,19531.063211105447,57564.21840074465,23989.282301581843,4172.509538295171,16777.90260360588,991.9165724449324,5247.005782638165,81.81643848994219
2022.8617385352495,7471.364986237992,1535.0857291054583,8991.480540877885,5162.498733336751,11244.64294865883,2761.700736029474,313.76645024546133,3822.674698843902,17577.666973744927,51806.97517447376,26205.572974352297,6386.442601265817,16369.112911301105,986.7352129474252,5936.2792571325335,79.45374463792044
2022.864476386037,8357.738960473196,1845.686209326775,8310.893506220413,4981.034196778663,11338.290635588304,2779.71246097851,282.376235967694,3675.954930231635,15819.140106460543,46625.64383136872,28439.427558436808,8663.66454326024,15655.267723092864,957.6628520958516,6512.052751146421,77.91644106072587
2022.867214236824,9429.817326602502,2195.4135061639686,7480.994019544342,4782.401529468151,11446.51210096786,2802.8556937756857,254.13636908968385,3502.1449679077805,14237.100423836033,41962.82141409929,32253.88986572401,11792.84526025454,15375.06379049865,962.1318856235736,7234.403820438534,76.7183877468074
2022.8699520876112,10465.847713901849,2514.1069471973697,6732.856736055624,4608.106006435008,11572.30569600899,2831.740042681174,228.72117004733465,3329.2906010020347,12813.302868398332,37764.370213082766,35662.83907563103,14734.36037663286,15520.42291133422,1175.4588074387257,7951.740766704479,75.97799035564155
2022.8726899383985,11164.472140634423,2736.379905627385,6113.407285490298,4518.6627544019375,11715.027956714785,2865.8775590541795,205.84851426490656,3162.751278232087,11531.942398424262,33987.44580450643,36967.4080818698,16357.555536062537,15280.264019451331,1447.106996165226,8428.092235007038,75.49028855857854
2022.8754277891856,11544.386697640186,2877.691507457879,5716.7939914908175,4489.01735592038,11869.003654519052,2903.6316350388565,185.26307929618127,3013.758898898472,10378.715467670949,30588.64511590568,36214.62585049847,16687.678499993763,14474.44332377189,1600.5360765477265,8666.695190182307,75.07280739265157
2022.8781656399728,11834.509760836889,2990.8307752519668,5368.43720526032,4481.58608343491,12028.837582860391,2943.634229641756,166.71771926769023,2868.4762089869573,9339.77659376012,27529.210752303,34803.25463500313,16536.677076681128,13632.34579655774,1743.2428342855433,8843.678985584922,74.72788619306131
2022.88090349076,12048.974728125258,3080.611144374473,5066.379331107833,4495.640268717515,12193.092900201696,2985.412215615985,150.0329612795206,2723.29156860762,8405.071435754402,24775.52444753857,32930.2425488555,16021.329883742435,12958.455474854298,1962.355389814977,8968.363583750786,74.432586889044
2022.883641341547,12267.994346678091,3186.4948215517634,4761.023755310779,4539.149787315815,12360.499748828604,3028.575954435216,135.02770912632118,2531.1626010818536,7564.454712711934,22297.858676491334,31421.61917445216,15616.431936282095,12971.321826527754,2474.2630691203185,9081.499525126328,74.02595133723226
2022.886379192334,12583.056139585373,3347.157439563038,4387.604055678808,4658.68462781003,12531.101519629978,3073.386573249652,121.52474133462516,2278.0456198947145,6807.998211980396,20068.04875509266,30703.57208103676,15591.390451871112,14216.010492559057,3555.27154231688,9235.898700022335,73.39948735479987
2022.889117043121,12835.255724495895,3498.6554879213068,4071.039340712444,4886.015479830574,12706.482875187245,3120.750280022637,109.37100775266494,2050.2211115718383,6127.127834589219,18061.068164260327,29286.150817475544,15157.319005202222,15540.96776990852,4687.726399854684,9336.600236574588,72.74183262866998
2022.891854893908,12989.593892945955,3619.703208047408,3833.881654426198,5179.493538414577,12885.587329410151,3170.510404254833,98.43460033176416,1845.1969557066952,5514.338371177749,16254.894331337538,27538.23205286548,14522.488908895644,16069.873184847418,5382.921232110251,9369.890684898546,72.13382313658704
2022.8945927446955,12835.086928565011,3592.1973527756986,3795.450891840178,5241.263729589021,13066.777139267082,3222.14562016546,110.61056245038958,1759.8949901180156,4962.891501507491,14628.748056624818,24784.37376897581,13070.590456823978,14462.90059153994,4845.640979854705,9242.889575789313,72.01267609040406
2022.8973305954823,12621.170190106795,3532.3559159627075,3795.449910996436,5241.321281300184,13244.896298230267,3273.189164105031,146.83704158168078,1769.063231280276,4466.594579114242,13165.498013162704,22305.897578448905,11763.19638151422,13016.588406852983,4360.953062955158,9088.814274144088,72.01245318178522
2022.9000684462696,12513.331435360662,3556.549584171877,3751.481995058956,5308.948292511313,13418.961750708017,3323.094559854686,132.15334018904804,1627.7650561103192,4019.93508331499,11849.390618100211,20075.30763139454,10586.82630835332,11818.484437758309,4105.768010182949,8956.781851188785,71.57791590078371
2022.9028062970567,12395.210021731686,3590.492939938905,3709.630674057058,5348.199182007802,13590.766108944614,3373.2656278114628,120.79496467327336,1504.8276428900238,3617.6840306959616,11961.835282314882,18066.490707982928,9527.971619400285,10756.495362698735,3869.730791350003,8804.71708179278,71.0332222395269
2022.905544147844,12242.862285370606,3599.367768080439,3683.873152949015,5360.905465536145,13760.118982066995,3423.864865157274,129.9752490200215,1433.075193874335,3255.99372595368,10766.134661639377,16259.758047116182,8575.05379991024,9680.801961407393,3517.198904125472,8643.494517290166,70.60027562033888
2022.908281998631,12063.23367599021,3577.64891215551,3674.0394804313382,5359.891803881848,13926.46774416221,3474.473876150083,153.5166688228719,1405.6266004607508,45383.24719438178,58448.44927323339,14633.781432951591,7717.5471554746655,8712.721283334138,3165.4785565803254,8485.5847638347,70.34253825923804
2022.9110198494184,11870.312473146789,3534.355079243512,3671.793400588976,5356.04583670605,14089.367145082391,3524.5822601558657,186.21245130470248,1403.0859165427662,40845.51655584825,52603.6099099586,14576.214511413837,7037.553510542259,7841.443224127224,2848.933689322414,8335.957393903276,70.22525660348884
2022.9137577002052,11756.993952301464,3698.9575400623216,3658.105442589444,5256.169966001092,14248.60476329388,3573.831807021769,167.5917396587562,1289.537679563009,36760.98222133656,47343.23661494237,34741.40248286515,11432.751191304047,7552.759184621652,2924.1744751650094,8058.036412239142,68.53823728183308
2022.9164955509923,11608.85184667465,3795.321774815078,3645.5571933897945,5165.12251182607,14405.518079216798,3625.689227375924,171.79795308112986,1232.7913786311194,33086.04263878637,60848.39506703799,40639.12060667106,12587.987638033625,6821.799436780019,2722.5629783178224,7813.530071859572,67.30665680859519
2022.91923340178,11440.171238738649,3826.39581014182,3638.461851956468,5103.115647223387,14559.531862488471,3679.010944364841,193.98801917878623,1210.830390918143,29777.426714711302,54764.575384716976,39600.2246103343,12761.193664598211,6139.617173843677,2450.3065949793213,7613.7754285968285,66.55298482609335
2022.921971252567,11268.0262168212,3830.96245249946,3633.778431034776,5056.764817645412,14710.31875881601,3732.704220655431,220.4574656903889,1199.3492018478871,26799.018485338223,49287.29125539805,36964.90777057921,12239.127847789969,5525.518229532739,2205.240914663641,7437.06376432174,66.00147728818291
2022.924709103354,11139.960625333117,3942.4055265595616,3615.2870628088303,4938.555945856201,14857.81770951766,3786.327025642636,219.94337470277551,1152.920094589792,24119.047949767264,44358.42568855376,40752.86659781795,14311.11191157914,5056.46470899596,2092.778577600565,7197.555098773555,64.61023823015827
2022.927446954141,10964.904538535478,3904.747921664925,3611.482456351968,4919.9156038724,15002.777647511017,3841.6602333988,254.2720299639135,1154.3127337120643,21707.113862824463,39922.56804341414,36677.94447947775,12880.016115386808,4550.81591402787,1883.500676092414,7060.156616870554,64.38867380977254
2022.930184804928,10835.985254292636,3989.719831518011,3601.2545564781394,4822.076160209323,15144.422851711674,3896.214443989619,252.20190987993809,1113.0539569312364,19536.380965487908,35930.21156463886,38339.99665410681,14274.051616204648,5156.888604624975,2046.7137377955607,6846.265422774626,63.180830004013735
2022.9329226557152,10716.044305413565,4087.085794001838,3602.2081079299887,4726.990805946968,15283.53123615625,3952.035101375367,232.50882286258087,1055.3805913240153,17582.72578332649,32337.1547880824,35583.518519844096,14837.988712250291,10873.204658597944,3404.461340189961,6628.958511411727,61.860126017423134
2022.9356605065025,10596.247276978233,4155.523603568105,3657.5858536843743,4693.822842791193,15420.260591543698,4009.3236832302255,209.2615127495248,963.2500630586704,15824.346065198864,29102.945199574635,32746.46292541054,14968.17929950938,14533.780151978786,4277.097663966071,6440.723673410128,60.783063145416236
2022.938398357289,10469.695212109444,4182.231138705135,3715.9812245578646,4691.472237928109,15554.618949165488,4067.597788406089,188.33386575330687,881.0469276088592,14241.798325334756,26192.59376534385,29552.5581265276,14310.305128348651,16061.213407925308,4711.88094635409,6287.464073404309,60.053936108207914
2022.9411362080768,10336.671798710931,4187.910734814834,3766.610130532252,4696.630178743166,15686.500402406977,4126.15721767718,169.4988509422325,812.0778653480912,12817.495365686384,23573.0086499218,26597.06931967786,13110.41245272986,16384.54723095561,5066.823254766956,6148.761063896098,59.48492110064769
2022.943874058864,10212.736117423674,4208.079823562525,3828.384902758262,4710.598803032565,15815.805104262738,4184.651262046973,152.54637113307783,730.874069172755,11535.54961689316,21215.41926922659,24106.91258481278,12194.42511119157,17144.66079306103,5664.510180769059,6004.656293861149,58.79576466894867
2022.946611909651,10079.71998121667,4201.20526370548,3873.353444224252,4730.199663505152,15942.687177739748,4243.32103398638,137.29137537317905,659.9061445494756,10381.998354515814,19093.758875347583,21696.169555275483,11095.87528987574,16742.25159491175,5749.330303396242,5878.514717511189,58.32021850275274
2022.949349760438,9926.678626773786,4153.321115206367,3886.870570219136,4738.000218013126,16067.003939885415,4301.715584837792,152.9267427473359,642.0230876891969,20132.753260621776,41487.20238329302,19526.550331192007,9986.287680112742,15068.040671542143,5174.581945245515,5773.357511567419,58.160012312635786
2022.952087611225,9783.399075685067,4114.734400584582,3908.54345921256,4747.625843634575,16188.42977620264,4359.1521757903,153.53592516119247,613.9754866998048,18119.703824027605,37339.00572640704,19033.37760557888,10076.880618218256,13740.777408611468,4827.088058367779,5668.6646751004855,57.94166864958993
2022.9548254620124,9669.033790680956,4108.689851150146,3950.157084915875,4765.898556700574,16307.134866233404,4415.788208240545,138.18268563458824,552.5779084316479,16307.711157743555,33605.10077623922,21221.855212106377,11806.385357351308,13813.96458916162,5103.2264452082745,5560.3439395308105,57.5067174228917
2022.9575633127995,9560.59929125836,4101.164847819164,3979.783071836584,4782.203925673446,16423.716839790726,4472.173825517776,124.29036592806789,497.1883088615937,14668.145859757433,30236.56816458893,22545.18035294745,12917.830535682528,13630.278910866942,5254.531008037204,5459.434443439197,57.10347518100646
2022.9603011635863,9423.522252683477,4054.441273107529,3977.030838720336,4779.739750442823,16538.06388191578,4528.274052567119,150.20086362927395,490.7037769011933,14975.900394215929,30975.412199438226,20290.73094179004,11626.06605388896,12267.266455988733,4729.081452392906,5369.080979575948,56.9753096093876
2022.9630390143736,9296.894296522072,4013.652142509548,3966.632690020807,4769.017632572304,16649.814345079296,4583.44201966692,175.90440532669038,487.47495826989285,13478.56580357723,27878.003428387456,18261.52568093548,10465.085389378874,11040.459904039328,4256.163379878321,5283.242154012524,56.82803294847572
2022.965776865161,9160.617861314424,3962.969584770924,3959.894629967,4760.931023952182,16759.14771254952,4637.7830726398815,210.01343311791504,492.33097165567415,12130.643613773718,25088.62785100432,16435.34989646372,9418.02529187076,9936.364577785354,3830.31152281264,5197.648276543499,56.739057946007456
2022.968514715948,9079.792324312855,3962.113574270582,3939.708593433801,4725.455487856533,16865.910225705178,4691.12700300422,204.6903934970233,475.7464878873276,10917.529401828277,22580.34005028347,15789.024534801563,9174.91260416712,9048.187955571431,3576.8567506445743,5117.678750042273,56.36338990197742
2022.971252566735,8928.46270169302,3896.077433341016,3939.7085234906463,4725.455980501612,16971.0321633823,4744.309885497063,251.32604838289092,489.0271536789695,14317.281214380077,24379.9289691216,14210.124802730605,8257.402339680148,8143.367316980808,3219.1601973065635,5032.385268352005,56.36340136581139
2022.973990417522,8779.654990472869,3831.142902864039,3939.7085233773073,4725.45592531508,17073.343897170555,4796.246401144412,298.2499259281307,502.453123695126,47302.36864139347,56906.408088968186,12789.112299692477,7431.662244067424,7329.030572106614,2897.244719428987,4948.5120876088295,56.36340030421064
2022.9767282683092,8671.101128147768,3804.386088201449,3937.7440687146914,4703.544677085665,17172.89520121498,4846.958383654556,309.64485160443775,500.8371040769832,42572.138372894806,51215.77231314295,16797.45907455789,8210.724391758517,6854.541478686204,2843.396819231817,4866.715039946319,56.12568655378948
2022.9794661190963,8616.781541671053,3822.706552685669,3934.284178498741,4658.867016829512,17270.364627639316,4897.085514912629,278.6808088460675,477.4950685908435,38314.90130740993,46094.16152257314,27517.319231938163,11268.894570489216,7376.789822759967,3347.2581358597245,4794.074988985383,55.63649218447829
2022.982203969884,8562.96260165343,3841.358021990669,3936.3602711193575,4621.978212929075,17366.664438175754,4947.380511432887,250.81787306284184,445.8653066660204,34482.375409568645,41484.42005597285,36147.114359797095,13748.351436315565,7837.897495006073,3792.9992825256327,4721.60457966276,55.13984819635978
2022.9849418206709,8458.06134495366,3813.654894958981,3939.820723602911,4608.260127965578,17461.80093530261,4997.848647626215,257.55007347115605,437.2462824678743,31034.02022148604,37335.957719657126,35769.22947821087,13345.105800333153,7267.531688559556,3596.9033743222644,4644.406449994678,54.9110045503001
2022.987679671458,8317.098065569462,3750.09415462168,3939.8215864501935,4608.260056575514,17554.929187809514,5047.7168627160845,305.8121375011659,451.36677910537617,27930.426998290342,55878.76420962889,32192.776686639423,12010.598452855636,6540.777460429919,3237.212883321244,4567.003910947782,54.91102635730537
2022.990417522245,8176.130376486901,3687.592583715009,3939.8215864501935,4608.260056575514,17648.056326384398,5096.389072569493,354.0805880088443,465.6240401586402,24827.024976141744,73378.38934409195,28615.85373881833,10809.538398084522,5814.024291573965,2913.4915385263644,4488.537792771892,54.89807018831463
2022.993155373032,8035.16268740434,3626.132702777397,3939.8215864501935,4608.260056575514,17741.18346495928,5143.8862443007165,402.3490385165227,480.01464936502873,21723.622953993137,66040.55804049117,25038.930790997245,9728.584034547122,5087.271122718009,2622.1422435132267,4409.029984626944,54.87169527430223
2022.9958932238196,7897.702490275086,3564.8746297337907,3939.8215864501935,4608.260056575514,17830.42220541031,5191.155970816627,450.99839519474847,494.43089589272506,19083.53964305892,58847.28160066495,21995.98593410716,8668.926058987638,4469.0155277522845,2336.532957359841,4332.827860541296,54.86187743684402
2022.9986310746065,7763.78311215168,3504.4390846875003,3939.8215864501935,4608.260056575514,17915.735601437937,5237.498676837436,500.03227729052736,508.9516349182065,16911.177347659606,52243.22579661584,19492.092855007435,7696.067655532926,3960.288415480484,2074.3187330085184,4259.34402746418,54.86170808658424
2023.0013689253933,7629.863734028275,3444.7734686462163,3939.8215864501935,4608.260056575514,18001.048997465565,5282.974095147024,549.0661593863063,523.5697326499026,14738.815052260294,46162.92628084048,16988.19977590771,6800.3649815853205,3451.561303208683,1832.900268548998,4185.0902653820585,54.85144179858755
2023.0041067761808,7495.944355904869,3386.366150568091,3939.8215864501935,4608.260056575514,18086.36239349319,5327.032101781759,598.1000414820851,538.3469440932928,12566.45275686098,40938.6037011789,14484.306696807986,6030.758216032027,2942.8341909368824,1625.4683952481462,4109.5782053367775,54.824022300799115
2023.006844626968,7370.726714681979,3329.0651837853725,3939.8215864501935,4608.260056575514,18162.0583721276,5369.845850131907,648.0496040705525,553.2620625258605,13899.593479354377,36349.83151546123,13002.3769663922,5354.7758159266095,2641.7445964286057,1443.2710681866245,4041.661530896606,54.83396261112077
2023.009582477755,7247.881282150044,3273.46681589176,3939.8215817222367,4608.260053228549,18235.14477960776,5410.746314161467,698.2365338502709,568.3878697368766,12509.63565777594,32660.09418176728,11702.13757304376,4811.232494612788,2377.5707327660484,1296.770044965183,3974.4144662582844,54.835534848596424
2023.012320328542,7157.67472903449,3235.4509817119683,3935.688176849054,4599.190536958514,18305.98351596273,5450.480137692768,722.1656554840532,576.1672966553924,11258.965860307377,29394.610309652504,10531.922904516745,4730.633517275096,2905.255098860969,1530.5926349162046,3922.223747322522,54.797457216271084
2023.015058179329,7038.380193599018,3181.526919825746,3935.688181519169,4599.19043565204,18375.12473104833,5489.471588915966,772.7468711638041,591.5279086248865,44977.76006075952,44629.18963581345,9478.729608198328,4257.57279303282,2614.7310803931305,1377.542123862127,3856.8532737732717,54.797455773714056
2023.0177960301164,6964.574847485422,3147.6650721097917,3935.3727691767112,4591.104457017666,18442.088264672093,5527.457391643365,780.3319959960995,595.9178322478176,40479.99109372826,40166.27408467853,13764.142808356424,4760.739523113312,3093.8135696233503,1982.3907208988928,3816.90977537563,54.804634295139145
2023.0205338809037,6913.727822528319,3121.572385416407,3946.637334538069,4588.540841901084,18507.638665046325,5564.775193798188,754.7919552176212,587.6842319029633,36431.85766561328,36149.35523917812,19258.002946211604,5557.694508226227,3793.9827332573336,2783.836634261365,3792.155437111912,54.84964890800601
2023.0232717316903,6825.32325596937,3079.6641970192627,3957.5391104961495,4592.129679439573,18572.16177794446,5601.555479274925,768.1995329203538,589.6511972848822,32788.60283819544,32534.39093135036,19017.20643555994,5251.719894224249,3606.9989780660408,2733.76176586763,3745.659058950107,54.87885215801589
2023.0260095824776,6711.576094878501,3028.336664671997,3957.5430565256615,4592.129855027612,18635.03581923505,5637.5366312394,819.4966066911172,605.4253020796399,29509.45803723864,29280.88730025806,17116.072318638537,4726.541862063957,3246.342070628862,2460.384273506972,3683.239430206504,54.878904420336184
2023.028747433265,6597.820707279012,2980.9636956931654,3957.5430565256615,4593.611950815524,18697.90857182648,5672.563909608606,870.8071416991843,616.7167969013537,26230.597753419093,26352.69405853018,15214.35167508254,4253.870805659691,2885.642172822258,2214.337064501089,3616.8570115858465,54.81896480750936
2023.031485284052,6484.065319679522,2935.0752925757115,3957.5430565256615,4595.479309920904,18760.7813244179,5706.721700614537,922.1176767072512,627.0079499074936,22951.73746959955,23712.02346390949,13312.631031526547,3827.6118613231633,2524.942275015654,1992.449512518294,3548.9900271038105,54.73402644992511
2023.034223134839,6372.306979043361,2886.159130633136,3957.5430565256615,4595.481613935324,18821.47558270841,5740.0074064488535,973.6096590529054,643.0640020013329,20018.270157321123,21340.00950590288,11611.209993215702,3444.719664260818,2202.235657185789,1793.136364000616,3486.147848410225,54.70778259545778
2023.0369609856264,6266.022098098317,2837.7670728458265,3957.5430565256615,4595.481613935324,18876.20189805016,5772.70578863643,1025.596124656199,659.1855776010664,18003.881022650865,19121.80642832649,10442.802922098594,3086.6557300091645,1980.6301504111996,1606.7474779019435,3428.25502525249,54.71182468847239
2023.0396988364132,6159.816981780927,2789.893473466982,3957.5430565256615,4595.481613935324,18930.841327839586,5804.827898624238,1077.5897111841673,675.364966992104,16002.054006918752,17050.80163606156,9281.681922777025,2752.3526487139084,1760.4065846926203,1432.7272178827266,3369.9235083139447,54.70817588057027
2023.0424366872005,6053.6118654635375,2742.5973555862183,3957.5430565256615,4595.481613935324,18985.480757629,5836.308384207367,1129.5832977121354,691.608499289738,14000.22699118664,15138.620993228911,8120.560923455453,2443.687075712992,1540.1830189740415,1272.052470092532,3311.014509877319,54.69485958898338
2023.045174537988,5949.035413564868,2696.765224406105,3957.5430565256615,4595.481613935324,19038.35374745354,5866.164051417567,1181.7146597862663,708.0128632596537,12182.94252039444,13594.078124556549,7066.4719248575375,2194.365856313451,1340.259637271681,1142.2692109609864,3252.2701891587626,54.668865842402006
2023.0479123887749,5849.884823327078,2651.055268479668,3957.5430565256615,4595.481613935324,19085.34446441166,5895.884121359874,1234.3024330659416,724.4306492437835,91012.57757785555,12080.216025233654,6359.824731659689,1949.997148742152,1206.233673409453,1015.0639639517332,3198.8295548474102,54.6819236866291
2023.050650239562,5752.386740063852,2606.615967468181,3957.5430565256615,4595.481613935324,19130.55393292782,5924.197600344937,1287.0189478130092,740.9843712702069,81911.333531895,10821.068064122288,5723.842135577549,1746.7445803375094,1085.61028275566,909.2615744963072,3145.7707725956707,54.686357415543874
2023.053388090349,5654.888659675067,2562.781162323014,3957.5430565256615,4595.481613935324,19175.76339834561,5951.842699359247,1339.735462784,757.601977401069,72810.07577410944,9680.66678339042,5087.85966241158,1561.3345492088474,964.9869154147148,812.7470532954571,3092.107497352053,54.68025426215425
2023.0561259411363,5557.390579286282,2520.067501032777,3957.5430565256615,4595.481613935324,19220.97286376341,5978.250008843386,1392.4519777549908,774.336229207162,63708.81801632389,8873.200687174674,4451.877189245612,1405.1848033884537,844.3635480737696,731.4638677970842,3037.3230782535056,54.65376303717668
2023.0588637919236,5459.892498897499,2478.0663748263974,3957.5430565256615,4595.481613935324,19266.182329181203,6003.872368023106,1445.1684927259817,791.1428962338216,54607.56025853833,22167.739498377905,3815.8947160796415,1264.6662969658728,723.7401807328243,658.3174674395815,2981.8261240711013,54.613275346963576
2023.0616016427105,5362.394418508714,2436.7652681720147,3957.5430565256615,4595.481613935324,19311.391794599,6028.724509326534,1497.8850076969727,808.0197615847812,45506.30250075277,58272.67384759781,3179.9122429136733,1138.1996590923716,603.116813391879,592.4857164391603,2925.6291503366992,54.55826114242299
2023.0643394934973,5265.788810848011,2396.15251288529,3957.5430565256615,4595.481613935324,19355.64075945368,6052.820211243876,1550.669550503001,824.964714954163,36904.90823642196,52445.41503530504,2578.8595055437427,1024.379678169512,489.1183807461829,533.2371369799575,2869.636297962721,54.495848600137656
2023.0670773442848,5177.178285726634,2355.5397584157563,3957.5430565256615,4595.481613935324,19391.28593413217,6076.9159122632,1604.062800945881,841.9096684043727,32761.733466067926,46618.14765054526,2289.3406688580017,910.5597122602746,434.2069036801259,473.9885653360415,2821.638527310878,54.501474965428045
2023.069815195072,5090.714732463821,2314.927003946223,3957.5430565256615,4595.481613935324,19424.634397393296,6101.011613282524,1657.6057909475749,858.8546218545824,29435.8343211808,40790.88026578548,2056.931837795126,796.7397463510375,390.1271735218056,414.7399936921255,2775.7877285175978,54.52648349781255
2023.072553045859,5004.428427701711,2274.3142494766894,3957.5430565256615,4595.481613935324,19457.79389137696,6125.107314301848,1711.1605017260192,875.799575304792,26159.66097457401,34963.6128810257,1827.9977709093253,682.9197804418004,346.7064831537931,355.4914220482094,2730.114178225022,54.553965905729406
2023.075290896646,4918.1421229396,2233.701495007156,3957.5430565256615,4595.481613935324,19490.95338536063,6149.203015321172,1764.7152125044636,892.7445287550017,22883.487627967213,29136.34549626592,1599.0637040235254,569.0998145325632,303.2857927857805,296.2428504042934,2684.440627932444,54.58241264341379
2023.078028747433,4831.85581817749,2195.960937724568,3957.5430565256615,4595.481613935324,19524.11287934429,6170.146395514116,1818.269923282908,909.9696058446436,19607.31428136042,25781.7578718679,1370.1296371377252,503.57700021702544,259.8651024177679,262.1351863642172,2635.894880452922,54.55243243262059
2023.0807665982204,4745.569513415379,2159.253837298855,3957.5430565256615,4595.481613006269,19557.27237332796,6189.958816164163,1871.8246340613523,927.292186549368,16331.140934753628,23146.11603122757,1141.1955702519251,452.096965923192,216.44441204975533,235.33738409512955,2586.315676116524,54.499584692737045
2023.0835044490077,4659.283208653268,2125.158965665056,3957.5430565256615,4594.287442767423,19590.43186731163,6208.987599041788,1925.3793448397969,943.980345544388,13054.967588146834,20831.50039201353,912.2615033661248,524.9755607317297,173.02372168174273,219.9072936288936,2534.1242429882122,54.38871451904471
2023.0862422997943,4581.500035049929,2089.739622444491,3957.5430565256615,4594.28743743052,19614.55074442545,6227.396029300598,1979.471541329313,961.4191638430464,11720.14362746575,18748.33576728645,818.9860122638793,472.4789765912288,155.33266209778316,197.91655863168404,2491.7604126054375,54.38743628817374
2023.0889801505816,4503.845314905708,2054.320306350073,3957.5430565256615,4594.28743743052,19638.533048494846,6245.804420466133,2033.5718574041396,978.857988771928,10414.646868651069,16665.185728085096,727.7598619272667,419.9814205180559,138.0302899296089,175.92582926879467,2449.5250085556345,54.3874142490819
2023.091718001369,4426.190594761487,2018.900990255656,3957.5430565256615,4594.28743743052,19662.51535256424,6264.212811631669,2087.6721734789658,996.2968137008096,9109.150109836382,14582.035688883743,636.5337115906543,367.48386444488295,120.72791776143464,153.93509990590533,2407.2896045058305,54.387391436666135
2023.094455852156,4348.535874617266,1983.481674161238,3957.5430565256615,4594.28743743052,19686.49765663364,6282.621202797205,2141.772489553792,1013.7356386296912,7803.6533510217,12498.885649682392,545.3075612540417,314.98630837171,103.42554559326037,131.94437054301596,2365.054200456028,54.38736780949719
2023.0971937029435,4270.881154473044,1948.0623580668205,3957.5430565256615,4594.28743743052,19710.47996070303,6301.029593962741,2195.8728056286186,1031.1744635585728,6498.156592207016,10415.73561048104,454.08141091742925,262.488752298537,86.1231734250861,109.9536411801266,2322.8187964062236,54.3873433231326
2023.0999315537304,4193.536158508066,1912.643041972403,3957.5430565256615,4594.28743743052,19734.136804125817,6319.437985128277,2249.988858170809,1048.6132884874544,5224.031494004607,8332.585571279684,365.0474650485836,209.99119622536404,69.23658486095599,87.96291181723726,2280.8931165356635,54.390686769400276
2023.1026694045172,4123.637230508143,1877.223725877985,3957.5430565256615,4594.28743743052,19749.96993868477,6337.846376293813,2304.4825516117803,1066.052113416336,4739.364873848369,6249.435532078331,328.4967285297471,157.49364015219106,62.304203696824175,65.97218245434789,2246.413504630158,54.47650651736258
2023.1054072553045,4054.909938212481,1841.804409783568,3957.5430565256615,4594.28743743052,19764.587724489786,6356.254767459349,2359.0199581024244,1083.4909383452175,7423.263830898356,4166.2854928769775,295.6470396113074,104.99608407901808,56.07378028009158,43.98145309145853,2213.105528428913,54.57841387728855
2023.108145106092,3987.328084149928,1810.5259940283177,3957.5430565256615,4594.28743743052,19778.02002390356,6370.168481850961,2413.597412751197,1101.2835397088525,8459.694015060068,6448.688397101374,266.0822732489751,89.32362478788565,50.466390416782936,37.41644442303552,2176.8020901216105,54.59300173403439
2023.1108829568789,3920.872593557724,1780.3505607546049,3957.5430565256615,4594.28743743052,19790.28915900165,6382.891398738975,2468.2116682453293,1119.1639560945544,10285.738751089326,9690.562496483706,239.4739868060504,80.39126218906529,45.419740162507104,33.674799930452046,2140.522032803119,54.59300147421651
2023.113620807666,3855.524705690735,1750.6780292534731,3957.543055240099,4594.287436207238,19801.41707899765,6395.07655971159,2522.8595374018964,1137.0792278463562,10317.424543864518,10157.640423611874,215.52663917496085,72.35210176911751,40.87780969564277,30.307338763967927,2104.846676437262,54.593001915680084
2023.116358658453,3791.525886253689,1721.6017097685417,3957.374229372867,4594.205098691843,19811.42536919745,6406.733783187296,2577.446792506377,1155.0085613709678,10180.099036406264,10208.684825725568,206.7779887037321,66.79665834613802,43.096105237997,29.723653178931244,2069.924176485147,54.593433846508354
2023.1190965092403,3733.184171792687,1694.789136699755,3954.545317447588,4592.720802886833,19820.33959528645,6417.874455778342,2630.131092803678,1172.5926576537172,10310.917550997656,10885.61629094155,719.3470357877918,194.00828738461828,192.35470818281908,101.4940019129966,2038.3950350929317,54.60204858079874
2023.1218343600276,3675.94905134083,1668.4601497827018,3960.203837832083,4592.392046521601,19828.25708425939,6428.537782534761,2674.2181038981093,1189.0149741795797,9279.84462840897,9797.110930233266,1264.8849508257522,351.16276977561074,305.73395221280373,155.92725870596706,2007.4889015581282,54.61144519470098
2023.1245722108144,3617.8874627521936,1641.8759745806951,3969.749122346661,4593.00329400236,19835.19919702377,6438.733028430407,2716.220195207776,1205.2205560051823,8351.830780896573,9287.439086911278,1501.8691331247437,421.3640123725041,345.55851590384367,174.39710350159936,1976.0114881714985,54.61782624571495
2023.1273100616015,3557.5893296982754,1614.5113646954728,3969.749234339437,4593.003297873937,19841.15435311116,6448.457280983549,2770.990960181545,1223.2888094656828,12562.115082201732,13608.20294941132,1351.6875274772062,379.2284717218325,311.00352545992644,156.9576179916635,1943.0779650028026,54.61782642482791
2023.1300479123888,3498.2961673612094,1587.6028338709034,3969.749234339437,4593.003297873937,19846.08818856448,6457.698806030839,2825.7781870652925,1241.383715242962,11305.928424414036,12247.450646669193,1216.5186724819032,341.30554990409905,279.9031493879884,141.26182529743872,1910.693333490306,54.61782656702723
2023.132785763176,3439.4153822269627,1560.8610699192402,3969.749234339437,4593.003297873937,19850.60400609644,6466.764149156769,2880.5710546675787,1259.4880360686907,10102.14811841391,10937.25490806932,1086.9903302602002,304.7928088546124,250.10057278724096,126.1496876579581,1878.5543123077225,54.61841922365861
2023.135523613963,3382.0917915335604,1534.846718634444,3969.749234339437,4593.003297873937,19853.54238034715,6475.061338395778,2935.384171110278,1277.6330981144797,48670.63852424853,49478.0164136868,978.2912841735184,274.3135269900044,225.09051250344965,113.53471848690644,1847.2450728991164,54.61841921391228
2023.1382614647505,3325.7235946867754,1509.2659397172608,3969.749234339437,4593.003297873937,19855.517310401145,6482.902223249484,2990.205337903061,1295.8008921779565,43803.57792657964,44530.2208896346,880.4621521016318,246.8821723699963,202.58146041224984,102.18124584313632,1816.4576549695146,54.618419217745995
2023.140999315537,3270.1893542066887,1483.6851610733536,3969.749234339437,4593.003297873937,19856.653481013444,6490.743107815595,3045.0313077708483,1313.9686862557533,39368.55712356059,39582.41924826591,791.3171967478543,219.45081967099588,182.0705103380796,90.82777399444566,1786.504193133335,54.62999232246969
2023.1437371663244,3214.760627628576,1458.104382429446,3969.749234339437,4593.003297873937,19857.68353002881,6498.583992381706,3099.857885333591,1332.1364803335498,34988.19933090262,34634.617606897235,703.2709815376911,192.01946697199543,161.8123642968546,79.47430214575502,1756.65624519913,54.643454013400614
2023.1464750171117,3159.331901050463,1432.5236037855386,3969.749234339437,4593.003297873937,19858.713579044183,6506.424876947816,3154.684462896334,1350.3042744113466,30607.84153824466,29686.81596552856,615.224766327528,164.588114272995,141.55421825562962,68.12083029706437,1726.8082972649242,54.65738806013919
2023.1492128678988,3106.346921634024,1406.9428251416314,3969.749234339437,4593.003297873937,19857.292164292576,6514.265761513927,3209.51875706438,1368.472068489143,27390.29575766211,24739.014324159874,550.551344355509,137.15676157399457,126.67381000448997,56.76735844837373,1699.4040964923927,54.707479214796116
2023.1519507186856,3053.691389949849,1383.2884925284918,3969.749234339437,4593.003297873937,19855.54026151361,6520.083134182843,3264.3540915275157,1386.7369284333668,24329.511603837644,22026.876558797943,489.0288677227561,122.1202671914626,112.518388178927,50.54395351649477,1670.4028974213572,54.7011038154969
2023.154688569473,3001.0358582656745,1360.192144810785,3969.749234339437,4593.003297873937,19853.78835873465,6525.31791976658,3319.18942599065,1405.026390567336,21268.72745001317,19795.6120989996,427.50639109000326,109.74980642922314,98.36296635336404,45.42398442271631,1640.8437134548894,54.67591161683578
2023.15742642026,2950.625328831217,1337.493764516493,3969.7491882344175,4593.003297060876,19849.803014168738,6530.139780302184,3374.0132460960344,1423.3308111390904,19002.61630933585,17799.52388359433,381.957792539714,98.6832329266034,87.88272420399994,40.8436623013271,1613.1315643147238,54.67083701046202
2023.1601642710475,2901.867494034236,1315.2609702036498,3969.4943197954935,4592.964946195083,19844.5971882755,6534.540580729732,3428.659675225185,1441.6290558901812,17102.32537030184,16019.555382303772,345.3610035282218,89.55885205437818,80.85164908449829,36.98859435935931,1586.6065238305864,54.67536085270569
2023.1629021218343,2863.677575517175,1294.7594042979044,3963.402696440368,4592.043432981357,19838.592896251947,6538.558746867335,3479.373409120912,1459.4618688720493,15392.090652398365,14417.599437628402,491.2072027330498,119.45482620343608,596.6936325220454,194.63428781297492,1568.9181712192703,54.78683021554641
2023.1656399726212,2828.174797935289,1274.8779517766675,3991.230428172456,4593.8209120347055,19831.96884425332,6542.224258121148,3494.1004069693377,1474.3282310861227,13852.799470810234,12975.817951662651,645.9597413340026,152.30363244355317,1115.937094459132,352.34595894126994,1553.2968461586215,54.92223632332086
2023.1683778234087,2795.8898936219507,1255.6728549315096,4076.168444147384,4600.206008428597,19824.771008123014,6545.548376193759,3449.073031438048,1484.2520134647802,12467.498468661435,11678.213230438005,823.4486022241352,193.8596482736677,1654.8578755516253,512.6913106689759,1540.217038690441,55.08861569277174
2023.171115674196,2755.33525144912,1235.561943368368,4135.43203569113,4604.907805424191,19817.05475414927,6548.543462546779,3438.508236040873,1497.0939416793076,11220.742675386098,10510.307282249636,811.7528867482106,192.19517646024505,1662.632859456885,512.0861448253713,1519.7733080807518,55.15747338845441
2023.1738535249829,2714.9992238979776,1215.7036578498537,4197.196195486067,4609.892708364435,19808.68469168465,6551.199570765323,3425.878066261703,1509.7391160390343,10098.50751160532,9457.773877770622,796.9514305015043,192.7703216515863,1639.5998317291485,499.7906881747481,1499.2955660481239,55.22268856841719
2023.17659137577,2669.7492811686825,1195.4419176964664,4197.1971359943045,4609.8928990496825,19799.66434387836,6553.512845789358,3480.575316289045,1528.115290483143,29174.33819355966,32839.13032747308,717.2574506265792,173.4943015950585,1475.6416603425832,449.81268671075946,1474.3073634722161,55.222689781073306
2023.1793292265568,2625.253456873155,1175.517885020642,4197.1971359943045,4609.8928990496825,19789.914512340813,6555.482048764091,3535.2488721221257,1546.4980201842352,26256.930696157186,29555.240782735986,645.5316744677211,156.14486735875323,1328.0774303326502,404.83140746954064,1449.7355718525127,55.22268975808685
2023.1820670773443,2581.2490514355623,1155.593853059034,4197.1971359943045,4609.8928990496825,19779.690962538683,6557.451251011207,3589.904727361849,1564.880749898727,23532.817553256828,26271.32774998868,578.5588052301509,138.79543719924737,1190.2915406590205,359.8501387984647,1425.6551983765282,55.231214422476974
2023.1848049281316,2537.494827154343,1135.6698210974262,4197.1971359943045,4609.8928990496825,19769.226242950477,6559.420453258324,3644.551571231276,1583.263479613218,20907.124483641117,22987.41471724137,514.0056377833789,121.44600703974152,1057.4837976257556,314.86887012738873,1401.825006056917,55.2444478331798
2023.1875427789184,2493.740602873124,1115.7457891358183,4197.1971359943045,4609.8928990496825,19758.761523362267,6561.38965550544,3699.198415100703,1601.6462093277096,18281.431414025392,19703.501684494066,449.4524703366068,104.09657688023567,924.6760545924906,269.8876014563128,1377.9948137373055,55.25814562066602
2023.1902806297055,2449.9863785919047,1095.8217571742107,4197.1971359943045,4609.8928990496825,19748.29680377406,6563.358857752557,3753.8452589701296,1620.0289390422008,15655.738344409674,16419.588651746755,384.8993028898347,86.74714672072983,791.8683115592256,224.90633278523688,1354.164621417694,55.27233266480368
2023.1930184804928,2406.232154310685,1075.8977252126028,4197.1971359943045,4609.8928990496825,19737.83208418585,6565.328059999673,3808.492102839557,1638.4116687566925,13030.045274793956,13135.675618999445,320.34613544306256,69.39771656122397,659.0605685259605,179.9250641141609,1330.3344290980822,55.28703565509389
2023.19575633128,2365.6996812967886,1055.9736932509952,4197.1971359943045,4609.8928990496825,19724.27155088605,6567.29726224679,3863.013009153256,1656.7943984711835,11571.738236680634,9851.762586252136,284.49337960572586,52.04828640171812,585.2992989770186,134.94379544308495,1309.7259880457934,55.36315528130985
2023.1984941820672,2325.5958120582773,1036.0496612893874,4197.1971359943045,4609.8928990496825,19710.29916783912,6569.266464493906,3917.517161438696,1675.177128185675,10268.73370920124,6567.849553504829,252.4587660614196,34.69885624221227,519.3932421244226,89.96252677200901,1289.54615076889,55.45014073737827
2023.2012320328545,2285.491942819766,1016.1256293277796,4197.1971359943045,4609.8928990496825,19696.32678479219,6571.235666741022,3972.0213137241367,1693.5598579001664,8965.729181721843,3283.936520757521,220.42415251711336,17.349426082706422,453.4871852718265,44.98125810093308,1269.3663134919861,55.54017888708385
2023.203969883641,2245.3880735812545,997.4525438510698,4197.1971359943045,4609.8928990496825,19682.35440174526,6571.933598454571,4026.5254660095775,1711.962911663329,7662.724654242447,1237.1248168451011,188.38953897280712,6.535784220013964,387.5811284192304,16.945102131177062,1247.9355297301847,55.57772148222936
2023.2067077344284,2205.46696517932,980.828340878408,4197.197067002892,4609.892892691986,19668.20971760991,6570.552510567359,4081.019227538269,1730.3961088809,6396.291494667079,1846.7059410602556,157.25409309214373,5.882203799826371,323.5251345839597,15.25066508519843,1224.6386243009122,55.52740728543809
2023.209445585216,2248.933694343641,971.2190381667028,4140.587737199722,4603.454029585435,19651.081996056066,6568.898135854445,4111.717449730961,1748.5265494120652,5756.661987713257,1662.035346960415,149.33483407299872,5.293983419839004,507.1241173334456,91.18757532075384,1277.7146561769382,56.81424309620847
2023.2121834360028,2378.135310556396,968.8220646015787,4059.408961723567,4593.805010365006,19634.72561882501,6567.088141442316,4080.478886225416,1762.8104366097496,5180.993744188912,1495.8314785119055,197.3766646545704,4.764584014773003,881.3210626560566,223.35847234581183,1409.313245954817,59.26127246414291
2023.2149212867896,2535.561034273728,968.6427367201009,4057.1107838392913,4591.341751581334,19620.56725137877,6565.243157229648,3939.9376078386,1767.725907487569,4662.889468938035,1346.246581433225,318.92081579110464,4.288120041584281,1251.7845781462484,345.5103692861905,1566.9182975536273,61.79769590923875
2023.217659137577,2663.024733925354,965.8918605171376,4149.064500122774,4598.41312879151,19609.0683622775,6563.400216986937,3732.446981004761,1765.6762467230694,4196.53706837289,1211.4894177523986,470.1594962095656,3.858885975332008,1472.9092887821455,408.35420850459815,1697.1328734082167,63.72951973700249
2023.220396988364,2761.7750316813804,960.6899201133054,4292.820997110516,4611.339290905986,19599.726403163146,6561.516561839782,3499.710045375353,1760.263580159576,3776.8351295513257,1090.3188150129674,640.2240343028595,3.472928382403796,1547.1016269291515,411.1957945985682,1801.0851115680748,65.2147655369151
2023.2231348391515,2823.070471792743,952.0611685887096,4429.022496231752,4624.559363627417,19592.05745024456,6559.552146733443,3310.309959061338,1758.0645740690798,3399.135138624691,981.1615208542491,738.783806784132,3.125236074603252,1555.6734812265286,387.5157652686578,1871.0093032040331,66.27568535389344
2023.2258726899383,2853.363637626292,940.4693406397064,4537.070414055309,4635.872990491002,19585.431383597457,6557.452495293815,3179.0228420513167,1760.870326594125,3059.4241196059447,882.7272962818504,778.8434853202165,6.15700147907479,1488.192837680754,349.2722651745796,1912.8942969865857,67.03997596948138
2023.2286105407256,2805.8071838129395,924.7948548737726,4537.0697697089445,4635.8730073679335,19579.32869776693,6555.161361878482,3233.110526041546,1779.2638288984615,10360.715590003658,13969.991932559207,700.9585908184325,5.541316443014834,1339.3727167574575,314.34502133965145,1881.0123289391668,67.0399712350502
2023.2313483915127,2779.676423480012,909.79084093453,4569.571152262853,4639.808650794014,19572.45015530113,6552.615264087423,3234.046346286375,1793.3061972026835,9324.64488064104,12572.999141703853,899.1458499415153,108.02365120388308,1205.4354277636205,282.9105079090781,1869.885582545482,67.26990115649797
2023.2340862423,2759.8475579009078,894.9500804351306,4614.76147780137,4645.392409550562,19565.154980782077,6549.8261655729975,3216.407960846018,1805.780197459961,8392.171391203983,11315.646707759886,1170.3818546545535,226.254958119591,1084.890721341303,254.618275341472,1864.8974774657772,67.57248139039194
2023.2368240930869,2716.3016156026447,880.1147232697891,4617.341104043388,4645.722690367524,19557.549328973902,6546.797518403494,3265.407828710428,1823.741820977845,7552.938267779944,10183.952277093951,1053.3579820661464,203.6862984549911,976.3995828501004,229.1535280237501,1836.1868923328557,67.59878511965157
2023.2395619438744,2671.8205595577087,865.480308169484,4617.438316543412,4645.751178347533,19549.24104564165,6543.545189060261,3318.527855587611,1842.0279774413789,6797.365383091814,9158.217178880075,947.9831761838044,183.1712952988479,878.7234571267877,206.07274809814703,1806.3402513882247,67.60709453060146
2023.2422997946608,2646.1357321413684,852.4561498492469,4611.454115075427,4645.409274240069,19540.21191502418,6540.042685393145,3359.653915089405,1859.3244435361944,9642.299053095048,10411.217084647284,862.6623572145535,175.96726276798307,790.8498713202157,185.46207892836196,1793.6795822921215,67.78486683449898
2023.2450376454483,2682.860711657729,844.7718037968651,4571.7498333607,4642.263994383478,19530.779387816547,6536.332375927734,3372.4936444954105,1874.2922789105735,8678.091129278506,9370.140637993189,1078.536729934382,236.6872268134037,711.7640616577243,166.91573987975255,1838.0889078608639,68.51227497103702
2023.2477754962356,2645.322274250377,831.2934063129916,4567.729500879975,4641.923191449266,19521.984671903127,6532.50415945944,3423.275030296892,1892.3675957969535,9444.487941917352,11057.248258976912,970.688975651038,213.0219262466779,640.5867072992412,150.22395507618438,1814.0288679373857,68.57496667212087
2023.250513347023,2601.2384569572773,817.4385819141605,4567.726061292937,4641.922839243731,19512.58972888087,6528.46230661858,3477.185130199276,1910.6925252421815,9302.940764626774,10112.017779463951,873.5978124099219,191.71389084558945,576.5133416698076,135.19743849829297,1783.7998750431168,68.57502318836485
2023.2532511978095,2557.8853590607537,803.8145704298415,4567.7255378653335,4641.922839243731,19502.48458401263,6524.200118318416,3531.0717963916445,1929.006625026665,8372.646073424472,9100.801625749791,786.2401593142653,172.54217769259043,518.8623090478414,121.67746611403076,1754.0707886309121,68.57503532820567
2023.2559890485968,2567.2759180699536,790.1905940646055,4536.734317354187,4641.922839243731,19491.68454510625,6519.937896583327,3563.900396799982,1947.3207231269896,7535.381056897272,8089.599847803398,831.8777004248246,153.3707886080315,506.9538541922459,108.15772226420144,1777.085324005348,69.22065959086076
2023.258726899384,2665.4958353252964,776.5666176993695,4457.646466907129,4641.922839243731,19481.0705777506,6515.675674848238,3555.8101973473504,1965.634821227315,6781.832217647466,7078.398069857002,1159.877793374578,134.19939952347255,624.3779404459525,94.63797841437216,1888.9292176259269,70.8659601936839
2023.2614647501712,2621.0725527614622,763.4837465050878,4457.645950904088,4641.9226774051685,19472.122618265923,6510.900433136823,3609.609855398901,1983.920995971573,6103.644745722327,6308.04830405424,1043.8909509141542,119.59433129926435,561.9404706302337,84.33842315368456,1857.5888062563745,70.87132343205417
2023.2642026009585,2582.5060257823884,751.1821819439156,4455.63672313289,4641.660416732813,19462.45897164728,6505.788190832729,3660.27715676781,2002.0249635091984,5493.27155723992,5676.82554731663,939.522845991964,107.6271382376362,505.7537860237503,75.89910157264336,1831.3238438384728,70.91266489043953
2023.2669404517453,2604.360744323393,744.0256264498792,4430.090358768243,4638.340623399782,19452.179067112997,6500.483817908348,3674.676607125739,2018.233585260647,4943.931153040814,5109.142570146409,971.5658687013708,121.80217119532388,540.3780363634756,92.5716434236678,1860.335117873514,71.4315450318625
2023.2696783025328,2603.66098545318,735.1364842233907,4417.808155795204,4636.640170770321,19442.291027511976,6495.074702725356,3697.974508569997,2034.660195299583,4449.480539442147,4598.227003663065,924.2963158972752,121.04031317774292,539.250192154887,97.4778367631628,1868.5245012297892,71.76527634240229
2023.27241615332,2587.68570866986,725.1393623064882,4412.010533073538,4635.744883114098,19432.41882040099,6489.532342455831,3730.047515185966,2051.522865142239,4004.512909073656,4138.369737305348,840.6843141112495,112.02247499650043,510.6210053574961,95.51100715595712,1862.5463463633719,71.97730157580732
2023.2751540041068,2581.8925162112005,716.123308047317,4405.630588162002,4634.6894769939145,19422.307488386687,6483.838474905697,3752.759884570454,2067.716093071731,3604.047395507271,3724.527578233976,779.4339437097501,104.42357725696856,520.6712989623305,102.0221731529372,1865.7692081638834,72.26362818936425
2023.2778918548936,2606.2351468285315,709.6957475253956,4400.964123434203,4633.463527347841,19412.127243636565,6478.00995821639,3743.691863431043,2081.626019929033,3243.634134286372,3352.0637972429868,778.2270754134736,105.29271335035553,609.2245862650384,124.88948508178538,1896.5393993031357,72.7693125315646
2023.280629705681,2608.7340036770256,701.5986118416889,4409.5876984380575,4633.665638158982,19402.37876023021,6472.090344845781,3742.7458149850495,2095.8685581722057,2919.118975715129,3016.817923293123,739.2820900708568,100.69768446567524,625.1934244292347,130.1776515617959,1907.1353918353366,73.10578192898234
2023.283367556468,2623.7563865626826,694.4338011859917,4426.320333051898,4634.684828998806,19392.70043078085,6466.0519496819325,3721.097026934918,2108.480473151928,2627.208868595681,2715.1366938104875,718.9689530053666,100.04037204989034,668.6086043960053,138.85611996939298,1929.3225853766908,73.53283998688033
2023.2861054072555,2611.2779959356094,684.8067162997357,4433.681808609304,4635.611442438536,19383.29900253405,6459.910644085695,3736.043270251386,2123.7501501946927,2891.9996999613463,3371.7968440821087,648.4285301637311,90.9569692497392,621.2186563869539,128.695520682923,1926.4712796358735,73.77503592625447
2023.2888432580423,2612.3830612389715,675.7401590520608,4437.800015506599,4636.894657561386,19373.715406740124,6453.625723349172,3740.831493844655,2138.246313056045,2602.828297520872,3034.638822302328,627.6776791489265,93.74167967622664,594.229288921948,122.66265316540908,1936.6429021869108,74.13319014817151
2023.2915811088296,2583.7541422300487,665.2536884526307,4439.972228593597,4637.39339058874,19364.176445495388,6447.206941247477,3777.255061011316,2155.0807327298216,2342.5412341109723,2731.200096853662,564.9096248415246,84.40543058747178,534.8059747485586,110.39667675743829,1918.500453777418,74.25243843524339
2023.2943189596167,2540.692280457613,654.1661140774171,4439.972339784598,4637.393399531506,19354.18653043121,6440.630947829753,3830.73462665692,2173.172191579992,2885.111957400424,3361.672128500264,508.4181105425279,75.96475819564428,481.32478717616056,99.3568167519452,1886.5261663801957,74.25244611049108
2023.297056810404,2542.316769801478,645.9512906882492,4436.744076904976,4637.7193317297415,19343.50624064141,6433.888153817835,3843.446589982478,2188.2317767828463,2596.6013468677334,3025.5055434660685,530.9414715473903,85.14536778149004,456.9468406979005,93.63824380913618,1896.365479113229,74.59202179834224
2023.299794661191,2573.668807670189,639.8985510230386,4429.443722349533,4637.904885983694,19332.88212490277,6427.026958922242,3830.44692240784,2201.3880570897004,2336.8626184194354,2722.9437077205785,605.6199903927286,103.8284986059698,468.466626359605,94.80582316901146,1933.7702566471503,75.13671731514258
2023.302532511978,2556.911583978305,630.9758747238855,4427.617135730712,4637.950056250571,19322.809802318123,6420.083644090463,3859.530955303206,2217.6367779537545,4438.895456186271,5056.01578245014,560.8821954034066,97.46092160790046,421.6199711392739,85.32531424499496,1925.9357092544194,75.32273393113779
2023.3052703627648,2514.296390703117,620.4596247910422,4427.617135730712,4637.950055990727,19312.48579063483,6413.01064690147,3912.898060261696,2235.653925335443,3995.0171836539353,4550.464831525622,504.7939725169705,87.71484598653375,379.45797052152,76.79272075640517,1893.836765912075,75.32273334658322
2023.3080082135525,2472.3916013139715,610.1186313426833,4427.6170807446,4637.95005586847,19301.479810505985,6405.781748492778,3966.236784765792,2253.651717314747,44514.12046772028,45276.08875790701,454.3150395621397,78.94336381994775,341.51223782985136,69.11344888188756,1862.2729699712881,75.32273483624394
2023.31074606434,2504.401636397536,605.3710589498791,4395.481280609841,4635.51488135772,19289.805571876244,6398.400305615647,3978.4646884467234,2268.64380709543,40062.71621732249,40748.48653893731,3662.7644786924143,615.3187198167378,341.5834037330149,69.05350030412767,1899.030577447657,75.82771668282899
2023.3134839151269,2531.271241928549,600.386506971485,4365.647809256025,4633.235074013367,19278.69586495408,6390.959993278947,3992.966161191692,2283.7763787548806,36055.69534881795,36673.3775795625,5883.208494844224,976.3761552893604,334.51278167161286,67.62579191733683,1930.884734957064,76.28122593001702
2023.3162217659135,2489.083643067654,590.3800738679693,4365.6477233618325,4633.235070354546,19268.06532860456,6383.456955793694,4046.212282296298,2301.7137530024643,32450.08765420561,33006.03874548094,5294.916013575465,878.7392334067438,301.0614832920452,60.863215846214224,1898.7035691996848,76.28122801287789
2023.3189596167008,2486.996260320141,583.4754241838717,4348.868378776061,4631.943843251461,19256.760846204343,6375.80770105313,4076.811392029787,2317.9867845302174,29205.073382122737,29705.43354617039,5904.233926714131,971.8988940923208,281.968620019897,56.95904881559506,1903.5208361362693,76.53895048041755
2023.321697467488,2518.640673396202,579.1755473270512,4319.2555164320365,4629.675023053504,19245.45253535066,6368.064333766897,4086.516052151418,2332.726748871227,26284.53476727139,26734.8599807964,7612.485587941729,1237.2508181271835,297.17216204593194,59.7409511529489,1939.465126069151,77.00443920227511
2023.3244353182752,2563.015890913953,575.9017255817793,4291.158680536205,4627.520598084547,19234.702547146266,6360.270516569415,4081.415558733892,2346.376712782943,23656.04701071393,24061.323267419084,9447.728396951088,1513.214620679253,352.27593353703,69.76279840232692,1987.1141653321738,77.53030999053162
2023.3271731690625,2587.563377386224,571.2541500195763,4278.362468625257,4626.488380704736,19224.721093984903,6352.4434878386455,4080.0736373339296,2360.311434455725,21290.247668220523,21655.12773242786,10105.608457513432,1598.7615750258851,399.2242206925261,78.03671070824188,2016.309227366648,77.92308567156267
2023.3299110198493,2555.698008718305,562.5607585214021,4277.821050336758,4626.42680583674,19215.176634160827,6344.5604443199,4122.452784114419,2377.3773443406453,19161.34124106689,19489.643168709885,9095.096649589505,1438.8967303208688,359.304404511594,70.23379395844198,1993.137250196903,77.98797993337527
2023.3326488706368,2513.102915747776,553.1847456053861,4277.821050527953,4626.42680560112,19205.12759492047,6336.554107336931,4175.524816134125,2395.187594475249,23991.33175056208,35800.57124220865,8185.524246775759,1295.006051532334,323.3715433674433,63.2103886581918,1959.91817014239,77.9879788392675
2023.335386721424,2489.1679675430864,545.2727785553673,4276.939481292414,4626.328240999964,19194.39585898533,6328.413431393666,4211.500969509485,2411.7667020696927,21592.200982303817,32220.520292719688,7366.979299115081,1201.0458513164388,576.7416493292058,103.8287110544022,1943.8951889877192,78.09417501489165
2023.3381245722107,2479.646070894791,538.5094173452788,4302.199299337272,4627.729956217923,19183.29461517796,6320.163200821008,4207.2921919203,2425.8064786344853,19432.97483598447,28998.439590866245,6904.677739777012,1196.3911153966678,1014.281006744278,173.10473419820215,1941.1366535495122,78.28281125818268
2023.340862422998,2465.516866223917,531.5173279071869,4361.141864370178,4631.092656393459,19172.065085561502,6311.823188867806,4174.136261174724,2438.203779850245,17489.664868282416,26097.356023212786,6350.638023949844,1147.537303792754,1254.066289867996,210.2639329732577,1933.9995383167302,78.44195125214306
2023.343600273785,2457.352732823029,525.0570745172242,4463.161469752577,4637.041701096484,19160.63088094621,6303.389204978406,4092.142893808525,2447.576872426581,15740.64775978152,23487.433850478097,5963.927610074691,1125.5886238283138,1516.5851826655985,250.61667711358425,1932.2956583058046,78.6332231631218
2023.346338124572,2451.828730799425,518.8771703467505,4613.450668911987,4646.058301889932,19149.09191864166,6294.870748184504,3959.344558977273,2453.686532597508,14166.519628927685,21138.223103732715,5656.4751283408605,1111.7223426445448,1765.9496847806,287.50923145081595,1932.9515604526746,78.8371363860489
2023.3490759753597,2450.7336639763475,513.112606851902,4808.9338327789055,4658.165056074615,19137.49248370713,6286.272529729123,3776.983796867959,2456.370460363055,12749.819712899704,19024.253537696422,5392.570289804931,1099.2835066685227,1992.298737038976,319.2439478837075,1937.6210571244455,79.06289800502556
2023.3518138261463,2451.916858687436,507.5930306305619,5005.367144124793,4670.825538875961,19125.90654107394,6277.601902097226,3591.3811334441675,2458.3280814149457,11474.655077238016,17121.36162455225,5069.321237497893,1061.6966922242457,2105.79063483355,333.14961498399515,1944.3238280568744,79.29811409256808
2023.3545516769336,2432.8554933383552,500.69096338000367,5091.10470294194,4676.604473091752,19114.3720681099,6268.862885085794,3536.667312940155,2468.618131461144,10327.164805637143,15409.201854931323,4562.385020040728,955.5272060097286,1934.74941092768,304.6555815915312,1932.1645299583515,79.41961761596627
2023.3572895277207,2392.3087124955864,492.3468968292127,5091.1077268791305,4676.610600294564,19102.55153928161,6260.033554212333,3589.4594986740267,2486.213301682586,9294.43939329017,13866.803282583483,4106.142572169285,859.8828119705786,1741.2781342385754,274.1691257956965,1899.9618156663737,79.41959186715451
2023.360027378508,2384.9230429486583,486.4472376449999,5202.0118901660335,4684.178197785486,19090.08759856298,6251.088564837311,3498.832845652685,2493.918252750895,8364.994643645561,12480.115070313965,3695.537747579423,773.8940418846661,1764.5889118353596,296.6086457155025,1898.4758053036585,79.60323126218913
2023.362765229295,2401.8995193404603,482.1488347750162,5330.773749432499,4694.401182478131,19077.534737509275,6242.069772217987,3366.07527104813,2497.440363547555,7528.462344072667,11232.059493760526,3334.2510102995675,696.5038685041479,1840.4821715783976,327.0179945897263,1919.750684565444,79.92635283480094
2023.365503080082,2498.994981909867,482.77482710910846,5447.353529170593,4706.8557624165705,19065.29916965989,6233.004032070368,3165.063496590008,2493.853431422645,6775.614815647182,10108.860061644014,3084.5050069755025,635.3584021244405,1974.2346578540285,366.9512125117194,2016.2201548007586,80.6812406345792
2023.3682409308688,2542.1190947563127,479.9790497908542,5474.044283514673,4711.91132182575,19054.715370136448,6223.973555588093,3106.2603289229246,2501.052025813999,22310.7854164872,26267.88679408439,2776.054569536102,571.8225292075925,1823.1697717561856,343.6180015434477,2062.1400449654584,81.11893928254904
2023.3709787816565,2519.3480230898326,473.1983037199105,5473.841932872629,4712.553185732892,19044.879107163903,6214.921224613096,3139.497914203995,2516.671138952798,20084.19907226116,23641.481239003693,2498.440247326944,514.6401195258393,1640.8514948049433,309.256144259913,2046.1497193699222,81.21743008972771
2023.373716632444,2485.67516463614,465.8379567261749,5472.0141545144525,4712.649254774964,19034.69177663457,6205.781375525645,3185.613781545203,2533.503165991913,18074.966553558937,21275.26693850712,2248.4985215811043,463.1351549080971,1476.6998067307225,278.3034975786848,2019.837207909965,81.2590975943405
2023.3764544832304,2522.5884459214526,463.1443794235324,5444.40168365774,4712.378935750265,19023.97009869495,6196.543222735934,3187.4625490562235,2546.1331151089644,16267.378297108344,19147.686877402044,2293.932546537045,443.9714737849265,1329.022677705192,250.47274819929305,2059.44406649792,81.6401133457838
2023.3791923340175,2705.836658260057,470.527829244682,5345.563830838897,4709.292059357277,19013.892767471498,6187.28546697464,3113.557420759917,2551.522197442093,14640.638794684615,17232.896509213264,2956.116482124773,509.73839364924856,1292.119007665739,246.60967272947173,2235.308829015375,82.61063439257094
2023.381930184805,2945.237174178187,482.2749555032364,5220.016824972268,4705.393318837086,19006.894343206528,6178.176102493105,3007.13023497339,2553.2110761852623,13176.424737921134,15509.57081771808,3817.724700858935,595.2167530959059,1305.3147635782354,252.22630993450963,2462.9622186749507,83.62525912237251
2023.384668035592,3165.0706893197075,492.8205294409957,5112.305931172337,4703.501609391928,19003.903585798565,6169.287189423327,2898.4262710397693,2553.87402476244,11858.623011624011,13958.3645967621,4582.242523108538,661.4042851900084,1302.1363106219758,253.56807915011188,2672.2501598787117,84.42939896717057
2023.3874058863792,3302.709379475491,498.3517815532579,5037.582019810924,4702.281696040754,19004.587994224174,6160.598660181338,2835.254983819782,2558.6791152433416,10672.71475881677,12562.49089088009,4827.872357719349,664.3083484007616,1215.174043629027,237.302822569018,2804.3575979222333,84.91081944266008
2023.3901437371665,3334.979704794045,496.9868322743114,4998.895406106713,4700.758222516551,19007.56570715379,6152.025864584877,2839.121459275835,2570.568233642952,9605.43919415661,11605.37523875137,4483.6481713858775,604.2294650564587,1093.6564355202029,213.57692073287365,2837.9928725197337,85.09775542082338
2023.3928815879533,3305.028879742929,490.95728932895327,4986.051025821734,4699.934578682287,19011.072174656318,6143.454110668731,2878.8380971094066,2586.421074338716,8644.69275456625,10444.8928784738,4035.2836154932666,543.7957914556928,984.2749423148058,192.21288152937365,2814.0715904139756,85.14514374327825
2023.3956194387408,3416.8224665273465,498.4674143860759,4898.589265883267,4693.034468137126,19014.071095601063,6134.805360051319,2851.935249318713,2594.8877104441654,7780.179004191343,9400.389999506424,3825.800864748901,499.0225886711754,1178.7321221128875,213.36898666047583,2918.355052141271,85.41137506354879
2023.398357289528,3546.9857574273888,508.0364346622741,4827.780167824137,4687.243505099357,19018.924679674616,6126.305426000066,2788.15537240426,2600.0374872569823,7002.155904233528,8460.324075122626,3728.5240793368216,468.3187109957966,1367.3662567811523,234.42983757949543,3038.9493227651146,85.67695306928013
2023.401095140315,3725.194034046565,522.1021592069715,4774.013412612045,4683.225897381923,19025.93421538553,6117.988271000028,2657.1322152862617,2598.7344254297564,6301.931270158239,7614.275988622073,3796.503442563072,456.6556513087997,1667.0458401470062,270.08779993060745,3203.0918748395934,85.98456471165804
2023.403832991102,3898.478379961,535.705159984798,4771.8291089497725,4684.234417923018,19035.89103735716,6109.928198850143,2476.503251062468,2592.61087626072,5671.645645519838,6852.7947413121055,3853.343683535295,447.6007475688835,1958.4997620980548,300.8227475606463,3362.773219976202,86.25860892961636
2023.406570841889,4022.0493946421934,545.0247777909584,4804.743094811999,4688.452115948756,19048.7111857586,6102.11705594533,2307.626002117623,2587.312603333641,5104.451004527945,6167.505189764408,3772.210844980791,427.9614451590372,2104.7608368487404,310.7663284291495,3477.024616851235,86.44907796217046
2023.409308692676,4087.439914782703,549.3205957780224,4834.151001630388,4691.971149696828,19063.55643418233,6094.482638463054,2198.410226735004,2587.560069080779,4593.987458990505,5550.741153867358,3529.4360055185625,394.7191101817047,2076.4948921295463,298.73412136597693,3538.1193190046806,86.5607664643255
2023.4120465434637,4224.62221407827,561.890179254004,4872.306487603647,4696.250767853995,19079.45115232102,6086.940754099201,2007.6056233274944,2578.680651811488,4134.571260716973,4995.657092526699,3468.2507677823,380.7854038944103,2228.0607161757944,308.5496022166744,3662.732034824266,86.69963488376446
2023.4147843942503,4334.594622123277,572.3022579739184,4915.538000908544,4701.5507042275385,19097.569263374677,6079.627941873586,1836.711490923935,2570.7093489436456,3720.708754245749,4495.82644120143,3366.9719696796506,363.2415033560525,2277.243811852361,307.7558404213643,3762.292364149359,86.7968678073619
2023.4175222450376,4410.782523138226,579.2962712435174,4956.657397559866,4707.641961212248,19117.490258049675,6072.508924976386,1699.9110985826503,2565.17099558654,3348.634595831568,4046.0183851719135,3213.18578305203,342.005158484406,2227.72020374563,295.82833864468745,3831.4862518947084,86.8663606014437
2023.4202600958247,4446.3552230735,581.7628178393062,4986.683549745864,4713.10571793121,19138.62475133972,6065.526451254743,1613.605653171329,2564.651065993431,3013.732450886957,3641.315855006733,2985.5505367162787,314.7817959884353,2113.614146408333,276.8784820670978,3864.5924052341943,86.91596175626364
2023.422997946612,4372.249462630712,572.0668110279086,4986.683554971361,4713.105735974001,19160.296081299868,6058.604615490301,1666.46797842848,2581.6967905264773,12581.70564578307,15467.311093275775,2686.995404121222,283.30354489814164,1902.2526965218108,249.1905934105473,3800.182651602803,86.9159613165415
2023.425735797399,4327.70595028772,565.4276547854394,4983.376444683957,4713.41315316307,19180.672963421664,6051.540149841664,1694.3696189370685,2595.520895228516,13661.64486006231,17067.334371771864,2641.2507697643377,278.9264831309497,1712.027319859579,224.27176894517655,3762.278295502281,86.93470255880375
2023.428473648186,4385.830800084743,569.0523610855802,4944.664601111397,4711.948372866981,19200.251637512654,6044.384386868273,1655.805838621609,2600.944632197851,12295.491250828263,15360.599790734592,3903.175037817755,417.5074947723466,1608.378077332115,207.1993081778594,3816.7784389991625,87.02520942954331
2023.4312114989727,4383.674970693275,566.697534636889,4914.366263857713,4710.004577271429,19220.745163130057,6037.308627294321,1668.1943796493665,2612.746913816049,11065.908499896555,13824.521963459338,4016.383779177303,430.3887894324451,1447.5419226119973,186.47931214481235,3816.977436056386,87.07254670053089
2023.4339493497605,4406.689173673273,567.1290352620922,4866.055878657655,4706.204603341325,19241.14694210774,6030.2130359958455,1673.516682891748,2623.638878419424,9959.314935395323,12441.905489544042,4222.505289221943,452.9510730539736,1302.7693447920417,167.8291512923369,3839.560138411181,87.13026916783078
2023.436687200548,4425.618211501926,567.4261724787823,4816.438305845916,4701.899615242863,19261.87616709961,6023.144048506936,1683.903892882962,2635.143616790108,10012.618754824443,13710.056399823849,4303.075449990797,461.5933995471764,1172.4871942063423,151.04578299907809,3858.1920390231444,87.17860092395512
2023.4394250513344,4461.820560510486,569.9881079845014,4754.468409122847,4695.979969915922,19282.86415917496,6016.099383363672,1689.1113485221158,2645.9738917545883,9011.390699354228,12339.181237721832,4584.157119641814,502.45821357310086,1078.6372220865055,136.8123056794794,3891.8324525259845,87.22521221428752
2023.442162902122,4541.695560568894,578.3068828792426,4665.141808823861,4686.29223537315,19304.39792593833,6009.116651144443,1677.457081999327,2654.7534836218488,8110.225139130725,11105.108435736232,5138.806887713533,573.9696576935468,1036.1910960365778,128.64223759730052,3963.388677689651,87.26671844982046
2023.444900752909,4619.73639431855,587.5223036541673,4578.486252759517,4675.748012929285,19327.203582910857,6002.2913967243685,1663.6940473414757,2663.335439710862,7299.166671056837,9994.308835524587,5492.206204948165,621.2558074806063,1082.284183105152,130.51746179655032,4032.2140906643826,87.28234138257943
2023.447638603696,4650.689842785603,591.6244330223083,4524.572763081961,4668.429680406945,19351.24770074101,5995.638763536326,1663.037870721813,2673.632176053105,6569.283709719874,8994.85969102433,5232.492262835493,596.9673414108092,1246.0511680237723,145.71554628223723,4059.065409763295,87.27878114813295
2023.4503764544831,4573.180853908015,581.7640724878181,4524.57159938196,4668.429657193226,19375.742043353548,5989.072761652467,1716.4815806868542,2690.486461685166,20089.15828013132,24601.095498301725,4709.246467850044,537.2706710481115,1121.4553377642949,131.14413552240973,3991.4167814201965,87.27878710524489
2023.4531143052704,4496.961165516042,572.0680039554959,4524.57159938196,4668.429657193226,19398.877507358487,5982.360411587729,1769.993705073891,2707.322780282226,18080.259567595866,22141.002351625797,4238.321517543227,483.5435800587268,1009.3097317129376,118.029716140163,3924.8931615605456,87.27878709866846
2023.4558521560573,4421.1761690932935,562.5299581926946,4524.57159938196,4668.429657193226,19421.556589803517,5975.508021536634,1823.527519051612,2724.1411160961216,16140.084803901254,19921.4536724963,3783.511113898626,435.0702310117399,901.0016280023012,106.19769961812794,3858.646210900599,87.2764636223926
2023.4585900068448,4346.819147040056,553.1473503930458,4524.57159938196,4668.429657193226,19442.736863902755,5968.518534986406,1877.1321670056004,2740.941110445998,14423.044541456356,17919.383219376636,3381.0075770358544,391.3464511634744,805.1498302745919,95.52502080096944,3793.6717966470105,87.27466380169719
2023.461327857632,4273.8633700150185,543.9177059076558,4524.57159938196,4668.429657193226,19462.44869230949,5961.394785416963,1930.804015623899,2757.7224045008315,12910.246539677464,16113.973753774177,3026.381928874552,351.9176059509285,720.69962603151,85.90070646800687,3729.945664107363,87.27339508034521
2023.464065708419,4202.282631960005,534.838995960892,4524.570710159743,4668.4294923288,19480.72633042144,5954.13956057196,1984.5359047891816,2774.484404157028,11575.341434995584,14486.353792348757,2713.457410081184,316.37155573543635,646.1800878599561,77.22415612206083,3667.443635999113,87.2726552970704
2023.466803559206,4134.719881667268,526.2368748371824,4523.767537663022,4668.293326802192,19497.39303862841,5946.741189556996,2036.6630193716617,2791.048961822312,10417.751740498252,13037.276515278018,2442.105342227051,284.7247527302525,581.5602904813555,69.49938559164073,3608.4830068300857,87.27273213427496
2023.469541409993,4086.864119403775,520.0877746437221,4516.722833994062,4667.117408108643,19512.887640149445,5939.219394843944,2076.496783783099,2806.3236754223785,9375.96484268023,11733.51081603897,2458.739853812194,281.4214568634915,583.0781281632115,69.3665613278407,3566.776344760053,87.27416034767515
2023.4722792607804,4063.5847208789583,516.9202479454067,4502.565776374651,4664.724436548639,19527.54220308222,5931.615721507424,2099.706576994552,2819.9157470172204,8438.352598533042,10560.11030094484,2811.7918191634344,313.8248083324217,679.2593983351762,79.94212893017179,3546.6644729335517,87.27920583790373
2023.4750171115677,4044.238010534789,514.1055884359121,4489.788732392195,4662.447184758197,19541.770874363083,5923.981597817955,2118.029560040302,2833.06968200663,7593.997244843586,9498.44222016406,2755.0801090349314,306.3976495765549,1005.3663521381152,112.8541105149242,3530.1324220988768,87.28794924787502
2023.4777549623543,4052.961329084941,514.4412971055742,4494.714070451808,4661.211006596787,19555.63591653784,5916.319940630021,2090.943761255776,2842.0597086863118,6834.556960211989,8548.586123862107,2735.32822708166,303.218989773069,1538.121233602601,166.86387946066435,3538.5200319793666,87.30702675562605
2023.4804928131416,4067.661930751037,515.2502949239065,4554.898096375288,4665.059675844444,19569.608101445585,5908.684849141169,2002.5148487584613,2845.4650331091684,6151.040542648592,7693.665418435336,2736.5033530837645,301.7835655175979,2044.0337819568915,219.03003719242736,3552.4116358271303,87.33301086236602
2023.483230663929,4076.6309848237247,515.2434610769026,4661.249449027788,4674.040497192634,19583.786979316326,5901.084144990668,1873.443464162534,2844.5196497584875,5535.895827129801,6924.220850736026,2738.0799402915454,299.7585785578117,2313.396693491841,246.9054642416524,3561.387523746822,87.36104732081404
2023.485968514716,4080.780945343943,514.5866052352998,4787.148401671931,4686.319002799692,19598.07651283565,5893.504170419827,1729.532917478847,2840.905874563873,4982.247683684772,6231.755047720124,2689.5055475123954,292.4268229585407,2557.031122614712,272.45860715056403,3566.1943401086432,87.38999686267334
2023.488706365503,4076.1165651442575,512.8625854449773,4916.70964742905,4700.731870372303,19612.396097873603,5885.9340122942085,1590.7443668834565,2836.2150849072027,4483.8930485155815,5608.475329248082,2604.508435185702,281.3616392957662,2660.828170048929,283.32752151933107,3563.25397969928,87.41786263350329
2023.49144421629,4069.4632894321658,510.8244910157213,5049.352310031243,4717.407143864127,19626.598843975626,5878.355898982123,1450.980133891346,2829.58391915672,4035.477300871052,5047.4442510365725,2529.576162508992,271.53929039093134,2654.2633941643503,282.50783708753795,3558.6387984164444,87.44737439105884
2023.4941820670772,4054.459438824674,507.8143519034482,5161.394571049447,4733.455132560519,19640.65177694578,5870.764567013076,1340.3166905104888,2824.5653015416483,3631.915054081135,4542.652378607212,2415.189872714716,257.8115668719536,2520.323545790767,268.1635659918357,3546.645086921226,87.47516507279066
2023.4969199178645,4021.342775660578,502.8723241870949,5224.136477008577,4743.661205248442,19654.416201176216,5863.143880037116,1297.354923485026,2827.349843546041,3268.7088477379484,4088.340775268087,2198.515747312819,233.85978150141992,2343.767990121952,249.31801272177304,3518.470451473483,87.4949152001973
2023.499657768652,3954.323974837235,494.4929973620965,5224.143251296331,4743.666964825665,19667.591087030272,5855.461762608081,1351.619964166577,2843.8334282228534,2941.827340293475,3679.451133528845,1978.6601216853824,210.47230325849745,2109.3913336140727,224.38732104533747,3459.8309774751383,87.49487901070498
2023.5023956194384,3899.5946235322463,487.33059646322727,5230.899758772368,4745.114828687045,19679.612675808337,5847.660951747159,1387.9991192174705,2857.7766761212656,7990.305190285313,9444.37390748953,1780.7941019895686,189.42506945242616,1898.4521922282288,201.94858523094112,3412.264027069019,87.50304471335527
2023.505133470226,3859.5123574075415,481.5342354922033,5230.527171327186,4746.171794158999,19690.68975467273,5839.762477384087,1417.8047939229575,2870.8424459834064,10548.86126243656,12495.51387834296,1725.1749696564484,181.2180792899709,1708.5942376432977,181.74599092060936,3377.9781219153383,87.52344361411366
2023.507871321013,3906.706381505067,484.02701709002696,5192.776749691841,4745.655565774729,19701.067879781884,5831.788763540891,1398.410966351636,2877.2675066130505,9493.985561738227,11247.688625883477,2511.5356800940726,255.63536625587855,1593.6826631597426,169.35592304844337,3422.67936441504,87.6103558900284
2023.5106091718,3978.199634837246,489.4709008718092,5128.332892392781,4742.078397343424,19712.203182921447,5823.878321840493,1380.6541671789469,2883.739132962972,8544.45601149489,10122.81112578428,3139.061409718769,314.223145996622,1500.049335916895,159.22135082811542,3488.7287339654367,87.69617048411816
2023.5133470225876,4074.703331558832,498.5717132491373,5042.437720019892,4735.55522965005,19724.50019138132,5816.080226148807,1358.17653437037,2889.387483970702,7689.987292984042,9110.4169080173,3686.5497689473336,364.63660453948086,1377.4705898977484,146.02059196183552,3576.1316183096947,87.76422054121909
2023.5160848733744,4195.176957273045,511.8674347725597,4935.45451820143,4725.506294736927,19738.37124440197,5808.455229724333,1331.2429574539767,2894.193593784879,6920.937415069757,8199.340930158445,4254.965105569361,416.754600881908,1319.055856150763,139.5826251891865,3683.309522500486,87.79866880501545
2023.5188227241613,4288.163186884691,523.6710576825981,4843.328736946948,4715.421561219952,19754.211321987008,5801.072593306591,1314.970331511774,2900.285240809558,6228.773052416916,7379.337569221885,4564.848580074886,444.3106059914613,1240.2317327737817,131.03631177815126,3764.4921292020927,87.78798672391383
2023.5215605749488,4363.131783577828,534.8098236786437,4763.014514218579,4705.255614523667,19771.55746933637,5793.906776792557,1303.3977101976454,2906.9061380238304,5605.798694051756,6641.283656141663,4770.900115677791,462.4675907762704,1173.723645361819,123.8223393906843,3828.3219598991845,87.74252417285246
2023.524298425736,4436.607481445186,546.8697965985089,4686.538959098929,4694.608572195729,19790.106741790834,5786.945988962964,1288.2761949954695,2912.881895261496,5045.170104058391,5976.951182941221,4890.388501938718,473.0307992513949,1202.7882038277971,125.88257549888824,3889.737684846677,87.6736943963235
2023.527036276523,4485.941602731176,555.4357656899226,4628.0583018090965,4686.580986649865,19809.83047838985,5780.2047014719,1278.1268944003018,2919.5126992070104,4540.641109969215,5378.912667247158,4616.783522853796,446.63439129370994,1294.2156489673705,133.55737669343486,3930.5058370412535,87.61830146536556
2023.52977412731,4548.040130231141,565.2479323184735,4573.6896517310015,4679.747177022096,19830.32263361394,5773.625676026721,1250.332761754338,2923.5412676514075,4086.5750290050114,4840.980250875302,4353.187614516173,421.4175260819861,1577.5173896491644,160.26978375143912,3982.7921979126677,87.57161511040259
2023.532511978097,4578.5601343779,570.3615759178185,4550.262283441516,4677.6046629842185,19851.79320390614,5767.228166897632,1222.1974556048622,2927.3955472190264,3677.896767512935,4356.83616457555,4007.6735696771552,388.69892790627534,1651.4053022478636,166.3753155894966,4008.1985584600816,87.5427741652821
2023.5352498288844,4607.875127666138,575.2791716912016,4536.323165244142,4677.104568527454,19873.7138767102,5760.933549086712,1185.3288077099364,2929.700563713327,3310.089989552521,3921.143614170055,3722.829312692308,362.1106205756656,1781.4931972345469,177.97762016607493,4032.5959559749363,87.51530465230776
2023.5379876796717,4618.129696630707,577.7536242624701,4534.785805137755,4678.332103755416,19896.063004898697,5754.738050367661,1154.6903706632586,2932.621974633149,2979.0587229848747,3528.9829948652373,3403.848766681417,332.1040652708067,1790.6032788477469,177.85264357344363,4040.376072368237,87.48944568005555
2023.5407255304583,4640.446028146018,582.0939019645407,4539.68176159063,4680.901525784662,19918.52191900623,5748.600724457681,1105.4470685875322,2932.277500811813,2681.106819657913,3175.9854248373745,3148.6757502526525,308.4236381904362,1785.7455937311768,176.412130225153,4058.352126181477,87.45607860895426
2023.5434633812456,4666.200999418208,587.1674098369782,4548.847600178577,4684.634976197138,19941.290355772795,5742.552538612586,1048.1857219608346,2929.9466283719903,2412.896556573201,2858.323589336982,2942.514290689044,289.4579506061177,1838.2245671873848,180.8115348296988,4079.03358958123,87.41658557121335
2023.546201232033,4694.148331719492,592.7815392461633,4563.435412747727,4690.0461879563,19964.426234212373,5736.605610807471,982.942598650824,2925.2961150087567,2171.572832027288,2572.4816031681958,2762.8038198347804,272.9290385207112,1929.6537394275408,189.3202946083223,4101.366792473328,87.37190439337854
2023.54893908282,4707.048094843944,596.3288438843992,4581.693704519728,4696.712483151866,19987.9640064532,5730.768079730334,928.674671513541,2921.3479462520936,1954.357070707687,2315.10447075629,2562.8178953178667,254.10745391070924,1940.9530517316907,190.24891228802684,4110.719250959545,87.3311503968355
2023.551676933607,4716.149920700901,599.3864393325927,4596.652702906793,4703.597701392616,20011.652764181887,5725.006112394737,881.3529895408301,2917.594999898743,1758.849401133324,2083.5779415668167,2361.631498473676,234.92113291686857,1879.3583603427755,184.1861020239548,4116.763481368308,87.29076790579393
2023.5544147843943,4737.350644178766,604.2227621128537,4600.056838764874,4709.832997397357,20035.42864729285,5719.310898021523,833.4001470939223,2912.646495486952,1582.926250274108,1875.2062345640795,2189.9578278759736,218.64130657174377,1878.5196590930525,184.18394690864235,4133.127882065912,87.24555542758229
2023.5571526351812,4783.947152975337,612.8335976958856,4582.831841453603,4714.500559315051,20059.492645971928,5713.711599037772,780.3925369295516,2905.395296969976,1424.6177512581555,1687.6133966578732,2043.7776934937635,204.88355818889147,1870.157560438976,183.4938303830105,4171.113555279451,87.18979164904154
2023.5598904859685,4842.04102381526,623.375433741314,4545.800765663438,4716.904008809909,20084.26718727322,5708.271375823433,734.9831005784927,2898.3181346440256,1282.1471293651905,1518.8388156436945,1901.9725919541515,191.44681671913528,1787.843246717889,175.56284037683685,4218.665590073946,87.12577132917126
2023.562628336756,4892.916912893576,633.1863835578272,4497.9196111264255,4717.088960949588,20109.942404805657,5703.021796974949,706.7410485047635,2893.9997115363185,1153.931203633567,1366.9487577511284,1711.776806306864,172.30188538807482,1609.0599834948307,158.00624104298558,4259.730529335749,87.05912250646878
2023.5653661875428,4964.673352128434,646.696797042421,4428.044651304013,4714.128133172105,20136.39516485542,5697.949965939015,678.8347090425661,2888.9498568651406,1038.536062565668,1230.2350832330185,1589.199786127789,160.7863924834706,1449.6779411431037,142.45415852097202,4317.976555086013,86.97403129724191
2023.56810403833,5046.497011148857,662.5235234184343,4343.624069492186,4708.604742841185,20163.97105219553,5693.117159502831,654.2836444938658,2883.907227256231,934.6777048121392,1107.1964456790265,1504.0180103772725,153.17724821783227,1424.3876176743174,140.29329665163445,4383.973487730424,86.87161565825227
2023.570841889117,5091.074823615113,673.2038377474773,4276.412255768115,4703.670625054139,20192.835234409136,5688.561034338746,648.4813635380848,2883.145055878317,841.2071528080711,996.450035243916,1353.6251067840928,137.94949769652743,1281.9608654078534,126.2740811870642,4417.870985867636,86.77678366413316
2023.573579739904,5161.995499415799,689.7318444308578,4188.347555231769,4694.56839994348,20222.363263018586,5684.195972144104,636.5252596642982,2880.512236500238,757.0810565061942,896.8034368175081,1279.1452168786657,131.48502428079055,1245.241769875277,123.0097222235449,4472.263654984941,86.63827110060602
2023.5763175906916,5230.337992100015,707.3527753154052,4100.130860392453,4684.048052554921,20252.99070951029,5680.118124469278,626.19991532768,2877.917400679073,681.3570834023633,807.1148154590924,1208.8685826851652,125.48973603672236,1223.8577796865602,121.26039522341097,4522.98521678461,86.47596433760492
2023.5790554414784,5269.315990699177,720.6390799809799,4029.901043976685,4674.98308613788,20284.67402612119,5676.345008660394,626.1963165333896,2877.897078239422,613.2117763324044,726.392705397294,1125.905470100274,118.0316663714964,1171.4799697053938,116.35585171620028,4548.676910718197,86.32385908810606
2023.5817932922653,5311.844057288141,735.9378751670499,3958.918072028323,4664.714085011809,20316.919599049485,5672.801502223932,622.833548964491,2876.8386906158817,551.8674763207009,653.6655702021211,1053.907937327408,111.73667636555338,1110.9073118262977,110.65659641640428,4575.906182121091,86.14534110508566
2023.5845311430528,5303.771504191003,741.5595800036197,3915.2679809792367,4657.47440729124,20349.78752889051,5669.525209578486,642.1161632696843,2882.1608561453286,2911.256003595964,3314.95249049558,952.644992110868,101.86924088830204,1016.2922279358752,101.42108923233512,4562.211924187383,86.01825928176497
2023.58726899384,5260.684669188561,739.9067284556551,3891.289983939032,4652.775245582677,20382.430879467775,5666.351589539927,676.9655447350648,2892.114389440414,17995.372715601316,19293.89071341173,1256.1115250431687,134.07639061825805,914.6629524504216,91.27897483834468,4520.777940732906,85.93516291160286
2023.590006844627,5208.14078763203,736.2862906479111,3873.918281835036,4648.8247976394,20414.266728151582,5663.159117927831,715.4731797117887,2903.305646803534,16196.314698637092,17912.313942001027,3730.6083305332336,381.1500769963463,823.1960727043057,82.15104988925191,4471.854496984119,85.86278058388133
2023.592744695414,5196.008481882196,743.2530719767934,3840.741585072824,4640.149614760339,20445.1395802414,5659.915053456087,730.3372301340225,2908.686012825456,14576.682572145372,16121.085203957447,8978.35493210277,928.5674843320868,778.0285204726872,78.03538586557151,4452.755409905402,85.69569171088884
2023.5954825462013,5180.694356749341,749.9546082375551,3811.742024108339,4631.679073129399,20475.72576851232,5656.795873233178,744.4926279604271,2914.002098418545,13118.942056507323,14508.812124217828,12995.0848673177,1354.5892070367447,725.0239395044132,73.12854023877844,4430.739748511785,85.52405224870051
2023.5982203969884,5167.550577079868,757.5165591063601,3783.3648639080056,4622.741347976169,20505.97286694832,5653.797010647657,756.1943693942316,2918.804635288495,11807.017190562628,13057.88375150682,16401.848417871686,1722.7049241172954,691.4846791788342,70.260392224205,4410.0340179735085,85.34089704963421
2023.6009582477757,5146.453035345801,762.9745055764179,3760.217620025956,4614.982728645338,20535.91808694568,5650.93232739347,770.9218350129923,2924.3978914034524,10626.261319911211,11751.98252632688,18259.577521186715,1931.7869533009132,635.3294638769669,65.01285532869736,4383.478529769383,85.17475044780717
2023.6036960985623,5121.532133945622,767.5144482233511,3737.606711293073,4607.056818234311,20565.430287488944,5648.166484328635,789.3693446027769,2930.9776022323795,9563.424839431484,10576.68059898284,18951.703821576,2019.0643660865692,633.5850285015421,65.37924711421637,4354.017685722271,85.01396792697543
2023.6064339493496,5090.154886636877,770.1912264615587,3719.618370923232,4600.257334710106,20594.448345946726,5645.483822285245,810.1447738235756,2938.2108695617694,8606.47529191538,9518.81376014422,18745.865877606157,2011.648479793015,949.9924871000964,98.06103841545304,4319.963660175318,84.86900214994377
2023.609171800137,5054.867809466768,771.624387441103,3723.574141932068,4598.5745254345,20622.86116476658,5642.85324225481,813.4911611650083,2941.5189978882645,7745.819789545214,8566.888601201566,17122.566220462755,1858.583292097862,2310.926413129665,234.8630671274956,4283.2434220256655,84.73502341651738
2023.611909650924,5019.507004509537,772.7117027240273,3811.327311923516,4616.178251971775,20650.60806488744,5640.253765254648,733.7802718689916,2925.855333068225,6971.22581900283,7710.164346934557,15410.290341840748,1672.719923214871,3105.4372711540327,319.2913298984783,4246.79530178551,84.60582479455012
2023.6146475017115,4986.824074124513,773.8333234912725,3942.84833502477,4649.194209362005,20677.68975414252,5637.679539017944,660.399402978548,2894.7198811474477,6274.07510804833,6939.154127455739,13877.18138955614,1519.9958301380511,4139.613741115187,430.00506864902826,4212.99075063324,84.48244189109224
2023.6173853524983,4932.763258512694,768.5220808296393,4045.1465662584096,4679.188251651851,20704.15230303821,5635.131063518739,594.3597054590215,2873.01345701844,15087.94731694134,22855.8728623108,12489.458946400087,1367.996134582921,4401.308888009663,458.9399052012919,4164.241177683055,84.42004936070335
2023.6201232032852,4880.192822858488,763.2042686508531,4149.500158282093,4714.133882022806,20729.64150966282,5632.501050505874,534.9224420237647,2846.443551839136,13580.034515806272,20570.34747354465,13357.120010860406,1646.3669992358118,4549.606854956133,476.92785288320977,4116.988554207635,84.36118619993749
2023.6228610540725,4830.405914809807,758.3548938722488,4256.518259470324,4754.81903917531,20754.184747205574,5629.789823245667,481.4287597916208,2813.7468967254463,12221.994581666222,18512.7195594808,13934.016395627266,1858.934232275391,4513.723652572086,476.1956287180556,4072.051020937558,84.30038992070693
2023.62559890486,4781.3149808423805,753.4818360820524,4353.581823182104,4796.821474626946,20777.83133668107,5627.005051442718,433.2822797449602,2779.8301908669546,10999.703627319415,16661.27470206524,14296.549270621666,2013.375923623973,4588.281111446986,487.6394542211156,4027.833144760328,84.2411169500215
2023.6283367556468,4741.1680634755085,750.6159952938033,4469.257739150139,4853.6169646331,20800.594848178494,5624.146651508095,389.9513592340304,2729.186841583671,9899.664909373889,14995.092736879014,14851.605196277162,2190.091727410909,4560.623306136354,489.15880381918913,3990.552068181705,84.16812090935319
2023.631074606434,4700.456994814166,747.3867161148642,4568.645354805193,4909.250060616507,20822.628552953312,5621.248334749344,350.9433798407585,2680.109241537956,8909.372362263177,13495.426511449388,14880.405102493394,2264.0243940493247,4428.936492989216,479.1916047706849,3953.070278699302,84.09970100908428
2023.633812457221,4669.039904881357,746.0847149062731,4636.809569251555,4957.830993688974,20843.92182824471,5618.304194804104,315.84575399145547,2636.202349619321,8018.351657257373,12145.572833696928,14285.074717969188,2220.464866171208,4118.002039201872,450.5148150176973,3922.955189975084,84.02059673710947
2023.6365503080085,4691.910154806078,757.0308944846124,4635.050517039356,4991.1879211259575,20864.632984253272,5615.346326614273,284.2630675929892,2595.285010793829,7216.446152762875,10931.007688451644,12856.741599913956,1998.4186550791792,3706.256521778452,405.4633260077268,3934.8792603214656,83.86518774855139
2023.6392881587956,4722.018919445455,770.9387103773261,4581.346145751404,4999.071503695861,20885.66803324086,5612.576822102649,287.25115499403523,2576.691016842836,6494.782862545815,9836.520118975604,11571.034176606328,1798.323255352178,3335.6212807860784,364.8655532403845,3951.080209068129,83.67353618168342
2023.6420260095824,4826.4163920911005,807.8424578088001,4467.89937846115,4992.277730377864,20907.147157819887,5610.046432684047,275.2492250596109,2549.539332147963,5845.2749361110455,8851.750174544295,10413.888096146942,1618.2930947847087,3002.129212993228,328.36773345115967,4018.5739342823003,83.26206460071313
2023.6447638603695,4955.039610012473,857.226275306185,4323.353497916898,4970.495687283004,20930.30726654647,5608.138536042661,268.43967895591186,2524.2733543868253,5260.735494505843,7966.26683956962,9466.208815844251,1496.2758933040748,3609.8038808487686,452.60009728547686,4097.813334706288,82.6999107419037
2023.6475017111568,5066.319473629626,907.4326929862414,4203.848841398006,4961.066312514938,20955.54767929968,5607.060863200187,251.85195910444347,2485.001884317315,4734.654269257093,7169.638624897489,8519.626114107683,1346.6534893113028,3249.477649272093,407.3524977124212,4158.886780643385,82.08891686145215
2023.650239561944,5149.296462805605,953.8761025312872,4095.950508395007,4945.709087613701,20982.570063086703,5606.822780483638,250.1788191444435,2454.5816823900545,4261.076446143509,6452.660499168362,7696.719753865038,1253.8335219543903,3304.206306699244,440.2365472538791,4195.420360274318,81.47560332908924
2023.652977412731,5234.36060120816,1007.4745479774192,3992.942341845553,4931.931098998457,21010.904952379933,5607.359396883683,240.21585799811928,2414.652509159119,3834.9606573218034,5807.379610149608,7190.356480538687,1216.203426223127,3725.3583333643423,523.4739060031789,4226.886053230741,80.75267210774739
2023.6557152635185,5296.673168415474,1057.775581849842,3914.458841258071,4927.863519939168,21040.57877417979,5608.786672376474,227.1408695784272,2367.4196788531926,3451.420126531543,5226.544803964516,6656.39450994538,1170.7717896134775,3850.433641390476,558.7451684904304,4238.897586565632,80.0294345485115
2023.6584531143053,5340.676785900128,1105.4517854502772,3851.6415848761535,4928.521977721807,21071.21107801096,5611.049515560891,215.75010464451745,2317.250074285701,3106.2716626686765,4703.875635087744,5990.747935572744,1053.6955284998148,3465.3961765066992,502.8735537488951,4235.225000449851,79.30127903697954
2023.6611909650924,5368.736905633801,1150.7438816718611,3796.026343947589,4925.0734429957765,21102.48931147319,5614.082961980753,212.4548923771748,2272.800966370284,2795.447819843199,4232.2939993777845,5391.297716648468,958.3977238041434,3118.645091691314,452.4588426901887,4217.99302396194,78.56583584000357
2023.6639288158797,5370.990495604671,1186.4520484528848,3756.024951641028,4920.608304517387,21134.153150374463,5617.879752034336,218.96675581160304,2238.1890480140646,2515.897316011672,3808.987192096964,4953.658755659022,927.5483414007224,3115.207196526428,468.7051633943674,4184.538447151786,77.90999538308971
2023.6666666666667,5352.572870134113,1210.8565063092658,3733.1326483488047,4922.955514708744,21165.7679014855,5622.262233985531,229.08983346335145,2207.482798015131,2264.289225927459,3428.069109124429,4458.293269243844,834.8006217107948,2803.752702257629,421.84287822137424,4141.716363824848,77.37804723658202
2023.6694045174536,5308.3820656992375,1218.8368294556149,3720.547390598978,4924.313299485743,21196.989440437275,5627.0392446109145,255.07225669627445,2193.795579466401,2037.8349667477928,3085.216556543261,4012.414059699628,751.31184222153,2523.3460689947583,379.6529753523511,4089.5452362436226,77.03939139325936
2023.6721423682409,5277.345013638025,1238.2422236121786,3704.262257247833,4918.007447025796,21227.389596611945,5631.93645871011,272.42218593396285,2176.22672367059,1834.0221205113808,2776.6413841098515,3611.114865638647,676.6615099000301,2270.975120046363,343.0028346843355,4039.102790025847,76.53664446019278
2023.674880219028,5234.474109461087,1251.7361690520336,3690.41124915594,4907.543307288704,21257.189085453057,5637.1424320313945,299.77250936168366,2168.418844646544,1650.5869770379927,2498.834490567314,3249.9385384454863,608.9609430004635,2043.8368307578744,308.6855958801515,3982.7379404090534,76.08668716520015
2023.6776180698157,5188.738459262991,1264.0789610801692,3679.824327805617,4895.7546266378295,21286.21214812625,5642.545440824237,327.4999182369035,2162.8896244764423,1485.0513104725917,2246.968103149161,2924.005552336764,547.5816135672525,1838.8625417097703,277.57208567764604,3924.659498182821,75.63802895434974
2023.6803559206023,5155.020844958578,1288.1001558141488,3663.9484006080415,4873.753020794963,21314.37386530947,5648.1538836909285,349.35964255567023,2155.689492718638,1336.5239125129758,2022.2038489743572,2631.562624468691,492.807303117452,1654.9730301652492,249.80703006390544,3866.920689144429,75.01270713436855
2023.6830937713892,5137.60276028178,1329.476920480756,3640.201958742965,4837.068669320714,21341.8957659924,5654.147731308701,363.4301684146035,2145.4311319085086,1202.861494878908,1819.9779696945643,2368.796090397411,465.1107305296519,1636.9947801634337,268.57974266020574,3808.125839801024,74.12262133696302
2023.6858316221767,5117.973331128342,1370.8796414420503,3622.653580711675,4802.9589021089805,21369.05179085877,5660.814679445938,373.8798507329575,2131.899130021716,1082.5658608653584,1637.974620294979,2141.7649536070985,442.5775105489085,1669.384238460323,294.07963275514305,3747.0936896862913,73.21440435994188
2023.688569472964,5084.857057965588,1398.973912884113,3616.673078154104,4781.144384309915,21395.806099241163,5668.153274365993,386.650218070887,2118.708681458664,974.306271986624,1474.1685484605907,1927.583127330363,398.3225583874112,1502.448929661494,264.6797985873431,3685.883145081475,72.48744857650273
2023.6913073237508,5034.0485878237205,1408.5687598086097,3612.059187831184,4766.005320333986,21421.935449706783,5675.93931642064,416.3711280700701,2116.8947564554546,876.873293503768,1326.785652954695,1734.8118648665102,358.4811475967447,1352.194162294624,238.2062799773336,3625.479828015111,72.01916637801958
2023.694045174538,5004.564366382293,1436.097878650316,3603.872203697597,4740.982609813263,21447.14617533667,5683.864938262477,429.2595080152223,2106.890626292632,3009.906814087349,3805.7351328971,1572.477937700385,344.7510123674893,1347.5740259778424,251.60492444292512,3568.466487731977,71.30423802125169
2023.6967830253247,4963.130510845229,1448.2228761413808,3599.5892966804345,4726.596795733661,21471.796276885645,5692.22766154598,450.7540690204738,2101.2166195976647,23364.78713990562,25356.9197925451,2132.6697057945703,485.8239305171198,1285.5878049540013,248.5493502291857,3514.907634703848,70.82037490296128
2023.6995208761125,4931.021026147477,1463.76421466252,3595.392752376589,4713.1638361287605,21495.68829220145,5700.769544334646,463.5959827062578,2090.9942578927607,21028.402534130902,22822.55983132056,10869.840113349508,2311.8670954188733,1219.0475142311584,244.78219020678895,3467.2568114849564,70.315190162429
2023.7022587268996,4897.404674981076,1474.344649833144,3591.332259685917,4703.478668665773,21518.97987942922,5709.546806105576,478.409139335574,2081.7496284141907,18925.48442286619,20540.022277632368,15821.860408064218,3374.246635551316,1097.1433949167586,220.31075533235185,3423.060025147932,69.8953885235379
2023.7049965776864,4860.824308963121,1479.2596550387327,3585.1538444080497,4695.295219703558,21541.648012684927,5718.476572001817,498.9276873756945,2076.5162062745776,17032.655877486046,18485.94369467596,17185.957596450673,3688.8507659024,987.4133606623484,198.27936172033512,3381.564653924389,69.5677201845981
2023.7077344284735,4828.32614662709,1483.9370864450866,3577.0912442442386,4687.173692340576,21563.64394596159,5727.463827316484,517.9204165988767,2071.400946916536,15329.275181311974,16637.302245650233,20908.00616826797,4513.578334297577,946.5289956862975,199.1939506824539,3344.389060182003,69.26601390666791
2023.7104722792608,4778.901783519854,1477.7180782512512,3571.9904568679904,4682.364683109798,21585.037701336896,5736.504427322313,551.4797117070694,2073.8162643353216,13796.3110157233,14973.561450855655,21169.129696649677,4588.879056885482,854.7719809018216,184.291001183959,3301.1837052686024,69.07829151569521
2023.713210130048,4749.298563294678,1484.079445067329,3560.6516043467277,4671.061229903559,21605.54916529945,5745.416652101184,572.3382204909597,2070.274025946613,12416.646818032768,13476.15267093611,22763.91125833524,4961.276015103038,896.2751268632549,200.69830537177648,3265.219118227349,68.75160773135738
2023.7159479808352,4719.648467162274,1489.9293136728052,3553.268224034181,4661.877453766605,21625.510862530853,5754.410431310512,589.8378997045048,2065.042054268773,11174.980489201378,12128.517827936408,21408.98105019679,4716.852087687624,3035.263645322952,651.094436431742,3229.7191534894687,68.43134983380156
2023.7186858316225,4689.16932824447,1493.1979675684856,3655.6261557257776,4704.722471980904,21644.924097806765,5763.477069644956,530.9102289612882,2010.289643824354,10057.391393819593,10915.64965231729,19370.524258843223,4319.633495794104,5547.474046601095,1186.201859737821,3195.9713606759847,68.15645025709685
2023.7214236824093,4646.830053440506,1488.6663565158574,3804.6085731795138,4778.215332281499,21663.77585213627,5772.573353798531,477.819267837272,1932.6600104228112,9051.633513411572,9824.082627657424,17433.442595818175,3887.67223002834,6258.098509069078,1337.036847995381,3158.163696924649,67.96383040921303
2023.7241615331964,4608.465302614075,1486.1225776639317,3967.299469188776,4865.296152532691,21681.870742938037,5781.569265535521,430.0335988458111,1839.554957286558,8146.399269495884,8841.592582785457,15690.610745248468,3514.7395445637358,7075.172892326606,1516.7886754502315,3122.3427249501433,67.7523322824856
2023.726899383984,4570.998204784927,1483.6379657083348,4137.045345799964,4963.1763989597375,21699.280885654855,5790.498774456565,386.9971332955022,1735.657713894063,7331.132200917501,7956.385382435334,14120.675612506442,3175.6078774648,7539.54202812335,1624.130836382982,3087.3602390765923,67.54236385052043
2023.7296372347707,4540.325999513808,1484.3050414909671,4335.051462237823,5085.319768689683,21716.014249994376,5799.361710324311,348.2964880723794,1604.4122325137362,6598.0013273746345,7160.724479380205,12757.9079853618,2897.087034264572,8124.665500864487,1762.7687614221256,3056.0209580228407,67.3084038095522
2023.7323750855576,4501.663428650612,1479.4031293421128,4503.743332059827,5194.404228602653,21732.190460280497,5808.211472290122,313.4665631299827,1491.8078227838064,5938.195963633681,6444.610763681946,11482.10848952061,2607.374296384868,7440.235841214249,1622.546466504515,3022.2602993084993,67.13652291447366
2023.7351129363449,4463.359100438149,1474.055673417879,4641.312307189669,5288.525956014376,21747.678867637023,5816.955473167847,282.1151964607464,1394.7174504185966,5344.287136003916,5800.021125760906,10333.725103012875,2346.584855566252,6968.703759325216,1529.815020205398,2989.3034270202697,66.9742980511432
2023.737850787132,4425.57749306659,1468.4402167414432,4754.251290964724,5371.462079676675,21762.485980434063,5825.587281341442,253.90148361004444,1309.192875259139,4809.816875136933,5219.404565257398,9300.272256827557,2111.6777753658776,6597.757362064013,1458.8269166033556,2957.137276325147,66.81924067442043
2023.7405886379192,4390.232149543987,1463.4909268816025,4846.670091085363,5445.444230817601,21776.623721514203,5834.100914448307,228.5055875443392,1232.074280871187,4328.7263052068365,4697.393490631019,8370.034717780918,1900.481555686513,6326.478363179788,1408.919886267267,2926.7412226623846,66.66483964786201
2023.7433264887063,4410.344687814579,1484.0527041166488,4871.120087142338,5489.133247526892,21790.13233779647,5842.50869394245,205.65477291783296,1159.8436074327035,3895.848827539164,4227.603738800996,7533.041743269869,1715.55430036028,6198.458974726047,1389.7164866658982,2926.29198369793,66.35064129529457
2023.7460643394932,4512.37303155321,1545.306441591218,4789.117530656841,5477.288662341122,21803.93899282611,5851.235880028909,185.08855185339144,1102.135169057441,3506.2498550279465,3804.820950614349,6779.710325259253,1543.9925564363475,5578.608748597566,1251.3264381254123,2967.0665899619926,65.75401832283121
2023.748802190281,4677.346949035936,1645.4359580947869,4632.40777733214,5421.275634772543,21819.401623802183,5860.956578652557,166.57132610591353,1048.725881498804,3155.466300656404,3424.185112059642,6101.432682810883,1389.5309129600955,5020.49559137547,1126.143469252127,3031.910990941149,64.82116943593562
2023.751540041068,4833.726402592822,1748.5919383222283,4463.69938153417,5348.227903261355,21837.454260394385,5872.292173502324,161.39789112933008,1007.7099379327836,2838.313425115856,3081.0498635058348,5488.183566549365,1250.286970363512,4515.890420031756,1013.2934027755284,3085.1344642705935,63.82517766449753
2023.7542778918548,5000.143969399877,1865.0834414411552,4277.066642978454,5255.60110490289,21858.18519532517,5885.343387294501,161.31002794719626,971.2219193801432,2554.450700924263,2772.873464473996,4939.304530048791,1125.2292941321302,4064.251448296774,911.9405763482398,3135.060527958722,62.69940520002658
2023.757015742642,5149.258796716997,1977.1220977734297,4097.669337735053,5157.423078564573,21881.604094413346,5900.280943853216,168.60150678531122,942.8516328274712,2298.67760776501,2495.21517783632,4444.739809246395,1012.5558375586209,3657.304403309095,820.6245241776952,3172.136698943567,61.60375355315255
2023.7597535934287,5261.195020572934,2070.3807882872457,3947.2476279153934,5068.586049749682,21907.467046170885,5917.0338513446895,181.65194099148883,922.1049636370736,2068.7208110058914,2245.1771636675617,4000.09366769555,911.0906600833544,3291.4323025338585,738.3922068103825,3190.814232285688,60.64808888111155
2023.7624914442165,5346.877365982614,2151.0659353590586,3822.1772499628105,4987.883265048679,21935.12608891032,5935.323163757256,193.8088307949568,904.2611888536964,1861.7579734871847,2020.560281480832,3599.908813653145,825.4644561182452,2962.1446745421863,664.5203725477363,3195.811430623555,59.769678858835206
2023.7652292950036,5389.999326936454,2207.302767678064,3731.702977571109,4923.218184071285,21964.132571577968,5954.902121371343,212.58255956517627,893.5383798980023,1675.399982374176,1818.31371977682,3239.565641094668,742.860001279471,2665.64032822277,598.0056727578582,3182.69655925839,59.04818101465995
2023.7679671457904,5393.6068643816325,2238.9299843867125,3672.2227232547743,4874.867234236595,21993.78772855587,5975.374788538828,239.2280194584376,890.2173458565613,1507.788282126741,1636.461474917846,2915.470433455004,668.565475948596,2398.9622141234686,538.1982408242945,3154.67687999492,58.48918839131221
2023.7707049965777,5386.08308262552,2265.2087133549635,3624.609380805589,4829.486642432444,22023.42473498612,5996.317826813412,265.15603723349125,888.8040704178803,1356.6036478301776,1472.754650903886,2623.1387205021606,601.6841393640967,2158.420336107306,484.3584614920808,3120.874369270556,57.94330167943201
2023.7734428473648,5371.496124418528,2288.5853947950613,3586.7907243555837,4785.973767084646,22052.85513112684,6017.642254686282,288.5591557497707,888.043736452712,1220.9070793994372,1325.4455212611117,2360.7548448143184,541.5019719982097,1942.5207007868864,435.9115437697563,3082.9107296234665,57.39389284130213
2023.776180698152,5342.827089766089,2302.917276058923,3562.623653903426,4749.864870478463,22082.018759283583,6039.220791494744,312.65953269762275,888.6701149865754,1096.407388344174,1189.4377477570415,2120.0213329886906,485.94677131055386,1744.435825044022,391.1814077046868,3039.9098137071655,56.89702778384793
2023.7789185489391,5315.367847206087,2318.824524213951,3543.9843369762225,4712.736722208052,22110.56786434017,6061.0561650739455,330.63688712823915,888.4835415227575,986.7517281867048,1070.4356614874232,1907.992968830658,437.5249314731656,1569.979401668537,352.0453297439876,2996.5433229921364,56.37508840648173
2023.7816563997264,5284.550404827128,2330.000112896652,3529.53537941075,4679.270887863248,22138.58049483909,6083.097532007502,348.3185565737453,889.1603202513072,888.0752326897751,963.3877397450092,1739.58906820549,417.976479096897,1600.4475987377782,378.4281538137519,2954.550291930476,55.90920826929131
2023.7843942505133,5249.59398916461,2334.52999245942,3522.8656798528464,4653.498962829362,22166.014709612748,6105.264462753256,362.938357020495,888.663334976671,799.0668052199843,867.016322752742,1582.8189412907816,396.0058516064216,1596.5298726947792,392.99254338704856,2915.06399670519,55.52932289091326
2023.7871321013008,5213.250698445203,2333.9411772018443,3520.45342790575,4633.584292800019,22192.78095355963,6127.446485849937,375.35555574011016,887.4126971669066,719.1355208225876,780.2780404826881,1446.2743313701244,375.6843291362499,1569.2803624038515,398.1740835523433,2879.3095212433586,55.230597717122684
2023.789869952088,5163.596502595513,2320.5185758318376,3520.6052975323696,4622.15872914062,22218.866675443816,6149.557990030436,399.20006007899184,890.5772580158111,647.2178507540222,896.3095400581487,1302.4572437263332,346.54957314453844,1464.6369365856133,378.2784758968013,2843.0779267636754,55.06003277627492
2023.7926078028747,5112.365350633908,2303.518281673892,3521.4222565200275,4613.350747982421,22244.05776545152,6171.38524680269,424.8510630452371,894.9861765597051,582.4585438609072,806.7087960720245,1172.1464880068502,335.3282091433981,1356.0259631318836,355.8746299908514,2808.847068960016,54.94222099388364
2023.7953456536616,5060.669298553619,2283.738120077378,3521.694399675444,4606.438141006786,22268.321238333963,6192.869318833933,452.4393990876836,900.6227731006096,1199.566220543931,1551.8567507242633,1054.9317579585093,318.8537498508185,1240.525508313494,330.256677948982,2776.9311784762413,54.872804655896225
2023.798083504449,5013.192829476305,2263.9687544001054,3520.867208502855,4600.108904726248,22291.65675329708,6213.964890442842,477.8354443744769,906.0537034495107,1079.628012127759,1396.6968925194296,1162.5994208890093,383.8443839393384,1142.684152670413,308.86501748577285,2749.2240750761994,54.83978312007983
2023.800821355236,4977.359755595148,2247.7777433606507,3519.081885283145,4593.314010344519,22314.13721231277,6234.673225890751,493.4012824596493,908.7591734227786,971.661320643683,1257.023829194476,1295.455550055702,455.9000541059477,1090.4942238635738,300.8044634531189,2729.5820122344976,54.839958256304875
2023.8035592060232,4940.6162690864085,2229.5177418081125,3517.775305582631,4588.400573282605,22335.96374741104,6255.055919284536,510.0527135706311,911.9778186434462,874.4105981689045,1131.2775018693585,1368.1713647425422,499.6968077225685,1026.981157050693,288.3638561240647,2711.098527278296,54.87369145103871
2023.8062970568103,4903.093110409166,2209.7574322680416,3517.0259730960656,4584.859675820413,22357.115041699413,6275.078292881562,527.6018104460862,915.6845520486798,786.9571046747338,1018.1191379728672,1403.2995153531915,525.3113913828564,966.1918106161232,275.5548226820134,2693.3356781411244,54.93135899098526
2023.8090349075976,4836.3755776547605,2178.594618746544,3516.233675915371,4583.597462785638,22377.58089069227,6294.715590323171,575.0736913883474,928.900181163343,19185.302688205004,19924.225594457785,1262.9721143999573,472.7804057465704,869.5726256190081,247.99935232445296,2657.7809589082167,54.95398188651468
2023.811772758385,4784.348638724255,2153.0793501819403,3512.79519747696,4580.05567188748,22396.878982315426,6313.779706713186,611.668917134107,939.3210242360836,17267.75116855073,17931.812702454616,5667.867857056503,1824.628948287428,782.6134185833088,223.33135115697303,2631.2692885423144,54.99744034631936
2023.814510609172,4752.194279737067,2135.109871114484,3504.1955790103634,4572.83887281115,22415.2568423689,6332.366360903287,634.4729345344097,946.3485481897702,15540.970141580705,16138.621022320678,11298.817612980616,3549.884561774786,754.1028933384259,227.1782620708404,2617.0844086225825,55.0710735834517
2023.817248459959,4720.422184612492,2116.976443853371,3495.407090587437,4566.253881650758,22433.04949359517,6350.606744029015,657.6687668556375,953.2544834855464,13986.556253617666,14522.626240639254,15125.676333930413,4720.317272332362,755.7049491935041,239.3720179702596,2603.445740759121,55.15281555208694
2023.819986310746,4689.049339401065,2098.400493975009,3488.566941386553,4561.171143220881,22450.26698678109,6368.494785003747,679.0921680820252,959.4530308190512,12586.771759849516,13068.517813073098,17745.36493140535,5513.221507281751,750.6411151754899,246.768244484141,2590.6488454260557,55.24891418090646
2023.8227241615327,4658.012830582806,2079.3917344969955,3483.634939411176,4557.478838923414,22466.915905004404,6386.020258831943,698.839660652355,965.0565207663346,11326.700651908935,11761.640413165474,19482.85430539166,6029.356347072721,739.7040793346316,250.08385014717948,2578.62109608581,55.358823383987456
2023.8254620123205,4625.131223562997,2059.3331217651303,3480.6368094881554,4555.085931228906,22482.99627038317,6403.180901844318,719.0669322164242,970.7752981803312,10194.027796854883,10585.454872098178,17544.167028835167,5426.514284226502,825.5127114843281,273.2919245532316,2565.7981017978664,55.4751417370876
2023.828199863108,4593.658972292814,2039.5804000498445,3484.963422794631,4554.490532179627,22498.484566709874,6419.960186453013,731.1521738534161,974.7720343362024,9174.620045228072,9526.900968144111,16372.309465211869,5050.208351614192,2978.591690865632,940.0420199421042,2554.078572242969,55.600091074417804
2023.8309377138944,4560.708580240576,2019.3730738048864,3620.1344950533976,4587.808181156901,22513.40605484248,6436.364268113623,658.0657652929483,945.6855299432796,8257.124057736248,8574.208893282786,14893.255550388823,4581.102355526919,4599.433912014794,1440.1982546528504,2541.33550643569,55.722383084201255
2023.8336755646817,4526.798428441606,1998.8526621228543,3824.483529089669,4644.089822415192,22527.737700720125,6452.386930542548,592.2542250304012,894.329537938098,7431.349339346203,7716.70833098481,13434.38879280524,4127.325893427698,5747.82981991237,1792.6478013307772,2527.945766318752,55.844009983652434
2023.8364134154688,4492.872651053584,1977.9468450046425,4062.416190679188,4714.085197639044,22541.46590073357,6468.023476003023,533.0136804816464,830.0313343719823,6688.02466052806,6945.013758014519,12121.91164511676,3718.957478817239,6552.765351057984,2038.1425231700096,2514.925806048942,55.97589785811509
2023.839151266256,4458.875616604789,1956.479290033996,4312.993020740992,4790.952654095958,22554.59209102274,6483.269537357185,479.6885366670109,759.8132715315518,6018.923866461725,6250.336283746822,10937.62985302374,3350.808963336045,7173.976433951511,2226.1894058225944,2502.3963265707926,56.12168945130258
2023.8418891170431,4424.509560646614,1934.9643943399635,4560.263006903585,4868.219857367136,22567.11555662307,6498.11676349778,431.69955061611375,689.6416378138085,5416.7788673838095,5625.020956516294,9874.161358359992,3019.6505717413465,7493.858238946712,2321.197262424475,2489.5451663066506,56.2671440118398
2023.8446269678304,4391.4693165384,1914.2868261309168,4789.65461724509,4940.296795746577,22579.03317889164,6512.565721277123,388.5018484502922,624.2212098640691,4874.752822007084,5062.109954814298,8927.898635412355,2723.684420978482,7571.102071894718,2341.523267565356,2477.182490407483,56.40896729207107
2023.8473648186173,4360.287296992247,1894.5230625256315,4993.288954114467,5004.535370354335,22590.36784503782,6526.629657742542,349.62305846917,566.1103623961791,4386.938660302105,4555.638322160675,8079.659019148014,2457.853085735877,7477.362532251887,2309.1704833164363,2465.7642344666156,56.55049923356002
2023.8501026694048,4287.946585802793,1863.0440568210745,4994.642496078897,5004.9660539697525,22601.14788527133,6540.323867069102,410.2582859691316,583.892375158756,25961.443867812035,27104.44904299437,7271.692641711035,2212.06764924556,6729.627034463782,2078.2536033327,2424.902528981719,56.55160297496399
2023.852840520192,4229.459768843007,1835.7006409845335,5046.2307969108415,5019.019056596132,22610.692708593604,6553.455910868368,408.04068803640376,584.4786445696536,138974.89654004294,156121.60396430318,8448.51853284052,2560.907031798909,6056.666805251854,1870.429915065466,2393.759127858473,56.597278581356505
2023.8555783709787,4255.307850658788,1830.864007726448,5122.231963088184,5040.959287360554,22619.236617244933,6566.096255498849,367.2366142676116,555.1626024328399,125077.5810993554,140509.542965341,47364.33874786495,15183.767883427035,5728.653660726175,1765.9844365726938,2424.44384293234,56.974581581847204
2023.858316221766,4401.437362857158,1859.484332666576,5079.378060413718,5032.614059004614,22628.187334129125,6578.621387684729,330.5072503272827,522.7902736627735,112567.88079045448,126458.08922695424,82738.35466907914,26531.59223026493,5483.260204446719,1686.408252324496,2541.9530301905825,57.75279347700393
2023.861054072553,4593.192684309683,1904.827787615838,4963.444925962951,5001.612827579612,22639.516715452643,6591.586498847388,297.4064437433578,495.9108389758564,101294.03537283128,113803.79229294686,108732.61450291405,34616.206636902905,5168.239972855887,1585.924600729914,2688.3648966938445,58.52932984669427
2023.86379192334,4802.796390249546,1958.55390310262,4804.740280887454,4956.888511718841,22654.01844478373,6605.273087245817,267.6392247829443,473.6503509514154,91155.58076379506,102420.9526694309,128400.85732688678,40513.30653732333,4875.756134271661,1492.6731374953106,2844.2424871469257,59.220551029837495
2023.8665297741272,5007.906647696229,2012.9329232536093,4626.83670670184,4906.19730218065,22671.98409137225,6619.8177046996525,240.86223934730515,455.8458228847833,82035.5735583157,92177.12066023953,141782.38496279126,44318.876819155485,4609.533223990315,1407.4937571672745,2994.9737244426196,59.80490322878498
2023.8692676249143,5198.764262465472,2064.0144035460594,4443.71849534805,4854.5543834305945,22693.327524013035,6635.224749640982,216.77072782288437,441.42811640106015,73830.21529564974,82953.08325699618,147533.55436980622,45692.96381950817,7491.869556871659,2301.95021987328,3134.7498589194124,60.29798045570127
2023.8720054757016,5361.5903803263045,2106.9975616342176,4325.403570710756,4828.507581492998,22717.79934405589,6651.44589002015,195.09307565922407,408.6985198713334,66446.99643385338,74657.31696438843,139212.821763354,42519.05322548208,19293.950909225725,6126.026621455842,3254.592818692087,60.702004215659855
2023.874743326489,5498.405457188663,2142.400315527065,4405.746775827731,4885.36016733971,22744.918195188,6668.337721853878,175.58340575772775,367.8478004629888,59802.173382138426,67189.54230523552,130106.32198727076,39158.91110236228,29751.9284532021,9492.48981220226,3356.005141661598,61.03597066080181
2023.877481177276,5622.629403429519,2169.875904682809,4608.183270091534,4997.109590333399,22774.241462632883,6685.774784402225,158.02331481258153,331.061585813564,53821.35988341444,60470.32582001918,120949.32209267218,35940.58288466466,36389.68697361348,11572.296290080356,3452.7534987467097,61.40816424146157
2023.880219028063,5736.687825839332,2191.0112534411687,4856.926745209193,5130.126426091006,22805.54685176831,6703.621830587932,142.212231058706,297.9521891458648,48436.24294751536,54422.70178267615,111869.28379701762,32866.23247787513,40638.918016167205,12836.44678381522,3545.676572398163,61.807033606180184
2023.88295687885,5824.1294589928175,2206.4129647597824,5136.771555826647,5269.820604930436,22838.669546013272,6721.772311942295,127.98419711733618,268.15385244288126,43590.29894172023,48979.8621222086,103058.90906499498,29961.850933404592,44180.41360362582,13822.62178491792,3617.716494233035,62.11600411194597
2023.8856947296367,5889.034038093649,2217.826490628353,5442.91458597296,5413.569540720846,22873.165130569312,6740.129833229216,115.18417161488048,241.3353922741793,39230.72212926306,44081.31425714388,95521.216783707,27485.647096610435,47924.00992906854,14851.649191861095,3671.2075474652956,62.33972369182824
2023.8884325804245,5931.629938990739,2224.727074667456,5766.627614407461,5558.311640399686,22908.64466402142,6758.627350079005,103.6594946763413,217.19900003279784,35305.51789098432,39672.66171182112,88884.49383330662,25324.99854996057,50689.39368903682,15584.388236713789,3706.902864323283,62.49383225943473
2023.8911704312115,5945.865319903993,2224.8432757976343,6072.189866733186,5689.87093991997,22944.74047342406,6777.188843304662,93.29113854177504,195.46018715912723,31774.146412163333,35701.940994766774,82025.9106376931,23182.485948228998,51550.963599484014,15742.096703435776,3721.0220441063584,62.58167388437317
2023.8939082819984,5912.676382309695,2210.789969519131,6269.045921660096,5771.973272766427,22980.97575721497,6795.701980854864,83.96075922184784,175.91163740349194,28596.300764372983,32131.28458615109,73823.6104743743,20864.117763193437,48700.35205265939,14809.071754716926,3701.8864127905645,62.60931891801729
2023.8966461327857,5865.236843198394,2193.211916329874,6369.5622862593245,5813.181081866407,23016.559854766994,6813.931391869379,75.56315508769207,158.31173943988827,25736.150192295107,28916.560770815,66439.9059817382,18776.670148125577,44134.64849691971,13381.83695497105,3672.02492686852,62.60659245375187
2023.899383983573,5926.045226089589,2221.1708666582413,6404.245029027361,5825.422150671843,23051.255138551787,6831.816671065734,68.00645712361866,142.48029634412393,23162.40491213168,26024.85553159492,59795.57910468021,16898.9712103875,41990.92419495192,12657.811572138624,3704.874359431348,62.51849619912668
2023.90212183436,5946.720084124699,2233.9578328669136,6360.141533308039,5805.35727244768,23086.86780445131,6850.118609569406,61.20529233582191,131.8863874065258,20845.987628362174,23422.18274273402,53815.5647902538,15208.95250977941,37791.95496701219,11392.008966134928,3712.762251257785,62.43378196275516
2023.9048596851471,6039.702337235465,2276.900985872069,6248.773545036453,5757.983154902875,23122.727625049956,6868.583341999689,55.08341893677787,118.6983822246781,18760.93105451781,21079.246027941204,48432.82643592416,13687.590746868702,34095.517494835,10254.648003902448,3762.801351363396,62.301105936385134
2023.9075975359344,6156.323314449502,2329.080343099404,6102.220836101893,5696.555505331528,23160.032746288,6887.704982305912,49.57227406632193,109.28781957780346,16883.883279673737,18968.26637733352,43587.07923783567,12316.84790843009,30685.761008358983,9227.724723280991,3827.2429713500974,62.16767339634646
2023.9103353867213,6347.862662144099,2411.391573259175,5886.268366245376,5607.839463033006,23199.1822095126,6907.650813624148,44.61391513586063,98.35826100335858,15195.109564579803,17070.987773571338,39227.39162782614,11084.933348461924,28447.38960626632,8493.60678847541,3936.471088884924,62.012543408670936
2023.9130732375088,6638.219345741378,2532.7842036587244,5580.000665419026,5483.250233895259,23241.4160392487,6928.91410944973,40.151803913899606,88.52119607779404,13675.353481739648,15363.673946669049,35611.65289103142,10078.713886000489,27081.304896523117,8014.344428175959,4105.435142082653,61.84542764041711
2023.915811088296,6966.7485839921965,2668.127866658437,5229.406390497285,5341.821512220269,23288.37342845077,6952.141690179993,36.1363230608584,79.66839191408044,12307.673754581292,13827.118612536968,33024.97934181179,9371.550568907887,26119.49047995992,7663.694970837966,4298.620717333759,61.70196420193616
2023.9185489390827,7120.72454341222,2732.057170324156,5009.966797026483,5253.9056333316885,23340.68160272688,6977.56281663868,49.71977119501263,78.66161389945835,11076.892584091434,12444.357138841766,29918.337997061903,8508.665188744404,24215.069649061497,7069.758766886735,4388.667373088064,61.632314890600085
2023.92128678987,7108.874842255987,2729.1598441676097,4932.069390595791,5219.624691192566,23395.411178595907,7003.979747403095,85.16520291291053,89.85085143070731,9969.096975875598,11199.817985838035,26926.31132492589,7657.750639411134,21793.530932031445,6362.758680992387,4379.714998088377,61.60911670655441
2023.924024640657,7099.419853199502,2727.0319606758508,4877.633931077553,5186.779787274599,23449.79577686858,7030.276961391027,95.09895321495485,98.95432485250171,8972.06999732377,10079.627641958174,24233.363430233992,6891.832989175179,19613.92147349011,5726.364342098658,4372.387892523651,61.587960466278716
2023.926762491444,7087.812565523604,2723.826832102239,4835.283242963053,5156.753714079092,23503.873493513187,7056.466614364532,95.41889124299188,106.42377364811816,8074.84080166915,9071.505394322588,21810.0779467386,6202.549100903474,17652.642716040973,5153.646688434682,4363.985733421365,61.570275639745006
2023.9295003422317,7114.97626204116,2736.544902022268,4784.864203122844,5117.947832093551,23557.60963564389,7082.530960344331,85.87709150191834,106.87513973382691,7267.328707751689,8164.34087625867,19784.904517166848,5637.1655428142885,16369.468176619255,4761.439145185702,4378.4313600188925,61.53824269770365
2023.9322381930183,7095.9402121463045,2731.315169709266,4752.233272640172,5092.710992004648,23611.65078570824,7108.7353973916615,83.9404282483186,111.5651750884063,6540.492389160819,7347.660196602996,17806.188044761715,5073.350828861717,14914.828210122469,4327.145210877229,4364.625042437039,61.50876292567964
2023.9349760438056,6987.218392326278,2689.699455043197,4749.732634479586,5090.50178408935,23665.22702609429,7134.781335272604,142.0145458428765,129.7720597888351,21553.180105504784,42154.99935034148,16025.558868402835,4566.0136972566015,13423.340998796964,3894.4294318912807,4297.518937283081,61.50543314923198
2023.937713894593,6922.238620618358,2666.125192294865,4768.684557095332,5080.9155574177885,23716.844478399533,7160.062333063192,136.85452762665705,138.0794514181366,19397.87590777234,37939.55843893249,18131.51017359254,6356.358329996855,12095.969426399948,3506.0898600481887,4256.113428323493,61.484639024814456
2023.94045174538,6860.021756119764,2643.465706941166,4790.3234851091565,5072.801403745067,23767.242795364724,7184.881253164688,127.48814639551252,144.4620703430614,17457.150197603052,34145.502846019954,20224.415438112304,8052.47370781357,11066.887835185997,3203.516396931027,4216.556049178598,61.46563668572984
2023.943189596167,6789.560163317633,2617.223488124483,4807.439656704109,5067.487278456954,23816.46101974587,7209.254685404835,132.0432432215367,152.0728822077104,15711.391882954173,30730.717053548156,21244.651044970007,9080.45012950552,10137.900995000393,2931.189654820159,4172.33667519315,61.45223806595433
2023.945927446954,6712.800194776067,2585.9084676325083,4816.238000911372,5064.586724567012,23864.37022781657,7233.123898208767,152.52372729834926,162.84714378570152,14140.192669183314,27657.50714730301,20791.130435140796,9231.496920950178,9124.108154121805,2638.067047808481,4126.8917271435585,61.477946719688234
2023.9486652977407,6697.881450504475,2564.983052237502,4806.652136110548,5059.266816174034,23910.868450050275,7256.405612145245,137.2714374103422,166.2386536372132,12726.167250641372,24891.74739091953,22324.854768919435,10406.016353291869,8688.267691378567,2508.684287035752,4132.898398266972,61.70456179029099
2023.9514031485285,6712.727848303285,2546.402895360117,4761.1510464767625,5052.777016921842,23956.99237130624,7279.275186924908,123.53702369729032,168.86693498712447,11452.876533324235,22402.290698514866,23456.99748208597,11290.699254630768,8302.785327173735,2394.8229025901906,4166.324952943169,62.066048960948905
2023.9541409993155,6734.411631712182,2530.2060781543923,4704.8244204124285,5045.546715483276,24003.235063031767,7301.773976572314,112.39967420002216,170.22316398401415,10307.05230843171,20160.75040346281,24119.965457573395,11842.549561005562,8266.509757214068,2464.0086148597397,4204.205553557789,62.42869880065375
2023.9568788501024,6702.501187331135,2505.2294320338474,4672.870315416865,5041.993022884007,24049.712766768866,7323.939284530318,130.21441983953792,177.0160947458303,9276.248324152422,18144.630162054156,22458.91644146856,11074.278796772824,8278.10102213756,2666.0509546511767,4197.271755297288,62.62246940337503
2023.95961670089,6655.198546036837,2478.502901091559,4660.715332447617,5041.258436693534,24095.5324931949,7345.627785342252,144.28021767704303,183.21661106665923,8348.4675330189,16330.055552027234,20212.842887789076,9966.814402358728,8794.408001378893,3160.3624762009104,4176.695644945277,62.75839279704878
2023.962354551677,6631.422310169134,2454.115404765304,4642.94359627566,5044.109421483678,24140.43869523636,7366.812056456726,141.34988767525084,183.9967514882945,7513.480300633471,14696.727575796702,18191.218511828585,8969.936183326141,9190.691355837507,3561.5047162867304,4177.30690540383,62.99262375430419
2023.965092402464,6617.550903811365,2430.0154801253952,4616.813620650652,5049.530296753088,24184.8329498124,7387.532352323691,137.3849150819743,182.38340499183167,6760.876184267547,13226.557094078153,16368.69513418977,8072.637987634583,9374.86936860205,3820.108114351103,4187.535423685969,63.27923252202211
2023.9678302532511,6547.520415139556,2397.295360409717,4610.410491122979,5053.191479065123,24228.86565022465,7407.792802679365,170.2137328692204,191.609792039796,29989.76517274661,43565.65619915063,14731.824768676845,7265.372815326369,8551.037230905922,3548.5914310085936,4150.225054729839,63.38621022293338
2023.9705681040384,6483.638433804013,2366.681399087065,4613.042617380188,5057.821401467966,24271.610605228954,7427.452490786124,189.1465329432438,198.36204285284836,26991.011094892216,39209.02978919835,18009.77225747662,7967.165446441598,7947.738037794781,3363.992971461235,4116.957034716948,63.49763449565909
2023.9733059548253,6431.715555312952,2338.463706037232,4618.571623971838,5063.691691147253,24313.17394426746,7446.548322929799,194.4049658041592,202.0415140797132,24291.843561378064,35287.87421077288,21371.319250093176,8752.26366370813,7546.68906851551,3258.117473272424,4093.2518492757204,63.64168026514277
2023.9760438056128,6358.991726996124,2306.5501593840117,4623.27323988029,5067.608873757504,24353.758052201974,7465.121365805284,222.27098405317636,211.89273524719675,21862.580885398394,31758.974222700726,21558.707883098014,8537.205757446594,6831.553486353371,2980.2593190445195,4052.4415676121125,63.72773769162323
2023.9787816564,6318.707102210825,2283.315922911655,4647.58684960729,5075.780908433456,24393.01878747433,7483.11153957117,200.04761148410475,209.39266327770883,19676.292574943043,28583.04142948909,25226.00200286772,9505.795248035927,6791.623002727363,3015.052948619033,4035.39117929917,63.86419110781768
2023.981519507187,6255.631766071522,2256.376828375631,4664.065297886191,5081.702778168409,24431.500531072023,7500.665350970065,208.59065532387825,213.2839766798847,17708.62205453755,25724.576157957144,25814.546629694585,9497.168739079889,6372.68242567674,2856.249714037702,3999.2549376958914,63.93047236869867
2023.984257357974,6186.686604919068,2228.5652266051334,4675.530266202512,5085.302518705293,24468.825916178743,7517.722032911938,229.17336305329405,220.867055971628,15937.679289470409,23152.021039541454,25024.349186338983,9068.6859987444,5830.606127086577,2630.085730530363,3958.121378313934,63.97804885036218
2023.986995208761,6138.767149803106,2206.856126291027,4683.251468269201,5086.948522843616,24504.900048098803,7534.269620156357,233.72538418250224,224.8104649029892,14343.831014137702,20836.147288787604,24998.307162321827,8915.732651382606,5484.777644570175,2490.1688720854468,3931.911023512079,64.0504995150075
2023.989733059548,6073.695072661869,2181.251727432074,4683.186822162223,5085.910905504396,24540.07641331071,7550.4089272233105,264.1136422187972,235.7410740342108,12909.396084607944,18752.415271744507,23076.605336229517,8166.741674116103,5013.169030346409,2268.6687645527395,3892.443345229795,64.08690753590771
2023.9924709103357,6006.064293000835,2155.8622451425613,4683.974189961076,5083.620397698716,24574.073665724427,7566.077790051415,297.38770166726323,248.180101301304,11618.202938406135,18481.8485863182,20768.87872013444,7349.977000147681,5209.759208373719,2264.339401306724,3850.202047858274,64.10524196927273
2023.9952087611225,5920.56101868628,2124.4933244686085,4685.812140142062,5082.780608232214,24606.84864607524,7581.279850600527,348.7059454500117,265.6146508926503,10456.368040803043,16633.663531660513,18691.96474707526,6614.978708390932,4813.083820165579,2054.696548633674,3796.067694217671,64.11668897992348
2023.9979466119096,5859.509965124021,2099.771591472682,4690.81973732911,5080.74934179387,24638.10890332162,7595.917649823837,373.91704457883566,278.157751103613,9410.71099223123,14970.229442465898,16822.732083002644,5953.453899846027,5019.36833870353,2066.6491341699666,3759.738373651339,64.16472360367018
