year,S_H,E_H,I_H,R_H,S_M,E_M,I_M
2017.0,5148.5,1136.5,2273.0,0.0,89500.0,10000.0,500.0
2017.002737850787,5148.92790000274,1136.5,2235.1166666666663,37.8833333305936,80550.0,9000.000000000004,450.0
2017.0054757015744,5149.35580000548,1136.5,2197.233333333333,75.76666666118722,71600.0,8000.000000000003,400.0
2017.0082135523614,5149.894290214109,1136.4999959537304,2160.022875880675,112.86653795148571,63603.779524312944,7106.567558451517,355.3286857574005
2017.0109514031485,5142.373894221754,1133.1411211856025,2135.638883626964,148.55770096568048,57243.395876554125,6395.910222813509,499.61887672411274
2017.0136892539356,5134.276970609451,1133.1226734173442,2108.995001646378,183.74485432682636,51518.83001338844,5756.294575722268,573.279117026398
2017.0164271047229,5064.254927151231,1142.020800882565,2135.9003102400416,218.39136172616472,46366.9456721444,6254.712335127265,1666.0201795423384
2017.01916495551,4941.107545750476,1228.3066417062412,2138.1897618783346,253.39135066495024,41730.226231105495,6002.998236403839,2088.5004577815826
2017.021902806297,4942.21958767002,1228.313629851665,2102.5563439113844,288.3336385669327,37557.08515212585,5402.722244040155,1879.708910329191
2017.024640657084,4943.419316094162,1228.3141493115072,2067.4059429795425,322.71169161478286,33725.49132126504,4851.535815382874,1687.9446245837876
2017.0273785078714,4741.728432427193,1368.6892636403097,2095.576986264506,356.2843176679909,30352.94108605163,4668.055321538105,2505.6329996587056
2017.0301163586585,4542.751966353592,1527.8177644947198,2101.9028219442675,390.2343472074195,27317.894014635287,4322.642343756306,2758.6460850351195
2017.0328542094455,4544.249440638435,1527.8174095502295,2066.871024349391,424.19692546194653,68110.87930063086,3890.377059271535,2482.7809683181104
2017.0355920602328,4545.839523899055,1527.8174095502295,2032.4231733361003,457.48259321461677,61299.79901717775,3501.3393083703204,2234.5028427845386
2017.03832991102,4547.480373098839,1527.8176680612473,1998.2971973174144,490.3953615225073,54870.45614684703,3134.10827333379,2000.1401520142751
2017.041067761807,4500.133248892683,1562.0510423933656,1979.8774361457847,522.3567725681747,49383.404001989846,3089.7010738323393,1803.1433253237676
2017.043805612594,4327.623127574665,1613.8744485264435,2069.425203529885,553.923620369013,44445.05668023613,4216.027260365805,1984.103201975116
2017.0465434633813,4329.566814204703,1613.8743768442678,2034.9368088023875,586.8963001486471,40000.50137533609,3794.450967837182,1785.6981713418854
2017.0492813141684,4331.60166554369,1613.8743356158343,2001.0164829158875,619.2097159245935,35996.61746864927,3414.6430298407754,1606.9572146821195
2017.0520191649555,4286.780296579418,1601.3540333146263,2027.1322111376307,650.8635589683312,32396.93532873109,3243.3231044088857,1448.735149220307
2017.0547570157426,4087.832994430524,1476.5943578610202,2321.7850820998033,682.8659042307698,29157.28044485312,4288.326094416692,1770.1759200294268
2017.0574948665299,4090.1304821750036,1476.5933453267257,2283.0914380247414,719.6911216737315,37921.22661781878,3859.507838618754,1593.1650722574607
2017.060232717317,4092.530138573445,1476.5933453267257,2245.0399134229856,755.7708898770422,34129.12518629839,3473.557012554556,1433.848547611119
2017.062970568104,4095.0282124173314,1476.5930304692909,2207.6233231368146,791.1176211767631,44151.50160241998,3126.2042345814552,1290.4652647219157
2017.065708418891,3947.6361746312546,1353.3503017027228,2444.0607859403485,825.7438997164945,39736.354259102314,4689.569325103609,1778.5899266615115
2017.0684462696784,3637.190987324221,1282.7814051881269,2787.0318924159633,864.2157609066828,35762.69895021566,7218.590265774603,2534.3797612209305
2017.0711841204654,3349.7450263053424,1309.9272041129536,3003.677985933568,908.2977294831308,32186.368959359697,8542.64249143832,2767.442728903643
2017.0739219712525,3352.676811417399,1309.926145092474,2953.6038492938947,955.8690400312269,28967.57811838096,7688.324299889755,2490.6846327429066
2017.0766598220398,3355.59319834749,1309.926145092474,2903.5425495283353,1003.4418528666955,25748.941222444988,6834.060050745923,2213.9403598525423
2017.0793976728269,3358.5095852775808,1309.926145092474,2853.481249762776,1051.0146657021642,22530.30432650902,5979.795801602091,1937.196086962178
2017.082135523614,3361.4259722076717,1309.926145092474,2803.4199499972165,1098.587478537633,19311.66743057305,5125.531552458259,1660.4518140718137
2017.084873374401,3364.3423591377623,1309.926145092474,2753.358650231657,1146.1602913731017,16093.03053463708,4271.267303314427,1383.7075411814494
2017.0876112251883,3367.4283141379965,1309.926145092474,2704.382910877755,1192.4779757267709,15301.61099118654,3528.145146999143,1142.9683528155133
2017.0903490759754,3371.1232768039768,1309.926145092474,2659.309860554223,1234.2839633843216,13771.449716682984,3175.3304676174116,1028.6714641842316
2017.0930869267625,3374.8354755645046,1309.926145092474,2614.3498571696837,1275.9596680083346,12264.31541995096,2827.825198381275,916.0945976935283
2017.0958247775495,3378.759155376328,1309.926145092474,2570.7773588904606,1316.0363864757328,46584.57741029109,2545.0426479480752,824.4851280126786
2017.0985626283368,3382.792633874702,1309.926145092474,2527.931065325119,1355.2771015426997,41926.139756924655,2290.5382176405324,742.0365615923528
2017.101300479124,3386.903162166429,1309.9260550495856,2485.596944813611,1393.9286838053679,37601.709508383254,2054.2828772723974,665.4999209572146
2017.104038329911,3389.397265966067,1305.5413821037553,2450.30695020519,1431.5371475599813,33841.09586137174,1848.8304038538502,598.942093730396
2017.1067761806983,3393.744342628423,1305.5368652624702,2409.469945127635,1468.4594928164659,30453.76775191827,1663.7715268529134,538.9909208032882
2017.1095140314853,3398.094262210779,1305.5368652624702,2368.631495957549,1505.3759224041962,27069.658165781093,1478.8884864675285,479.0967114302486
2017.1122518822724,3402.4923089610934,1305.5368016148018,2328.1172213321233,1541.9201139269746,23846.757230646213,1302.8137511537332,422.0558478140772
2017.1149897330595,3380.8761878985288,1254.023056568393,2367.0974710174646,1576.4976303506085,21462.0809243786,1942.260630887521,519.6734355521019
2017.1177275838468,3321.214830682089,1184.3153549327342,2461.7620222829355,1611.6300379372349,19315.853348318054,3031.2768716880632,896.4395137782005
2017.1204654346338,3198.3905853437013,1171.3352031877826,2561.3805635435,1648.2437937600089,17384.241001999962,3302.455666654935,2029.9747001057763
2017.123203285421,2919.1180821882963,1326.8321577818263,2647.411743069445,1686.4160627954227,15645.610045284022,3536.893742400226,2883.4080321968745
2017.125941136208,2831.397854274474,1390.41332061492,2632.4755547355307,1725.919216210065,14081.041499560899,3183.208764812872,2669.007372334538
2017.1286789869953,2836.5516844887925,1390.4146642639705,2588.5999207756277,1765.0675763066013,12671.923995054312,2864.6588103008007,2401.968970033477
2017.1314168377824,2841.808853945592,1390.4158606729748,2545.4241799945744,1803.412851221854,11398.388676962712,2576.7611079743533,2160.572796962523
2017.1341546885694,2697.880812071441,1492.7913514778336,2549.921738871228,1840.8957434144927,10258.547803791986,2474.1752428849113,2200.230870619548
2017.1368925393565,2513.3868693240383,1627.435833495603,2562.74394795236,1878.350895062994,9232.668435068319,2459.9508016197174,2293.729214577442
2017.1396303901438,2481.5715660710184,1654.888923574707,2529.9678438359565,1915.9171123533145,8309.387733200643,2213.9603767428275,2064.363062656165
2017.1423682409309,2487.2398394691686,1654.8952636522208,2487.803408133594,1952.8348345800073,7478.3523245767265,1992.5385924463033,1857.9027497501631
2017.145106091718,2490.774895427363,1655.9865164766024,2447.490371779336,1988.9494621516876,6730.36514186054,1793.245852330356,1672.0819095619643
2017.1478439425052,2427.3548659410676,1646.117781071711,2485.864359526599,2024.292139295616,6057.312279599194,1614.0478768065368,1567.3358610531213
2017.1505817932923,2433.328288255911,1646.1175136118286,2444.434066005099,2060.1771779621554,9294.30849850673,1452.6421742936463,1410.6021187670256
2017.1533196440794,2439.400509258543,1646.1175136118286,2403.6934980074066,2095.2734249572163,8364.878522351519,1307.3779514660453,1269.5419016483406
2017.1560574948664,2445.5545209999673,1646.1175136118286,2363.5305100091027,2129.7103012140988,7514.524624441264,1174.4702151032895,1140.4805692489845
2017.1587953456537,2451.817243561778,1646.1175136118286,2324.138333556391,2163.2676551050067,14175.635498125339,1057.0231680611564,1026.4324875311825
2017.1615331964408,2458.171888132045,1646.1174920545145,2285.4027302127547,2196.076535435685,12758.073850148976,951.3209121514117,923.7892062158147
2017.1642710472279,2452.7557709329058,1627.406936322687,2277.8838913046884,2228.149947274719,11482.263693968882,922.6734124525368,831.4104276805119
2017.167008898015,2399.9076888746686,1528.301240679879,2398.4053519166673,2260.0101643637877,10334.033768606532,1400.1051259217566,832.5218461914789
2017.1697467488023,2393.2857588514685,1509.2524138421809,2390.72255593603,2293.7916172053197,11311.26871540349,1310.5526685508457,749.2717329376753
2017.1724845995893,2384.5993761960635,1486.9274034016225,2388.6008323634164,2327.3526338738943,21726.439396723148,1299.3594634262024,674.3445093994727
2017.1752224503764,2391.4036347860924,1486.9274752176382,2348.7906907196843,2360.7863451115836,19554.078778817537,1169.4230372247714,606.9097082232611
2017.1779603011637,2398.2078433720485,1486.9274752176382,2308.9806768469607,2394.2200503983513,17381.434839145222,1039.487090882151,539.4752572833138
2017.1806981519508,2405.012051958004,1486.9274752176382,2269.170662974237,2427.653755685119,15208.790899472908,909.5511445395308,472.0408063433665
2017.1834360027378,2411.81626054396,1486.9274752176382,2229.3606491015134,2461.0874609718867,13036.146959800593,779.6151981969106,404.6063554034193
2017.186173853525,2418.620469129916,1486.9274752176382,2189.55063522879,2494.5211662586544,10863.503020128279,649.6792518542904,337.171904463472
2017.1889117043122,2425.424677715872,1486.9274752176382,2149.740621356066,2527.954871545422,8690.859080455963,519.7433055116701,269.7374535235248
2017.1916495550993,2432.228886301828,1486.9274752176382,2109.9306074833426,2561.3885768321898,6518.215140783648,389.8073591690499,202.30300258357747
2017.1943874058863,2439.4607779682674,1486.9274752176382,2073.2185242553137,2591.2966683937807,5359.9841926219715,320.53945164403495,166.35419421978187
2017.1971252566734,2446.988120740938,1486.9274752176382,2038.664881031182,2618.750868845237,6302.370172152225,288.4854934244693,149.71876802240772
2017.1998631074607,2454.5906803455428,1486.9274752176382,2004.6871306402143,2645.5539596315957,12558.917949213434,259.63693086967874,134.74688436319877
2017.2026009582478,2462.2666732497923,1486.9274752176382,1971.2756774153445,2671.717319952215,11303.027311627508,233.67323244630794,121.27219315738206
2017.2053388090349,2469.982669220042,1486.9274752176382,1938.1749924999,2697.529908897411,10117.271935908653,209.158503715368,108.54949108861825
2017.208076659822,2477.801062003558,1486.9274752176382,1905.8720750410507,2722.4423335727447,13366.118178569071,188.2426492681764,97.69453986456509
2017.2108145106092,2485.68770785564,1486.9274752176382,1874.1075383485995,2746.7481244131145,12029.507633038715,169.4183761502056,87.92508162704779
2017.2135523613963,2493.5892841662426,1486.9274752176382,1842.4617007674892,2770.9202856836214,10722.863511675192,151.0161639338011,78.37466538524002
2017.2162902121834,2501.542521493402,1486.9274752176382,1811.226575128346,2794.6300739956055,9519.91274837132,134.07432631878052,69.58215722253524
2017.2190280629707,2509.552719323952,1486.927472219229,1780.4465210916158,2817.8278332001973,8539.083675440743,118.66732281761388,61.58615511906227
2017.2217659137577,2514.399501814601,1480.6387291999474,1760.362348740366,2839.781866080079,7685.175231281447,360.69614007593384,116.13415191957229
2017.2245037645448,2509.1144074166277,1476.2897429339514,1748.8651404385832,2861.3410550458325,6916.666753654989,638.5123823580095,386.78007555186537
2017.2272416153319,2499.4134853979917,1487.8036415550187,1726.1715876829057,2882.6495311990775,15365.882848476956,656.9205069352687,426.5377197867197
2017.2299794661192,2507.739070953906,1487.8036299988569,1697.4019974014923,2903.521447480738,13829.956880554193,591.2294708834612,383.8843278792234
2017.2327173169062,2499.753850314775,1499.3535007544317,1673.9300667032207,2923.856628062566,12446.961028633561,803.6716961818934,413.5635673604627
2017.2354551676933,2484.1815224883635,1517.4390623484026,1651.9562044120876,2943.745156586139,11202.184410590302,1027.8967332898044,477.29657495898533
2017.2381930184804,2446.8431759194164,1554.3673387885644,1633.3265757688268,2963.2127553581863,10082.007266636345,1385.0155125007755,593.5715466139793
2017.2409308692677,2455.3889770806936,1554.3677357192373,1606.1045365460595,2982.316496489003,17860.20722155797,1246.5212026640686,534.2167213097586
2017.2436687200548,2463.987561098732,1554.3677756919144,1579.3361335397494,3000.9141755045976,16074.186807630673,1121.869775229217,480.7950899554253
2017.2464065708418,2455.498736851507,1569.1290083686315,1555.39103721258,3019.014763402276,14466.767523986038,1259.9083987738777,450.9796004740782
2017.2491444216291,2464.1978612572566,1569.1290500145544,1529.4678512636606,3036.6666832995224,13020.08745121249,1133.918551126762,405.881622022215
2017.2518822724162,2472.944966645298,1569.1290536520335,1503.974097994009,3053.841227543659,11717.160815182284,1020.4477193987963,365.2652684558038
2017.2546201232033,2471.740171202924,1567.8552686786572,1490.1810200112047,3070.540785942213,10545.441496255007,986.6167206321195,369.7532030583509
2017.2573579739903,2440.648712557343,1563.4634175316012,1509.6683044121999,3086.9647113338556,9490.890728936205,1282.4756563164005,542.8509851514109
2017.2600958247776,2428.3195094595967,1568.6932926409243,1500.4918387680266,3103.668404966452,8541.798938931885,1231.0182617730318,528.0308361097045
2017.2628336755647,2437.248952557943,1568.6936523437948,1475.484848863933,3120.1734920693284,7687.575627814501,1107.9203383878255,475.22978720010417
2017.2655715263518,2446.2212857495056,1568.6936523437948,1450.856683822929,3136.2572239187693,6911.285738305844,996.0428579611182,427.2412220851192
2017.2683093771388,2455.197606275723,1568.6936523437948,1426.2652696751968,3152.3002175402844,6142.528175524394,885.2508241223358,379.71824336510883
2017.2710472279261,2464.1739268019405,1568.6936523437948,1401.6738555274646,3168.343211161799,5373.770612742944,774.4587902835532,332.1952646450984
2017.2737850787132,2473.1535992046756,1568.6936354331647,1377.1141977529796,3184.351113444178,4610.973789610971,664.5258145441899,285.0409682902783
2017.2765229295003,2470.1144255954578,1562.6598937833128,1372.3873571130475,3198.5787693431785,4149.879531661856,598.0731887316707,314.48214351805206
2017.2792607802876,2478.885767157482,1562.5652235499413,1350.0286568343151,3212.6886982932588,4697.7159311851365,538.2638475898465,283.0388755357123
2017.2819986310747,2480.9831578454837,1560.4611809696005,1336.7645760768398,3226.387330943075,4227.951612564352,484.43685382679473,272.26348417431586
2017.2847364818617,2490.250445749227,1560.4611722529608,1314.4852002526343,3239.8273275801735,18915.30887521742,435.99307725683866,245.0371817465184
2017.2874743326488,2499.554582780718,1560.4611722529608,1292.5770911729035,3252.859199628413,17024.82291241482,392.3934771793046,220.53329926469542
2017.290212183436,2508.8587220343625,1560.4611722529608,1270.6690045020264,3265.891047045646,15133.29202489308,348.7941694536208,196.02958109004356
2017.2929500342232,2518.225794766502,1560.4611722529608,1249.4045261171752,3278.2163526983563,13575.081363976255,312.87995697180855,175.84504635709925
2017.2956878850102,2527.6013414707368,1560.4611722529608,1228.226709375475,3290.446522735822,12061.752161486947,278.0005400264465,156.2420882480949
2017.2984257357973,2537.0270531456194,1560.461164709761,1207.5764449716962,3302.098983007921,10777.489732833075,248.40093684006783,139.6063880970575
2017.3011635865846,2538.4600432952197,1551.2052940287372,1204.747796816195,3313.1784116948484,9699.740372711816,472.45080809481294,149.39373159651075
2017.3039014373717,2543.304278548002,1546.760259600042,1193.7745537596475,3324.1803539273074,8729.747681792498,523.0353117278496,142.0667250089066
2017.3066392881587,2546.7587157192997,1540.399803359999,1186.31952159449,3334.969305161209,7856.749187776092,590.4397969359064,142.8060082649998
2017.3093771389458,2551.8042252906353,1536.3629900356382,1175.1035543879304,3345.6044761207913,7071.028215761568,569.9415866104188,160.53361305900123
2017.3121149897331,2552.133774476031,1531.0880801286335,1170.0577672952418,3356.023523935087,6363.915126731304,541.6161809065237,258.9850956904698
2017.3148528405202,2552.233671447875,1532.243018698277,1158.9244352493977,3366.3299204394434,5727.511866785853,492.2760831631282,286.03231008941856
2017.3175906913073,2551.2507853135753,1535.2749375090357,1147.209377866626,3376.4238451457527,5154.362049781014,448.12369296031375,300.9710793214043
2017.3203285420946,2533.1466447517055,1546.1477455251515,1144.9988920244002,3386.2935635337335,4638.916420730343,454.0985002782658,388.2851420773098
2017.3230663928816,2542.852010750072,1546.147766875174,1125.9156060021492,3396.0993622075966,36138.41328318162,408.6887620323238,349.45688263992537
2017.3258042436687,2552.5842925602133,1546.147766875174,1107.1503458532607,3405.5602405463437,32524.572913422122,367.8198851316048,314.5111937795368
2017.3285420944558,2562.3411890651482,1546.1477673905404,1088.6820998323697,3414.6994895469325,29253.92740343586,330.8322457940223,282.8841967179509
2017.331279945243,2559.0252578504715,1552.5553294473218,1077.2290079060992,3423.488850631098,26328.53418401147,813.830766497798,278.6915445956902
2017.3340177960301,2567.7373152370806,1553.0938852507206,1059.8318776130643,3432.0632677341264,23695.65108077376,732.4542293607271,250.8223058160818
2017.3367556468172,2577.4987557432974,1553.123017983026,1042.1923527260449,3440.3401193826226,21312.73012637997,658.7960070404249,225.5987027331126
2017.3394934976043,2587.3507484412667,1553.1231257751297,1024.8071275721672,3448.301144046425,19168.85919090402,592.5272544537153,202.90549180387356
2017.3422313483916,2588.2191834377873,1550.1979295862118,1019.659067516791,3455.933865294199,17251.97131104272,809.8907645750804,195.1053392330682
2017.3449691991786,2586.105307295786,1544.395723576725,1020.4770304582505,3463.4598845042274,15526.75014928331,1058.5199851484801,203.79756639212724
2017.3477070499657,2587.2935269951995,1538.6168426714248,1017.9765717709632,3470.9789043974015,13974.06091188565,1050.290193612271,270.7280186248291
2017.350444900753,2592.587733443454,1537.0541618415066,1007.2161957338994,3478.4356548161277,12576.641188636031,945.2616049273422,283.66032442224366
2017.35318275154,2593.7192019943336,1535.7295520531115,1000.5802307580356,3485.6926610295045,11318.955863238303,851.8118614387354,332.12482735023684
2017.3559206023272,2590.1512918067206,1537.2632005440903,995.9158734926411,3492.819179991534,10187.036479063641,781.9689712598434,388.64536464223306
2017.3586584531142,2581.7569640045917,1542.5137380204176,992.4580821355801,3499.8486616743976,9168.040252920619,726.9923044701795,439.8894280776752
2017.3613963039015,2575.9431394119283,1548.8835890254393,985.377559706212,3506.801057691405,8251.164063414097,659.6086704556228,445.20182928315296
2017.3641341546886,2567.764455463001,1557.3648402637534,978.6874237785607,3513.6165263296684,7425.9249395231,604.7106987520131,450.4260847367872
2017.3668720054757,2545.1257151760283,1574.4185995973103,978.0151933228284,3520.3016377388144,6683.336910471494,587.6933207521346,502.57901054073835
2017.3696098562627,2499.3131191108578,1607.804056220186,984.2146410418575,3526.9572294620816,8060.596354117477,601.0276854709373,599.2871685290879
2017.37234770705,2466.0170849259844,1636.2436192444247,982.7583321294516,3533.697909535122,50535.04536668415,630.644178850058,605.7434528863816
2017.375085557837,2437.2391697737426,1659.1536987349898,982.3561260522906,3540.395851273961,45481.57452725688,1745.7097691696074,590.2241483833257
2017.3778234086242,2388.9915995818374,1688.395596644751,995.1168103268205,3547.0687392815753,40933.4056224593,3167.9445603984163,612.1841303969347
2017.3805612594113,2335.390751140132,1717.3412158734661,1013.3327651108139,3553.935913710575,36839.80957833673,4325.460027841712,626.6301584205816
2017.3832991101985,2293.3514559267414,1736.2244987327142,1029.7647182461267,3561.0878729294063,33155.6712543233,4879.653975814396,607.4390041804473
2017.3860369609856,2256.230036146741,1747.1548099424767,1048.9776246820309,3568.493975063739,29839.75923507558,5183.008774798257,578.877847242462
2017.3887748117727,2219.815429329267,1753.0431554720294,1072.2260805792612,3576.1996804544297,26855.165071369363,5398.737324153803,550.9390084154537
2017.39151266256,2217.394285518507,1753.7802273860684,1066.2654523334973,3584.272280596914,24169.626413648115,4858.957008087142,495.8501544875286
2017.394250513347,2187.194586356835,1749.4386475424988,1093.2829121714428,3592.223999764211,21751.44250190609,4861.976213353803,576.1058874608299
2017.3969883641341,2137.4285427636105,1743.2835856343247,1141.252353135937,3600.6035643011164,19576.237448441705,4599.007329702905,1095.4150492271287
2017.3997262149212,2022.7040795255182,1788.3356411921839,1202.1985219638832,3609.757703153405,17618.034868567604,4423.7343597512,1547.3692113094387
2017.4024640657085,1869.4043907787986,1875.247611106435,1258.8704722353523,3619.901371714405,15855.593661619341,4257.561407939697,1858.5942402627547
2017.4052019164956,1698.1226820403879,1980.8927453722667,1313.889191978962,3630.947126443375,14266.596508145385,4102.833996215448,2073.112147839006
2017.4079397672826,1579.6233620286723,2056.202411459916,1345.5616836208624,3642.892188725541,12838.988786096972,3806.617179500763,2056.5996411184997
2017.4106776180697,1569.4132361467896,2067.757721255215,1332.1991092193819,3655.337479213606,11555.051558710626,3425.9635520586507,1850.9677130406797
2017.413415468857,1579.8555410029753,2067.7578445655613,1309.9958774091742,3667.526182857279,32351.555728028754,3083.3659536212663,1665.8702701336756
2017.416153319644,1563.5358776653259,2081.680427407279,1301.0356078035336,3679.311432958851,29116.412616297275,2952.2399665481626,1499.28313221164
2017.4188911704312,1574.0430392853136,2081.680979549981,1279.352125850065,3690.915101149631,26204.688190295874,2657.019202211455,1349.350536609705
2017.4216290212185,1563.5863590148206,2091.010930454851,1269.6963086531537,3702.125547712165,23584.21396579355,2506.2924488041363,1214.4167972451962
2017.4243668720055,1520.3059040136047,2093.6731188201975,1299.7236673821853,3713.1443556190047,21225.775501223645,2803.0052250779277,1167.8868988330582
2017.4271047227926,1469.314207756021,2060.0711297524,1373.256286897676,3724.633321428897,19103.149265224893,3133.745835040515,1155.2056817039772
2017.4298425735797,1447.3265306514947,2029.0780565844154,1413.9821286605595,3737.316129938524,17192.777201883942,3043.8410371558425,1055.637800540344
2017.432580424367,1421.272040599753,1981.5980587416161,1474.6177418977604,3750.642904595866,15473.389169493468,3034.0473587672845,987.4059903181657
2017.435318275154,1396.5409938369196,1931.660669137388,1535.422904055324,3764.9340788053637,13924.275553614281,3012.76567132943,934.9036445292617
2017.438056125941,1368.1680101043085,1878.623848285998,1601.9873488625258,3780.2073385821623,12531.492773843835,2879.7522088264755,1071.2128557411554
2017.4407939767282,1328.1578307209393,1833.455301468816,1671.2514860623744,3796.5498275828654,11278.269430540859,2778.5525970705603,1230.9336242624
2017.4435318275155,1280.926198638903,1803.102363256078,1731.8199522257842,3813.9938317142296,10149.462056584374,2697.745490972031,1335.112014158637
2017.4462696783025,1249.4368714405318,1790.1168180415607,1758.3086295725577,3832.4079267803445,9134.483849447743,2511.1399753685496,1304.7940738879765
2017.4490075290896,1250.1849657820806,1787.7388707807575,1741.561292070152,3851.213017202005,8220.956125457917,2260.028072749223,1174.3294283509872
2017.4517453798767,1246.6136710484293,1784.0924805542606,1730.7306877378628,3869.689206494443,7398.463680711702,2033.9162422310935,1056.8400570542185
2017.454483230664,1232.9968911003593,1776.2576895849852,1734.366447907831,3887.9329172418206,6658.586167268256,1831.1538810175462,990.7954915677744
2017.457221081451,1210.9121950656806,1765.6547958333033,1749.2277037775445,3906.1871511584677,5992.710692540351,1693.9811296284365,985.0884579872902
2017.4599589322381,1212.8951439719897,1763.5654008950057,1731.3101481857605,3924.639052782239,8285.27263737874,1524.5830362055067,886.5809240682992
2017.4626967830254,1214.1232957409848,1760.983764684876,1714.988766505627,3942.7418189035056,7456.763403915757,1372.1233628095722,797.9220162201736
2017.4654346338125,1193.889272547244,1747.4259048965191,1731.4273268086422,3960.5230415825886,6711.058997115551,1411.7768608073484,823.9421992291037
2017.4681724845996,1163.7319015565045,1723.5154236703493,1767.917099777814,3978.5290208303263,6039.822400163912,1483.693696726514,881.8200810204864
2017.4709103353866,1151.7842440349473,1708.8368005312732,1776.4063509233401,3997.093950345433,5435.870346417773,1395.8530343811162,829.2181482053111
2017.473648186174,1163.1630616080752,1708.8367844613215,1746.7996203856926,4015.7497793799057,22552.250502889096,1256.2676866999589,746.2962987213916
2017.476386036961,1174.5930156976576,1708.8367844613215,1717.6862924090176,4033.8610532669977,20297.03249448103,1130.6408905837452,671.6666525445962
2017.479123887748,1186.0607898669346,1708.8367390971023,1688.9435737260153,4051.5639431449413,18214.006420951548,1014.608276014862,602.7354290613955
2017.4818617385351,1193.104743560512,1705.3585861206566,1668.7567771831496,4068.6128389706782,16392.60125767221,1028.2525064504032,542.4620519155523
2017.4845995893224,1193.5468356724848,1695.7260427836613,1661.7093478106744,4085.278619568178,14753.316348638407,1283.002330215119,506.53584924474933
2017.4873374401095,1190.91592016702,1683.2433832322843,1660.7481911291454,4101.781251306551,13277.964509007435,1579.1239209869736,496.51237505146025
2017.4900752908966,1183.5560978614126,1669.383219553264,1665.9546915052217,4118.222636915101,11950.15373966337,1942.2306993085601,511.02245497424485
2017.4928131416839,1180.6702644018867,1660.4175438644031,1661.750998298576,4134.705739270136,10755.114739821425,2046.4276001568223,492.30130154801725
2017.495550992471,1181.7509825854888,1652.632548326232,1652.515065911786,4151.073849011495,9679.390099992446,1999.3691755734533,457.62413624284954
2017.498288843258,1193.5516837218954,1652.632545395567,1624.9731545586724,4167.24296215887,100682.44540329851,1799.4322982522274,411.86172563954665
2017.501026694045,1205.3966876401848,1652.632545395567,1597.8902677413753,4182.908745057877,90614.22202404804,1619.4890288786285,370.6755440235898
2017.5037645448324,1217.2722577149095,1652.632545395567,1571.1288396938494,4198.222503030679,81263.00065365758,1452.3607206692109,332.42250527953377
2017.5065023956195,1229.1951977572598,1652.632545395567,1544.8695869285195,4212.986715753658,72982.0318750868,1304.3603551108824,298.54755148808385
2017.5092402464065,1241.1639212223988,1652.6325438863394,1519.104410128359,4227.21107059791,65650.99304304623,1173.3380173381793,268.5584987385168
2017.5119780971936,1248.7906115001276,1648.7857517098737,1502.0154036110791,4240.948079013923,59085.89096221511,2232.997621906527,296.3009070306916
2017.514715947981,1251.7957606592001,1643.216275430006,1491.5930597447818,4254.362650001014,53177.26774314229,3934.1318956866053,370.18447767470633
2017.517453798768,1253.5140347298257,1640.1984357780839,1480.1160351017877,4267.567140225303,47858.43487437818,4984.784041705285,410.1629279995107
2017.520191649555,1253.2910562288323,1638.3024340861687,1469.6858888634606,4280.544166656543,43071.67799277056,5749.645128112243,483.7531483828987
2017.5229295003423,1259.3236942134927,1638.7594120520735,1450.8569193023857,4293.311420267055,38764.49405180258,5293.29039384953,575.8375941219922
2017.5256673511294,1261.0477240177806,1641.7742639892729,1434.127479850963,4305.729877976986,34888.03711792751,4763.963628601004,986.7759340268243
2017.5284052019165,1244.6313231676156,1659.6138659399433,1421.0265618778433,4317.835494849597,31399.218014080805,4411.063337799922,1566.168065168019
2017.5311430527036,1223.2053378547218,1685.9382541673467,1404.7018564699167,4329.689697343012,28259.139815384588,3986.6966490373106,1798.8100899846038
2017.5338809034909,1235.4920738255607,1685.9410243929678,1381.2906627981622,4341.239284818304,25433.17075403008,3588.0194646325886,1618.9325482378088
2017.536618754278,1243.993731062176,1689.0922867758227,1358.9377465394944,4352.367181457503,22889.725150615137,3229.2129179482913,1457.0782447040044
2017.539356605065,1213.7654485072283,1723.4124021646758,1344.5491187940163,4363.091876369073,20600.736153808724,2973.2601007704416,1688.2676477110185
2017.542094455852,1130.0463173159328,1799.9722563856658,1341.6807959744108,4373.547376158987,18540.641974739647,2938.2222853107733,2275.707192254865
2017.5448323066394,1037.082828115731,1885.3111348018099,1339.354136525553,4383.926546391904,16686.186478618296,2822.389318891666,2572.9099850827934
2017.5475701574264,1021.3351182644234,1907.5800063466004,1322.9490574521888,4394.238363771783,15017.551002982993,2540.153862635941,2315.632783436938
2017.5503080082135,1022.6268670499743,1915.6105551021212,1304.0434656290454,4404.2495580538525,13515.213707289491,2286.0400029877196,2083.9797397704533
2017.5530458590006,1024.1521460695237,1921.5523092038459,1287.3064437687467,4413.947446792879,12150.41638717629,2055.190433236471,1873.5346795024402
2017.5557837097879,1018.8822339209116,1924.5245882193037,1280.6695173292117,4423.309906365571,10935.214432045645,1849.6444746882266,1686.1580683972704
2017.558521560575,993.9362245579198,1916.724279765487,1304.617767546707,4432.53587396489,9841.574451202168,1667.6415065086762,1604.72964433318
2017.561259411362,976.3001208314917,1907.1511519368376,1322.6555253321524,4442.135247734522,8857.32287469086,1501.033226835005,1491.4152511169673
2017.5639972621493,954.2687851297034,1896.4426698110601,1345.9496592080623,4452.008831686177,7971.432274226049,1372.3325381166205,1414.7765670027802
2017.5667351129364,919.175378373284,1875.8755442541024,1391.803055548307,4462.243867659307,7174.246399456529,1306.955664570717,1409.7446410168127
2017.5694729637235,879.0580826765056,1834.2354266538505,1463.0194893886646,4473.212747115982,6456.549692798555,1272.5361347667374,1404.7454235481143
2017.5722108145105,835.7256041852143,1771.2012526389422,1557.6870117589747,4485.339777251873,5810.817138371048,1265.2277310081502,1409.235242256555
2017.5749486652978,790.9961181319183,1705.9265086593798,1654.4467349820497,4499.012184061657,5229.716977047537,1284.7288480743189,1384.487037155576
2017.577686516085,744.534262862707,1643.588093380518,1748.4282002600182,4514.258889331761,4706.695617323579,1326.1103685825813,1381.3418517342948
2017.580424366872,700.0497455729776,1588.1202966455726,1832.0432960877765,4531.024007528674,4235.768102281513,1364.8871777303482,1365.0187031836122
2017.583162217659,685.4614240473269,1563.3579430462341,1853.701619618162,4549.144259123279,3812.1899314632083,1274.6430665235096,1236.3735347504971
2017.5859000684463,679.9546383732779,1545.8035288421763,1858.7591767056833,4567.575801913866,3430.9606968839175,1158.8515732261737,1112.7332177205267
2017.5886379192334,649.6381440610969,1501.8615814971938,1914.9801117607376,4586.041208515976,3087.857065791897,1172.5787067249523,1090.9594881636492
2017.5913757700205,623.9520755357045,1464.019888962533,1959.5900955002446,4605.386885836522,2778.832872886527,1159.566570836827,1061.7673476540851
2017.5941136208078,603.2015020394778,1430.35482443198,1994.3949257490945,4625.42559361445,2500.787181596838,1120.7434713833975,1019.9165289548179
2017.5968514715948,595.5326119217106,1408.414848466932,2003.8651406979636,4645.9921447483985,2250.683149103703,1030.0422587434578,932.635617322261
2017.599589322382,588.3369430697971,1384.5660222867775,2014.6685899942795,4666.661090484149,2183.8383394203356,947.3000322151939,863.1897199377354
2017.602327173169,586.0684221087242,1365.4109698418622,2015.7276837650145,4687.4534701194025,1965.4436218759502,865.0205591076666,786.5939068647092
2017.6050650239563,578.6822935354456,1338.501707871941,2029.6977733464155,4708.206671081203,1768.8560183284922,812.8768284845729,749.4566863339747
2017.6078028747434,578.7067168625521,1321.38265938644,2026.2914105242883,4729.135559061724,1591.946746588936,736.8921197996843,682.6815011125286
2017.6105407255304,574.0110065825448,1298.2217481702235,2033.7608844629224,4749.950606619311,1432.7427968695856,689.2419470513128,648.6296777101866
2017.6132785763175,566.5816893551154,1274.142094268823,2044.8153729708738,4770.832989240188,1289.4522780532625,653.1335708964793,628.1811906853557
2017.6160164271048,556.1369118589494,1248.805551181353,2060.015169817322,4791.842412977376,1160.5006018646943,626.3383938142157,625.791532664072
2017.6187542778919,545.3123947764722,1225.1792999961326,2073.6910714221845,4813.04517964021,1044.2869149799594,598.54807053378,615.5279839817381
2017.621492128679,535.2015446862753,1203.7812585749764,2084.2550250072927,4834.418017566457,939.7039409459938,563.7763996094355,607.5597125790691
2017.624229979466,524.1276173798013,1183.9990715434196,2094.0470719420837,4855.909984969697,845.676989996745,531.4499603362539,596.5300700534098
2017.6269678302533,514.0999153461188,1167.4120596468015,2099.495727536693,4877.503943305388,760.8422027506497,499.15535617678586,578.0297264038959
2017.6297056810404,505.6383133792541,1153.4243048282883,2100.7449492590536,4899.131978368403,684.6143385694011,466.1181294886799,547.0563739110027
2017.6324435318274,498.9562639562948,1140.7777266540459,2098.9109828381793,4920.722472386478,616.0819832942267,431.3424403706735,512.7523474585759
2017.6351813826147,493.2673714547231,1128.635979297454,2095.6689900699453,4942.223005012876,554.4650506805648,398.2210207792519,492.45668943112895
2017.6379192334018,489.3803378246801,1118.2908966839304,2088.94142901124,4963.610582315149,499.0132097958624,365.9640728567305,452.85761100043464
2017.640657084189,491.8191698585839,1110.8433960678756,2073.1610454135425,4984.827534494997,449.1055616110923,329.46874687451236,412.2330431461691
2017.643394934976,495.64375958949427,1103.2948487970516,2056.416674012923,5005.723763435529,404.18706266487027,296.515542796959,371.08208395446144
2017.6461327857633,505.43490533300286,1099.5594944346553,2030.2294828114564,5026.283063255882,27337.11928908487,266.8639858967835,333.97387228664024
2017.6488706365503,513.1021898270164,1093.3070760147184,2009.1759918389582,5046.349588154302,24603.46448841865,2374.0251423122013,300.57649249861703
2017.6516084873374,517.6300666009007,1082.9231476721807,1995.799292095692,5066.0102394662235,22143.117978095437,5110.010960820493,278.6174987115648
2017.6543463381245,521.7987664859191,1071.6289062522278,1983.9688724795014,5085.394100617351,19928.788648870534,7390.595779349542,260.54846360202214
2017.6570841889118,525.7764263857493,1060.106046724919,1972.8082820890343,5104.527790635296,17935.79589991882,9213.218482508071,244.97139124513552
2017.6598220396988,530.3308789525938,1049.6415129705401,1960.240810639335,5123.433243272528,16133.588164548231,10447.319664740648,229.08086180221466
2017.662559890486,536.7856580725885,1041.212143597969,1944.0091219634412,5142.067422200995,14520.020910651583,10683.282292376345,206.17427441371416
2017.6652977412732,547.4406733475275,1036.9715039576697,1919.7102536628329,5160.379814866962,13067.970357238333,9933.559759130962,185.55662468319366
2017.6680355920603,556.7862402507961,1031.2868489982957,1898.6200529610728,5178.237003624828,11761.159044003074,9174.08949790716,620.1813467492584
2017.6707734428473,548.4353315648782,1041.391022148015,1879.8378955775988,5195.693796544501,10585.018315400592,8256.668910390898,1454.488004369985
2017.6735112936344,502.3201970018447,1088.725715237688,1861.9503335290656,5212.789700066392,9526.500365676458,7442.029997778043,2240.224716686784
2017.6762491444217,452.09397623033095,1150.9166308464369,1841.3446546899943,5229.540745834688,8573.802514072166,6697.7945282005385,2635.4190818694024
2017.6789869952088,419.0344531223363,1192.7423368723396,1816.6448059902332,5245.902349763078,7716.413638461516,6028.008338262223,2616.5469398566065
2017.6817248459959,381.73274204565075,1238.1871122761138,1793.024273603622,5261.807728137826,6944.715900558253,5425.16346541707,2629.28440470233
2017.684462696783,343.5592512561249,1295.450147523405,1771.8410516154536,5277.275592554517,6250.237585027819,4882.65702738856,2754.683912642467
2017.6872005475702,309.1786035963889,1357.943466542476,1751.8277044381273,5292.350548410359,5624.764057234916,4394.145536289327,2883.3450954166847
2017.6899383983573,278.1368189027285,1417.044857746593,1731.445918770833,5307.061597918442,5060.033145105758,3953.1200741200832,2927.4671812972388
2017.6926762491444,250.31583787730327,1470.4436618270784,1710.5918578700673,5321.380028639039,4553.897040316111,3557.704364408553,2890.631428570737
2017.6954140999314,225.28013583193808,1508.5022244045836,1699.0055702738389,5335.311342137653,4098.432684038783,3201.8753953561777,2834.914067701853
2017.6981519507187,217.7760304071814,1510.8326176129024,1690.9077179968886,5349.010810535487,146787.90198282135,2881.687818649762,2551.422709884637
2017.7008898015058,218.77553265564023,1500.3956229262449,1687.2460428987622,5362.537878071815,132191.92617128932,8666.556818728683,2296.2650613072637
2017.7036276522929,211.3040889441526,1470.74733336837,1711.364771250226,5375.966782989714,118972.40419497284,17233.932923713743,2086.395885947421
2017.7063655030802,201.90033726152558,1431.5857184748934,1746.564001233395,5389.760819582649,107075.0425918693,25717.48505607404,1929.3922115452656
2017.7091033538672,197.63313524425698,1398.5825883934222,1769.919346769129,5404.103706145652,96367.43979451412,30839.03093605197,1760.1532809131013
2017.7118412046543,197.43864298090685,1370.7354404771615,1783.6962436717117,5418.796349422681,86729.93419154162,33362.116118607635,1587.7547433187763
2017.7145790554414,211.1376344786173,1367.690061200172,1758.5882907992757,5433.678590074397,78056.8762353394,30026.030550561467,1428.9781145291824
2017.7173169062287,218.3302329536402,1352.8493007756217,1752.2405442830286,5448.102398540173,70249.6885634496,28829.40956126827,1286.052841871442
2017.7200547570158,224.2451247759905,1336.4505752735208,1748.8742014571556,5462.3804750458,63222.702939589486,27870.543637131494,1541.729406891944
2017.7227926078028,224.68650108786528,1321.95439494694,1749.1744038159657,5476.562976701699,56900.25364008697,25411.01367711554,4056.6771536288775
2017.72553045859,218.18900962962647,1329.5221259868051,1734.38343020999,5490.711610726053,51210.05230734052,22869.89983133908,4751.622624593489
2017.7282683093772,201.09004875379915,1345.4717836472598,1722.097368415658,5504.574985374322,46088.987929365445,20582.88459999025,5614.0256643786415
2017.7310061601643,180.98073893259053,1369.3807898881441,1710.5345016474826,5518.1956249092555,41479.99613393035,18524.555400118534,6454.425106472538
2017.7337440109513,162.87956765035986,1393.3276218086767,1695.2204655681203,5531.586622821199,37331.12748505505,16671.71175763476,6790.4894303656765
2017.7364818617386,178.4505725636457,1393.3363391406622,1666.9709003895002,5544.685533131546,33597.634234900936,15004.37065360401,6111.777575399264
2017.7392197125257,185.0462039987083,1399.6238022940574,1641.9237711026503,5557.277467829939,30237.86666509609,13503.931736540508,5500.601167148082
2017.7419575633128,186.86781153290218,1409.2709422642863,1618.742781011519,5569.417610416645,27213.957991687534,12153.484075813907,5021.160580299729
2017.7446954140999,184.96197436133073,1421.3995753552954,1597.2274581951933,5581.138037313534,24492.51972380818,10938.116702127025,4723.249929643941
2017.7474332648871,181.4618908351283,1433.7329933457409,1577.4920666552782,5592.468019341214,22043.049357338034,9844.207499277296,4505.380391377694
2017.7501711156742,164.99670309635107,1441.1862924286438,1575.9637428440674,5603.437754414679,19838.723449885812,8859.792374280858,4641.320915344278
2017.7529089664613,148.4955518401878,1429.713707008247,1603.2106485861334,5614.35199448956,17854.605159091152,8012.0190195294845,5034.649145025901
2017.7556468172484,133.63700066151455,1405.9132587822053,1653.0112546026965,5625.688072981392,16068.062953955601,7420.815698238546,5235.323248988066
2017.7583846680357,120.27186986335569,1374.4945984315523,1705.552620169999,5637.824647210183,14461.084632156872,6915.657327781481,5552.794541481335
2017.7611225188227,108.2441543741119,1347.8460515112022,1741.62391437692,5650.804090239821,13015.01088056913,6368.41836543815,5413.006203749818
2017.7638603696098,118.86184402046125,1343.2022057901559,1722.5325848722414,5664.349496093749,247443.9146679763,5731.576498202406,4871.706227821104
2017.766598220397,134.80847447872594,1343.202178458851,1693.82373702734,5677.53964081169,222707.23841946173,5158.412745925739,4384.530418100623
2017.7693360711842,150.78895070438338,1343.202172953364,1665.5626708168675,5690.248136301993,200277.87570207845,4638.900865280447,3942.9530671951206
2017.7720739219712,162.7824075631021,1341.0950721835234,1643.934557184974,5702.41779384501,180250.0853940487,6111.532313169334,3548.6577065748315
2017.7748117727583,164.7645502498708,1334.5727151824437,1637.1268124680012,5714.193652876291,162225.01484149552,12228.67435213677,3193.790716963548
2017.7775496235456,163.1238237191164,1325.619686112811,1636.518325273532,5725.823795671144,146002.25364344497,19045.26379276684,2923.035002555751
2017.7802874743327,155.16428025614633,1311.4333158593654,1647.5040216448942,5737.411913016195,131402.0126329454,27701.202059929707,2773.6336294413836
2017.7830253251198,164.2158475446034,1306.591417819183,1631.9828670373154,5749.1512983755,118261.05646748522,26712.00861290601,2496.2892492449387
2017.7857631759068,175.33748937867085,1303.2051571116713,1613.226444071349,5760.600240214911,106433.47412717043,24712.3098315112,2246.629158197013
2017.7885010266941,187.5914882641148,1300.871456451989,1592.6250132016312,5771.70927285886,95775.02596526628,22268.60931610214,2319.2250526931475
2017.7912388774812,197.07043577891844,1298.5652207074336,1575.149330249468,5782.440144040772,86197.45755966859,20041.73329621095,3409.9981962294214
2017.7939767282683,202.07546040830294,1299.998806653489,1558.7282206748364,5792.850543039965,77577.07881825863,18037.412791435934,4258.908109677311
2017.7967145790553,203.95946071381928,1304.4167641196013,1542.7395951522858,5802.9651107908885,69800.58030685852,16229.314602997305,4818.535999133925
2017.7994524298426,183.56722181759895,1320.3438502154427,1540.6388209785575,5812.779034171713,62820.17508190649,15208.10868419336,6804.851972418176
2017.8021902806297,165.21014079363275,1358.3795794508508,1545.0858828992498,5822.530936735862,56538.03473953247,14615.622625695196,9166.152620267667
2017.8049281314168,148.68892326273047,1429.1083844994703,1554.350775537658,5832.330223311455,50884.16164061441,14564.128033305049,11171.518838685231
2017.807665982204,133.81771266275183,1514.9218262161921,1560.6672689930167,5842.2569036532195,45794.95211944623,14220.474778627526,13024.371823696854
2017.8104038329911,120.43591963264197,1579.5663021724092,1555.2166617862117,5852.261821226671,41215.3247292162,13257.084220705327,13097.625471190173
2017.8131416837782,136.06385509118277,1580.1873317340503,1529.509031931182,5862.148509686079,37093.773691631046,11931.373203213992,11787.866004638296
2017.8158795345653,131.11268453460391,1596.088396346969,1509.5556679016129,5871.579879659309,33384.18495289346,10738.16789514451,10609.01223448553
2017.8186173853526,147.62328230208547,1596.091129377828,1484.3972317566158,5880.652885005963,30045.492754776835,9664.263067928476,9548.024032228108
2017.8213552361397,143.16693153799577,1605.6831380206443,1471.0626966332861,5889.28146187997,27040.942894091004,8697.848729280595,8593.254927299005
2017.8240930869267,128.85002303366372,1619.0384672471478,1486.4040250481125,5897.664204270462,24336.789360150444,7934.651477654669,8288.589567600298
2017.8268309377138,115.96447524093486,1616.0981136589376,1522.0570057345524,5906.279531896949,21903.00739302455,7367.451784159491,8190.915546460118
2017.829568788501,104.3672186738189,1597.5190600940364,1555.4764027846202,5915.465058005942,19712.492158697136,6726.763522184667,7732.06709519667
2017.8323066392882,108.36593621763117,1585.208245127737,1554.4987918839233,5925.182849266567,17741.217459832827,6054.082851918807,6958.861520890504
2017.8350444900752,97.52966858219357,1549.2578696458907,1593.0046248288927,5934.857793972236,15967.05356319545,5502.041363140418,6450.297357916647
2017.8377823408625,87.77585916035329,1489.862154654805,1662.0933388143046,5945.147492912449,14370.205821765889,5235.752142584761,6186.316911081081
2017.8405201916496,81.81057701471047,1445.9654758810755,1700.9700846165013,5956.560606773169,12933.380451290857,4851.096301426572,5725.111144873516
2017.8432580424367,87.37240124972712,1421.4137962237949,1708.3577558451032,5968.590690966828,17468.703449401743,4365.985012032489,5152.595596513965
2017.8459958932237,91.50884942213035,1394.6498646865648,1719.2928208344704,5980.711009342284,28728.120082312806,4220.527733739774,4637.331195011554
2017.848733744011,96.33443503291295,1369.3718170841057,1727.903837465791,5992.9803547026395,25856.47002031128,4687.59725816497,4173.589304039606
2017.851471594798,107.09580409717879,1358.0770384076748,1716.4860374278849,6005.3594643527085,23270.396116668555,4486.886459515912,3756.1722182028984
2017.8542094455852,110.39088244933109,1337.5963999446979,1721.9443178045092,6017.51464408691,20943.219551059672,4858.851870522408,3411.224459866831
2017.8569472963723,105.64544572869457,1308.7878045006107,1743.7136201530136,6029.727273903125,18848.53437188263,5740.390282764436,3287.27725171375
2017.8596851471596,112.17493690024412,1295.7752503957888,1738.082491370598,6042.26936561881,40181.448330673426,5611.031657976994,2958.5494957826572
2017.8624229979466,118.74450467347685,1284.5177790026569,1730.7844020565474,6054.683258552762,36164.34935853731,6727.410933037007,2669.3981616083797
2017.8651608487337,129.3875001362836,1279.1164070168793,1713.712327305427,6066.941609826856,32547.61017183479,6797.964501845849,2402.436445429778
2017.8678986995208,138.79090168338905,1274.3349286848636,1697.5779237457461,6078.881990171447,29292.546669735428,6902.47890852509,2193.0184408925006
2017.870636550308,146.19997143867715,1269.3951886518632,1683.8978372107588,6090.520646984147,26363.11650125322,6998.087373011624,2220.6956214239763
2017.8733744010951,157.20684343861436,1267.270202510846,1664.0651829805452,6101.899315355442,23726.734565587536,6497.020171731301,2069.850473473829
2017.8761122518822,172.3308744702676,1266.722502220563,1638.8997726835075,6112.916294911106,21353.99390176969,5847.315735996227,1862.8648351125812
2017.8788501026695,180.43827345784817,1264.4097906089523,1622.9656228127787,6123.483657405861,19218.55115284212,5639.262294027219,1819.7185289394372
2017.8815879534566,186.4241755141153,1262.3162776016572,1609.2278444746157,6133.756946695054,17296.311904866358,5438.555219978755,1888.4517544662212
2017.8843258042436,185.83101164076425,1261.8211464367569,1600.7283659286466,6143.7726202792755,15566.663472224107,5052.451015445292,2512.172444559674
2017.8870636550307,172.50430969687795,1270.1302802265177,1596.3271011546487,6153.619353207399,14009.812412206122,4800.45790483934,3167.4455860191274
2017.889801505818,165.50317281099404,1279.9824822017263,1584.1576669235687,6163.365622349155,12608.75581947084,4382.426670423873,3298.337373214941
2017.892539356605,155.16868688496814,1291.7079372822413,1573.677557404952,6172.882662713283,11347.669160382893,4034.283166997964,3423.7732744417176
2017.8952772073922,147.4599004573914,1302.2385553946167,1561.9672677926708,6182.199020640772,10212.651720028944,3685.9290225700474,3413.618365433019
2017.8980150581792,150.2128206788332,1307.7218491192982,1545.0636951450044,6191.294279342315,20358.57693277638,3317.335927635094,3151.0659815072154
2017.9007529089665,163.35277685495984,1309.0510719806405,1522.2337976913395,6200.082897758512,66303.5473762555,2987.265061179505,2835.959089436304
2017.9034907597536,175.91510664258993,1310.5128278207226,1500.25356420862,6208.46694561352,59673.695967569605,3492.3989710244055,2552.3621643069573
2017.9062286105407,184.23972142178482,1313.0346816375184,1481.8402530546657,6216.461688171482,53706.30087888081,4624.6866725545515,2297.124873534062
2017.908966461328,183.98065244293716,1316.5132437022921,1471.382690380955,6224.127657759266,48335.60922390405,6979.667311727738,2195.2842291906245
2017.911704312115,195.49183268035998,1316.4301628105736,1452.9118355521555,6231.598313242362,43502.006541622686,6828.783973744505,1975.755211440063
2017.914442162902,205.33652753955107,1314.0170265803247,1438.764503828055,6238.741986337519,39149.82140879575,6889.977893176895,1778.097555008639
2017.9171800136892,211.55364044600722,1308.4101621911946,1431.6945782410332,6245.629563407218,35233.79541604248,7397.268273258945,1630.4889687796297
2017.9199178644765,213.5439246907594,1299.6717095361562,1432.120377792926,6252.379832265614,31710.397464178972,8215.363106516383,1651.0140613682136
2017.9226557152635,212.71108069073452,1291.0781186578595,1435.235839872439,6259.118705064419,28539.12291503158,8169.882568739417,2495.4782388987364
2017.9253935660506,191.4654444203048,1294.1714675250619,1447.0437102417027,6265.891022098385,25685.11705947701,7913.5737639906665,4024.83448980834
2017.9281314168377,172.29543466046164,1315.50442896298,1456.4666111387742,6272.839152009573,23112.697599410018,7607.919622959183,5092.183913367324
2017.930869267625,155.06577269825326,1339.3385182038248,1458.0717622364189,6279.9277152685045,20801.401868711222,7111.110264948358,5459.550322698326
2017.933607118412,159.8040377441274,1345.5875343669022,1440.4202754436724,6287.023620911693,21451.12937589132,6400.023010460554,4913.8494250370795
2017.9363449691991,159.97041537609246,1353.8648439747064,1425.622161064039,6293.805948051558,19305.987260290352,5760.025874409374,4471.252971579273
2017.9390828199862,159.6358063465138,1361.917754507967,1411.8138852925053,6300.323822319406,17374.854933615567,5183.910176129463,4104.373897055678
2017.9418206707735,164.48381404160986,1367.3916634412496,1395.6502759666582,6306.593415016871,20288.484963584688,4665.399091202019,3694.4992706789917
2017.9445585215606,171.33234690204267,1371.9033903964562,1378.7353831333014,6312.575948034592,19501.8007053975,4217.312158246113,3325.0445939139695
2017.9472963723476,184.47997113727632,1373.677747889441,1358.557104797244,6318.260144642429,50769.47949024993,3795.580655473349,2992.5398644811644
2017.950034223135,202.2173299057415,1373.6780286588898,1335.9147884858505,6323.592721415909,45720.346203411966,3415.9914133424245,2693.2612975560783
2017.952772073922,218.40060346799694,1373.3571291956005,1315.5397751746,6328.533260628195,41148.04841945966,3074.374787345504,2423.9195692365342
2017.955509924709,228.3911326765166,1368.9802372012384,1305.7665984333864,6333.120700155251,37032.9536689107,3270.591868376487,2181.510534579129
2017.9582477754961,237.23782555524787,1362.440845667525,1299.4753455964958,6337.532551647126,33329.446118857115,3486.049660594877,1963.3469819884592
2017.9609856262834,248.5045057226274,1357.5309172184209,1289.251577913364,6341.827467611979,29996.196148895513,3438.801438685458,1766.9942959762368
2017.9637234770705,263.59769320011515,1355.6114823962105,1272.3926583095733,6345.940534560491,26995.934729962668,3095.0687542361197,1590.2506269382968
2017.9664613278576,281.4117252672013,1355.6114787604786,1251.1861225239247,6349.760941914787,127113.36964170214,2785.5618080512554,1431.2254735302236
2017.9691991786447,295.3210420936263,1353.3852788937422,1236.474408532834,6353.217438946188,114402.04642307477,3839.4356832060917,1288.103483397015
2017.971937029432,306.55601421352105,1349.7649277354476,1226.0857985777018,6356.419327939725,102961.5554754961,5481.932445455671,1302.4697867339623
2017.974674880219,322.3301260143405,1348.9242248050914,1208.560364326188,6359.439253320774,92665.33989900767,5178.630513412504,1172.2332880639078
2017.977412731006,337.48677018308683,1347.7025777063718,1192.3334422710348,6362.1590783059055,83397.86841604918,5051.762007746611,1077.4265934468212
2017.9801505817934,355.3450922760574,1347.7025122071,1172.4613474252187,6364.600816558024,75057.79133999207,4546.603675817168,969.6818881359632
2017.9828884325805,373.2035650933339,1347.7025122071,1152.589123387368,6367.042467778599,66718.00449838715,4041.427475042506,861.939228791281
2017.9856262833675,391.07075921105934,1347.7025122071,1133.1486933047931,6369.043603743448,59465.50730472678,3602.1107011668178,768.2432776217616
2017.9883641341546,408.94261117757605,1347.7025122071,1113.9388745816702,6370.809470500055,52793.70685488806,3197.967953662567,682.0493547426336
2017.991101984942,426.8174100918035,1347.7025122071,1094.9129934113353,6372.388452756163,46519.50300201413,2817.909482720358,600.9920357757004
2017.993839835729,444.6995826137214,1347.7025122071,1076.3473455016408,6373.499828143939,41240.13231652532,2498.112687354101,532.787100301437
2017.996577686516,462.58175513563936,1347.7025122071,1057.781697591946,6374.611203531716,35960.76163103651,2178.315891987844,464.5821648271737
2017.9993155373031,480.47349867094334,1347.7025093155526,1040.0764077979281,6374.852652681975,32228.718258240926,1952.2481626321446,416.36775151951144
2018.0020533880904,495.46101435873095,1344.959522447115,1028.3905214406689,6374.721910219886,29005.84583345758,1768.8921774731177,710.5090571685266
2018.0047912388775,507.4307922287739,1344.6399564352864,1017.4932968712828,6374.396822931056,26105.15809845684,1618.3756520281624,967.7182306022552
2018.0075290896646,525.3227084854774,1344.6399536474466,1000.5351494151186,6373.890956918357,23494.621010471114,1456.5376869298298,870.9526595955354
2018.0102669404519,543.2133703848145,1344.6399541127694,983.8496707453585,6373.113673223459,21136.020463763412,1310.317388285337,783.5186895143177
2018.013004791239,556.7876281578406,1345.798351879234,970.608003867441,6372.050584561889,19022.41650965104,1179.2904834858991,799.7835681960049
2018.015742642026,559.6422281217957,1351.042813754398,964.2177028612277,6370.769723728986,17120.163273607264,1179.10364777315,1111.143477731366
2018.018480492813,575.1137994495899,1352.4139105999698,949.1867502233423,6369.385908193506,15408.048979012128,1061.2206914557707,1000.1124558272751
2018.0212183436004,592.9917887046992,1352.4140813823155,933.3665840258416,6367.755814353551,13866.897569803432,955.0747642199641,900.0787389032985
2018.0239561943874,610.8641096027472,1352.4152336386471,917.7850701199095,6365.891755105102,12464.905095998782,858.5133218755814,809.0775897034675
2018.0266940451745,627.5643628854574,1353.0929221261997,902.9792946985121,6363.747488756236,11218.351176419414,772.6576223613841,728.1657148900531
2018.0294318959616,643.8784027241023,1353.7096236649836,888.8580671607618,6361.365874916557,10094.624207945746,695.2615599641517,655.2263463079919
2018.0321697467489,661.734337663497,1353.709709918047,874.0436856088581,6358.752135276003,9084.985540693975,625.723265092208,589.6922717939617
2018.034907597536,679.5849759440027,1353.709709918047,859.4245867651604,6355.948495839193,8155.367709922408,561.694753404233,529.3507108783632
2018.037645448323,697.4264334829185,1353.709709918047,845.1008431427599,6352.85868192268,8643.107455030839,505.52526467095333,476.41562716887114
2018.04038329911,715.2594258455601,1353.709709918047,831.0158267383258,6349.538605964473,10308.833674471914,454.9726828633891,428.77401229818275
2018.0431211498974,733.0833220594035,1353.709709918047,817.1655621046232,6345.992874384332,14291.263630423662,409.4753961707474,385.8965937219511
2018.0458590006845,750.8975039271536,1353.709709918047,803.5461355913199,6342.226019029882,17721.820259200216,368.5278471279572,347.30692546680103
2018.0485968514715,768.7013656355915,1353.709709918047,790.153699724057,6338.242493188713,32333.28501718641,331.6750574711104,312.5762282607627
2018.0513347022588,786.4943135915978,1353.7097098815786,776.9844701580483,6334.046674835182,29099.965079445723,298.507532794563,281.31858507855685
2018.054072553046,803.3586496832985,1352.6544803918532,766.0070736976367,6329.642864693619,26189.96667040412,336.01298056989,253.18670819212628
2018.056810403833,820.9565671310181,1352.4552806165611,753.6109367899506,6325.068183928876,23570.932584988346,302.41258778939357,227.8676756376201
2018.05954825462,838.7056241422939,1352.4450749891414,741.0429187471336,6320.325250587837,21178.969543053485,271.72397384766884,204.74381082609727
2018.0622861054073,856.4624780708663,1352.4450749891414,728.482736467301,6315.556478939097,18821.87628455465,241.4827150687295,181.95704326233528
2018.0650239561944,874.2193319994385,1352.4450749891414,715.9225541874686,6310.7877072903575,16464.783026055815,211.24145628979016,159.17027569857328
2018.0677618069815,891.9761859280108,1352.4450749891414,703.3623719076361,6306.018935641618,14107.68976755698,181.0001975108508,136.38350813481125
2018.0704996577686,909.733039856583,1352.4450749891414,690.8021896278035,6301.250163992878,11750.596509058145,150.75893873191143,113.59674057104924
2018.0732375085558,927.4494604212211,1352.4450692422417,678.8905847639713,6295.873254038974,10545.229392785119,129.9136618721322,97.88995555657583
2018.075975359343,944.4537074840954,1351.260807146952,669.4326244272532,6289.939129408111,13337.350421825897,121.47349697189895,123.20868377579876
2018.07871321013,958.0594208265718,1347.270386604674,666.3206747753972,6283.863686259768,12003.748292719549,237.74422416170242,283.3677881973075
2018.0814510609173,962.2995447139085,1350.18573588586,665.7038147646869,6277.752973101956,10803.346366175676,370.95947041025835,466.86760674615607
2018.0841889117044,973.1198132587817,1354.03096179563,657.5704924262723,6271.648700985726,9723.008170324269,361.6980743023252,450.9362665876248
2018.0869267624914,990.7302745821503,1354.030984399365,646.6109932668365,6265.425616218055,88849.37874825593,325.5283973894589,405.8427101006546
2018.0896646132785,1008.3237245140582,1354.030984399365,635.8341401818097,6259.036919371174,79965.68919429668,292.9754943392,365.25836015893935
2018.0924024640658,1025.8997968477524,1354.0309849623156,625.2356028019037,6252.487283854435,71962.68034688164,263.65446301696795,328.7031039016733
2018.0951403148529,1040.4155796079908,1355.896179407343,615.9920342359042,6245.77777521517,64766.4116654397,614.1842470181908,295.8791908509494
2018.09787816564,1042.9096856397084,1365.4401176252427,611.2270735654124,6238.932591636043,58289.75750929026,2384.119453334979,360.2137901157581
2018.100616016427,1040.7707871137352,1380.017473041897,606.1223447913039,6232.026763519468,52460.56827790606,3768.549556557369,425.5144197525128
2018.1033538672143,1029.993842254945,1401.6869450282359,602.6297105325555,6225.054770650668,47214.38828416901,5082.6938462078315,494.10426485886023
2018.1060917180014,1017.7731882181544,1420.0925056884726,603.8837940332799,6218.043680526496,42492.60143728191,5769.959714063215,572.5390624266386
2018.1088295687885,1002.2423427016099,1432.6882889060237,614.2177809410697,6211.072655917698,38243.12470604949,5581.232428054697,1207.9353467654348
2018.1115674195755,1019.1282842804225,1433.040923697171,604.1868173452011,6204.292943143606,34418.72700173116,5023.121510047004,1087.2239158357686
2018.1143052703628,1036.5351148901204,1433.0539852973918,594.1122697877922,6197.375498491096,30948.963168762268,4516.739085254791,977.6211820884506
2018.11704312115,1053.946409511541,1433.0539852973918,584.1724464086049,6190.331927248862,27775.64036618494,4053.619500334882,877.3817318060617
2018.119780971937,1071.3352554919443,1433.0539852973918,574.4265169077358,6183.116910769329,24979.45352160803,3645.53970921547,789.0552982597122
2018.1225188227243,1088.7229689912563,1433.0539852973918,564.6903094675924,6175.89330471016,22201.889484989537,3240.1777591819814,701.3171250791061
2018.1252566735113,1106.0828714682752,1433.0539852973918,555.1823828327597,6168.4692288679735,19816.186056972358,2892.0045465973253,625.9571125690713
2018.1279945242984,1123.4310270976182,1433.0539852973918,545.7708776749665,6160.960478396424,17595.997108473402,2567.9867706791274,555.8254000611607
2018.1307323750855,1140.760892965988,1433.0539852973918,536.5003389529687,6153.329051250051,15581.715897296794,2274.01948534486,492.19793677329596
2018.1334702258728,1158.0681367424165,1433.0539852973918,527.404157658386,6145.545888768204,13822.116186449453,2017.220808276947,436.6153967671799
2018.1362080766598,1175.3673090932475,1433.0539815885656,518.3664682523405,6137.712309532248,12134.619949826745,1770.9450226818706,383.31048814621033
2018.138945927447,1186.9349848939746,1424.1202508847132,524.3366278770669,6129.536104810651,10921.152331923095,1593.8496997959835,379.1336263324663
2018.141683778234,1193.8407434862083,1410.1145937509825,539.9187742880719,6121.481756941145,9828.995225511995,1434.458618774695,412.154128969767
2018.1444216290213,1207.278316508022,1406.4657994354286,538.330511574914,6113.709140948047,8846.064951958127,1291.0082690487934,372.51298914008004
2018.1471594798084,1224.4488331733041,1406.459303220474,529.3720757408972,6105.931456331734,7960.922322751064,1161.8291568361567,335.2400568258234
2018.1498973305954,1241.6053120335162,1406.4593026723437,520.5492078405308,6098.025745920016,14643.37374886567,1045.6461410696443,301.7160222656386
2018.1526351813827,1257.8829127141482,1405.6502692037338,513.5396400309438,6089.994646517579,13179.038072596475,941.0818888902552,271.54468312720314
2018.1553730321698,1269.0808041824466,1400.1608231941846,516.384973979853,6081.868767109921,11861.067194731178,870.5964986005758,264.18613813794747
2018.1581108829569,1285.8481528727857,1399.9123098659556,508.35029598729386,6073.812509740369,10674.923696319736,783.5364849755185,237.76838127698488
2018.160848733744,1302.5332832627007,1399.6275084119682,500.54373050610144,6065.646646285633,9605.083386982427,705.0208537572611,213.9440000994452
2018.1635865845312,1312.7129757068649,1394.7104556094025,503.9847898665069,6057.370847283629,8644.55967711347,675.0718104297483,215.07451019823375
2018.1663244353183,1317.193127790517,1387.2489619560542,515.5898430954256,6049.1750356244065,7780.077796258519,700.3816770558132,242.05144999364393
2018.1690622861054,1326.8239938708102,1383.7284945129195,517.887682489841,6041.194697592835,7001.901905715436,653.0364122992547,230.6577615387113
2018.1718001368924,1340.1115275771142,1381.7392188111705,514.9371014698573,6033.274920608264,6301.685832760096,587.7311910396498,207.59389757124896
2018.1745379876797,1352.8615670188403,1379.4447744241006,512.8564420740589,6025.327884949405,5671.127128490695,528.910623651696,196.21506505970714
2018.1772758384668,1366.1985149662428,1377.720470048362,509.6318366440085,6017.367746807791,7571.415367496123,476.0185947731716,187.34389473239875
2018.1800136892539,1382.3422199931672,1377.4128802736443,502.21569587173076,6009.37567232786,15984.291162559184,428.41663453717564,168.60949974634968
2018.1827515400412,1398.5939751464364,1377.1234896651779,494.77501109611006,6001.28189255868,14385.89026370937,385.57491172835677,151.74852232704058
2018.1854893908283,1412.5211802050326,1375.6214404678979,490.9733454284338,5993.086302365042,12947.257571481878,406.601669146241,143.8358400947142
2018.1882272416153,1424.1364965070186,1373.3270654183434,490.3168263019937,5984.849780239051,11652.520171744336,478.49239518348116,149.10261035513238
2018.1909650924024,1435.3793707001764,1371.5338912095433,489.5199836091201,5976.624822947565,10486.647915279278,526.9273456191123,151.71841005011692
2018.1937029431897,1443.5884638952793,1368.2670977813357,493.2212358529387,5968.4091709368495,9437.934984307869,610.2020568460638,164.34775682307
2018.1964407939768,1454.5396633344556,1366.419480471408,492.6770192780196,5960.277705382521,8494.12462419765,607.1385646415883,157.94709905351937
2018.1991786447638,1467.9132926691434,1365.500082081773,488.7689486501261,5952.159445065364,7644.597742700748,560.4830543140494,143.01240629707306
2018.201916495551,1481.683664720051,1364.6307498728243,484.456323471112,5943.99893040242,6878.905363049168,511.53183199871887,131.2687020348569
2018.2046543463382,1498.395318657649,1364.6304273145622,476.38345022748246,5935.788372266714,6828.175696400764,460.3709759636214,118.14143422355191
2018.2073921971253,1515.0856536240185,1364.6304273145622,468.4437196585091,5927.465667869319,8867.132338745256,414.33363506835155,106.32722837358769
2018.2101300479123,1531.7531683637492,1364.630421836682,460.6363468974342,5919.033431368549,7980.41936241915,372.9003232760863,95.69460408429231
2018.2128678986994,1546.6676505529922,1363.9088603309935,455.41058360463614,5910.49417397779,7182.377335112682,339.69952647125285,96.91241998830684
2018.2156057494867,1558.686666060202,1362.1325387065283,454.1987349432869,5901.891228756396,6464.123179407514,346.1161565990466,121.79197210808516
2018.2183436002738,1570.5119244767454,1361.4981622783962,452.0353402779729,5893.291641433297,5817.7282867290405,335.2377323445239,131.79012518619297
2018.2210814510609,1585.9120300297427,1361.381803840665,445.7915752607455,5884.679559335257,24224.15977846202,301.71395658670787,118.6111198426806
2018.2238193018482,1602.3947698075076,1361.3655240846244,438.4454954228025,5875.987079151477,21815.659997332838,271.53984787225363,106.7488711231146
2018.2265571526352,1616.2383525554558,1360.5999104625962,434.5865848238363,5867.195920624524,19634.0664330211,367.0376064229905,102.54677642155448
2018.2292950034223,1631.9150703297025,1360.4180696127298,428.35100474184895,5858.364523782129,17670.644702768775,346.9383787241012,92.29216358366772
2018.2320328542094,1646.7796178258593,1360.0411317692856,423.20241579900704,5849.453403072259,15903.556489534003,362.3996982023616,85.40222866654976
2018.2347707049967,1658.4847017207496,1359.080420986278,421.858463537683,5840.480882221702,14313.185622897947,502.8732361197491,103.60227351192306
2018.2375085557837,1674.7519070106778,1359.0973529287169,414.9725695619982,5831.510538965021,12881.855154075814,452.58637938207846,93.24210084929065
2018.2402464065708,1691.1430666173105,1359.1000985178696,408.04902792379477,5822.468075407439,11564.994737181487,406.3203076649911,83.71033776597461
2018.2429842573579,1707.5477078199544,1359.1000985178696,401.1328184310948,5813.4075436974945,10276.809221773905,361.06166972678324,74.38612768104555
2018.2457221081452,1723.9523490225984,1359.1000985178696,394.2166089383948,5804.347011987551,8988.623706366325,315.80303178857537,65.06191759611647
2018.2484599589322,1740.3569902252423,1359.1000985178696,387.30039944569484,5795.286480277607,7700.438190958742,270.54439385036756,55.737707511187416
2018.2511978097193,1756.7616314278862,1359.1000985178696,380.3841899529949,5786.225948567663,6412.252675551161,225.2857559121597,46.41349742625835
2018.2539356605066,1773.0656915192258,1359.1000921463315,373.93530956617803,5776.798675234683,5648.524062365241,198.4531930309268,40.88554290322735
2018.2566735112937,1788.773822802991,1358.4538113399371,368.8959494210749,5767.204084902417,5083.671474796017,178.607867356957,46.85846048672843
2018.2594113620808,1805.0022838810223,1358.453811337392,362.74767739197625,5757.5517958560295,4575.300150695824,160.7469338813903,42.17265864319701
2018.2621492128678,1821.2206413061979,1358.453799851709,356.6385402598173,5747.8704870486945,4086.334963191799,143.56780856126076,37.665699017783766
2018.2648870636551,1837.171107366754,1358.1407920506686,351.2325945939868,5738.066874455008,3677.7000961205486,129.21097954562924,35.38896682520653
2018.2676249144422,1852.6633550325093,1357.2940321472738,346.88185658677065,5728.200024699865,3419.3271901739868,116.2897719127605,40.14155936763503
2018.2703627652293,1868.7849338245428,1357.2940007107925,341.10053023409296,5718.287703696982,11744.400562656796,104.66041349081966,36.12785757384129
2018.2731006160163,1883.9926343052757,1356.609695001818,336.9865680740546,5708.306171085264,10569.967574395763,131.1571050245789,40.36430248883289
2018.2758384668036,1900.059750797217,1356.6097051771555,331.3700843743633,5698.283428117676,9512.9445458036,118.04133086582728,36.32784586602776
2018.2785763175907,1916.1032562747946,1356.6097051771555,325.83405683395546,5688.203850180506,8546.75276929747,106.05234853314172,32.638172836957075
2018.2813141683778,1932.142891694295,1356.6097051771555,320.31122209438274,5678.114949500578,7595.4583147171115,94.248215446559,29.0053882503543
2018.2840520191648,1948.1825271137955,1356.6097051771555,314.78838735481,5668.02604882065,6644.163860136751,82.44408235997628,25.372603663751523
2018.2867898699521,1964.1577515238139,1356.6097051771555,309.4802859090074,5657.786825856431,6192.987397731269,73.40585957019482,22.591042654337514
2018.2895277207392,1980.0864374639002,1356.6097051771555,304.322280778592,5647.444045046759,9072.777985241326,66.06526988149884,20.331937240460515
2018.2922655715263,1995.9865325197068,1356.6095468039978,299.25065539258736,5637.04363375012,8165.501282605177,59.45874125194145,18.298743011262612
2018.2950034223136,2011.840815965152,1356.5924636339798,294.29597901847376,5626.58900984881,7346.008968080582,53.49140451527696,16.462263477610808
2018.2977412731007,2027.6756370948178,1356.5828776615754,289.40902126091754,5616.078632449103,8062.842247973128,48.14224224125249,14.8160304138606
2018.3004791238877,2043.4900601383504,1356.5828775232226,284.5855198114155,5605.515610993424,7256.596937855298,43.32789958329835,13.334390923835485
2018.3032169746748,2059.304476939581,1356.5828775232226,279.76203612373354,5594.952577879875,6450.312713057986,38.5136753591731,11.852787882449425
2018.305954825462,2075.087562323199,1356.5828775232226,275.0255876240043,5584.333840995986,5731.318025346933,34.2206652447696,10.531591248041089
2018.3086926762492,2090.8440995228702,1356.5828775232226,270.3628870219421,5573.667904398378,5086.286754041134,30.369297708852287,9.346312459796145
2018.3114305270362,2106.596933118666,1356.582877461752,265.7101356027956,5562.995722283198,4458.942612766324,26.569655541349093,8.176952428050985
2018.3141683778233,2122.2619021689684,1356.5759564715788,261.2925672428806,5552.183142582989,4069.66690872895,23.91268115324092,7.359264179662179
2018.3169062286106,2137.7052073179093,1356.2407487669418,257.4689535372962,5541.326558844271,5532.30637700908,25.923213975282486,13.876177726345816
2018.3196440793977,2152.985064390588,1356.1435313643663,253.60476166041693,5530.436011051049,4979.479059551878,31.82430702171889,17.655872228392727
2018.3223819301847,2168.1699522894532,1356.1766135115506,249.73981782270585,5519.510884842711,5155.28365337643,34.60638579223288,20.210344425648675
2018.325119780972,2183.7198027576037,1356.1766133563779,245.57748296114113,5508.5512693913015,6444.37622541566,31.145744808358014,18.1893101085614
2018.3278576317591,2199.239624044247,1356.1766133563779,241.48452491030952,5497.552306155489,5799.942215644129,28.031170320143282,16.370379093395933
2018.3305954825462,2214.729311104318,1356.176613386898,237.4597828594589,5486.515261115749,29967.513385316677,25.22805313624289,14.733341095353943
2018.3333333333333,2230.1542596354275,1356.1866523759807,233.52658092228447,5475.4413755327305,26970.764133811812,28.43721990115274,13.260006852891303
2018.3360711841206,2245.583418393259,1356.1866603848823,229.6343281523643,5464.33236153592,24272.95951649766,25.59835097937196,11.93364815039756
2018.3388090349076,2260.9030347097237,1356.2114750128626,225.86133123824877,5453.188827505594,21845.6576076887,37.43797308972494,10.766950215697905
2018.3415468856947,2276.01624753134,1356.2944063001332,222.26897414514113,5442.012940489818,19661.085645236875,81.06738882365191,12.003792353333287
2018.3442847364818,2291.35377126439,1356.294406781221,218.5644909681201,5430.807799452702,17694.97293650208,72.96097984138049,10.803429948666496
2018.347022587269,2306.691295758883,1356.294406781221,214.8600080657011,5419.602657860628,15728.86437197839,64.85424095901531,9.603050713333166
2018.3497604380561,2321.9728054709653,1356.2944058755036,211.26818118800975,5408.3408759319545,14121.495105115795,58.22673064777035,8.621701269813993
2018.3524982888432,2337.1293365248534,1356.1979676958206,207.93222399523412,5397.044640250524,12709.34432982653,60.731057926256724,8.743238775726008
2018.3552361396303,2352.238406070354,1356.1081270215113,204.6617409117279,5385.7237944628405,11438.176067040684,61.289623715481234,10.790220905053806
2018.3579739904176,2367.248627905881,1356.047158558384,201.48476396797486,5374.379418034194,10294.346489870206,57.104832967837034,19.546978706644452
2018.3607118412046,2382.4008569866396,1356.0471581424229,198.12668070912548,5363.013172628246,9264.899459194427,51.39432437669696,17.592454727357463
2018.3634496919917,2397.527140284559,1356.0471581424229,194.81522974951156,5351.6262402899365,8321.241317141808,46.15959838402211,15.800593326398074
2018.366187542779,2412.6170299993464,1356.0471581424229,191.56830922649857,5340.211171098158,27155.56716327994,41.54363828774502,14.220533905486974
2018.368925393566,2427.6756455716545,1356.0471581424229,188.37550401206983,5328.773260740279,24440.014434148707,37.3892739416039,12.798480337841863
2018.3716632443532,2442.73426110891,1356.0471581424229,185.18269885829483,5317.335350356799,21724.45771782071,33.2349101128294,11.376426947293165
2018.3744010951402,2457.792876646165,1356.0471581424229,181.98989370451986,5305.897439973319,19008.90100149272,29.0805462840549,9.954373556744468
2018.3771389459275,2472.8514921834203,1356.0471581424229,178.7970885507449,5294.459529589838,16293.344285164725,24.926182455280397,8.532320166195769
2018.3798767967146,2487.9101077206756,1356.0471581424229,175.60428339696992,5283.021619206358,13577.787568836731,20.771818626505897,7.110266775647071
2018.3826146475017,2502.968723257931,1356.0471581424229,172.41147824319492,5271.583708822877,10862.230852508737,16.617454797731394,5.688213385098374
2018.3853524982887,2517.8772853162172,1356.0471581424229,169.4734812958122,5260.041043711974,9446.996451007744,14.452374931266718,4.947098910822044
2018.388090349076,2532.747880408883,1356.0471581424229,166.59995665842564,5248.471873256696,8360.773365756871,12.790629451493578,4.378277572312206
2018.390828199863,2547.6184755015483,1356.0471581424229,163.72643202103905,5236.902702801417,7274.550280505997,11.128883971720438,3.8094562338023685
2018.3935660506502,2562.4890705942134,1356.0471581424229,160.85290738365245,5225.333532346138,6188.327195255123,9.4671384919473,3.2406348952925317
2018.3963039014375,2577.359665686879,1356.0471581424229,157.97938274626588,5213.76436189086,5102.104110004249,7.805393012174161,2.671813556782694
2018.3990417522245,2592.2302607795446,1356.0471581424229,155.1058581088793,5202.19519143558,4015.8810247533756,6.143647532401021,2.1029922182728567
2018.4017796030116,2606.9969573456406,1356.0471580869907,152.38996776014474,5190.572285273657,3777.3558879812254,5.054327795675204,1.7301161407057277
2018.4045174537987,2621.6297620138594,1355.9829703317673,149.93016400003935,5178.8913721207655,3839.8939113994893,4.548894706375372,3.6701169744763114
2018.407255304586,2636.163680840628,1355.898909230239,147.59811315364348,5167.201465241921,3961.4031853569845,4.500970029735098,7.441426316917587
2018.409993155373,2650.5774690782496,1355.9306158151448,145.2772581742724,5155.504725398766,3594.070808831135,5.3930737725642155,9.810934626492692
2018.4127310061601,2664.916876387749,1356.0343328402753,142.96540274022902,5143.80135649818,3302.738033392053,5.997545076487439,11.11072215775289
2018.4154688569472,2678.8879068222936,1356.3653103212291,140.80114254740562,5132.091508775498,2972.463659561906,8.29689575172571,14.977253028545826
2018.4182067077345,2691.9016027903003,1357.457828360374,138.83666714097876,5120.377670174773,2675.214216026965,13.568132322360713,21.559492907223092
2018.4209445585216,2705.0682248607654,1358.5473947905489,136.72286603535912,5108.663182779749,2407.6870368012146,15.146359127113923,22.700370604082092
2018.4236824093086,2719.3103315743556,1358.706994870895,134.46668226847996,5096.945559752693,16045.166133483994,13.631738760142746,20.430344434944626
2018.426420260096,2732.777581324633,1359.5291594952107,132.32829084466388,5085.222436801914,14440.714933036134,45.698378963261476,19.501043276172492
2018.429158110883,2747.129163842489,1359.5367995101499,130.12361294757068,5073.495792166211,12996.638180903466,41.12896598453373,17.550945883457803
2018.43189596167,2761.4834574209885,1359.542010046715,127.91865358363916,5061.769147415077,11552.566687599854,36.559128088207586,15.600841555840555
2018.4346338124572,2775.841420788721,1359.5438792207437,125.71336579301105,5050.042502663944,10108.49519429624,31.989290191881437,13.650737228223306
2018.4373716632444,2790.1107704969018,1359.5438858474126,123.61159591032246,5038.302816211786,9071.91023769771,28.708981738644862,12.250910788478386
2018.4401095140315,2804.0405726994954,1359.6001714028655,121.79678421867055,5026.559440145394,8164.718204156741,33.22567574519982,11.184271643550922
2018.4428473648186,2817.5198811037044,1359.519924568766,120.56707200594623,5014.8179907880085,7348.24475434863,48.96320739140147,11.544737652363409
2018.4455852156057,2830.6494018498643,1358.992335522776,120.122824712896,5003.088206380895,6613.362678147422,63.8437291070774,15.698936073741516
2018.448323066393,2843.442234389435,1358.5298854085468,119.92543270921479,4991.383115959236,5951.8881718636,62.51087450809727,28.63471872534302
2018.45106091718,2855.348844796377,1359.1483683558645,119.50451085804434,4979.706844456146,5356.684461947158,58.917315517003246,36.81063482410856
2018.453798767967,2866.744958095615,1360.4378681043536,118.89810945395134,4968.055532812512,4820.969622076661,54.95921995159714,41.856081709179634
2018.4565366187542,2880.026338611916,1360.8749943548542,117.23698271878858,4956.426052780872,5130.385356893508,49.46336902332089,37.67104287398183
2018.4592744695415,2894.0334854172374,1360.8749963261885,115.28303377386982,4944.800752949146,7856.148259755904,44.51702106074748,33.903930164313856
2018.4620123203285,2908.0087847937416,1360.8749963261885,113.36164982309278,4933.174737523416,22356.38158086308,40.06531812620543,30.51353651692613
2018.4647501711156,2921.95223209052,1360.8749963261885,111.47228892163176,4921.548551128101,20120.776702798234,36.05878532549382,27.4621821127085
2018.467488021903,2935.8638271301247,1360.8749963261885,109.61441706494271,4909.922727945185,22288.076853663762,32.452902025946955,24.715960270917318
2018.47022587269,2949.743570598129,1360.8749963261885,107.78750974663585,4898.297791795489,20059.271738612515,29.207607546946257,22.24436098693716
2018.472963723477,2963.6233136883898,1360.8749963261885,105.96060279555347,4886.67285565631,17830.464053246138,25.96231734435156,19.77276495984543
2018.4757015742641,2977.5030567786503,1360.8749963261885,104.13369584447109,4875.047919517132,15601.656367879761,22.717027141756866,17.301168932753697
2018.4784394250514,2991.306764186721,1360.8749963261885,102.3794806129203,4863.426327340614,13904.973890684603,20.246508132234172,15.41963458987463
2018.4811772758385,3005.0591200250283,1360.8749963261885,100.67315580108271,4851.808196314147,14889.385594010184,18.221856178627245,13.877670262377064
2018.4839151266256,3018.77964411434,1360.8749943337668,98.99527298425623,4840.193457034084,13400.447461341071,16.39970360293998,12.489903546192227
2018.4866529774126,3032.2592252689046,1360.5110904841229,97.91837848184977,4828.582574231561,12060.401671034142,19.531879809290746,12.180984126984514
2018.4893908282,3045.049461423415,1359.1854182079792,98.4787351807979,4816.985553654242,10854.35959036607,31.001038719605866,23.873054976162166
2018.492128678987,3057.7295809141906,1359.0318311369847,97.93602182316376,4805.429634592094,9768.892476305971,32.90437824674881,27.255355613815365
2018.494866529774,3070.6544025488242,1359.0874071658163,96.91682427337322,4793.896334478422,8791.972023544482,31.085915405742796,26.961517788968386
2018.4976043805614,3083.1819617767264,1359.2584983378167,96.16475792761584,4782.3776504242815,7912.762127956684,30.9230435017208,28.56998105970595
2018.5003422313484,3096.460881453783,1359.332670619051,94.73922652291398,4770.877989870691,7121.47668411205,27.830753673705075,25.713018765775264
2018.5030800821355,3109.6184741498746,1359.4380391557802,93.3961050365276,4759.3860501242525,6409.040441813032,25.04680125048672,23.143701162221987
2018.5058179329226,3122.1019030476014,1359.7544577653703,92.50697113199922,4747.903236521461,5768.124516824753,24.558004891754305,24.16450464980919
2018.5085557837099,3133.4058569624312,1360.6453203730205,92.2062332924588,4736.4370578385215,5191.28332371811,26.31462722232954,29.902350008156137
2018.511293634497,3145.1754464525293,1361.5872952384004,91.36234895759294,4724.99727781791,4672.131633148546,25.351623998314803,30.267759912244898
2018.514031485284,3156.329571930796,1362.9363535402656,90.70956539517499,4713.574777600195,4204.89439420181,25.048033369941496,31.703252335058995
2018.516769336071,3166.92476764404,1364.1789894886374,90.70173586050407,4702.172675473249,3784.34838545469,24.926024440808778,33.306489045324355
2018.5195071868584,3178.1137093702687,1364.7314530218641,90.75922714675771,4690.801678927542,3405.889716191971,23.57103934580909,32.25683075760104
2018.5222450376455,3191.3931202736535,1364.7314531809106,89.24657396618915,4679.462821045677,9132.113347264049,21.213934982385247,29.031147694542387
2018.5249828884325,3204.6414664560198,1364.7314531809106,87.75913098778422,4668.129817841719,8218.921991678104,19.09254074583018,26.128031914706444
2018.5277207392196,3217.858763405548,1364.7314531809106,86.2964786542954,4656.80307322568,8204.283149954548,17.183285384592132,23.5152269624558
2018.530458590007,3231.0449803852794,1364.7314555688013,84.85824950348433,4645.482983008868,7383.854774053925,15.464948902661362,21.163693395615194
2018.533196440794,3244.086312502059,1364.7226030479624,83.56672696327011,4634.169925953141,6645.3577074847235,13.918209624086929,19.04697097380062
2018.535934291581,3257.04845364625,1364.6629855606311,82.39568838269871,4622.866340876851,6442.326158451812,12.873562835219497,17.142097339515338
2018.5386721423683,3270.1418035584843,1364.6629875226167,81.0223835966445,4611.574193788692,5999.6798190189975,11.586016890623494,15.427534834950684
2018.5414099931554,3282.2521986749716,1363.7727709535225,81.51418223412907,4600.290116603817,5399.711399177466,17.441158057691066,14.56143071080133
2018.5441478439425,3293.941057992703,1362.2284856659476,83.042476617238,4589.045148190549,4859.734811911045,24.4398042150243,15.005290137923417
2018.5468856947296,3305.654487828673,1360.807133207693,84.3670436511389,4577.856403778934,4373.704478248826,26.321279634960483,17.463756740535107
2018.5496235455169,3316.9666401554705,1359.6620159792749,85.7639163522165,4566.7203959794815,3936.285312809098,27.457553053161043,20.05162052514613
2018.552361396304,3327.0094592227942,1358.7175000765158,88.1756805517498,4555.638228615383,3542.654145782867,29.93374129035575,24.890714310174474
2018.555099247091,3336.795123426019,1358.8328394370953,89.7143910751331,4544.626414528197,3188.2726155342693,30.95877834531134,27.019345452160675
2018.557837097878,3346.140985566689,1359.5419618506003,91.04342337297473,4533.670297676178,2869.2387293052816,31.592316187575868,28.268825219130566
2018.5605749486654,3355.484174523254,1360.6342261646905,91.94003284898893,4522.766134929509,2581.985457130393,31.197855242623497,28.85513377054648
2018.5633127994524,3366.9858383121705,1361.1513506176839,91.20795408032068,4511.907325456267,2323.7865948522362,28.078087123409897,25.969646401405868
2018.5660506502395,3379.3894464906857,1361.3027963654836,89.92212939381601,4501.065996216457,2124.9242880998795,25.26900064349668,23.37149994837103
2018.5687885010268,3392.1490307541753,1361.302798751298,88.42342887332958,4490.233010087638,2824.2873415689037,22.74207937076185,21.034330337729596
2018.5715263518139,3404.878938934118,1361.3027987737419,86.94970510418018,4479.404725654401,2565.919626697995,20.467871381181293,18.930897255394886
2018.574264202601,3417.086231000177,1361.3860391850624,85.91025261962739,4468.581545661575,2994.628978453753,18.421082886723024,17.0378062753656
2018.577002053388,3429.7568188977175,1361.3860390900088,84.47841662032891,4457.770693858388,50595.17243811549,16.578972054006044,15.334022873738682
2018.5797399041753,3442.0336746907765,1361.2333038856705,83.58729281873013,4446.965597071267,45535.65827401842,43.67430906392251,13.800620487868073
2018.5824777549624,3454.051310592351,1360.7461076699713,83.2750994930182,4436.175250711103,40982.074682462684,84.43678577343111,12.420555239987491
2018.5852156057495,3465.9391910109807,1359.9459814503473,83.3812483392259,4425.409247665889,36883.55739753459,126.23306933610796,11.366677535153077
2018.5879534565365,3477.8227344850243,1358.9901876418153,83.6161474924548,4414.674498847151,33194.84255995478,158.22964088785423,10.430689650084476
2018.5906913073238,3489.8200536240715,1358.1808883641288,83.55743839146828,4403.973088086775,29875.19679200452,172.9680436154589,9.431706534960286
2018.593429158111,3501.9321289877985,1357.597932094314,83.12928479986776,4393.30002258446,26887.562530412757,173.86318846332068,8.51482527584352
2018.596167008898,3513.8770748812562,1356.8080959010415,83.05306241145664,4382.649035272685,24198.306562021193,184.46073064534417,8.12020878632563
2018.598904859685,3526.0680121972105,1356.4710682485193,82.25010631251216,4372.025981708193,21778.344475708935,171.61751151235327,7.308249799239697
2018.6016427104723,3537.8838471725994,1355.656309355127,82.28424879551056,4361.418663143194,19600.505477164075,165.71781989679985,26.11292769895685
2018.6043805612594,3547.486255788786,1356.766589584511,82.5771528339344,4350.8409702592,17640.41962858334,158.74316751818057,51.487344819980805
2018.6071184120465,3555.239112467492,1360.102407646746,82.46021349995956,4340.297134852238,15876.325336217711,148.468170336027,64.47687575037833
2018.6098562628338,3564.9287799714193,1362.2133085076625,81.60443807776753,4329.780241909587,14288.66132104713,133.62156745227404,62.80840740907069
2018.6125941136208,3574.6835966748217,1364.2830197488233,80.7102324322065,4319.2778196105855,12858.873508992996,120.25077391342543,60.043494252728635
2018.615331964408,3585.208269840945,1365.7136963945272,79.6712507383156,4308.789351492648,22053.38499636014,108.22562477742284,55.299993874042556
2018.618069815195,3593.9395573186484,1368.6041819858715,78.95442582471804,4298.312303337199,19848.046622844126,112.39024076341308,56.32034633386604
2018.6208076659823,3601.6596974308623,1372.393258490482,78.33341552310736,4287.851997021981,17863.040327897434,118.24976098315273,58.074842805692626
2018.6235455167694,3606.8495308135425,1378.4044373154554,78.00229280575424,4277.410007531682,16076.663676228536,131.26795495197544,64.23829498584072
2018.6262833675564,3610.826065185754,1385.6170670129177,77.65998238895777,4266.991053878802,14468.530481902948,140.29969861729379,68.14572680966778
2018.6290212183435,3619.0095497824213,1388.60796327218,77.30956308993363,4256.594992321895,13021.620066363817,130.0255069821025,62.94125322449945
2018.6317590691308,3629.4518274609113,1389.2619762402921,77.01467560250224,4246.221489162725,11750.13700181991,117.02313656415856,56.646441625149194
2018.6344969199179,3636.6271849290956,1389.254280195037,80.62482595382944,4235.87157738847,10575.09146333159,112.9149539944579,54.54600361730917
2018.637234770705,3643.0815729717215,1388.461038308417,85.65298864777748,4225.610168538515,9517.544699777454,110.65607231725089,54.13768705522265
2018.6399726214922,3651.244747568135,1388.031548034882,88.49674273475843,4215.460630128656,8565.720246872417,101.4304923903084,52.840659825045954
2018.6427104722793,3662.7459282165655,1387.9981929009325,87.53110511085934,4205.3863422380755,7709.1148121413835,91.28711943487549,47.556548298711334
2018.6454483230664,3670.9688877629956,1387.4389647609783,90.35803600130727,4195.32357994115,6938.14651823638,83.42017456731008,46.806957249827775
2018.6481861738534,3675.7167006261843,1386.0210961012442,97.44407587690417,4185.335495862099,6244.317269297772,82.84184156017434,53.02198718834595
2018.6509240246407,3680.0594246500573,1385.0307669542942,104.36232360693786,4175.492753255142,5619.820642747653,82.08164274209605,55.84819300646803
2018.6536618754278,3688.6660241177055,1384.5015106594792,106.4132448516234,4165.792388837622,5645.785556367325,74.23314972267626,50.80982642831093
2018.6563997262149,3700.506838059843,1384.5014667056273,104.63996645037473,4156.152797250586,6706.876936096108,66.80966952489284,45.728734839248915
2018.659137577002,3711.6086232014964,1384.3014682942935,103.80880021029148,4146.510076760349,6036.191758026939,60.12916967646492,41.155917328896756
2018.6618754277893,3720.836389816718,1383.4763851711284,105.46417361375708,4136.879919864826,5432.561984564161,57.72847771641947,37.85162756758976
2018.6646132785763,3727.504407080755,1381.4164664313794,110.86016117672496,4127.3037337775695,4889.300501221869,62.41035233692828,38.856205580589155
2018.6673511293634,3732.0774845869173,1378.9316291553055,118.65985275490716,4117.8437019692965,4400.3612390175,70.57692329231352,41.684444132547455
2018.6700889801507,3735.1892407788214,1377.383826202642,126.82794718315775,4108.539554301806,3960.3099642451034,78.67932263847767,44.22205237777781
2018.6728268309378,3737.744070308434,1376.9503227381622,134.27719773518606,4099.396877684646,3564.2237018833525,84.66607397585031,46.7006743943112
2018.6755646817248,3742.958845097,1376.6251040556149,138.80895214858336,4090.4034671652325,3207.764300776532,83.07932459125864,45.03871966036825
2018.678302532512,3751.6391827797947,1376.0708458733625,140.00390540834331,4081.510334404929,2886.9772027064637,75.00135245159912,40.53502919072287
2018.6810403832992,3762.9823414459406,1375.9929009174639,138.01541587361424,4072.6615102294127,3678.748930115931,67.50117369049498,36.4815007965357
2018.6837782340863,3773.1180399139653,1375.5592979035107,137.59893960144916,4063.8037910475064,3871.3652946693364,60.75100345319036,32.83332214383342
2018.6865160848733,3784.07327338624,1375.377646550387,136.09365095112415,4054.963397578679,18463.517018256054,54.67589873354033,29.54998756531105
2018.6892539356604,3795.610661153226,1375.3776462727044,133.82542470035605,4046.122136340139,84050.12159899704,49.20830459421936,26.59498650320709
2018.6919917864477,3807.0419496278823,1375.3436662762026,131.71085859663182,4037.2672939657095,75645.1139014455,50.460471847838036,23.935487842985367
2018.6947296372348,3817.1898646307027,1374.4742736757748,131.72606142162982,4028.4014687383187,68080.59632490935,190.66152981308275,21.858345146860575
2018.6974674880219,3827.6754646855347,1373.5716957024288,131.41224271872576,4019.5601653597378,61271.87764805651,266.1422608758338,19.68015970547138
2018.700205338809,3838.1165714934514,1372.317785738128,131.47525017961553,4010.7378610552314,55144.161241320646,330.8757944816116,17.942604954904827
2018.7029431895962,3848.192095391002,1370.3189632868323,132.6235823811985,4001.9407274073947,49628.16803484075,419.7402037723318,17.04709039064322
2018.7056810403833,3857.118928734903,1366.7589261813696,136.4385165262525,3993.1868970239043,44665.322501068265,599.6914802800895,19.55499527562027
2018.7084188911704,3864.7472530843975,1363.3248543866594,141.33843389143604,3984.520627103936,40198.74988995809,782.708522941292,45.52253493726246
2018.7111567419577,3867.196973605395,1365.6170000680045,145.58533261702124,3975.959762176009,36178.82988286248,824.18375834772,163.80576277496462
2018.7138945927447,3843.534875276963,1394.0894609188445,149.66952695501146,3967.4931053156106,32560.782122328157,828.1919453859877,279.6293992477029
2018.7166324435318,3796.319373120439,1446.809649937101,152.96813116210333,3959.1177142467855,29304.549063025654,818.9119476682605,380.8212241691688
2018.7193702943189,3728.9581449341067,1520.2218190954304,155.6425235344553,3950.820280902438,26374.07597985841,805.4616982923081,434.77375351372206
2018.7221081451062,3638.18484150167,1616.7540869436095,158.54162190494628,3942.590118116205,23736.495564496297,800.3888010661091,503.0574622172139
2018.7248459958932,3545.4868242941816,1716.1733163644503,160.40761513060653,3934.430812677191,21362.66347863042,775.9801804406308,511.2223161508036
2018.7275838466803,3434.621209657272,1833.3901689854576,162.59008853573016,3926.3250012879703,19226.356537127587,759.6517309981857,554.8974369845301
2018.7303216974674,3320.9285456013426,1953.8611507411176,164.28725351163368,3918.277418612334,17302.39828211521,732.28712403259,578.7774191595623
2018.7330595482547,3220.17616863263,2061.670941339132,165.6546370369956,3910.2805214576706,15572.114801786322,690.4946399460371,577.1482083020367
2018.7357973990418,3144.870141517637,2142.274019891489,168.73771310375903,3902.328293953542,14014.745377175961,634.736697554288,549.8804790666412
2018.7385352498288,3082.6622262516375,2198.4613402039436,183.06607997011992,3894.4484220407267,12611.45612006617,577.6265924997823,510.02431336223907
2018.7412731006161,3034.1762240893654,2225.6914253863056,212.37083166637296,3886.8274873243854,12843.54185601712,528.3357194763167,472.02011913857035
2018.7440109514032,2962.2080836079504,2235.617158893216,281.950552473098,3879.7180734921667,11559.174137976408,538.8158648767379,461.0851401960124
2018.7467488021903,2881.4493205934323,2224.315217371376,380.3715922756706,3873.785638225951,10403.012020058679,604.2559563453528,457.6545495532977
2018.7494866529773,2805.27950305866,2197.3379412593113,488.22369842581713,3869.508525722642,9362.46461573029,707.7772057465628,443.36850067000813
2018.7522245037646,2733.9963805370667,2159.2306886701676,600.5378744575978,3867.0126248015995,8424.402521343567,840.9604720202104,425.54556136206645
2018.7549623545517,2666.8700141476515,2112.449837848014,715.4601941384605,3866.4254223323064,7581.881786110302,997.8546031352435,411.1972923831668
2018.7577002053388,2604.1207186875886,2057.670050442062,832.1433418528278,3867.6992574839546,6821.164039761357,1157.1405619882798,396.31483026749726
2018.7604380561258,2545.860228109673,2000.06194788671,945.168916744104,3870.9701757259436,6138.980972734519,1297.7228250914964,393.95632997105525
2018.7631759069131,2492.270918323204,1949.1237824569746,1044.9782472106076,3876.1162204756456,5525.032923818061,1387.5705094935474,387.1790194230367
2018.7659137577002,2438.57180989914,1903.14191061383,1138.2930626447383,3882.9102853087243,4972.427537201489,1481.4736098148655,402.07500114977955
2018.7686516084873,2383.8761941561243,1868.162306829062,1220.0703280779262,3891.23613940332,4474.911954239082,1535.9051506025885,430.9631807235443
2018.7713894592744,2326.0806851204748,1843.2414393939941,1293.5443634845647,3900.9063804673983,4027.296635542427,1547.9220075915198,474.7962559372163
2018.7741273100617,2263.167787910178,1827.28810824241,1361.9693343617687,3911.7755379520763,3624.500569800948,1524.4920820988307,527.6947233492829
2018.7768651608487,2194.2747096098196,1821.4705977260721,1425.125571818201,3923.7577893123434,4456.960431884699,1497.4740803919874,560.4782169177876
2018.7796030116358,2157.109992872321,1822.509795579064,1448.6771249603826,3936.7596550546696,6422.525047098637,1450.1683765710402,529.373481710955
2018.782340862423,2118.793693733979,1823.0343568608007,1473.5379639570708,3950.1184539145866,7474.868613581887,1558.2084828394097,513.4276820626197
2018.7850787132102,2066.0451708334117,1824.4272396385693,1511.5848198132974,3963.855138181159,6727.3988038198995,1867.353669411077,532.1883027252597
2018.7878165639972,2006.672867274526,1829.698116670937,1551.782359595477,3978.1869249254987,6054.481417386257,2100.276220971765,543.8912457789207
2018.7905544147843,1944.9516246112682,1836.894911330375,1591.7718483275567,3993.1497841972387,5448.922548362149,2283.348484950039,576.2008215607266
2018.7932922655716,1881.346290175565,1846.7717247505093,1630.3435773219728,4008.734476218389,4903.575044028145,2393.8849886023913,596.8659313805804
2018.7960301163587,1818.8414229034545,1854.586368155266,1669.2741453731014,4024.9220320346135,4413.143397715661,2421.32878364197,605.4729566392025
2018.7987679671457,1776.1418059063415,1856.3050658213206,1693.888921445257,4041.7160752935165,9875.045502815168,2315.1376391467256,591.3604254911999
2018.8015058179328,1778.58576093233,1855.4466413424605,1675.5730069001238,4058.874359291521,79268.91392097993,2083.627399874399,532.22509768675
2018.8042436687201,1746.8039304753622,1843.2791346136269,1703.1442245523613,4075.6803788250854,71342.0530992831,7847.746225934263,579.8638976942642
2018.8069815195072,1695.3928719575872,1832.5308608490936,1748.512050927926,4092.899784731832,64207.687602202415,14133.745721748634,678.3498662119938
2018.8097193702943,1645.0061708642625,1834.415286642546,1779.5155292160796,4110.82648174355,57785.161363642,17902.93973149253,719.8279535939097
2018.8124572210816,1577.6129396232502,1840.443905329756,1822.9120525853612,4129.222470928072,52006.5564141564,21856.443351690705,785.9856088062322
2018.8151950718686,1506.573221940062,1850.0729486388843,1865.6839082367587,4148.289189650738,46804.002373778174,24617.32607438277,843.7883369416986
2018.8179329226557,1433.52675195809,1861.059676468602,1908.447460273506,4168.013279766245,42119.29769969048,26081.767395692827,1230.0669616648472
2018.8206707734428,1330.563817528449,1902.78919194727,1949.721381257516,4188.400677733211,37906.76678012252,24559.250187328915,3441.323505092371
2018.82340862423,1197.526311728605,2133.9446222919632,1991.4261969443291,4209.420526189033,34115.798478391305,22899.446705436414,5610.413248174389
2018.8261464750171,1077.7689570188982,2474.482138052829,2023.1611583189033,4231.078077485575,30704.084031077025,21156.225783882284,6928.130432806814
2018.8288843258042,969.930062747144,2844.983498505391,2046.673166275684,4253.203004367009,27631.90937806315,19432.426079806675,7742.614514553461
2018.8316221765913,872.9075500541628,3171.1301638252826,2061.512874958086,4275.660706480414,24867.877844932547,17645.2212858156,8012.5273616027425
2018.8343600273786,785.6111155594863,3405.204688738509,2070.005641216918,4298.30500671089,22380.928259976998,15880.6066555322,7798.126094218795
2018.8370978781657,707.0226496363616,3616.061389349492,2085.1203461100854,4321.028672940734,20142.05441259168,14292.003555517143,7614.215155478859
2018.8398357289527,642.4981715617029,3675.6504840835632,2067.685412098229,4343.941911694316,18127.456698494363,12862.524860992708,6853.135213196766
2018.8425735797398,612.7998465202216,3705.6962460515297,2045.2062667110479,4366.503285604244,16314.049056473546,11575.802665676187,6167.577771380992
2018.845311430527,551.5194986358912,3780.2469405825273,2061.38334157649,4388.627113613534,14682.611079828883,10418.21630122726,5806.472893642749
2018.8480492813142,496.36257019387944,3779.9724409421165,2186.1037844945395,4410.9596969111435,13214.217429486356,9377.589301659731,5778.856940449
2018.8507871321012,446.7197573891396,3684.98798612267,2341.012757493162,4435.307534894444,11892.62455712805,8439.706566559686,5387.358589810508
2018.8535249828885,433.9320280258673,3635.3174741806292,2377.0357453897414,4462.172531547412,19178.398223101067,7595.722748248611,4848.6259672112665
2018.8562628336756,390.5391822344583,3411.341734201219,2648.6773963474443,4489.564632887654,17260.715877313043,7736.892348638269,4626.28720919244
2018.8590006844627,351.4840783764199,3107.4917206388927,3009.127642565039,4521.407862565774,15534.591892222554,8383.191826036287,4550.4004025030545
2018.8617385352497,316.333500976739,2797.5958805677533,3394.819519473578,4559.169282357196,13981.036814558007,9441.001740805996,4580.2763856244965
2018.864476386037,284.69871711871866,2534.914677215293,3689.924037992419,4603.256153130356,12582.869764991887,10083.632688047162,4217.301409509572
2018.867214236824,256.22365381939585,2294.5780368864807,3952.955141536966,4652.135353020127,11324.353335162421,10958.517780746435,4184.7420047908045
2018.8699520876112,230.5862711464731,2099.126569714374,4152.098989454968,4705.249948922412,10191.254280296896,11495.444267286774,4031.3304941201873
2018.8726899383983,207.5259915140657,1929.3056274711803,4314.448772042334,4761.558416048067,9172.073188432287,11771.659712997094,4116.571313457936
2018.8754277891856,189.99084652535436,1850.1462102629891,4352.710636640499,4820.420071137156,10052.859821049306,10998.42961890232,3782.4878081217803
2018.8781656399726,174.3371928800017,1772.0766284117565,4387.523492373229,4879.75852334861,9047.714449432697,10523.696939536374,3685.9872375584164
2018.8809034907597,156.90338938387933,1680.8532232673722,4441.997269632961,4939.514667016851,19453.692050233625,10329.937647921195,3877.739624993295
2018.883641341547,141.2129497530661,1594.4743301279202,4493.40831244099,5000.0149949665,17508.401320944526,13305.31412622681,4119.895901604685
2018.886379192334,127.08990447000416,1533.0345646502535,4511.8535487703275,5061.205664968579,15757.80230699146,14814.699682065822,4208.3242603025055
2018.8891170431211,135.00506713157696,1521.2331323248259,4454.836494943675,5122.536904317015,180284.8430817522,13333.246041698249,3787.4941488093164
2018.8918548939082,141.5964042022946,1508.7413180064814,4400.951777520833,5182.749998987482,162263.22744176432,23690.30021374561,3408.7384331220564
2018.8945927446955,148.7577528308606,1498.6504007154826,4345.143118481992,5241.916126688757,146009.3623592697,31054.724650208558,3067.287739049084
2018.8973305954826,152.1067083310908,1485.011816628009,4297.8028677069715,5299.973906051018,131408.215653994,42084.308453621525,2829.134479125883
2018.9000684462696,157.52898791878988,1474.787297651426,4245.922888787745,5357.0840243591265,118266.55170480865,47847.75229502858,2607.895925580565
2018.9028062970567,170.36112154358543,1472.714411658487,4179.5030266982685,5413.172538816742,106439.7993548361,43062.9612203266,2347.104084257656
2018.905544147844,184.93199182065163,1472.231825139618,4111.013623438625,5468.001558318185,95794.65104726236,38756.192405860435,2112.3679120465567
2018.908281998631,200.33785606913122,1472.2309978954363,4042.4874848262148,5521.550559926297,86204.52677945545,34876.26072642265,1900.8960756299207
2018.9110198494182,215.25606790509067,1471.8719151925507,3976.1024979373883,5573.80431768205,77579.23583429698,31386.67720821361,1710.699779433495
2018.9137577002055,229.35141000503378,1471.0443222088402,3912.2583569408534,5624.8086095623485,69816.74711760065,28246.162603679448,1701.6558849682654
2018.9164955509925,234.81491394962137,1467.499189543033,3860.9740085578364,5674.602486666579,62835.06872904069,26203.394599410363,6336.07952657003
2018.9192334017796,220.77417843441017,1487.4783940890136,3806.660573492123,5723.405352701521,64545.70071886525,23702.514558693914,8587.102446506393
2018.9219712525667,216.8864832127418,1502.5179494042104,3748.172448595282,5771.169517504834,58092.4851187701,21332.21855850533,8693.38678616742
2018.924709103354,233.1163850796732,1502.5248897745464,3685.7030129623204,5817.830010900529,52281.84989722354,19198.48735776585,7824.47228116225
2018.927446954141,249.35570841530287,1502.5248897745464,3623.2334721523994,5864.48812837482,46472.60138534653,17065.265501915317,6955.133602545507
2018.930184804928,265.59503175093255,1502.5248897745464,3560.763931342478,5911.146245849112,40663.35287346952,14932.043646064787,6085.7949239287655
2018.9329226557152,281.83435508656225,1502.5248897745464,3498.2943905325565,5957.804363323404,34854.10436159251,12798.821790214255,5216.456245312023
2018.9356605065025,298.0736784221919,1502.5248897745464,3435.824849722635,6004.462480797695,29044.8558497155,10665.599934363721,4347.11756669528
2018.9383983572895,314.3130017578216,1502.5248897745464,3373.3553089127136,6051.120598271988,23235.60733783849,8532.37807851319,3477.778888078539
2018.9411362080766,330.55232509345126,1502.5248897745464,3310.8857681027926,6097.778715746279,17426.35882596148,6399.156222662656,2608.4402094617967
2018.9438740588637,346.9149530394355,1502.5248897745464,3249.4205164338778,6143.309239469211,12622.645303391235,4471.709383728602,1822.9510425257245
2018.946611909651,364.17383496098034,1502.5248897745464,3195.2634889695905,6180.635285011957,17219.492568605656,4024.5348974015433,1640.6544923813453
2018.949349760438,381.53498203035616,1502.5248897745464,3142.0090949552073,6216.956431956964,18035.559223928856,3622.081282242294,1476.588992014472
2018.9520876112251,398.99563456564965,1502.5248790704336,3089.6422919354727,6252.290493145517,82789.52068547705,3259.8731423108247,1328.9303189109899
2018.9548254620124,412.7125007212186,1493.4616909608899,3051.0520368831535,6286.65497015181,74510.58065358218,4364.859694759095,1382.2158835089442
2018.9575633127995,426.5291834378824,1486.0158865469248,3011.479083321621,6320.284945410641,67056.35592196298,5014.272913159521,1371.2414157746766
2018.9603011635866,432.67888610106564,1466.9708237209002,2991.926850728372,6353.160438166733,60350.69666240686,7797.236610583503,1664.7254426570632
2018.9630390143736,445.1865280694568,1462.0516684836716,2952.306558651808,6385.620143512131,54315.3418971793,7744.218384019891,1552.8447469677567
2018.965776865161,463.1027457667572,1462.0469035823364,2903.107946906159,6417.335202461814,48879.941837383536,6970.595955970646,1397.5291306905424
2018.968514715948,481.0268767023933,1462.0469035823364,2853.915872087571,6449.031046344767,43457.04785245059,6197.4038809956455,1242.4915483505715
2018.971252566735,499.1231938104301,1462.0469035823364,2806.3490865394842,6478.929414784817,42259.51618025111,5577.520050835755,1118.2136310501985
2018.9739904175221,517.3015824856674,1462.0469035823364,2759.5765739666226,6507.95143868244,38033.560363326396,5019.765872256844,1006.391832190187
2018.9767282683094,535.479974033023,1462.0469035823364,2712.8040891909645,6536.973431910743,33807.60874530128,4462.013867173268,894.5704690851671
2018.9794661190965,553.6583655803787,1462.0469035823364,2666.0316044153064,6565.995425139045,29581.657127276172,3904.2618620896933,782.7491059801472
2018.9822039698836,571.8367571277344,1462.0469035823364,2619.2591196396484,6595.017418367348,25355.705509251064,3346.5098570061177,670.9277428751274
2018.9849418206709,590.1320008507042,1462.0467459506183,2573.63566223672,6622.773689679025,21752.401801850967,2870.936590362527,575.5844714036441
2018.987679671458,608.3402680189461,1461.7116422111112,2531.441000317504,6647.523088169507,19577.137394865695,2583.839733811037,524.7868730180054
2018.990417522245,626.9777997445117,1461.708878074684,2489.2516742768485,6671.505546621025,17618.248036415047,2325.3005992881417,472.28413368696647
2018.993155373032,645.4581297512636,1461.4296351598102,2448.232953916826,6694.751079889164,15847.225040355497,2091.55658975828,424.80949939861796
2018.9958932238194,660.5424616814174,1456.742909783337,2415.801127722423,6717.2131995298905,14262.497593885275,1896.492608629982,747.0753554829417
2018.9986310746065,671.0800585551524,1455.3131768802723,2385.2604542997506,6739.073908981893,12836.068544994789,1733.1981942753594,1076.5637513176248
2019.0013689253935,678.0837023909178,1458.2966307869858,2354.405424580841,6760.369740958322,11551.281424932858,1583.2408590233879,1290.1140513224898
2019.0041067761806,691.0173796417026,1460.8725046974437,2318.604934126586,6781.088580251336,10396.083765708976,1424.9167048034376,1219.7794608511747
2019.006844626968,704.2966922849537,1463.4985462209822,2283.0551517225467,6801.160908488583,9355.195881975424,1282.2498355415005,1138.9985308610674
2019.009582477755,709.1012100273972,1470.4890128551654,2252.2703712136026,6820.578604620901,8419.686761405768,1205.4817628260016,1212.6125593774123
2019.012320328542,724.94032983389,1472.385756248397,2216.111084584316,6839.429928050468,16403.765601052477,1084.9335779441453,1091.3513116855372
2019.0150581793291,744.1063922730875,1472.3857561322131,2179.175877136109,6857.626973175658,25593.805001520635,976.4397675005088,982.2157251902655
2019.0177960301164,763.3223112148474,1472.3857561322131,2142.856277173172,6875.158554196832,23432.18146963007,878.7957553137437,883.9941170249057
2019.0205338809035,782.5862562260943,1472.38575952979,2107.1420069662177,6892.036775994965,32588.680703403574,790.9161665609786,795.5946850975708
2019.0232717316906,801.0964952360142,1472.693599621598,2072.515083213916,6908.273520645541,29329.915965639422,743.3406441588744,716.0351650746429
2019.0260095824779,820.4511702243785,1472.693599880408,2037.9731592368423,6923.8886693754375,103000.37932544167,669.0065727864995,644.4315532746052
2019.028747433265,839.8486265948675,1472.6935989155768,2004.0069402856193,6938.885332921005,92700.36787504656,602.1064522260524,579.9883722079419
2019.031485284052,856.7787351480146,1470.778438261549,1975.0304206672777,6953.274804640225,83430.32973806062,1460.6978057695055,521.9895265439658
2019.034223134839,876.2566769369827,1470.778420597391,1942.1132645185235,6967.1419366641685,75087.25008431221,1314.6412226579403,469.7902818322192
2019.0369609856264,895.7346448949011,1470.778420597391,1909.1960908407357,6981.0090423840375,66744.21711050614,1168.5714420809898,417.5913291778227
2019.0396988364134,915.2126128528196,1470.778420597391,1876.2789171629477,6994.876148103907,58401.18413670008,1022.5016615040391,365.39237652342604
2019.0424366872005,934.690580810738,1470.778420597391,1843.3617434851596,7008.743253823777,50058.15116289402,876.4318809270886,313.1934238690295
2019.0451745379876,954.2224536508236,1470.7784035921927,1811.2231939882997,7021.77784748575,42899.152998647995,751.0939476853432,268.4026285072566
2019.0479123887749,973.4228136495012,1470.0646973886508,1782.215131036879,7032.727156642036,38609.23337534078,747.4835232860642,251.5498859159472
2019.050650239562,993.1184475020282,1470.0646869367877,1752.5114910986604,7043.163073179591,34748.245993933764,672.7362522778535,226.3947895342076
2019.053388090349,1012.8211348745809,1470.0646869367877,1722.929832766107,7053.4699441395915,30982.413895585294,599.828830758848,201.85933917220981
2019.0561259411363,1032.5453720613743,1470.0646869367877,1693.7213079144626,7063.382131804443,27507.589296191916,532.5552055310627,179.21986021878905
2019.0588637919234,1052.2961386708425,1470.0646869367877,1664.9820428022535,7072.798530307185,24379.531638958793,471.9950808818048,158.83966611593104
2019.0616016427105,1072.0757705387998,1470.0646869367877,1636.7533543370125,7081.675486904468,21628.772709339602,418.7395603286986,140.91768009405212
2019.0643394934975,1091.8910607322896,1470.0646818195544,1609.2002626298238,7089.8411935354,19296.31832240712,373.5827143221888,125.72164639241181
2019.0670773442848,1110.4370781647015,1467.9988173460506,1585.752227605334,7097.23697560098,17366.686424075306,387.9768149525447,334.19780997624616
2019.069815195072,1119.2657689219743,1469.7056711165947,1568.6598574207724,7104.221701257726,15630.01462338557,563.8322151707812,884.3343252327755
2019.072553045859,1118.257882089616,1484.8068795866127,1548.3136695936842,7110.902467447155,14066.98098116293,631.1152408231984,1114.5376952007903
2019.075290896646,1119.0142720399815,1500.1099217784872,1526.3587935731828,7117.225811325415,12660.26511882459,634.1650952314698,1172.2621042938026
2019.0780287474333,1108.5135646661006,1525.088161923813,1506.3688975669447,7123.16607456021,11394.165632976292,672.5948959603808,1301.603516177138
2019.0807665982204,1124.5364063343275,1528.4252794441522,1481.8462005247816,7128.756712413801,10254.744340365361,605.3369793792417,1171.4462417373709
2019.0835044490075,1132.3415159170277,1538.7816203332331,1458.9455809654778,7133.923781501325,9229.142880097195,555.6385883879904,1076.6926946939266
2019.0862422997945,1148.8710456845401,1541.7275196600096,1435.1270905258325,7138.694742846681,8306.177206412418,500.0723285870366,969.0187595215498
2019.0889801505818,1162.6175171830391,1547.0761859827935,1412.0913654196627,7143.063230131565,7473.810497258832,449.95979955878227,871.912845129976
2019.091718001369,1182.594395056478,1547.0942948560328,1388.5559539664057,7147.031554838148,6725.692556399427,404.9196204357819,784.6355931142643
2019.094455852156,1195.9071005757764,1551.9607013276632,1367.2428901643452,7150.59340664928,6053.20269642234,364.8911740048662,706.1685492903014
2019.0971937029433,1215.6728459231429,1552.010136506546,1344.6588223521492,7153.790193935226,12170.26288408442,328.4017178744078,635.5505285145124
2019.0999315537304,1225.7134942495431,1547.544580460271,1336.7000582459777,7156.601765761271,10953.289932880152,429.3039489675939,595.7288974237634
2019.1026694045174,1236.7154700925068,1540.7574543301155,1330.2415056458235,7159.273368648617,9857.727249459544,492.1980228530231,552.7621431799561
2019.1054072553045,1256.7578176041607,1540.7574542870598,1308.0708136935305,7161.829613132313,61100.59141054905,442.9782380844647,497.48591742092606
2019.1081451060918,1276.807168573507,1540.7574542870598,1286.2696321178291,7164.0093437386695,54990.61363374985,398.68039632735,447.73730552160123
2019.1108829568789,1296.8610551982301,1540.7574408327205,1264.7451665046576,7165.907836181455,49345.82249452162,357.7571211458955,401.7770151608888
2019.113620807666,1314.9580759094629,1538.325255364681,1248.0617692332037,7167.354298209715,44411.240045663464,531.7798951293399,361.5993120212218
2019.116358658453,1330.4173046743224,1532.6281553892063,1237.5630942969005,7168.518744356631,39970.10943047436,975.1784399769077,325.95196750023763
2019.1190965092403,1350.4848149366176,1532.6279664369158,1216.9373830466595,7169.50503429687,35973.05922694863,877.6819502087467,293.35645562059574
2019.1218343600274,1369.4313021986502,1531.237324476102,1199.169616895021,7170.144855147293,32375.74098422421,856.4425782485315,264.02071013498005
2019.1245722108144,1387.0295007436318,1528.177183246191,1184.7174909581174,7170.486823769127,29138.117590199807,965.9840706201937,245.91946880314757
2019.1273100616017,1396.7318221164787,1515.7011861794927,1187.818731139822,7170.5871592812755,26224.02013385606,1661.9974596587717,433.7679747940504
2019.1300479123888,1391.6779098224101,1511.5069527280184,1197.34324331716,7170.738692849482,23601.61238368008,1845.375803107022,1240.123835042187
2019.132785763176,1359.7413348522423,1543.7888619061976,1197.1159640847106,7171.0485378739195,21241.424205073177,1866.9506794305282,1594.1681399953416
2019.135523613963,1342.9019087817592,1570.507314789376,1187.3596104697854,7171.353764676149,19117.16011093567,1737.0758719543298,1607.6173241474585
2019.1382614647503,1354.2488750201235,1577.0261367917274,1169.7798256692038,7171.495661236014,17205.303525876192,1563.3790556784809,1446.8989585440486
2019.1409993155373,1374.3245056720207,1577.02629051412,1150.2835143242144,7171.344088206712,23060.15124933476,1407.0393821893983,1302.2074268656977
2019.1437371663244,1394.399114671639,1577.0269035241547,1131.1123178279265,7170.867962693342,20754.137263015582,1266.339191707038,1171.9877985868445
2019.1464750171115,1397.632441810272,1589.5908640668497,1116.537263131673,7170.073629708265,18678.717270092675,1208.3815650525605,1082.8275620883915
2019.1492128678988,1383.0380430975729,1615.5766512018017,1106.6088407886152,7169.038563629068,16810.830993546708,1299.6394721568843,1111.2444990983513
2019.1519507186858,1368.0379646700692,1642.6270903219515,1096.1829728108733,7167.841970914161,15128.452221528041,1342.838760454051,1114.002714418131
2019.154688569473,1382.1919420576946,1646.703694517453,1079.748483316698,7166.4737788252105,13615.592290420813,1208.5603136314917,1002.6053875738486
2019.1574264202602,1402.2293934086324,1646.7042843228492,1061.7751560594986,7164.836964926078,12253.163523128062,1087.6271037778877,902.2808215825333
2019.1601642710473,1418.1518012160702,1644.471387581423,1050.4465751121195,7162.903934807442,11027.658972238964,978.8476883374432,812.0388811287562
2019.1629021218343,1428.9341543209598,1636.3303346796506,1050.3497516552286,7160.78735806122,9924.642865596457,880.9407410040643,730.8166234836842
2019.1656399726214,1410.5535545906291,1598.9751843539655,1108.626168955088,7158.674590817376,8932.153895349958,876.8541234026395,868.114280101927
2019.1683778234087,1387.3236710256817,1575.9152298603633,1156.4869101485801,7157.531587682432,8038.197096299373,876.9389019759357,945.6211117664
2019.1711156741958,1348.5606964523683,1557.962067455776,1213.9662598587404,7157.196274950173,7234.330614703816,914.0796084143553,1041.5707457770159
2019.1738535249829,1297.6345886197344,1549.402786031685,1273.257329792427,7157.8184942732105,6510.747096129945,969.918907057928,1125.1466516120993
2019.17659137577,1257.2745640115659,1546.7055438972427,1315.1323172188618,7159.428673589386,5859.649314092995,986.3968357278766,1108.9475263788784
2019.1793292265572,1250.076213032638,1544.0445398711713,1323.1156218481917,7161.732623965053,5273.679829289656,907.3806419697368,1002.5602655169254
2019.1820670773443,1231.349073185595,1537.7996610543328,1346.0848250694214,7164.1633394077035,4746.299679234458,877.0510762803542,944.9214622641838
2019.1848049281314,1207.853003623519,1531.7272623470938,1373.274594579833,7166.969938166607,4271.6271519410075,865.9614316588269,906.3047813514855
2019.1875427789184,1208.398019171149,1529.6957008542263,1371.9367801017052,7170.222198589971,3844.4550727371493,785.4621220087719,815.6725474700769
2019.1902806297057,1220.879702448721,1528.830345312722,1357.5271692329256,7173.443381722684,3948.87643481041,706.9129919584502,734.1010785098624
2019.1930184804928,1240.960863455316,1528.8303411953734,1334.901726687118,7176.415567379244,13069.87413860442,636.2216178375797,660.6908928509572
2019.1957563312799,1254.7204515856472,1525.3670764971523,1322.4463530164603,7179.002517617788,11762.88824113573,655.2052964234758,594.6218402642455
2019.1984941820672,1243.397497595392,1499.5614277870734,1357.630577551273,7181.374795783307,10586.595968990676,1128.8419234727467,592.9559353024686
2019.2012320328543,1247.5263224999505,1484.4872430531518,1366.0517360284011,7184.32689713554,9527.921057529496,1223.590971286163,539.3148378713657
2019.2039698836413,1264.9818236097756,1481.510898174824,1348.9160886385332,7187.411288293912,8575.088621725321,1101.2657878647874,485.38188044906633
2019.2067077344284,1259.9228019411,1452.410764432927,1380.7127355977084,7190.20169674531,7717.57605997824,1340.5179813190955,477.1296951771193
2019.2094455852157,1252.7811517998432,1424.8738408329566,1412.5068931399828,7193.51401294426,6945.75606596415,1549.2994491993577,471.171439029776
2019.2121834360028,1246.2652323875534,1400.57760791448,1439.9279255754232,7197.333032839587,6249.031083920614,1685.5511931747528,464.906992474821
2019.2149212867898,1243.2128585842943,1382.1281223118115,1457.5777247900385,7201.612993030898,5624.110165254881,1657.5997854262303,514.7286843424628
2019.217659137577,1256.8469673715201,1379.0570198054475,1442.880133472797,7206.175478067278,5785.768762014531,1491.84087510924,464.55192017817166
2019.2203969883642,1270.1292323224707,1375.819270169749,1428.9584181930413,7210.48057803178,5207.2053264957,1342.6574986395517,435.5591561248504
2019.2231348391513,1267.7302137430418,1366.434324852171,1437.109010071903,7214.541850049922,4686.475375587098,1280.4747027385504,521.8327537010748
2019.2258726899383,1259.5116481647822,1362.971000218375,1445.0333790343248,7218.7272712995555,4217.607589263806,1222.0200105890829,585.9045785155606
2019.2286105407256,1259.9984596485024,1363.8462032615,1439.792854560172,7223.033681246864,3795.79057152391,1110.5375692111081,571.494746200701
2019.2313483915127,1258.8163008525983,1366.1213089740615,1434.920219507509,7227.241269382869,3416.137510256528,1014.3585121548233,561.7307632979256
2019.2340862422998,1246.508130912238,1370.7020220244938,1438.9608807096447,7231.355965070662,3074.515691138516,958.9595391283375,593.51507646791
2019.2368240930869,1234.0858103610672,1377.04632108285,1441.2969271281822,7235.525840144936,2766.647300726082,897.2397244017156,604.7149427456283
2019.2395619438742,1246.436117495981,1378.7555331492151,1423.4670513413469,7239.724096730497,21930.347778254432,807.5156876106695,544.2435096347078
2019.2422997946612,1266.698689198061,1378.7555723521907,1399.7427263586032,7243.613710808185,19739.336139247232,726.7640837893736,489.8186931655386
2019.2450376454483,1278.9449784229932,1378.8648280821703,1384.331551093414,7247.097241118463,17765.401507207764,952.7588552565544,440.8368584953221
2019.2477754962354,1278.5950682412636,1378.6894720412927,1382.0675493378258,7250.314409096658,15988.834389030955,1660.392548757433,434.6375579766503
2019.2505133470227,1271.8246359003456,1376.172658513554,1388.6121084006081,7253.484995902534,14389.940478475257,2420.0355301792665,444.1002583185503
2019.2532511978097,1271.7081148032637,1371.2918959587653,1390.7664292509314,7256.755858704082,12950.770110385929,2719.524425897029,424.1854474149811
2019.2559890485968,1281.1662938833515,1367.4784763804917,1382.2516534852364,7260.053774967964,11655.686032374679,2625.8127668283328,381.78277861635286
2019.2587268993839,1287.5477147777656,1361.0847714255644,1379.5447055294287,7263.200906984283,10489.977798884453,2639.529291218644,352.64932203242904
2019.2614647501712,1288.9218604931204,1349.8374458199328,1386.7525272122728,7266.294165191719,9440.92141546509,2614.0115587199134,514.8221040581849
2019.2642026009582,1300.199025859989,1348.7520543321928,1373.7837682605298,7269.499050264332,8497.116349465883,2352.611037838817,497.73384790541155
2019.2669404517453,1320.0133296358167,1348.698580644127,1351.4708636652608,7272.479024771837,20118.941771868453,2117.3482926228453,447.9605880956596
2019.2696783025326,1340.3658118824824,1348.6985798266305,1328.9463273784772,7275.078979629453,18107.570455322766,1905.6109543360208,403.1639984654139
2019.2724161533197,1360.721442962668,1348.6985748018462,1306.5930570127189,7277.5045239398105,16187.360831435288,1703.5294825026717,360.41051236191055
2019.2751540041068,1376.039772957651,1347.98478684207,1290.5782250743723,7279.342713842951,14568.620944498805,1599.600178410779,353.44641750412046
2019.2778918548938,1390.223957949541,1347.0444668604787,1276.1955401356715,7280.909433771352,13111.468649906605,1528.4411861711828,353.9153198889583
2019.2806297056811,1404.5316055948026,1346.30173707528,1261.7318086955681,7282.23614735139,11797.643419494803,1442.8386404031332,346.7712702535634
2019.2833675564682,1409.8307422920857,1345.456017390774,1256.6287155639961,7283.3137234701835,10617.855157212767,1566.0495761405077,408.1866560848639
2019.2861054072553,1430.2129360379408,1345.4560234836872,1235.6848555250099,7284.303283670401,10619.0953691654,1409.4484599922014,367.3700230927641
2019.2888432580423,1447.7183284388152,1345.2728753424597,1218.152660708408,7284.941134227356,9557.249123063426,1268.4992396023597,330.63188063901765
2019.2915811088296,1464.2263299254873,1343.8808785473789,1203.0947034491967,7285.310986794979,8592.113718380851,1140.4002966803569,310.17701074698647
2019.2943189596167,1470.0924940584744,1338.5979927341123,1202.8474643641637,7285.402847560288,7732.887599171177,1094.770488413233,461.02330587813924
2019.2970568104038,1477.4683377581084,1340.7356306654242,1193.6744250699105,7285.490305223596,6959.447023002785,996.4077791772903,490.9704638549898
2019.299794661191,1493.1590281988447,1342.0945288575904,1177.1184047783088,7285.42463688229,6263.521355728477,896.7666828764551,442.3024856905752
2019.3025325119781,1513.5469956972217,1342.0945288575904,1157.4997645765152,7285.0832095857,32518.0271706636,807.0900101774843,398.07223496688215
2019.3052703627652,1533.933973526419,1342.094538806531,1138.208144467544,7284.415741916536,29266.27348203878,726.3828671675325,358.26498882955855
2019.3080082135523,1552.3639226607447,1342.3080121907724,1120.979789326265,7283.42857453925,26339.645844868934,718.8040399979302,322.43848640914547
2019.3107460643396,1570.9833186674218,1342.2066471979092,1104.1510106121946,7282.167222239503,23695.134702910727,698.7136737384212,290.06572724811537
2019.3134839151267,1582.0108000846278,1340.2591874296352,1097.047515097983,7280.6185961047795,21325.62114062154,1077.5392657529767,304.5398499977413
2019.3162217659137,1602.177710106821,1340.2503688606466,1078.9800971838508,7278.955822565706,19193.055969730245,969.7862728952431,274.0859229264961
2019.3189596167008,1622.5420522198867,1340.2503796688081,1060.9806193428035,7277.018847485527,17257.665951959556,871.9994699693468,246.4476383437157
2019.321697467488,1641.1932344318996,1339.5391505408793,1045.72259309099,7274.764820653258,15531.898842078319,802.3688505730623,221.80286715939488
2019.3244353182752,1659.558977242801,1337.692029807667,1032.133484641963,7272.263207024597,13978.334064722561,753.5631806344471,199.61842859987814
2019.3271731690622,1674.0718504437966,1331.3157758178238,1027.146541744291,7269.541430711122,12580.495191238266,767.2999290476695,293.39604393467215
2019.3299110198493,1684.7242561203375,1328.5431801966392,1022.4920530163721,7266.744009383684,11322.4876886107,736.3243941799453,415.1714405148662
2019.3326488706366,1701.9995741133598,1329.082782435163,1007.9723829161615,7263.876659252349,16272.666694910764,662.6919173682198,380.1890878170035
2019.3353867214237,1720.6793764430527,1329.3935272904455,992.5111985016592,7260.77519648188,14645.66314533032,596.4227593045215,342.1704577619997
2019.3381245722107,1735.5490705160512,1330.4170992545073,980.396448300931,7257.42458064555,13181.053973079705,583.7695653772989,341.1731561060551
2019.340862422998,1736.5903379067197,1334.4334127034235,979.3101719513865,7253.881176155506,11862.941189063375,746.169533406066,462.51582763702345
2019.3436002737851,1723.5776693135645,1348.6435054679869,982.0924561985529,7250.329367736934,10676.608763735532,920.501447207629,589.1637184162445
2019.3463381245722,1718.1081562491152,1363.7600525722344,976.3690320227092,7246.833657872978,9608.944945401086,938.3686754430776,600.5131525787602
2019.3490759753593,1714.2099147569031,1378.9870585474703,969.0495656611256,7243.252259751536,8647.89683668193,925.1853795100693,590.609822224965
2019.3518138261466,1701.6409180917274,1400.5492939951068,964.1778757028181,7239.558610927384,7783.062802094133,945.1252580752194,604.9378863832418
2019.3545516769336,1711.4225289934868,1406.8454918047066,952.2927402143374,7235.793837704505,21296.366112393094,850.6141853554113,544.4449367833403
2019.3572895277207,1731.6738162309614,1406.8458621904722,936.4214764476727,7231.841343847927,19169.331986269517,765.5500901436126,489.99872986615173
2019.3600273785078,1751.914972469755,1406.8458641153788,920.8144484629413,7227.635113668955,31618.208646742863,688.9948531526893,440.99866009212263
2019.362765229295,1766.6750085201695,1407.94000446231,909.8430030901692,7223.18028264438,28456.395486431473,766.741273576916,396.8987637577222
2019.3655030800821,1786.8922650019838,1407.9400472911002,894.6790682816993,7218.5548181422455,25610.718016379218,690.0729485890987,357.2083584670124
2019.3682409308692,1807.1097000229272,1407.9400472911002,879.5150182301966,7213.929333172805,22765.078467736075,613.3988212314072,317.5184820912402
2019.3709787816565,1827.3271350438708,1407.9400472911002,864.3509681786937,7209.303848203364,19919.438919092925,536.7246938737155,277.8286057154679
2019.3737166324436,1847.5445700648143,1407.9400472911002,849.1869181271909,7204.678363233924,17073.79937044978,460.050566516024,238.13872933969574
2019.3764544832306,1867.762005085758,1407.9400472911002,834.022868075688,7200.052878264482,14228.15982180663,383.37643915833235,198.44885296392349
2019.3791923340177,1887.9794401067013,1407.9400472911002,818.8588180241852,7195.427393295042,11382.520273163484,306.70231180064076,158.7589765881513
2019.381930184805,1908.1968751276447,1407.9400472911002,803.6947679726825,7190.801908325601,8536.880724520335,230.02818444294917,119.06910021237908
2019.384668035592,1928.4143101485884,1407.9400472911002,788.5307179211796,7186.176423356161,5691.241175877188,153.35405708525755,79.37922383660687
2019.3874058863792,1948.6317451695318,1407.9400472911002,773.3666678696768,7181.55093838672,2845.6016272340403,76.67992972756596,39.689347460834654
2019.3901437371662,1968.8214813569464,1407.940046735305,758.7550262348631,7176.40074438991,8017.323338924202,16.76454355440626,8.6746177045708
2019.3928815879535,1988.7650593981314,1402.3712416062128,751.8236080102954,7169.385289702385,7215.591367562031,23.97356074370988,50.9209947433588
2019.3956194387406,2007.6031297995735,1396.2286198578695,746.6678132878731,7162.2735357717065,6494.0288332372265,34.04916236832551,96.83072075894566
2019.3983572895277,2021.8007188434963,1385.7965585881175,750.5083860299062,7155.0953352555025,5844.656458964572,66.50050018921614,193.88441711708694
2019.401095140315,2034.1938823479363,1384.1986641523463,747.2355602562216,7148.000791960519,6389.838130906672,83.3668081284854,222.98230856721895
2019.403832991102,2043.4470843195986,1385.3399956044957,744.398551772191,7140.871167020739,5750.884503000795,129.1702842475468,244.3580710750408
2019.406570841889,2053.79017810026,1388.5086662408403,738.472057601504,7133.71379677442,5175.825278370849,157.99072416792666,240.2902334759805
2019.4093086926762,2073.762511399924,1388.5086615823295,726.1641815462655,7126.477244188509,16570.952514704903,142.19163606935237,216.26118672923678
2019.4120465434635,2093.7150066145055,1388.5086615823295,714.0614449282658,7119.055385591926,14913.860529898764,127.97247046842888,194.6350650236294
2019.4147843942505,2113.655240316067,1388.5086615823295,702.0803427676657,7111.524154050964,13356.689317980881,114.61073449915011,174.31301966739215
2019.4175222450376,2133.569503099542,1388.5086671931733,690.3524788779739,7103.765649546334,12000.335737837866,102.97227551022871,156.61177027378935
2019.4202600958247,2152.1616159291634,1389.5774806796524,679.0759495159864,7095.809152592224,10800.302132508206,114.77980759813934,140.95060947661466
2019.422997946612,2168.3586938780036,1391.4614290924835,669.5454407792491,7087.686534967295,9720.261145254955,174.41833447205755,131.4468404549849
2019.425735797399,2186.809650622153,1391.4223858001876,659.8206438996829,7079.42731839501,10955.704199678026,173.91487637738382,118.30214544442077
2019.4284736481861,2206.6331555082784,1391.4223493198124,648.8237236152737,7071.028670273673,9972.528423792292,156.52451594390413,106.47162521335436
2019.4312114989732,2224.7680838240117,1389.710334113208,641.3876609153102,7062.469719864506,8975.287048845974,171.6600675318616,96.01686850271051
2019.4339493497605,2244.5452158338026,1389.7103339665696,630.6978667592886,7053.81028215738,71074.86680259478,154.49406158451913,86.41518109580464
2019.4366872005476,2264.2503634901086,1389.6413871127459,620.3034422395152,7044.996405874669,63967.417096678364,140.30044169950307,77.77371258527558
2019.4394250513346,2282.186555321561,1387.0758398345567,614.3236665151395,7036.0334370457795,57570.673083470196,510.5681406105827,89.4913865707749
2019.442162902122,2300.5541859710843,1385.8724954337333,606.6253519258047,7026.995365386414,51813.56742800011,653.0926799354344,88.6812881541932
2019.444900752909,2318.5000336455814,1384.6201886541314,599.5012922760396,7017.853784141282,46631.997624139214,807.2040771385248,90.08157590204854
2019.447638603696,2337.542219761848,1384.2976606916031,590.4448333465837,7008.618484917003,41968.746758874455,755.9751947198564,81.07371369006867
2019.4503764544831,2355.3720952077115,1383.3034594164044,583.3979681698955,6999.257575923025,37771.730065513795,860.9296715809713,83.24569365721824
2019.4531143052704,2374.9760152569947,1383.303444061171,573.6747036973292,6989.804835701539,33994.5183709754,774.8407149472202,74.9213318801502
2019.4558521560575,2394.570544017702,1383.3034426987742,564.0103244213491,6980.302587579213,30354.665193336634,691.8777939857872,66.89951811802764
2019.4585900068446,2410.643414430064,1381.9109815838374,559.4817596096616,6970.5786430934795,27319.198353586766,756.7263001169895,262.97134206474067
2019.4613278576317,2413.8409300652806,1392.9871931311209,555.4086876891645,6960.805887831477,24587.12636299256,774.2508588214887,486.7461122865372
2019.464065708419,2394.9994601154303,1425.288100637288,552.1910346510194,6950.992003313304,22128.3799469117,805.2821247989326,711.3370978980488
2019.466803559206,2382.027615418661,1454.1068966052094,546.6125370218663,6941.151449671304,19914.84171245154,760.8401037753939,750.2963588988133
2019.469541409993,2353.258648015516,1496.8138204375205,543.0091086745347,6931.24482158947,17923.303037891674,743.9872695964334,825.073583657021
2019.4722792607804,2341.090352341807,1525.0414292203752,537.3172435381157,6921.305273616741,16130.899790180738,683.2067215678229,794.5060719177536
2019.4750171115675,2328.1832349674523,1553.8798749374412,531.8209677359968,6911.298121076147,14517.703090843843,629.4121907088091,763.6963450568189
2019.4777549623545,2306.709381945041,1590.28930222498,527.3845273115295,6901.226887235486,13065.564065361597,594.298105188172,755.6863784654593
2019.4804928131416,2298.808372872122,1614.6032989037747,521.5171627333407,6891.109164207799,11758.989567068249,540.1324069551017,701.7526807676486
2019.483230663929,2305.0372607292034,1626.3112883523243,514.1959337825377,6880.921415852969,10582.99724997948,486.11566094205523,631.5742285366496
2019.485968514716,2307.164568882676,1638.7913783379227,510.2980133970391,6870.639838099396,9524.285763651773,437.50139205323666,569.8453406150275
2019.488706365503,2281.57871429575,1652.790151566099,532.631687299147,6860.321145556036,8571.824513849451,427.7345660037234,587.2345391072336
2019.4914442162901,2260.0528291854835,1649.742892551516,567.5512547304359,6850.402622249598,7714.566508307556,414.7859814735329,578.785045905242
2019.4941820670774,2245.735744568779,1638.5361617903036,602.8123129981348,6841.093279359815,6943.067061719682,398.41028502143945,549.6489477586495
2019.4969199178645,2229.3907816435712,1620.4028530600376,646.4152495625179,6832.396514450904,6248.6451722918155,392.84993094944855,525.6108202542936
2019.4996577686516,2235.6911430611485,1612.4116418472954,656.4795674434281,6824.450946365164,5623.807611850962,353.7516843017301,473.0502800766724
2019.5023956194386,2251.1434205722576,1609.767773852703,651.8548793454426,6816.6951249466365,5769.047180936133,318.3760698877911,425.74465126182633
2019.505133470226,2259.6786236715684,1600.9223888296565,660.4045895245888,6808.883496691228,10601.844679497992,292.31933840349006,383.17011748976194
2019.507871321013,2263.6091966034114,1586.7085762583788,678.7634813833504,6801.235744471898,9541.736769048623,346.97483741757793,345.542763689985
2019.5106091718,2266.5425955987407,1571.1982826206981,699.089452136869,6793.914568360724,8780.982293290384,402.7015606235402,315.344895885114
2019.5133470225874,2285.5839439493084,1571.1982685525065,687.4379936099527,6786.952592605264,15635.147721913167,362.4315290984492,283.8103923622848
2019.5160848733744,2304.6062346229355,1571.1982685525065,675.9806936251379,6779.815501916448,14071.673745410337,326.1883742948296,255.42935164308625
2019.5188227241615,2323.608971630549,1571.1982685525065,664.7143485744166,6772.507009959553,44744.57753826,293.5695338859777,229.88641414571364
2019.5215605749486,2342.591685485494,1571.1982685525065,653.6357748882114,6765.030769790816,40270.152635207676,264.21255947851944,206.89775627183727
2019.5242984257359,2361.564079074321,1571.1982685525065,642.650233411441,6757.471817678758,36021.13557397077,236.33473620968806,185.0673819117079
2019.527036276523,2380.5114853640157,1571.1982665505113,631.8873589745192,6749.715187827982,32298.251544439277,211.90895610657577,165.9401555981438
2019.52977412731,2395.7710631289533,1565.5166327445045,630.6982291733415,6741.754273670231,29068.4258321324,361.76760901328186,150.7367436357733
2019.532511978097,2409.7341960291956,1557.9857489466885,632.6528026746652,6733.795351066479,26161.56658798336,539.8189413239403,148.4987742694442
2019.5352498288844,2425.240725298585,1553.5952310955267,629.8692542099792,6725.890788112938,23545.29262653506,599.1820023418669,138.4977213646902
2019.5379876796715,2438.652645205811,1546.9094460716508,631.5002934247269,6717.96151401484,21190.7311257914,713.2917433673855,153.05503474474887
2019.5407255304585,2448.5502877790245,1539.5215145878592,637.2988794832796,6710.081116866867,19071.523081974254,851.0804420461582,195.46342576830153
2019.5434633812458,2460.5628035748996,1537.5302129137233,635.467713330771,6702.3189688976345,17164.351631638037,815.1524981407549,239.90370089032612
2019.546201232033,2467.6428203444675,1538.101149046021,636.0160476445508,6694.547581681992,15966.103128030603,771.5473312946104,335.8589793140408
2019.54893908282,2474.833886897223,1542.5605255593298,632.5344774340248,6686.806608826454,14369.487302324089,709.8216435131924,364.37364987186953
2019.551676933607,2474.1035062874334,1552.0824087298324,631.9486414093554,6679.028842290406,12932.493993845183,683.0669373103035,419.6359250383053
2019.5544147843943,2463.9974834670693,1569.3584475631812,632.9727675278353,6671.262600158941,11639.116001744698,673.4086278021592,484.90605862403174
2019.5571526351814,2448.8380406816814,1592.497248350346,633.1494433837937,6663.534466301205,10474.367240660176,657.305161752798,529.155221353264
2019.5598904859685,2431.902124673019,1618.2304113110579,632.4840226453929,6655.830540087557,9426.166858255854,632.4111803159736,550.0744858692875
2019.5626283367556,2413.5894261988133,1645.6071690170631,631.5419918413668,6648.136411659783,8479.608649775106,603.7490696599039,557.932585916617
2019.5653661875428,2392.182621462892,1675.111840787231,631.5604076439628,6640.448028822941,7631.46583598444,575.9562503385587,558.2403393386762
2019.56810403833,2368.3477829602116,1704.0286167076551,634.5733862549998,6632.781012794163,6868.261608752951,548.5076342617142,559.8908702848045
2019.570841889117,2363.259798972839,1718.170806612215,633.5428771402386,6625.185215991734,6181.417089546835,494.1840285586672,515.0031256806993
2019.573579739904,2368.084310799375,1723.9081805877265,631.0010370228828,6617.593070307042,5563.251490051989,444.76538889539637,463.50516580797955
2019.5763175906914,2364.2672141521352,1728.646562957283,638.1213450804194,6609.979376527189,5006.885509917191,403.50468202113245,431.18379169931114
2019.5790554414784,2357.9928186338298,1729.854144639454,651.0905870751504,6602.504848368592,4506.056853270946,371.72946177367913,407.7383533223223
2019.5817932922655,2365.0067905139776,1727.998096745244,653.5982245602364,6595.26718689757,4055.4264311958545,334.5561489289683,366.96521335102324
2019.5845311430528,2363.3382838019925,1719.2264648414412,671.642205386793,6588.091244686805,3649.868589509283,307.94131560867936,343.292569354143
2019.5872689938399,2357.5176665902436,1704.0873055858763,699.8854607748056,6581.2356657661085,3284.8830723870074,291.6529154598427,329.70825584774923
2019.590006844627,2360.7985897209305,1693.056854797715,714.4289595763377,6574.869594622048,3796.7590775003137,266.44776821853105,300.3830851079611
2019.592744695414,2376.202228672321,1690.3503270509987,708.2659711232338,6568.763371870475,3417.181665949999,239.80276644883355,270.3444640653951
2019.5954825462013,2394.62674029674,1690.3503265854386,696.4615381963401,6562.571193638507,16348.958632797065,215.8224621106738,243.30998643844723
2019.5982203969884,2413.034278600219,1690.3503169461233,684.8538638077132,6556.199239362968,18124.969335162943,194.24031501126763,218.97897986886434
2019.6009582477755,2429.6280702513113,1688.2120719582645,677.374174958957,6549.65128154849,16312.473228019737,203.66530050540706,197.08107056086936
2019.6036960985625,2441.727487941791,1680.6183715709592,679.95103486202,6542.996604342255,14681.22030487181,310.6837463149685,177.37290675743114
2019.6064339493498,2448.4580957495778,1665.6614679188003,695.1987376985347,6536.403097350109,13213.081887761244,518.7705541629722,167.23633026548967
2019.609171800137,2454.072017940765,1649.964414474856,712.0311016018961,6530.081764699505,11891.760437091849,709.5462083757279,160.34628725390476
2019.611909650924,2459.0140669228263,1634.8021393190331,728.7031546212875,6524.057837853872,10702.372836642475,869.4557093382417,157.0347360850058
2019.6146475017113,2462.7468037402427,1619.4057854389944,746.5251525851639,6518.327356952619,9631.568916592643,1001.7477927580445,156.54137021846225
2019.6173853524983,2463.12974675469,1602.7937184459242,768.5985394202625,6512.9109940961425,8668.405992514816,1067.0991882118851,248.56038876324627
2019.6201232032854,2470.2905200130713,1601.6390213007974,768.0540065933689,6507.877350809783,7801.572025830864,977.5272547014989,249.4693619937419
2019.6228610540725,2488.5482125307885,1601.63902088159,755.253115369089,6502.848449935554,42211.188954026904,879.7744896417865,224.5224549985989
2019.6255989048598,2506.792111915211,1601.6390221751017,742.6655850294562,6497.619979597249,37990.111321584074,791.7978951603569,202.07020899984082
2019.6283367556468,2522.031218534976,1601.6559921109827,733.2613448937292,6492.196043177332,34191.094998410554,820.8333411659155,183.9344722931222
2019.631074606434,2530.2213577226103,1601.826502384141,730.8943842225465,6486.630254387725,30771.912478399667,1196.9909270722326,205.3330664416794
2019.633812457221,2529.363416932758,1605.429964389373,734.1667761108916,6481.040241284,27694.670877297875,1772.8995697862617,255.57542815030786
2019.6365503080083,2527.037096745802,1613.2011244316561,734.6700167507271,6475.5200607888355,24925.120986649,2086.922217612729,279.82097045805585
2019.6392881587954,2528.8028848965064,1620.5613299034621,731.4685755594683,6470.023408357585,22432.586989948562,2144.2220545604246,277.6590107112505
2019.6420260095824,2527.0493668456775,1629.529460002902,730.2168025701654,6464.488469298279,20189.266173239983,2227.8712200165705,282.01740877681783
2019.6447638603697,2525.6364679688204,1635.3937849309455,731.733874596003,6458.947871221256,18168.403027044285,2206.1248091579323,315.1966172507795
2019.6475017111568,2523.4161676189738,1640.0401395926287,735.2359092180068,6453.447682287412,16351.533168422273,2007.495395657749,455.8312826647504
2019.6502395619439,2509.9917395752964,1655.4249185802576,739.1308102587872,6448.02033030268,14714.882481922794,1820.3097648398157,584.9907018878828
2019.652977412731,2468.4156588637306,1693.4452216838047,748.4614734255152,6442.673344743973,13243.346494459229,1710.8761921206656,739.5470762934033
2019.6557152635182,2402.092064983204,1755.4079595300486,758.4271829089691,6437.496391294801,11918.880836548078,1624.4190898092065,902.4092266999784
2019.6584531143053,2322.3995585472103,1830.9861763577023,767.966167427081,6432.499596385026,10726.79325589981,1535.540990228465,987.7821438833647
2019.6611909650924,2216.6205671647094,1923.3463210772688,786.6367816898808,6427.675728785162,9654.102084739705,1475.827583255231,1097.8705075107237
2019.6639288158794,2093.412528760212,2025.30704864951,812.8120250402993,6423.175696267,8688.501718625823,1430.5659714735464,1173.7035737981791
2019.6666666666667,1984.1346654007245,2116.1021528394167,835.7739216929192,6419.124458783959,7819.573423266326,1367.6912315693933,1184.450575580211
2019.6694045174538,1884.578565729827,2198.283617218087,857.2337559259489,6415.467159843155,7037.567106990044,1301.0908583758428,1151.8964391390803
2019.6721423682409,1804.2488903383091,2262.451429274036,877.1135799252111,6412.177099179464,6333.668413841999,1223.9832172613876,1105.9592174388606
2019.674880219028,1757.7256428470318,2295.511107487746,893.9547658999019,6409.2273824823405,5700.166635003338,1117.6649135755322,1019.5956093243832
2019.6776180698153,1685.4950647468104,2319.806404121419,944.9782919683984,6406.567037880393,5661.081308443256,1063.8354806217883,991.7367777728635
2019.6803559206023,1653.2686988637247,2320.5166131187293,978.725201962656,6404.764184771913,5095.017094979294,985.6223416226675,902.2822157817982
2019.6830937713894,1628.6493828428022,2306.0625037749846,1019.4627542532429,6403.527957845994,4585.423761478513,910.823488386024,817.6857320895577
2019.6858316221767,1628.733193041109,2293.9729555092736,1032.449791827995,6402.974558338649,4219.8357261549245,819.7369930124263,735.91096434346
2019.6885694729638,1608.6955096808638,2256.9648563150663,1090.258435022385,6402.639597698713,3797.845334674814,769.9866601622098,675.9274259423509
2019.6913073237508,1584.3359286974612,2204.048908708833,1167.3329812311936,6403.26848007954,3418.0339700100494,742.7751387025178,635.0912113807041
2019.694045174538,1551.7148376226908,2133.789561387575,1268.730495495288,6405.179304211474,3076.185445176864,745.3840161448819,616.3345868030603
2019.6967830253252,1510.9368085626104,2053.7175087591695,1386.4143226278836,6408.773458767369,2768.5077064655584,769.1063115288589,615.5724062272558
2019.6995208761123,1471.3322176731147,1982.3678814685645,1492.2522049239592,6414.317694651397,2491.587786263588,781.0543514785752,624.7806238609633
2019.7022587268993,1432.4210655509671,1922.0891174973656,1584.5911824436214,6421.59653322508,2242.135134329397,791.749789292976,624.1547942223082
2019.7049965776864,1395.0885381035537,1870.2769228250086,1665.3669588458624,6430.393378942608,2017.6317832622738,800.1584206592215,613.5836760245234
2019.7077344284737,1378.6086435187858,1841.0290056654158,1701.3841048469692,6440.531944685861,5169.452622039828,758.9155880462292,565.4638674142514
2019.7104722792608,1386.6530855298763,1832.900857956653,1691.1846128509894,6451.243042379512,24609.72522632015,738.7552138264922,508.9175140501065
2019.7132101300479,1380.295329172585,1813.5087368225134,1706.8506160946743,6461.754816627256,22148.78140283369,2074.0993506438695,465.32812667081913
2019.7159479808352,1365.5510906648442,1787.8915447610184,1736.8958961915253,6472.4988670996445,19933.880017571093,3681.7000685191074,449.8200908337593
2019.7186858316222,1345.734776766026,1761.1637866470417,1772.6530748995879,6483.713660404375,17940.21098261155,5226.459941708214,451.9001681167848
2019.7214236824093,1326.9309875179695,1738.473258308372,1802.7977940314845,6495.491158859207,16145.09815463199,6280.5206132088115,447.7729026363442
2019.7241615331964,1319.0213135936147,1723.1202662938008,1814.237651995748,6507.741866833866,22457.51588772195,6540.306198092517,420.9946013542931
2019.7268993839837,1325.721008366743,1715.4316257660932,1803.2466750302194,6520.149689553973,20212.875101139874,6317.798036674799,378.89643821807135
2019.7296372347707,1336.02150808944,1709.0056546475193,1787.6085424619575,6532.34119351811,18190.762561825803,5877.820720278545,340.9909667436114
2019.7323750855578,1349.7559266441608,1704.7798608252247,1766.6311650188777,6544.2378462287625,21397.065932620942,5290.076832618868,306.9127652717186
2019.7351129363449,1356.844218867206,1693.8066250232866,1759.4295398879196,6555.752314938616,19257.612294344544,5219.242713967418,533.6505174133348
2019.7378507871322,1359.8168675474944,1693.4099650836033,1745.918585653333,6567.1151804325955,47749.24906861563,4910.066565218816,655.4309997825504
2019.7405886379192,1369.5834196906387,1695.519481884932,1723.3637978080735,6578.2217993333825,42978.16030050016,4866.638666764027,633.0342138422815
2019.7433264887063,1364.292810894025,1702.0574882639921,1711.8440875327356,6588.922012026276,38680.33463409746,5948.715821646097,759.0107273930873
2019.7460643394934,1336.3563876782953,1721.075526896309,1710.711396382626,6599.400987759802,34812.14179158458,7579.415452859802,1114.4068477125384
2019.7488021902807,1270.280389049959,1771.5156167669072,1716.3438915089316,6609.832301391237,31330.865214007245,9217.734946891145,1568.9351956720648
2019.7515400410678,1165.9207865673295,1858.966088158503,1723.1843777565082,6620.328846234695,28197.474321571717,10484.434706355698,1987.237648653389
2019.7542778918548,1073.4962700554502,1944.6220802286014,1719.7989606300562,6630.910687802924,25377.68715311069,10680.288756206408,2176.9933556472574
2019.7570157426421,1038.282126685474,1987.401849369203,1702.1647741978647,6641.407148464492,22839.84515762725,9768.02476699362,2041.310461674209
2019.7597535934292,1051.1019614647464,1992.014470957713,1674.9864363179202,6651.580929976649,102214.29783491333,8791.221795852856,1837.2094850626759
2019.7624914442163,1024.1217565311015,2024.2033338901874,1660.5123922448788,6661.274216050859,92011.4437930459,11089.310250040653,2002.889689096109
2019.7652292950033,989.2671171587409,2056.6583223210755,1653.914694510477,6670.699464726736,82809.88608978076,12914.461718708148,2183.5763819524377
2019.7679671457906,989.4204448546609,2067.658854419496,1633.8993725028863,6679.988826939985,74528.85513244502,11890.889849759167,1972.637240477301
2019.7707049965777,985.1153629102058,2079.4660980968183,1617.8945840879776,6688.919353622026,67075.48589911706,11269.498349051753,1830.5573199025405
2019.7734428473648,990.0680636833406,2083.5938071476185,1600.6028079797752,6697.558619906295,60367.5201301618,10195.61856869103,1647.5006818576244
2019.7761806981518,993.9295648450693,2082.545150403087,1589.8903288885185,6705.886154580352,54330.12955588893,9342.556306505903,1491.605357003212
2019.7789185489391,986.828618923114,2070.672098190183,1601.1662300065236,6714.012151597209,48896.769680610465,9192.44327621125,1445.3170838423987
2019.7816563997262,980.4391542351616,2054.714110472955,1615.6515549528458,6722.302179056068,44002.30852774737,8935.324809625645,1408.8598131393317
2019.7843942505133,985.1841062814677,2046.0772679740219,1611.4612168044957,6730.812307657045,45079.23448323598,8059.52886503108,1428.2426088399573
2019.7871321013006,1004.05176177163,2046.0768282980455,1584.6047820740405,6739.229426573317,87264.63388370561,7253.563160127906,1285.4373540105198
2019.7898699520877,1022.9433039824032,2046.0768282980455,1558.1947013283554,6747.175865108229,78538.18033893556,6528.20665605001,1156.8935852871002
2019.7926078028747,1041.8536896237092,2046.076520496256,1532.1738186837201,6754.714569913346,70581.96134980123,5866.874262453027,1039.6981207904744
2019.7953456536618,1057.1579209042902,2042.8169589162658,1513.5268843066349,6761.74473458984,63523.76227296579,5280.186591676467,962.0248164558598
2019.798083504449,1072.9572229044588,2040.1521891102698,1494.1171716124484,6768.447815089853,57165.05487784801,4751.6416767229075,880.7549060083413
2019.8008213552362,1091.9274943025082,2040.1512059853546,1469.2165966958432,6774.807001733324,51446.8262040856,4276.334275350842,792.6617381219309
2019.8035592060232,1110.9101756770283,2040.151134543812,1444.581340870812,6780.887547625381,46097.55393915314,3831.699662886785,710.245493944221
2019.8062970568103,1119.2057604828915,2031.1198210772252,1440.2463869070766,6786.38613024984,41487.797235157384,3900.850721045929,840.2420682111901
2019.8090349075976,1120.7454627254988,2022.5065440077542,1442.336591588227,6791.797400395554,37339.00478653079,4065.9634263778676,1056.4139975497233
2019.8117727583847,1114.5595340008617,2018.0236063224736,1448.00209636115,6797.228662032552,33604.74262506976,3910.7322399148456,1569.2167061799269
2019.8145106091717,1094.3993016839722,2026.9809590819782,1454.122075744951,6802.739462206135,30244.156540863885,3692.3976562092435,2028.4104691442442
2019.8172484599588,1056.4329204665037,2052.2114065619094,1461.688319274882,6808.337052413738,27219.21743655836,3536.976657868101,2426.432805826
2019.8199863107461,1003.5667262796546,2092.333705885969,1469.1517495051173,6814.0454170462945,24496.943056410848,3418.5489063896102,2716.2623776947626
2019.8227241615332,948.9556957532332,2137.6215581015585,1473.0868368687618,6819.861407993479,22044.109811018745,3268.452707261784,2880.7492721908084
2019.8254620123203,901.0794849879098,2180.56533219274,1472.5803721093553,6825.728209427023,19839.23423020975,3079.242078447959,2896.061928656308
2019.8281998631076,844.4262379734588,2230.051076877037,1474.3333874806228,6831.570596385906,17855.256946792953,2948.785654363798,2935.3387411004264
2019.8309377138946,785.4913647339266,2282.0664378920783,1475.8252442685352,6837.426151822481,16069.321902927259,2831.032381200268,2956.96912449152
2019.8336755646817,782.9860018041768,2295.668043622338,1459.2924887337294,6843.290564556783,27514.27516375441,2547.9283234808413,2661.2716461048904
2019.8364134154688,763.2588434028696,2314.741687096598,1454.8010862765534,6848.863381941005,24763.166004801446,2677.1275949381193,2462.9996750708324
2019.839151266256,733.7938973047887,2325.4304864447886,1468.5224402399485,6854.3460747275,22286.796653640315,2910.9386944862695,2360.9932180466494
2019.8418891170431,709.5181772912603,2319.073668927292,1493.8868092178461,6860.042143280627,20057.798142511747,3028.807917720549,2238.4458956416725
2019.8446269678302,683.1985433978225,2295.978588140358,1537.6269364254003,6866.144630753448,18051.476314813273,3156.034001557297,2146.47054812882
2019.8473648186173,660.1652199812827,2261.971945625979,1588.2822963821202,6872.957136727643,16245.411978208022,3226.6648359514493,2044.0796811613639
2019.8501026694046,642.8531017571306,2224.5422294407513,1635.8132763518536,6880.595891167291,14620.302526288076,3219.740318789653,1919.7444589808035
2019.8528405201916,624.0303942099557,2180.1697296146885,1691.0250486045807,6889.007226287803,13158.00428489727,3247.374870607842,1822.7767168988853
2019.8555783709787,618.2827663181562,2149.236741528592,1718.8328287150407,6898.307962155242,11840.733241041007,3082.565955868177,1671.751310352573
2019.858316221766,615.5948726120965,2120.12727933948,1741.311403588409,6908.054643177049,10656.718017006662,2829.6454628697256,1601.5918703171483
2019.861054072553,619.3644698962006,2100.8879328700073,1747.1133825338723,6918.150313416954,29453.96534409212,2546.680240721415,1487.5444585612343
2019.8637919233402,638.7458272008781,2100.887519472238,1717.9956248351482,6928.315027208765,29711.7804521234,2292.012019164243,1338.7897310595592
2019.8665297741272,651.357738096901,2093.3312554638446,1703.7162928789137,6937.966612277367,26740.60289228734,2281.1227340996193,1204.9104778998926
2019.8692676249145,665.1308824788098,2087.0187341097544,1687.296155378631,6947.35402674983,24535.009666262034,2202.03717528501,1084.4092747646052
2019.8720054757016,673.1133614574453,2074.1964786388517,1683.476054235743,6956.4418043849855,22081.742726770586,2423.4431875210194,1012.5056544828673
2019.8747433264887,687.8573423851977,2069.1442025003594,1665.2130583309288,6965.440995500538,59214.187499358304,2256.98628324234,911.2550185376325
2019.8774811772757,700.8942018164928,2062.279607007825,1650.7984640090108,6974.111225883699,53296.36385335413,2889.5956059318105,820.7826955170867
2019.880219028063,711.7709924057386,2053.0962665364145,1641.1266662869205,6982.517473487954,47966.516947609685,3716.0305295756025,765.4085981918763
2019.88295687885,717.434685575587,2039.3089408215292,1641.4562522545139,6990.739420065394,43169.80643209464,5035.602834288403,800.8351867648068
2019.8856947296372,725.5868263461107,2030.6515791950337,1634.1844666085835,6998.944326567295,38852.458629696186,5454.883698753069,896.0442135859304
2019.8884325804245,730.308870808056,2023.7015492905687,1628.7790003704151,7007.005678247981,34966.874644648466,5777.176219781773,1050.07189119162
2019.8911704312115,749.9328521387076,2023.7010807658162,1601.634319642668,7014.95474616983,45923.737107884524,5199.5339948790715,945.0862830795891
2019.8939082819986,759.4003215644867,2022.0994010335367,1586.7215775335035,7022.429598585495,41331.366140697966,5299.350211427139,942.9782094757832
2019.8966461327857,767.5178821794068,2021.4983640565156,1572.425560682481,7029.636991798622,37195.5550420386,5376.826538390349,949.6404378956199
2019.899383983573,762.3799440934305,2022.430423138808,1570.1113342365948,7036.584997248193,33475.691449950275,5686.150903318356,1679.7571675827971
2019.90212183436,721.994373012443,2051.813365339209,1574.6516530281503,7043.475207337222,30128.10349639205,6200.9342758762705,2527.700852203008
2019.9048596851471,649.8101551193988,2114.0110780316923,1578.9725328723732,7050.422183610419,27115.142284509155,6598.253101680428,3215.1460929735017
2019.9075975359342,584.8313247401779,2183.7646722498075,1578.2131006537652,7057.422112804284,24403.317974359816,6676.8395831469215,3569.572573497162
2019.9103353867215,526.3391052804025,2253.2938209417284,1577.3755411929933,7064.390305952957,21962.606940967424,6613.551750510655,3725.586449903112
2019.9130732375086,473.7035432905944,2304.213113861782,1574.1993952376374,7071.325413648629,19766.277336150666,6206.695551574039,3809.7395927660623
2019.9158110882956,426.3307513345659,2352.1316092687684,1578.9251308934581,7078.188609266555,17789.547887419896,5743.193713293192,4057.096378715204
2019.9185489390827,383.6933339359642,2406.416743494396,1593.0203809767459,7085.111675595788,16010.41190852567,5422.1100150470775,4381.758164310019
2019.92128678987,345.32310479067814,2444.965379515758,1594.8165336849618,7092.250684622425,14409.316515121396,4961.429379400486,4214.342290802091
2019.924024640657,327.7069911425723,2463.8426615046446,1586.8376251684888,7099.400122775691,12968.174798241247,4465.275132928722,3884.3657126990324
2019.9267624914442,319.7565998302442,2469.6962911384785,1582.365228075564,7106.397181547111,11671.200264621491,4018.690282489655,3522.6459790085296
2019.9295003422314,325.6511190143714,2464.32460253624,1575.3671208272465,7113.30035821354,24918.814072991594,3616.819260083428,3170.379950671928
2019.9322381930185,330.56789828653916,2450.7706811348794,1577.6645311252416,7120.067990044737,22427.228799863675,3477.8273985068363,2853.340062918066
2019.9349760438056,350.50271754205903,2450.7705592439834,1551.370361059563,7126.855362745792,110258.59416234886,3130.0459772211198,2568.0051546204054
2019.9377138945927,359.1170739874404,2436.589434705628,1551.0344864905228,7133.185905407805,99232.75605834438,4758.533551323595,2311.204895349697
2019.94045174538,359.28825022181064,2411.4571768897267,1570.1158653547511,7139.493508125104,89309.33503431137,7622.08694889053,2110.7270969053366
2019.943189596167,369.57090223236054,2398.5216026391545,1566.588347133573,7146.101848586304,80378.39787463976,8163.704373961417,1899.6543133496432
2019.945927446954,389.5769244430228,2398.5212834433205,1540.4790855647373,7152.633307140312,72340.39551857818,7347.354918419764,1709.6850398863776
2019.9486652977412,409.3577874347983,2398.192165875231,1515.3752969794214,7158.713250301942,65103.610616308055,6612.345850433049,1538.6516525846819
2019.9514031485285,425.41793853508057,2393.557461348987,1498.734168073509,7164.356832633815,58592.84967326162,6156.178770114765,1384.7770365723281
2019.9541409993155,445.46312184344157,2393.5462566681513,1473.775153761916,7169.709768317884,52728.21100259528,5540.754912530946,1246.1728040726268
2019.9568788501026,465.53376245027556,2393.5462566681513,1449.2037292780717,7174.638452194895,47443.398985455715,4985.421117614713,1121.2721316399632
2019.95961670089,485.617656008876,2393.5462423296794,1425.0342200452426,7179.151982207593,42678.22322769072,4484.689551103833,1008.6535512259267
2019.962354551677,501.16160320142296,2389.523527757987,1409.859221228713,7183.233648403268,38410.39470514453,4036.224825051835,1206.1237235670928
2019.965092402464,511.9680617667902,2385.5078567537153,1399.6787565321579,7187.051225538727,34569.32996739909,3694.3056110941484,1561.438999068438
2019.9678302532511,520.3113870005222,2385.576397633089,1388.0568380245084,7190.689177933267,31111.27872336781,3358.8320209416515,1783.694352607673
2019.9705681040384,534.820935522065,2386.7717353485777,1369.3459883749936,7194.123041345751,29312.994859811242,3022.9444861983156,1665.2220755371409
2019.9733059548255,554.9587338480719,2386.7717420818694,1346.5235706293497,7197.235554032102,57229.85186871136,2720.649442930337,1498.69990238415
2019.9760438056126,575.1050873149759,2386.7717420818694,1324.0815064003198,7199.959164794228,51507.219178828826,2448.5841236395745,1348.8297055745784
2019.9787816563996,595.2514408876666,2386.7717420818694,1301.6394468898307,7202.682770732027,45784.23399195769,2176.519179346541,1198.9597153361633
2019.981519507187,615.3977944603572,2386.7717420818694,1279.1973873793415,7205.4063766698255,40061.24880508656,1904.4542350535073,1049.0897250977482
2019.984257357974,635.5441480330479,2386.7717420818694,1256.7553278688524,7208.129982607624,34338.263618215424,1632.3892907604734,899.2197348593334
2019.986995208761,655.6905016057386,2386.7717420818694,1234.3132683583633,7210.853588545422,28615.278431344283,1360.3243464674397,749.3497446209183
2019.9897330595481,675.8368551784293,2386.7717420818694,1211.871208847874,7213.57719448322,22892.29324447315,1088.259402174406,599.4797543825033
2019.9924709103354,695.9832087511201,2386.7717420818694,1189.4291493373848,7216.300800421019,17169.30805760201,816.1944578813724,449.60976414408833
2019.9952087611225,716.1548858292246,2386.7717366306024,1168.2565940346797,7217.729584096883,15349.634339896042,636.4700792602271,350.6066070404916
2019.9979466119096,735.5153330029012,2384.5632805420537,1151.836159249187,7217.425927797249,13814.669851853309,572.8229672281956,331.3155254713518
2020.0006844626969,750.2004616611405,2370.5725441800564,1152.1461615822852,7216.849433167909,12433.199651481451,515.540537188065,679.880072684743
2020.003422313484,755.0307406824716,2361.7060716886467,1157.180010221775,7216.279677998502,11189.859865261486,463.9856615918418,1040.1462521431374
2020.006160164271,747.0111563129916,2363.141363093481,1164.6765634432259,7215.795317741697,10070.78002901806,418.9234100033848,1351.4405162733422
2020.008898015058,733.5331636046083,2374.1249031605366,1167.957040257009,7215.43719356924,9063.615181733909,395.510505580195,1491.155971714907
2020.0116358658454,707.5275999310163,2394.6001570550684,1174.2176360831832,7215.134807522125,8157.225361287912,445.59019088793247,1582.0384521906635
2020.0143737166325,672.7910551872985,2423.4272477747386,1180.7523046708875,7214.937492958467,7341.402961862638,558.7833780700714,1609.5196067859433
2020.0171115674195,642.9852326626273,2452.707682652737,1181.7934149440339,7214.849670331991,6607.20920440396,631.177838172196,1600.609157698432
2020.0198494182066,638.2784433564109,2468.9097877642935,1170.796154681828,7214.779514788857,6996.465045162425,611.2281220747254,1454.1431856102538
2020.022587268994,641.081178891274,2481.011128334967,1156.5731864091717,7214.526306955975,6296.902012019575,593.9791598003319,1308.7259810339185
2020.025325119781,652.0201969754229,2487.5364848863933,1140.026203257379,7214.036815472193,5667.177997825911,540.7634399165187,1177.846354270493
2020.028062970568,669.0053594782938,2489.173609691161,1122.5952074320235,7213.273423989912,5100.30962370325,486.67674407009497,1060.030424001602
2020.0308008213553,673.1480585368289,2490.571062949769,1118.5351688821577,7212.221210222631,4590.227747602291,473.03259591911757,956.9600242926604
2020.0335386721424,684.6991027667908,2487.170386116971,1111.9299407717529,7211.103970935871,4131.217436813183,431.4439344779605,861.2611480053741
2020.0362765229295,703.5802725090924,2486.148934194029,1095.7223760865731,7209.879717801691,4613.595645118565,388.2987312630161,775.1323130060966
2020.0390143737166,718.8018823773332,2481.042413058955,1087.5261589528673,7208.388746202229,4152.356164714429,353.074823709294,697.6163724183399
2020.0417522245039,729.3214522357832,2469.491266983621,1090.6091579230083,7206.76522344897,3737.215311824636,346.8070152646324,627.8517210952416
2020.044490075291,748.3617350116166,2468.012537877404,1075.0432487314747,7205.1974789708875,7459.714665120103,312.1263490284631,565.0663589557477
2020.047227926078,763.4516565689871,2461.339574681411,1068.8770583816572,7203.374610959327,7214.592728309273,339.06662066073477,508.5594382102068
2020.049965776865,777.2589311296042,2453.2302438336365,1065.5276563922234,7201.453969235923,6526.518040717629,387.8220062507614,457.70271167014414
2020.0527036276524,795.2691165310855,2450.525763352117,1052.6210678477296,7199.482752860457,68007.76653792932,359.64511933761787,411.93241777633074
2020.0554414784394,814.4477481186001,2449.303030956776,1037.2739877921401,7197.30183372387,61207.40441543007,518.5426713695692,370.7390301797741
2020.0581793292265,830.560612425908,2444.296233166843,1029.0265445924297,7194.871110406205,55086.631180158125,1300.0140030779978,333.6650486775867
2020.0609171800138,839.3514154854116,2430.3726215435163,1037.1487856721017,7192.309577890358,49577.96469645668,3445.7405718233945,335.17819325871926
2020.0636550308009,842.5915524497633,2413.1706980656572,1053.9577542844793,7189.890295791492,44619.63648274185,6002.135232790859,374.0634169518701
2020.066392881588,849.5430522170129,2404.4581269727687,1058.2791321591346,7187.757889242479,40157.60446555986,6991.798181572784,391.4622239273274
2020.069130732375,856.9620155977454,2398.833968072753,1058.966801275605,7185.703315645294,36141.43277038693,7457.885868144824,412.93217585213654
2020.0718685831623,862.3367731952777,2395.2209598512904,1059.6703741335996,7183.665893411231,32527.04220413014,7789.959005588158,435.4053738586324
2020.0746064339494,875.646525163092,2394.673121660627,1049.3564673130772,7181.645786454601,29274.2661780946,7127.241641820589,410.21312249852616
2020.0773442847365,882.535236288411,2394.1977088605413,1045.557533067554,7179.459322374894,26346.833018567555,6443.086149041249,1045.064043119268
2020.0800821355235,876.1641927850918,2410.853833737629,1037.944115620191,7177.215558448487,23712.002861673067,5798.746440575277,1356.4059765609088
2020.0828199863108,856.4067400734779,2440.141161331936,1031.2065272063937,7174.851171979597,21340.47697853641,5220.168980127528,1644.6712980129641
2020.085557837098,843.5176197158344,2466.3344376413625,1020.8005938546887,7172.380849379516,19206.36552984112,4698.1378170320295,1692.3721813456525
2020.088295687885,814.8054332590661,2505.581425812624,1013.330665365223,7169.743876154489,17285.675150986106,4228.312373036625,1847.2591920028037
2020.091033538672,756.6744354821145,2568.288167967946,1011.9370919673289,7166.989605174013,15557.07733038647,3878.103085564321,2156.2133155810097
2020.0937713894593,704.0334294395699,2626.5610316022307,1009.5031012962646,7164.219638253337,14001.33829740108,3512.7590741933495,2270.2814355278715
2020.0965092402464,667.3948359001471,2671.082449619425,1004.851115537709,7161.416699534121,12601.163889849538,3161.47577603733,2227.4354625826086
2020.0992470910335,646.303353447136,2702.1317102127227,998.1939730370141,7158.543963894532,11340.916224662024,2845.2952631527082,2089.6262772313016
2020.1019849418208,640.0648337707408,2721.26235198905,988.7055545654542,7155.568160266158,10206.727566233003,2560.7413917175545,1889.0266144872953
2020.1047227926078,635.3728088521752,2732.9168945848937,985.2951328323301,7152.443964322005,9184.788589028183,2304.3495735019437,1712.3871474031143
2020.107460643395,623.5913627929976,2733.8645903059764,999.7308814944953,7149.269865997933,8266.197511011313,2073.886461767454,1603.9128214586494
2020.110198494182,613.1546909761756,2724.7692065257543,1022.6167030296616,7146.344000059809,7439.206859870071,1866.4047613694872,1501.227514413929
2020.1129363449693,619.5190973428624,2717.3959686590265,1026.589253141206,7143.808181448306,6695.212461166059,1679.7426726831218,1351.0949597883837
2020.1156741957564,639.5189942659448,2717.395919488743,1009.4795636673422,7141.3459231693705,13743.566266274502,1511.7679065434124,1215.9850625666486
2020.1184120465434,656.3154614990303,2714.1335850684673,999.1140026269047,7138.605251396996,12369.339858053972,1360.5911080747467,1094.3865500245597
2020.1211498973305,675.4384118637489,2713.0553132330324,984.4031174465863,7135.699358048029,15299.728334764468,1224.5305648722126,984.9457453441319
2020.1238877481178,685.0177475376227,2699.3491245738624,992.1009431179328,7132.556285361983,13770.264785539526,1224.71152638877,886.4511927386787
2020.1266255989049,687.8437936439108,2676.458931782315,1015.5992701349597,7129.5500050302135,12393.186970248134,1351.5254952752884,817.6160621472144
2020.129363449692,691.2550973261398,2655.3558981591787,1036.3256279080954,7126.9432771979855,11153.741328288912,1446.3089881114201,755.5047258333113
2020.1321013004792,691.4056463924634,2631.61314043704,1062.599643356733,7124.689370405163,10038.321988423344,1581.7988293097555,717.996104481533
2020.1348391512663,695.3046949554922,2613.9155815105855,1078.6360286590382,7122.8793954662815,9034.421446672533,1617.8307600192932,666.8540749705091
2020.1375770020534,701.5480219592216,2599.248864202662,1089.0251317051848,7121.341582724331,8130.853251480172,1584.749028002805,628.0827768744276
2020.1403148528404,712.3472331920841,2590.158929817888,1089.1039893804275,7119.981348200998,7317.702462799058,1451.6338541032217,592.5838867445945
2020.1430527036277,724.7542184735623,2583.285061104473,1085.3538650091941,7118.62625600417,6585.494442458541,1306.6851622102847,554.0835303437752
2020.1457905544148,736.418880970796,2576.148377480418,1082.6676233900878,7117.212418750098,5926.923457322756,1176.019780496009,540.4399198462686
2020.148528405202,745.1172570002203,2567.8503632580696,1084.1498923613854,7115.757687971727,5334.240538101081,1070.88979112673,554.9211410209705
2020.151266255989,762.9516811745876,2566.724347209352,1069.2954462008424,7114.3316260066185,15489.469291240497,963.8007094862437,499.4290671173788
2020.1540041067763,775.0901267744182,2562.562714558675,1063.416246827584,7112.661912430725,13940.778274630356,1097.717674418161,479.4977924093235
2020.1567419575633,789.0243095138444,2559.816016653621,1054.4197636603285,7110.898810763606,12546.635482436164,1123.6072548209138,445.4449059658857
2020.1594798083504,798.6932168291015,2555.216252365281,1051.6867319828746,7108.990599414141,11291.933050156415,1266.6993051231184,448.3410765453356
2020.1622176591375,811.4712845704593,2552.7883531897537,1043.7130306774638,7107.042032153725,10162.717609991769,1261.02765091121,421.1545760936734
2020.1649555099248,819.9996842335173,2549.1140796937475,1041.3629329185915,7104.965903745546,9146.45039264158,1352.525230003474,423.4015231454727
2020.1676933607118,838.4540600720557,2548.7648274107537,1025.795318903811,7102.856294204781,17844.247707355255,1217.2756783417672,381.06184642669785
2020.170431211499,849.2006232944003,2546.1204778827637,1020.4842907322527,7100.493008681985,16059.913705196945,1515.6806430190493,367.719686465508
2020.1731690622862,853.609751592693,2541.7830543357745,1023.2858131308832,7098.047681532045,14453.907456023586,1901.6908573430908,520.435090767983
2020.1759069130733,853.2597274626117,2543.533857027061,1024.7049106060683,7095.655705495653,13008.41560697158,2088.3012485351323,640.9546882763192
2020.1786447638603,855.8480244742973,2548.255140534495,1020.1849877821908,7093.29394780041,11707.477117571843,2062.851530691317,661.1518094299422
2020.1813826146474,845.74802757126,2558.2867264766437,1023.111863235234,7090.863383308254,10536.664366119108,2192.4997869378176,746.8380721299577
2020.1841204654347,832.6034683449643,2572.3898016963153,1024.9564826368057,7088.4881479133055,9482.835709921595,2252.0915202643537,795.7569964094853
2020.1868583162218,821.462063967888,2586.784426015374,1024.4691288580293,7086.150181750096,8534.385983102722,2218.352811100263,807.3247550123302
2020.1895961670089,811.096776795525,2601.050602981977,1023.3357606913648,7083.810560122516,7680.78287613674,2060.7975391889295,887.5970371668255
2020.192334017796,798.6459615551055,2617.878381305651,1021.738696291066,7081.458561439562,6911.983170312638,1869.7405229439767,966.7566665301931
2020.1950718685832,772.2638254851407,2644.1299198916304,1024.669456703357,7079.086298511256,6220.727183951713,1730.027730164614,1085.3539973563456
2020.1978097193703,745.2423164882537,2673.3174388810003,1025.248324299599,7076.7693209225345,5598.713886870456,1589.7134565021709,1138.86552585477
2020.2005475701574,744.461623437131,2684.7374095402247,1017.3378848240425,7074.468382789989,7659.480736092162,1430.7411432856934,1038.5496409876764
2020.2032854209447,751.0402754547807,2689.487765546863,1008.863231157236,7072.041928432504,6893.592747457595,1287.6744261270246,934.6981311948956
2020.2060232717317,744.3441634729786,2694.987596921304,1013.0483020138862,7069.481038183216,6204.131103343127,1241.8952625430322,892.458911063789
2020.2087611225188,741.8923578696342,2697.179344925508,1016.2206103612232,7066.996687435018,5583.674960017711,1172.1722265396147,834.3634117360099
2020.2114989733059,748.270897838399,2696.5692801422397,1013.3046915709664,7064.572031039778,5025.4026288669875,1060.1994770241379,750.9259889479383
2020.2142368240932,768.0537505458502,2696.5692771021254,996.416321138994,7062.105451804411,21372.81811907739,954.1792560112389,675.833170438069
2020.2169746748802,787.0738991832354,2696.317859656417,980.8167849696666,7059.364156782064,19235.549252868434,858.7846090807624,608.2506179422732
2020.2197125256673,789.6848511365035,2686.735956464133,991.2089593818242,7056.37083360892,17311.609906543817,1361.648514634245,570.7246330411216
2020.2224503764544,790.0094891211728,2671.4286335410843,1009.4319456551618,7053.558432273964,15580.419403889628,1821.5969125522743,566.9160326734662
2020.2251882272417,804.3859569512914,2666.677109883283,1002.7358555405085,7051.057478216301,14022.376242793394,1701.9646854745201,510.22442672056184
2020.2279260780288,824.1318053780933,2666.6770918507736,986.0235694176491,7048.45183394486,12620.053593925075,1531.7628162820988,459.1990401492818
2020.2306639288158,830.194140952862,2653.694594923503,996.2487286187785,7045.57473609623,11358.046717123922,1689.8042243777336,445.6631541977352
2020.233401779603,832.2388083932348,2638.727311968314,1012.298090322587,7042.875889907238,10222.20864926649,1892.040774432609,459.4071979142693
2020.2361396303902,843.3966649963393,2632.918301191387,1009.801071667986,7040.451962735661,9199.98297998941,1785.442597065603,425.16460638774964
2020.2388774811773,851.0498287697442,2625.114900612837,1012.8380918165916,7037.993079392198,8279.960475642842,1631.7738420374137,544.9040909002135
2020.2416153319643,856.6727483643542,2622.76966415081,1012.3899435907256,7035.591444485485,7451.825102984131,1479.0424268015686,609.2144095429184
2020.2443531827516,876.3761939361374,2622.7696584804185,995.5168309487476,7033.189017226074,27024.44757031563,1331.1380261678373,548.2934362512743
2020.2470910335387,896.0730695575886,2622.7696606781687,978.9249156695648,7030.511954686051,24322.05208148257,1198.025195871485,493.46406415277505
2020.2498288843258,912.1231937831807,2622.7112184234857,966.3073904548098,7027.565697929898,21889.84228477366,1177.9256889761798,444.1216178789431
2020.2525667351129,927.8317529623597,2622.477256329126,954.4074779702465,7024.418913329645,19698.8171312327,1171.226238016187,403.14936979464426
2020.2553045859001,943.7261881323057,2622.270331779108,942.4857811599297,7021.080999520033,17728.614099004375,1149.7087641537564,366.5221047261128
2020.2580424366872,963.3898338658282,2622.2703292936462,926.7777278888941,7017.553309543004,16231.313917357138,1034.7398719034827,329.86901867436063
2020.2607802874743,977.3680749674521,2621.2279356463478,918.0496572019538,7013.773432775618,14608.18180196161,1103.3109367715901,319.2389961867907
2020.2635181382614,993.5530366947055,2620.5794223219345,906.8560210396049,7009.858520535126,13147.270202641303,1055.1450820866846,291.0149432334266
2020.2662559890487,1012.7164734559439,2620.3814961743437,892.409217950524,7005.767713010556,11832.620347474476,949.6302147338288,261.91317579882553
2020.2689938398357,1032.3382536409351,2620.3814929052155,877.535708437492,7001.4473456077285,17096.59117368577,854.6658246854894,235.72148075602124
2020.2717316906228,1051.9481960145624,2620.3814877904524,862.910121578,6996.890895208356,15386.978862279917,769.199279669201,212.14940856815863
2020.27446954141,1068.852509793517,2617.5050967303437,854.0978259890207,6992.103168078494,13848.279788171907,745.4333473894542,243.26546399049892
2020.2772073921972,1087.5570345167816,2616.9509252954326,841.2968280520575,6987.181712727101,12463.419692806214,670.8917615105305,219.81045776830746
2020.2799452429842,1105.4131769056505,2615.8705897135774,830.0701903940828,6982.060443578059,11217.021844103421,609.662598271156,214.5998246412353
2020.2826830937713,1124.9700079314168,2615.8705860717346,816.2356339330421,6976.766072655175,10095.290042096696,548.6942931675308,193.13972210180214
2020.2854209445586,1144.5123356159077,2615.8705860717346,802.6317052996081,6971.255573604121,14647.50957468533,493.82482680063856,173.8257368504232
2020.2881587953457,1164.0387160282207,2615.8701040841197,789.255841764401,6965.533438714634,13182.759393344193,444.4423347656336,156.44315987245304
2020.2908966461328,1183.504003259312,2615.840654630682,776.1749739805923,6959.6063687207925,11862.844355092138,399.9428586176692,140.77939736428877
2020.2936344969198,1201.2463118438895,2614.6762315628494,766.15615208747,6953.475205097171,10676.558926024809,403.3741001839738,150.360010105245
2020.2963723477071,1220.7233901738002,2614.6755886581245,753.3888298575483,6947.193991901903,9608.796710744642,363.04919074022075,135.33430198018922
2020.2991101984942,1239.8783592682676,2614.549434651688,741.264357828138,6940.71754884328,8647.652451604961,326.734279282485,121.79731493161346
2020.3018480492813,1258.8575232830694,2614.271395225354,729.6516507573396,6934.057031325613,7782.500812959883,294.0462522500468,110.16080465004826
2020.3045859000686,1278.281115347469,2614.270011810088,717.492037960493,6927.222335473323,7003.3328435610665,264.6074388611582,99.13313226988944
2020.3073237508556,1296.5485762722585,2613.268316942177,707.6746344644617,6920.201872912476,6302.987640272159,249.67429342100542,101.99679880597171
2020.3100616016427,1314.792246233193,2612.445725303606,697.8458148728255,6913.0375141817485,5672.511269846517,229.21366724560954,105.50235873210381
2020.3127994524298,1334.1599753219273,2612.4457254240765,686.215050187583,6905.728449657791,36080.645042762546,206.2922904265881,94.95212173179708
2020.315537303217,1353.5076794958027,2612.4457254240765,674.7781307270508,6898.245564944448,32472.7577218285,185.66303823857046,85.45689890528608
2020.3182751540041,1372.838944905354,2612.4457254240765,663.4940561874045,6890.626274074542,29153.98800113771,166.68794484827384,76.72305153880438
2020.3210130047912,1392.1537458247037,2612.4457254240765,652.3594878358301,6882.873941506767,26103.885071736087,149.24897838756027,68.69625197770425
2020.3237508555783,1411.4518673605087,2612.4457254240765,641.3729580844949,6874.990249722296,23306.338794442796,133.2540058164019,61.334093268172026
2020.3264887063656,1430.7369562413492,2612.4457254240765,630.5002999538979,6867.005718972052,20695.95028726919,118.32910797764586,54.464468070401594
2020.3292265571527,1449.9801789505864,2612.4457252335164,619.9784814230451,6858.712214984227,18606.348485426184,106.38182266284853,48.965362916894804
2020.3319644079397,1468.6592271717866,2611.976315876814,610.6547596214598,6850.254197921318,30204.5918066832,171.8115544102193,49.6604442949817
2020.3347022587268,1487.8549470046921,2611.976315876814,600.4771795395012,6841.663958170371,27184.13826063273,154.63043075603997,44.69440020316643
2020.337440109514,1507.0506667250245,2611.976315876814,590.2996002124769,6833.0737177770625,24163.679079964415,137.44927531501804,39.72835577366826
2020.3401779603012,1526.2463864453568,2611.976315876814,580.1220208854525,6824.483477383755,21143.21989929609,120.26811987399611,34.76231134417009
2020.3429158110882,1545.4421061656892,2611.976315876814,569.9444415584281,6815.893236990447,18122.760718627775,103.08696443297418,29.796266914671918
2020.3456536618755,1564.6378258860216,2611.976315876814,559.7668622314038,6807.302996597139,15102.301537959454,85.90580899195226,24.830222485173746
2020.3483915126626,1583.833545606354,2611.976315876814,549.5892829043795,6798.71275620383,12081.842357291136,68.72465355093033,19.86417805567558
2020.3511293634497,1603.0292653266863,2611.976315876814,539.4117035773552,6790.122515810523,9061.383176622816,51.5434981099084,14.898133626177406
2020.3538672142367,1622.2249850470187,2611.976315876814,529.2341242503309,6781.532275417215,6040.923995954496,34.36234266888647,9.932089196679236
2020.356605065024,1641.4156753586217,2611.976315712119,519.0927939298144,6772.910815590821,3307.17995636347,17.54834487024432,5.072180530576917
2020.359342915811,1660.3319308780974,2611.45986686435,511.02526071032673,6763.0064421386005,3159.0104059281402,15.793510094078602,38.058425683279474
2020.3620807665982,1678.2061540508262,2611.347629685821,503.70285098937,6752.994765865355,2843.1310992089516,14.21412504015834,95.53004232134346
2020.3648186173853,1696.9700938567314,2611.4477737050033,495.3729749739971,6742.88845805564,34769.83547768975,12.79271220776312,85.97705546324622
2020.3675564681726,1715.8716624218891,2611.447774311898,487.11674642349004,6732.671017434092,31293.614105700985,11.513428022382856,77.37926278481726
2020.3702943189596,1734.7452364660671,2611.447774311898,478.99813386601096,6722.343955947393,50075.347835247776,10.362085111286595,69.64133577472451
2020.3730321697467,1753.5905172039343,2611.447774313822,471.0148314470915,6711.909877626525,45067.81567131296,9.325876975736914,62.67720111799476
2020.375770020534,1772.2624247102433,2611.5462284388227,463.21091674116633,6701.3713307011385,40561.0337728715,35.02514567116446,56.40948081543091
2020.378507871321,1790.5291365984485,2611.923013687257,455.6350567348935,6690.731593570768,36504.919805047946,126.03241418817237,52.60305626743117
2020.3812457221081,1809.176143882241,2612.010963589881,448.0648060136376,6679.994787105611,32854.22980257736,125.28815606706831,47.34258250921148
2020.3839835728952,1826.7852282269364,2612.971130064747,440.7570628726008,6669.161179427086,29568.802537187763,300.2560266072113,44.961383176258956
2020.3867214236825,1844.1326143431982,2613.736374024139,433.9979966115854,6658.235515612449,26611.709703782057,467.01255734117217,45.74383324121874
2020.3894592744696,1861.0601444013516,2613.174149772629,429.0690264427979,6647.227079974592,23950.518866575418,563.5727734644009,114.43755050596783
2020.3921971252566,1878.7367841081796,2613.4445894117503,422.6102736993008,6636.166653372139,21555.446515989857,507.2201104462695,112.76461354323578
2020.3949349760437,1897.3458616016276,2613.444626517474,415.5667901300958,6625.028922342164,19399.833524986454,456.4949729081048,101.48920097115175
2020.397672826831,1915.924525339387,2613.444626683281,408.64067719456887,6613.80427137413,81120.25570830864,410.8454736355097,91.34028423340835
2020.400410677618,1934.1468509637446,2613.5555477281446,402.0446640392324,6602.494937860242,73008.24728425061,399.5086107825933,85.344719654466
2020.4031485284052,1952.208807708259,2613.7212293546054,395.6331881240072,6591.106675404494,65707.21324801804,407.2879338860683,83.0971452737696
2020.4058863791922,1970.108227889103,2613.9566342132853,389.39017565754784,6579.642762831432,59136.22687058416,425.5240262077343,83.10501538251378
2020.4086242299795,1988.483749549648,2613.992127708729,382.9436355548698,6568.106187778122,53222.53892763472,382.97119113965744,74.79443679406963
2020.4113620807666,2006.9067774122461,2613.9931556011084,376.553949608793,6556.499717969224,47853.904155587275,344.3403314013093,67.24981349307815
2020.4140999315537,2025.3050337042234,2613.9931556011084,370.2534571854518,6544.829854100588,42944.533704957335,309.0141803301677,60.35060113324862
2020.416837782341,2043.6640935813384,2613.9931556011084,364.08217479960143,6533.069976609324,38648.250298046754,278.0995939808653,54.31296924214099
2020.419575633128,2061.9954038072087,2613.9931551721747,357.9994901311209,6521.249251480871,34722.23444411006,249.84935758524466,48.795683632251794
2020.422313483915,2079.9655928048674,2613.6657550771533,352.68437845982277,6509.349474249526,31250.00584846282,240.57640116326445,51.28109526909814
2020.4250513347022,2097.334555252888,2613.0200111953004,348.34481967875774,6497.393714464422,28124.996477560773,234.95813032318736,105.63849868445176
2020.4277891854895,2112.248474970033,2613.7905875347296,345.08355281863606,6485.398385267967,25312.477254950467,248.87963476883843,189.19448262300148
2020.4305270362765,2128.5998695283524,2614.879850941188,340.08761623004904,6473.3815638917695,22781.245304145865,224.16482423334338,185.48141156024965
2020.4332648870636,2146.7630612188245,2614.879851124321,334.41948930254335,6461.314398945669,80082.63660651786,201.74833824567608,166.9332698687244
2020.4360027378507,2164.6579678955045,2615.012515267559,328.9483912162058,6449.185826212088,72074.40479980635,184.29680289712172,150.2400539660087
2020.438740588638,2178.6224495445945,2617.342267366308,325.26858486290485,6436.999298817548,64866.941076753785,416.2349693096136,178.0321280314252
2020.441478439425,2191.3299329447,2620.9221662440464,321.62356884417864,6424.784832558435,58380.11342977591,602.2132386672407,197.4983118099289
2020.4442162902121,2208.7420275243066,2621.373595798164,316.42970037108336,6412.543076897808,52542.06044770297,542.0097233113361,177.7487958584755
2020.4469541409994,2225.309455830747,2622.4175451017904,311.5409512612374,6400.248348397587,47287.256236101726,506.8384230098093,159.97291018175602
2020.4496919917865,2240.8450446915754,2624.13821144384,307.0551620965508,6387.905782359399,42558.40136098073,512.1847171358227,150.99308516537565
2020.4524298425736,2253.4489249680732,2626.882898542487,304.51801692996725,6375.5222601508385,38302.520932574735,607.8246888850322,162.0313893301109
2020.4551676933606,2263.21303211754,2628.101893738341,306.3546958212609,6363.130378914228,34472.12852945512,721.7903688413422,193.81812576510907
2020.457905544148,2271.6275229717303,2628.9889859447267,309.80855437298834,6350.802837301921,31023.89116565198,710.210535560722,294.0614497262557
2020.460643394935,2289.454890396934,2628.988985665325,304.6450735583896,6338.566850970724,76918.43777281675,639.1894102540618,264.6554623445735
2020.463381245722,2305.23880568021,2629.8649690481043,300.701593230413,6326.278332632642,69226.62433452051,598.6688661946789,239.34313665486664
2020.4661190965091,2316.1160588729076,2632.300907400279,300.13687563434456,6313.957758683839,62303.90827113671,711.8865240657334,260.7432546177186
2020.4688569472964,2325.589066716235,2634.94695567739,300.74196274791217,6301.661515449837,56073.23058201982,803.9960902273634,277.1113418050164
2020.4715947980835,2328.7574676894155,2640.1687406265587,305.0321490270022,6289.409043248397,50465.73418883137,982.6517381679986,319.1444221660425
2020.4743326488706,2330.8865725836736,2647.872937568332,307.7744889235471,6277.2613015158195,45417.27563723682,1087.30913706759,338.7793927545764
2020.4770704996577,2348.512106854127,2647.8731329798024,302.64506063639953,6265.192900121043,40875.54780745733,978.580531343111,304.9018057978101
2020.479808350445,2358.5498601814056,2651.717290386371,301.3118772395053,6253.072072784087,36787.98978469501,927.3366661964816,283.6842017010803
2020.482546201232,2361.0857552182806,2657.7185257530386,305.31250042303424,6240.962219197013,33108.67377156377,969.7318202053248,304.0682626537723
2020.485284052019,2362.767004138056,2661.3525550086856,312.4353630224246,6228.951978422203,29796.863780322616,923.124269910757,376.47978514134314
2020.4880219028064,2362.3064601767787,2666.441054451888,320.09413031300915,6217.093155649692,26816.179257530694,859.331407987564,425.2261264065538
2020.4907597535935,2365.5408773679146,2672.4687922246208,322.95812887213094,6205.394902126703,24134.517103272825,778.2918402222864,424.3060427098291
2020.4934976043805,2376.956342707311,2675.020739546288,321.03719462707994,6193.776323710691,21721.768849079184,700.4525446263658,381.90238744949335
2020.4962354551676,2394.3515488799294,2675.0215294235336,315.6877286444992,6182.157693643408,31680.617364699985,630.397797408119,343.70697744068184
2020.498973305955,2411.7158205566525,2675.021630861802,310.42721142519326,6170.48173774772,28512.560822453746,567.3580441827608,309.336259775061
2020.501711156742,2424.8783757691194,2674.907555550174,309.5382734729518,6158.750095799121,25661.301253902424,510.62217344215406,278.4025959741021
2020.504449007529,2440.9314257059646,2674.764705724004,305.7703560080902,6147.035713153306,23094.086029951814,459.55799774337464,250.55546319301268
2020.5071868583161,2453.6131065027344,2674.1586374497138,305.8675686019312,6135.290788036982,20783.87461302837,421.0669609604712,228.8614307099119
2020.5099247091034,2464.202561424292,2672.596592923136,308.9792876024238,6123.579558641513,18705.443761979375,403.2257897414657,219.58213234012632
2020.5126625598905,2477.585344303548,2670.7421570663005,309.50617940282797,6111.952219818687,16834.742617359003,365.19151367661647,199.00049013619594
2020.5154004106776,2492.298517447436,2668.4778399160714,309.07192284912577,6100.365520378728,15150.98667960811,328.66654533001565,179.09732381681897
2020.5181382614649,2501.4200469116086,2658.457187893809,321.9610819194633,6088.8033838664805,13635.853428050583,329.6416484179247,183.3739006032323
2020.520876112252,2509.7155742004115,2648.9028701408074,334.96431824911883,6077.486838001027,12271.708251649497,318.3207331023637,199.36622129060189
2020.523613963039,2524.684273966001,2647.3632253440164,333.03115440068603,6066.418846880658,11044.492884688845,286.49020689039367,179.43350402858587
2020.526351813826,2539.4602864564463,2645.706145302501,331.4098983836561,6055.349070448757,9938.106081267018,257.7910371787896,161.45895342041658
2020.5290896646134,2551.7100267887313,2642.2104868527585,334.150216334547,6044.282570615326,8944.272505537145,234.7284161034287,156.34622456890745
2020.5318275154004,2564.240860828101,2639.4813934519757,335.76765405984713,6033.291292251438,8048.837755861855,213.26421535492088,149.07196178724527
2020.5345653661875,2575.8537130501804,2636.624366376991,338.373196083564,6022.357825080623,7243.907609663826,197.3181705041019,145.55674428430552
2020.5373032169746,2584.9413053934786,2632.935868541289,344.26207408976245,6011.497752566826,6519.500063301211,190.2698076882449,150.36122133309325
2020.5400410677619,2592.919472357679,2629.9874130481903,350.3927078947054,6000.76530729078,5867.386002770576,184.74655822385026,154.28447765438105
2020.542778918549,2603.0342125767193,2628.8101842333103,352.4838825973229,5990.164521184002,5280.542496734799,171.93242798150445,148.22337918434945
2020.545516769336,2613.585111731022,2627.7235571186575,353.98427498045066,5979.627756761226,4752.409121916699,158.5178220008373,141.26115076074854
2020.5482546201233,2621.9374429076906,2625.1968488849243,359.0693889620852,5969.1449198366545,4277.135818911455,150.85079174382003,140.42491180984678
2020.5509924709104,2628.637184051027,2622.224569544444,366.1392635016378,5958.775483494245,3849.3784842250116,146.27437396259006,141.55074877028923
2020.5537303216975,2635.9730603650773,2620.7188843296326,370.9604559990618,5948.551999897585,3464.3258662275803,139.77532193443568,138.50745160565884
2020.5564681724845,2645.4323914547563,2619.9351582485265,372.8276469234585,5938.437103964614,3117.838193636198,129.7296128815047,130.01821565144954
2020.5592060232718,2659.1902361107173,2619.5363449451816,369.9524172775618,5928.381202257898,4334.446142729131,116.75667586611712,117.01643197842962
2020.561943874059,2671.6791951378,2618.6303646433084,368.8736014633026,5918.304939346941,3901.087860823648,112.56574096336588,105.69900009189817
2020.564681724846,2682.344914644933,2616.5267407547904,370.8060488397171,5908.238296351908,3510.9688446556092,114.70334727562512,99.87378762232858
2020.567419575633,2690.239472119406,2612.410455599641,377.46254056855634,5898.231432303743,3159.865026872194,124.04145640264625,99.89139776189855
2020.5701574264203,2698.62416788423,2608.618660443431,383.1665337808535,5888.362438482832,2843.7521507449587,128.14510590818145,97.41082537504361
2020.5728952772074,2706.809184845391,2604.9662431717284,388.8084434835078,5878.615829090718,2559.320380139699,130.38982101705778,94.74804234553707
2020.5756331279945,2715.0435361396667,2601.3370844495594,394.25790969792496,5868.989070304195,2303.1285593599036,130.57158306949296,91.6056625786667
2020.5783709787815,2723.1980738447037,2597.2593703339417,400.1174675957433,5859.480588816954,2072.8103394345726,118.81102838259818,82.44487502252788
2020.5811088295688,2730.7011146239633,2591.4977820372665,408.1886847272509,5850.095819202859,1865.5250983199153,117.66890939798589,85.49541657566729
2020.583846680356,2736.024699944913,2585.724160000006,418.29121676458874,5840.871223881832,1678.9622019939547,115.53273636279218,91.90569960953175
2020.586584531143,2742.393505785225,2582.6774843838075,424.42788611139343,5831.840324310914,1511.0628087456107,110.39324406134422,92.66552746774647
2020.5893223819303,2749.3301652207933,2581.086278326551,428.41521291489937,5822.935444129098,1359.8199084405258,104.17861376101449,90.83810214813802
2020.5920602327174,2755.780235395225,2580.0766005505257,432.2161082737932,5814.122056371799,1223.7724089537687,98.42108158567049,88.50142470206882
2020.5947980835044,2765.8786139925164,2579.450366823696,431.8975944514856,5805.396325323646,1101.3591982055148,89.19956019479447,81.51298800480627
2020.5975359342915,2775.615097764835,2578.2721731066176,432.47417950229334,5796.689350217594,991.1752709057321,81.45761537427352,76.03132374231647
2020.6002737850788,2782.974182325314,2576.209669929673,436.27895259476725,5788.015895741588,892.0522181744894,76.57918300941809,74.29238697202702
2020.6030116358659,2789.725458860957,2574.0962096780363,440.6554395985043,5779.429492453845,802.8309221611759,72.18745637425205,71.54386455529371
2020.605749486653,2796.311215045938,2572.3007750535176,444.7828589217022,5770.939651570187,722.5436858070117,67.9635577224279,70.31408139447859
2020.60848733744,2802.243117654032,2570.6052982257365,449.3726402026287,5762.541344508945,650.2403735850183,64.14318861272375,69.25309143011079
2020.6112251882273,2809.3262006254517,2568.328926886132,453.2925819059958,5754.242591173768,585.1790723969136,59.70663858815822,66.36893646412052
2020.6139630390144,2818.9912303012406,2566.0063926622524,454.58816797730657,5746.0324096505465,526.6604490565629,54.18680716846186,61.09494998281077
2020.6167008898015,2828.8720755957074,2563.105937074826,456.2023925530494,5737.865695367765,473.91088690250257,49.291668032433904,56.361720278593005
2020.6194387405887,2835.7095133077246,2558.0042492242947,463.0113909642545,5729.748847095077,426.51535645656975,46.6079906596105,55.05515950214152
2020.6221765913758,2842.9379259139646,2553.527351328234,468.66912410120517,5721.767499247945,383.8546604005863,43.838098031779474,52.13946380519848
2020.624914442163,2850.387413389439,2549.4422242455057,473.5981675071129,5713.90199544929,345.4478744679685,41.20434862307165,50.139743917414066
2020.62765229295,2859.266983423279,2546.1172293063414,476.2327747532782,5706.140713108452,310.9008975134183,38.13649175499951,46.97167087740051
2020.6303901437373,2868.0797849422365,2542.4024581997414,479.25889228775685,5698.444465161612,279.800278817427,35.4002262311929,44.21773193183273
2020.6331279945243,2876.984041282799,2538.3970731982827,482.41308196525523,5690.81930414501,251.79274234581217,32.88899693956868,41.663557440357664
2020.6358658453114,2886.0057510325914,2533.997264158916,485.77087246785305,5683.267512931988,226.58588475601132,30.450886652006517,39.38537626505851
2020.6386036960985,2895.3758583392405,2529.5309539643995,488.76943771145073,5675.793050576257,203.925729745305,27.4064021569578,35.446999228939156
2020.6413415468858,2906.656420203495,2526.0245567545558,488.827523629681,5668.3887000036175,183.52061573269887,24.841218294836207,31.900119650330467
2020.6440793976728,2920.1560549189526,2524.091362687804,485.07190195735325,5661.005781027237,165.1481705992306,22.355403843540792,28.706564552268983
2020.64681724846,2933.546034541045,2521.861547029764,481.76309084312135,5653.5823281774165,148.56308713033758,20.110356327523558,25.823694173040234
2020.649555099247,2946.730823066066,2519.107810995723,479.21964491404015,5646.122621615519,133.6984435196879,18.09819043058487,23.251442725924182
2020.6522929500343,2960.734694133848,2516.9788964798513,475.2544233787808,5638.640786598868,3578.1359770743866,16.28837149509367,20.9262988987092
2020.6550308008214,2974.068643303029,2513.833413036713,473.0212779747129,5631.113366276892,3220.4827595844604,85.00206807701676,19.030749099015416
2020.6577686516084,2988.1897388241905,2511.566674353288,469.1388384592922,5623.569348954577,5547.437816070099,118.94950481468113,17.127647956164047
2020.6605065023957,3003.267875214853,2510.499578038248,463.1437558708791,5615.981291467368,9926.362766537683,139.3898351320038,15.41487804396589
2020.6632443531828,3018.5912262521065,2509.7524560789175,456.6626028596763,5608.31411540064,8933.909141005084,167.36729356077635,13.873365457733817
2020.6659822039699,3033.7971087967294,2508.8230834739297,450.5681647605623,5600.5599435601225,8040.485229694829,199.59910220869935,12.485977659576614
2020.668720054757,3048.71832194433,2507.480055157634,445.2524004720142,5592.725423017367,7236.4257071620295,251.6645793418824,11.23736281252258
2020.6714579055442,3063.2717641762742,2505.5926357113894,440.91592693384854,5584.823773769829,6512.767785314487,327.6761297031543,10.113994228329947
2020.6741957563313,3077.5402530151778,2503.291766733686,437.3284932908408,5576.871487551636,5861.488075043922,397.02966800401725,27.23550776312931
2020.6769336071184,3089.14306286709,2503.8624570465704,433.5731660693555,5568.881214608323,5275.307047445697,439.3473704522389,47.127563136925346
2020.6796714579054,3096.4905820588738,2508.4633231371954,430.08366177185263,5560.850233623424,4747.764261561683,444.0672528545431,97.26920048261664
2020.6824093086927,3094.6263598389437,2522.5405485793394,426.3656976552525,5552.7830945178075,4272.9791036994875,412.8363552101368,164.65845767460945
2020.6851471594798,3081.8223053398583,2547.9749762318156,422.27016597581417,5544.676153043859,3845.600284133424,381.37404297220684,199.94977326440141
2020.6878850102669,3071.5057808123224,2571.8583577077015,417.2842101720708,5536.523151899252,3460.988538294111,344.58036685611125,213.95174192732884
2020.6906228610542,3060.6511807329452,2596.5346525781556,412.10418189076876,5528.309385389475,3223.2992778595435,310.5266453914788,217.04916946492116
2020.6933607118413,3040.0337937370637,2630.553218595243,407.408543184939,5520.0317450740995,2900.975656131251,287.15359384973704,230.27923887561252
2020.6960985626283,3041.0976858954405,2644.294087808581,401.3649135964923,5511.698513290835,12503.120605896593,258.4382542158066,208.41725529898835
2020.6988364134154,3028.0426394667384,2671.4063957922913,396.146677361924,5503.287387970395,11252.928996121651,421.314820937824,206.085655539298
2020.7015742642027,3007.6633936274798,2703.992819578892,392.84235387453134,5494.8124335104485,10127.439335444196,584.1808798933566,209.14442089595588
2020.7043121149898,2987.1649668942023,2733.414645774719,392.85366679518586,5486.305621127244,9114.357285206028,692.5001348094728,205.06328577398574
2020.7070499657768,2967.01713661853,2756.043330365716,399.28435261324313,5477.821980993863,8201.942998760707,768.2848516814113,201.17168258672353
2020.709787816564,2963.2187784744797,2762.2144112733044,405.6926114693156,5469.468899374251,7381.686172831878,735.768562181984,181.08655986499375
2020.7125256673512,2960.6427568164954,2761.340603558747,417.7942560578453,5461.244984158262,6705.317330514514,707.9315677976895,164.74963023876933
2020.7152635181383,2958.234820688485,2755.9132276405917,434.0572844158126,5453.245167846461,6034.64149907382,686.6312400490743,150.99214885639466
2020.7180013689253,2947.8640293193607,2743.5779391923397,464.89739877818624,5445.539033301465,5431.171649289631,642.4421909131286,214.24728338113167
2020.7207392197124,2926.540678446892,2740.6252870790727,496.7728700761828,5438.367464989205,4887.989834536732,608.4157753146113,262.28253490531966
2020.7234770704997,2897.5461123761197,2746.2182555840795,527.2400608959573,5431.729771735198,4397.455113849833,582.5562178079693,294.23754189359715
2020.7262149212868,2863.377629000357,2759.1786415355787,554.9728684084439,5425.632961646973,3957.4584458370773,563.2457991922086,311.7565368375857
2020.7289527720739,2831.1926680081124,2773.3322679182043,579.0475207077415,5420.017543957295,3561.6926044560314,538.1267391319662,308.85959531595574
2020.7316906228612,2795.710977968475,2788.0569579681805,605.4312774182742,5414.818687236423,3205.498640708434,520.7523866277866,313.67765840469184
2020.7344284736482,2783.7374827956173,2796.5124074634264,614.1218225012856,5410.074087831024,34693.66919430588,473.92765059964694,287.87637996242216
2020.7371663244353,2796.2248281410034,2797.321330956687,605.8402115051153,5405.4873299885485,169479.06767575184,471.3067483611768,259.0887341211498
2020.7399041752224,2798.8780757427653,2801.0090226832763,604.6393767542298,5400.7751254110835,152537.78930499248,2246.632450932551,233.1796229349184
2020.7426420260097,2791.208328226021,2807.5137979441147,610.9515701564897,5396.055804264731,137283.98963776315,5237.960227107024,219.8825448862414
2020.7453798767967,2783.7357422895825,2810.2686623625787,620.6984691378813,5391.4545268013135,123554.4401723888,7601.783284285145,209.17536318735978
2020.7481177275838,2769.478664892619,2804.3273108334174,645.750951323386,5387.028373541939,111198.84358972062,10386.606724286745,209.2927127087691
2020.7508555783709,2766.3468893697886,2797.0395604108753,660.5948882387188,5383.031862571978,100078.82988545898,11051.489365677491,194.12280353304618
2020.7535934291582,2766.3800012296506,2787.5757356302984,674.1919693086217,5379.293394422789,90069.43845194811,11188.284348420977,178.182614865092
2020.7563312799452,2761.00906728883,2771.3014267125077,699.7663876122713,5375.792118977749,81062.4179278968,11823.943255867724,339.3716628343763
2020.7590691307323,2726.259835466819,2774.565108245763,734.7452685578269,5372.726688320949,72956.16332735558,11540.565898225224,1803.566239342911
2020.7618069815196,2576.9763659759024,2910.9338246850048,750.5619974517974,5370.252612478649,65660.50426580111,10621.37901578761,2427.7508713711377
2020.7645448323067,2456.077250191856,3030.380767027687,754.6459177044526,5368.048765667366,59093.93422265884,9559.151524338215,2560.313235754676
2020.7672826830938,2426.8264028540016,3069.9063046805027,746.9286885431785,5365.919204513684,53184.45045162857,8603.22241359441,2304.2975729304567
2020.7700205338808,2289.7894689882605,3204.8432902341196,751.7088679542069,5363.666873414776,47865.97686208601,7776.480786678501,2488.1850455497693
2020.7727583846681,2064.2465629060084,3420.2490549051663,764.4407346206718,5361.500367368343,43079.320665402855,7259.071151736607,2926.0644266984964
2020.7754962354552,1857.7916318830555,3667.277991201851,777.9913191653997,5359.551695804333,38770.71191636066,6800.963344096557,3286.8310442584625
2020.7782340862423,1672.005198129448,3941.9503747260824,792.6666198654536,5357.834433100686,34893.488991747734,6394.39913537849,3614.969656735085
2020.7809719370293,1504.7299253504063,4202.892285231974,803.7580797826267,5356.365541929758,31402.580054479866,5951.636123021641,3795.8434453092163
2020.7837097878166,1354.193056848163,4464.684342343275,827.8224056170021,5355.085814571141,28260.989005713054,5569.764734669296,3975.9262707954517
2020.7864476386037,1218.7639603662233,4573.8853173876805,944.9079729237632,5354.211123545214,25434.68577858103,5149.36704138597,3935.4667031585886
2020.7891854893908,1096.877909250873,4539.886341301015,1165.6136062041626,5355.289125260336,22891.015706502894,4861.467153060735,3807.015644115338
2020.791923340178,987.1695394720473,4424.304895988864,1491.8725741051264,5360.037788143141,20601.484670676768,4975.861697068413,3664.041269021434
2020.7946611909651,888.4497128021,4289.966707273091,1810.6341251688532,5370.2158755625715,18541.276252049414,5420.790758177168,3673.932844273258
2020.7973990417522,799.5584798899512,4152.095655185037,2107.2797049096653,5385.655425353427,16686.18318143402,6009.850730058125,3636.7161332314427
2020.8001368925393,719.5536636878616,3988.4905170245693,2395.786612673522,5405.994530533044,15016.542933570257,6581.583862121164,3518.521000477865
2020.8028747433266,647.5756005638701,3783.0354655765304,2707.7979033333745,5431.099880374203,13514.414976029164,7228.424305838126,3405.404729748992
2020.8056125941137,582.7938756750368,3599.9135574076818,2949.9713475942035,5461.332892317986,12162.469176576058,7520.883044748452,3191.1141744572933
2020.8083504449007,524.4724383672404,3412.3225079348613,3175.29011403006,5495.510864142556,10945.344712513897,7711.52108676219,3009.9030414195095
2020.8110882956878,473.5294315386899,3245.2733563114293,3355.898944369031,5533.354487052414,9850.123697712965,7666.653954625345,2840.7850103805695
2020.813826146475,458.10549332870096,3158.95894513591,3417.2937784166456,5574.125902390304,14270.25692993997,7053.402754022342,2556.7093654466444
2020.8165639972622,439.0060334604743,3060.5514535471193,3493.545460056079,5615.809072207888,12843.64626208611,7164.935129243932,2398.129575862538
2020.8193018480492,411.8502179441039,2944.599072318378,3594.241806542025,5658.6488224670575,11559.339102855025,7502.794321875706,2420.9226543268023
2020.8220396988363,407.57500291742747,2895.0757920496935,3604.067321521017,5703.049702783425,143682.37508947897,6980.034326533196,2211.2826096148838
2020.8247775496236,396.5398388953195,2829.431418672698,3636.731765665478,5747.492696038068,129316.63500409172,21820.154217740786,2150.901016007855
2020.8275154004107,381.911582538675,2762.068401026489,3674.2853361778643,5792.358299528532,116384.84481477152,35661.223684962126,2173.987235412296
2020.8302532511977,366.2638081905316,2702.93653379298,3704.124397401092,5837.726779886958,104746.01636381076,46680.347182954596,2211.622112229579
2020.832991101985,354.425160187496,2660.3730585524595,3713.213833991952,5883.467366539654,94268.75154875613,52921.32629544255,2187.4170440637904
2020.8357289527721,363.92373137136724,2651.807615912284,3666.9407997231,5929.235172264811,157889.1608399888,47629.764102996065,1968.6843118495688
2020.8384668035592,363.20859348653863,2633.7531416911784,3641.266521004033,5974.106963089809,142112.96374940765,54277.43886939055,1949.1349312406865
2020.8412046543463,347.01373218885044,2608.144238180603,3639.1777392771132,6018.427409624992,127901.41670873707,69727.1433945911,2579.5489472091404
2020.8439425051336,331.2273869895359,2600.238558430574,3619.1335350315157,6062.591538819931,115111.19233852392,73267.27393628271,5072.062578330703
2020.8466803559206,309.9719933117983,2615.1653993347363,3582.180831296978,6106.3006953280465,103599.78054728845,68570.15263840904,6969.693883244124
2020.8494182067077,278.979840711233,2645.2442664908835,3546.048693841508,6149.274708929365,93238.8781543961,63975.48072394717,8928.196992041929
2020.8521560574948,251.0798687836014,2703.841104523704,3518.795145051011,6191.528807961665,83914.10464034627,61916.728750355374,11696.758136151286
2020.854893908282,228.23900590818113,2732.547540439245,3471.682418364712,6233.212700801595,75522.04026377374,55725.75591707293,11163.178564373986
2020.8576317590691,205.4118830103459,2762.573823836226,3428.0694160977923,6273.998557885564,67968.17677857875,50151.959874490785,10981.011896710883
2020.8603696098562,184.87057254521505,2813.649923143851,3398.6056731848034,6313.944055889763,61171.318674649236,45182.98859009547,14631.154475400699
2020.8631074606435,166.38336392307133,2901.694069142114,3375.5057795226585,6353.2890511613305,55054.1367215653,41219.96323752757,18647.755372608004
2020.8658453114306,149.7426522734407,2984.002468880285,3343.7746141209964,6392.141842592638,49547.9371070023,37099.65454319021,19930.91983966323
2020.8685831622176,134.7623236937256,3044.5603834832996,3310.3353575778165,6430.361016946715,44591.137110201365,33388.254077476755,19762.57890912112
2020.8713210130047,121.28555658692684,3066.1599827347604,3275.5825712112637,6467.916081781069,40131.84646137523,30049.296187672902,18072.499667189102
2020.874058863792,109.15009112712742,3072.0950000207367,3263.747438501304,6504.792303880893,36116.3754500274,27042.654620131885,17064.093500909275
2020.876796714579,98.22521764389522,3061.221735831659,3263.330214697455,6541.369170351982,32501.473910413395,24335.94519529421,16085.928173073384
2020.8795345653662,89.89153269407086,3041.87126908652,3254.988633263171,6577.836696088243,29250.489298245757,21901.723794426984,14625.511899855901
2020.8822724161532,95.51639823337953,3027.9671706292993,3227.467336394826,6614.065125874499,26325.31841487494,19711.460100515716,13162.907278871919
2020.8850102669405,100.00112262180573,3015.1729883539324,3200.534936122689,6649.735839493129,23692.620001485324,17740.189367361043,11846.606331799114
2020.8877481177276,90.00205701134938,2975.4790902976733,3222.838096638991,6684.859861873272,21323.343004303857,15966.088276685863,11425.9320434821
2020.8904859685147,108.7446003750162,2975.479025079184,3169.124247071077,6720.259143621149,142488.99291494917,14369.478176297329,10283.33949789534
2020.8932238193017,127.58401921621162,2975.478774822334,3116.3059089861076,6754.666213121774,128240.10663611311,12932.583173199413,9255.006437161166
2020.895961670089,120.51594857178516,2939.305878913464,3126.5422774984777,6788.098711162703,115416.0944300786,19275.384652500095,8512.696934083837
2020.898699520876,139.54135049205217,2939.3058441952016,3074.4333040387096,6821.610217420467,103874.46899927582,17347.86225969321,7661.426466260374
2020.9014373716632,158.6073501685294,2939.305778299465,3022.7090156416043,6854.6964720368305,92843.96346880091,15505.699093503605,6847.854033895224
2020.9041752224505,165.27602928224354,2931.992940676537,2992.182563182434,6886.294983005218,83559.54661890953,16093.012349924875,6163.069536339292
2020.9069130732375,163.99677702270924,2923.374062923081,2971.5050865704047,6917.298489630238,75203.03235214806,18311.515100952634,5611.121226823774
2020.9096509240246,167.8949979380347,2917.200755924336,2943.634015557511,6947.872546726551,67681.80501923406,18890.577247979556,5049.960352773877
2020.9123887748117,180.194101870846,2914.04005905069,2904.8980563479195,6977.897998876976,60913.41535412839,17434.69869590023,4544.948711772985
2020.915126625599,199.73904549249232,2914.0399275322156,2856.483456988305,7007.195686133413,54821.84281749176,15691.185498072848,4090.4366048405227
2020.917864476386,217.38848556810362,2913.4122744362994,2811.479256937889,7035.605999204135,49339.62293113039,14122.056757611033,3681.398009186682
2020.9206023271731,228.54205578573385,2909.6467918595354,2776.936614470105,7063.188454031052,44405.594363327094,12709.833433680673,4068.9220175655732
2020.9233401779602,231.7962387695739,2906.5795209758135,2750.246334247447,7090.11972215359,39964.88912216249,11470.513464770038,4890.270100051976
2020.9260780287475,222.3986851696794,2908.7294887645253,2731.50926719798,7116.532275014239,35968.31501587035,10654.40470726517,6015.318453874312
2020.9288158795346,200.18605994095003,2916.880993053318,2720.2340087261123,7142.561290986932,32370.226070823224,10126.217458799714,6895.786293742247
2020.9315537303216,186.58726096390245,2924.844272803473,2700.5282166055486,7168.330646942623,29132.17242789401,9287.350026788155,7211.7614722235185
2020.934291581109,206.65442299023982,2924.844272803473,2655.5194129019046,7193.700188619926,136487.8364000703,8358.615000225289,6490.585333996498
2020.937029431896,226.79100525494673,2924.844304199191,2611.260809599984,7218.25007826142,122839.05799681073,7522.771221354389,5841.526765417333
2020.939767282683,234.8998248642888,2929.32117564082,2575.3580308853493,7241.995065925084,110555.14917537119,8996.469821900262,5264.624072239965
2020.9425051334701,248.54716686070978,2931.5551183705684,2536.823034160867,7265.0766779233945,99499.52219636901,8939.858480517114,4738.156402150383
2020.9452429842574,261.2539494445388,2933.936700785527,2499.786299351072,7287.452947734403,89549.2478237817,8993.28825345957,4264.326014867626
2020.9479808350445,252.34916381863974,2940.50288331456,2480.855292657211,7309.150457525128,80594.28005464462,12925.86942530399,4338.007925314088
2020.9507186858316,234.46449977649735,2942.7229371146814,2475.6252017804923,7330.473058643868,72534.65465110178,17225.57848846284,4561.04725212027
2020.9534565366187,245.2571902926385,2941.1967777258487,2445.609631395775,7351.649997901279,65281.1501041078,15929.34648512744,4104.944933142724
2020.956194387406,265.82458536274896,2941.19628319686,2404.851580017153,7372.269048738779,58752.51908138576,14336.4082981282,3694.4179928353783
2020.958932238193,286.39399220631407,2941.19628319686,2364.09141949389,7392.887702418477,52224.40407097498,12743.473649615456,3283.923499521106
2020.96167008898,306.96339904987923,2941.19628319686,2323.331258970627,7413.506356098174,45696.2890605642,11150.539001102712,2873.4290062068335
2020.9644079397672,327.5328058934444,2941.19628319686,2282.571098447364,7434.125009777872,39168.174050153415,9557.604352589968,2462.934512892561
2020.9671457905545,348.10221273700955,2941.19628319686,2241.8109379241014,7454.74366345757,32640.05903974264,7964.669704077225,2052.4400195782887
2020.9698836413415,368.7599779620074,2941.1962734569033,2202.113555840263,7474.2111900563705,35778.666151738886,6620.936541113313,1706.1656833727106
2020.9726214921286,385.8110830506787,2938.024980801603,2172.4370409263042,7490.435792536958,32200.799894302225,5958.842733843374,1740.8141802636858
2020.975359342916,403.9576130321499,2936.218230345309,2140.839374616174,7506.121579321904,28980.58341442688,5362.928409525142,1647.1590015360216
2020.978097193703,422.87931981183544,2934.9193839834847,2108.5284579463373,7521.237535573882,45976.750238333436,4826.633825190525,1505.5590384962923
2020.98083504449,438.1853176776834,2931.3006610855405,2082.733015854521,7535.773602697794,41379.824562203794,4627.688369171467,1588.332157831363
2020.9835728952771,454.1167984043291,2929.0841480925988,2055.378804226103,7549.840746592509,37240.9789488568,4306.085321051556,1566.5031681631363
2020.9863107460644,475.22856132269203,2929.083895558343,2021.1231458472082,7563.412794587296,33516.68870574226,3875.480557115999,1409.8663293642542
2020.9890485968515,496.34095651883587,2929.083895558343,1986.86683244344,7576.984612794921,29792.590810856578,3444.8720250108436,1253.2160125479404
2020.9917864476386,517.4533517149797,2929.083895558343,1952.6105190396715,7590.556431002546,26068.4929159709,3014.263492905688,1096.5656957316269
2020.9945242984256,538.5878986054073,2929.083895558343,1918.6943364147262,7603.765966737061,24124.039544216594,2609.3081103328354,949.2474524168273
2020.997262149213,559.8480340983816,2929.083895558343,1886.7160969687811,7614.911970690042,97131.99350537108,2348.3772630754447,854.3226939972191
2021.0,581.1387051794774,2929.0838950340153,1855.270827990629,7625.494469111424,87418.83000057301,2113.5398490488587,768.8904044601937
2021.002737850787,598.4231538867264,2927.0794885287105,1830.389267786929,7635.5238871131805,78676.94137360339,3134.0328931930503,813.3005789570785
2021.0054757015744,615.2820338837186,2925.558451400681,1805.8906619847091,7645.1125500464395,70806.44248232138,3812.1638500983813,885.4538050574456
2021.0082135523614,636.1630987308688,2925.4491796904636,1776.394079839524,7654.265239054691,63725.752696417156,3430.9538027053773,796.9091831206524
2021.0109514031485,657.5614405529113,2925.4491468124897,1746.7864837514244,7662.902426198722,57351.52082145765,3087.776130338391,717.1981894187496
2021.0136892539356,676.9041490378426,2924.4807133911895,1720.7212499277323,7671.021284958783,51616.363907392486,2981.1030794774965,667.9729969345796
2021.0164271047229,694.1393444445544,2922.6709019922573,1698.0615255102107,7678.683525368526,46454.66524747518,3238.135122581049,683.5825143931171
2021.01916495551,710.6524427004672,2921.409441972161,1675.9729356026096,7685.94837704031,41807.49562459621,3451.4090070773213,695.634517298631
2021.021902806297,731.7987422935015,2921.3781509477362,1648.4102292449954,7692.823974829312,37626.61631306305,3106.26884538692,626.0706355633278
2021.024640657084,753.30179020046,2921.3781205072764,1620.9318534981371,7699.227233109672,33858.72261009551,2795.210042602189,563.3765177805624
2021.0273785078714,774.8059202684855,2921.3781205072764,1593.4583496773873,7705.624506862396,30096.060978789206,2484.583158063497,500.76945422422966
2021.0301163586585,796.3147884132989,2921.3781205072764,1566.1085824740512,7711.893305920924,26435.15956199675,2182.355471293891,439.8552548020191
2021.0328542094455,817.8711622139018,2921.378120031081,1540.0067700445795,7716.8666450259925,34598.147157313295,1964.1196552989861,395.86973120068996
2021.0355920602328,837.409889916627,2920.108186388899,1517.6411954862092,7721.391325523821,31138.334978640232,1833.7575598860726,492.72152347010314
2021.03832991102,858.9922604921394,2920.1081722499953,1492.3471780587558,7725.530886514666,28024.467482050954,1650.3814542352698,443.4518824153834
2021.041067761807,880.5859841938144,2920.1081703823393,1467.4745750251275,7729.237667714268,25221.901132235922,1485.3363873060268,399.1051568531639
2021.043805612594,900.3932187807362,2919.536444889758,1445.3850444901407,7732.5195891549165,22699.707411322997,1350.6567495324018,425.67059880455133
2021.0465434633813,914.4086869845802,2917.531889532022,1430.8972538468613,7735.4243669520865,20429.728490418816,1489.5791630631838,679.1424814851865
2021.0492813141684,934.0917264536737,2917.9824011268756,1408.536203788633,7738.079765946369,18386.72821404722,1340.6504039101974,612.656580703379
2021.0520191649555,955.7198433628972,2917.982401544832,1385.0605998338792,7740.355152573944,101945.78288549739,1206.5852942231536,551.3908916973855
2021.0547570157426,977.3541956497507,2917.982401544832,1361.97624483195,7742.233055289022,91753.83143343104,1085.9263648822152,496.25161977099975
2021.0574948665299,998.9913344106633,2917.982401544832,1339.1002605137278,7743.8998008463295,82111.20747192539,971.8022286484323,444.0986476243812
2021.060232717317,1020.6311582386086,2917.982401544832,1316.427910028012,7745.3602275041,73004.7515046366,864.0253716058924,394.84628428666156
2021.062970568104,1042.2788790388538,2917.982401544832,1294.4549378059382,7746.11337892593,65625.93668720158,776.6956677057656,354.93795494127335
2021.065708418891,1063.9278816609976,2917.982401544832,1272.6808801014554,7746.66633400827,58660.752503855685,694.2613641441003,317.2667481356371
2021.0684462696784,1085.5780100964112,2917.982401544832,1251.1066311380232,7747.018354536289,52098.158835135524,616.5917973735237,281.77295264150973
2021.0711841204654,1107.230579039099,2917.982401544832,1230.2435252459818,7746.656791485641,46867.13074259835,554.6815670349479,253.48093112009994
2021.0739219712525,1128.8826774597474,2917.982401544832,1209.5705595713998,7746.105558739576,41926.31642838578,496.2060729559888,226.7585311563229
2021.0766598220398,1150.5342279975362,2917.982401544832,1189.0817178417753,7745.3707499314105,37261.42445909902,440.9961732549843,201.52845751593418
2021.0793976728269,1172.182550012806,2917.982401544832,1169.2249846687262,7744.007061089191,33482.40859716008,396.27078881311286,181.08964583226464
2021.082135523614,1193.8290469121023,2917.98239986408,1149.5482992572458,7742.465151282126,29917.660364871517,354.08136614048715,161.80985231045045
2021.084873374401,1214.3495567112175,2916.409683295766,1133.081500955753,7740.412056352818,26925.89428330986,361.2909800688478,279.55367826538856
2021.0876112251883,1232.598348042129,2915.5716608850457,1118.4205447653283,7738.090143623048,24233.30044647575,402.3675646867659,453.059879802062
2021.0903490759754,1252.7384362745793,2916.0294993245398,1100.8104046703227,7735.530257046111,21809.95006023993,362.71057807509493,430.4195878621451
2021.0930869267625,1271.8521791651178,2916.89130923023,1084.1090326030042,7732.683976317201,19628.8596608682,342.38598831849316,438.7959286396772
2021.0958247775495,1277.9829434118358,2923.4450918333255,1074.96933131131,7729.567030759082,17665.968763818724,480.6480346462632,792.0002266153474
2021.0985626283368,1274.857424518824,2941.006603775541,1064.2219473845407,7726.306321636648,15899.329117653679,561.3984350949173,990.5617593664279
2021.101300479124,1296.4532860258294,2941.006604648857,1046.484911446057,7722.875395194809,14309.401102400305,505.2587709962622,891.506019102696
2021.104038329911,1318.039737533594,2941.0066136452356,1029.0434974029454,7719.1582487337755,21246.41406773064,454.7328924719369,802.3553998872422
2021.1067761806983,1331.6733720587272,2947.2808587931386,1013.5611702559605,7715.160596207725,19121.77582862419,486.12000626701973,738.6933509217015
2021.1095140314853,1353.2385893854268,2947.280946793959,996.6684794169246,7710.91588171924,17209.57620577421,437.5094555932244,664.8235262047854
2021.1122518822724,1374.7937561222184,2947.280951976848,980.0215560765259,7706.43553313996,15833.93944428766,393.1407467502432,597.4023079385103
2021.1149897330595,1381.1507471602838,2954.1748577806147,971.9783866457384,7701.6557057289165,14250.54446424971,513.5228543837042,616.6073520968603
2021.1177275838468,1392.1246472905775,2957.9266343867666,962.5813780998766,7696.754937538335,12825.465639318594,541.554424897055,584.7644544220567
2021.1204654346338,1409.5080580449464,2959.2738761424703,949.3225630707404,7691.711000057399,11953.692784246581,494.66005713751184,526.2889765803754
2021.123203285421,1431.0091176213973,2959.2738830599974,933.5005233880905,7686.459873246066,30319.750160815533,445.1938417046331,473.6597601575554
2021.125941136208,1452.4958109189613,2959.2738822792917,917.9421824881791,7680.959421629116,27287.784156376434,400.67447023281966,426.2937735899773
2021.1286789869953,1472.0768979327986,2957.4710368732253,906.336522406139,7675.214740103385,24558.997619086625,403.9328844655352,383.6644520142621
2021.1314168377824,1480.0458277082664,2944.523458768171,917.6654334587931,7669.292377380319,22103.076112308256,772.9235007800229,443.60899743924
2021.1341546885694,1483.6250749953651,2934.614213597199,930.140774928867,7663.574933794118,19892.639693700574,1101.0069290945726,496.062077175886
2021.1368925393565,1477.4574355100171,2926.891582571576,949.952720489747,7658.081158744209,17903.3504256731,1491.393123635407,572.9958790927186
2021.1396303901438,1491.1672220391667,2926.7628527530815,941.9480795772872,7652.932642946015,16113.005663313445,1378.7513353731686,515.6964705745515
2021.1423682409309,1512.560525479975,2926.7628782327743,926.2503869749165,7647.664906627881,14501.603398311949,1240.87792615315,464.1236636215934
2021.145106091718,1525.0191113173578,2925.099475578063,921.3980898443388,7642.149920575792,13051.433872417945,1180.8654305613768,425.9174347370361
2021.1478439425052,1527.9141912171358,2921.4433460363007,928.1678005162984,7636.569159545815,11746.287878752662,1138.766179091028,565.2228440969832
2021.1505817932923,1526.4185205618937,2925.5038013781455,931.4836458626945,7631.1164295128165,10571.584612934834,1079.9696683473458,649.4014390137448
2021.1533196440794,1547.7535625733465,2925.5038070703417,915.9589398228087,7625.733987849052,18157.416849600657,971.9727104848163,584.4615415300143
2021.1560574948664,1569.0738845779508,2925.5038070703417,900.6929553855441,7620.107550281715,16341.681341533764,874.7753514979032,526.0153344985541
2021.1587953456537,1590.3942064624687,2925.5038070703417,885.4269730551639,7614.481110727577,14525.939656573697,777.5780804494216,467.56918034555264
2021.1615331964408,1611.689085403324,2925.5038070703417,870.5809432284707,7608.460161613414,13009.893294399537,696.4236366857076,418.76981510359036
2021.1642710472279,1632.971949132457,2925.5038070703417,855.9232513583748,7602.262889754377,11618.217401282978,621.9267924315542,373.9737627430188
2021.167008898015,1654.2449454656444,2925.5038070703417,841.4135689712336,7595.927475808331,10317.228071843025,552.2844287629835,332.0967812326598
2021.1697467488023,1675.484348267164,2925.5038070703417,827.3794960171336,7589.150045960914,12829.29043265602,496.744253317676,298.69965371306563
2021.1724845995893,1696.7044402881506,2925.5038070703417,813.5898363111003,7582.147513645961,11546.362934938816,447.0697938147592,268.82966779414255
2021.1752224503764,1717.9215819203298,2925.5038070703417,799.8355209681107,7575.112587356776,10283.190542933447,398.15926288612417,239.41904340597802
2021.1779603011637,1739.1032146422106,2925.503806445927,786.5049294403185,7567.689446787101,16381.33179483195,358.34332424587535,215.47713163815897
2021.1806981519508,1759.6586553894876,2924.5767045379603,774.9294692610457,7560.064468127063,14743.203431008971,322.50896037893017,193.92939956758914
2021.1834360027378,1780.790116324318,2924.5628957835042,762.0300467295555,7552.2741384781775,13262.517941661194,290.1188255782427,174.45273328696783
2021.186173853525,1801.9127966462504,2924.5628957835042,749.2930990616853,7544.316305824114,11911.164382073643,260.5578395331589,156.6772759241295
2021.1889117043122,1823.0318586694784,2924.5628957835042,736.5925982828594,7536.325644579712,10584.912587907522,231.54595697533463,139.2320025954327
2021.1916495550993,1844.1413075377652,2924.5628957835042,723.985371681096,7528.25132231319,9317.57034272216,203.82272633444404,122.56161469072214
2021.1943874058863,1865.19592292495,2924.5628957835042,711.9059425344352,7519.704036072666,8377.968562568025,183.26884914806234,110.20226487030894
2021.1971252566734,1886.2491690134793,2924.5628957835042,699.8395196730836,7511.145112845488,7446.211528295809,162.88657651461793,97.94610340123673
2021.1998631074607,1907.287147871635,2924.5628955478273,687.9041921864418,7502.470361709651,6575.415459973272,143.83783287017576,86.49181253760565
2021.2026009582478,1926.5917216319717,2921.8280955151517,680.8519591214708,7493.38072104696,5917.872528261358,142.50889965448437,98.6191085624068
2021.2053388090349,1945.5070960241007,2919.6433955250764,673.7312247787956,7484.198680987585,5325.916703124773,133.0139662742647,114.36294009031144
2021.208076659822,1965.9654925605575,2919.354440273033,663.265465260468,7474.922899221505,4793.411492924698,119.71249396720494,102.92735308797106
2021.2108145106092,1986.8726334977089,2919.3544401497134,652.2110388059526,7465.498084862192,16787.94782200252,107.74122636586168,92.63460212823365
2021.2135523613963,2007.4365237248726,2919.1604143208533,641.8523093847085,7455.914849885128,15109.156472752733,106.5666270290662,83.37113897796922
2021.2162902121834,2025.324856439448,2917.3741163262976,635.9077962072721,7446.185228342543,13598.236307157515,237.97071989097003,101.31746281374177
2021.2190280629707,2044.6747235895098,2917.1234137047873,627.0385598895602,7436.3832001317005,12238.379307233523,253.5626141196803,95.91541840249256
2021.2217659137577,2065.4761592886707,2917.1234010991448,616.5880136731306,7426.460223254612,11014.50421020817,228.21014437120604,86.32406974475487
2021.2245037645448,2086.277711891771,2917.1234010991448,606.1373710083046,7416.537213316337,9790.666279484816,202.853882959238,76.7325279045056
2021.2272416153319,2107.0306211170728,2917.1234010991448,595.9983758312534,7406.351199268088,11525.806768294182,182.0341812897018,68.85714670928014
2021.2299794661192,2127.749893302455,2917.123400791219,586.065070680073,7395.993132541809,10373.226286470592,163.83079903200004,61.97143524680922
2021.2327173169062,2146.4357389892443,2915.993045837117,579.4327230110031,7385.497889478197,9336.02841616978,220.75899565036542,65.26782461671353
2021.2354551676933,2166.880310500634,2915.8806529090484,570.1054706974116,7374.9208632084665,23410.97492422331,198.68345387849507,58.741092896260355
2021.2381930184804,2187.5134712714867,2915.8806513944364,560.6037095133964,7364.217365136243,21070.18735975398,178.8149911670424,52.86694891939128
2021.2409308692677,2208.1466339104136,2915.8806513944364,551.1019516684396,7353.513860342272,18729.089867331648,158.94664577919286,46.992839629765236
2021.2436687200548,2228.779796549341,2915.8806513944364,541.6001938234828,7342.810355548301,16387.992374909318,139.07830039134336,41.1187303401392
2021.2464065708418,2249.4129591882684,2915.8806513944364,532.0984359785258,7332.106850754331,14046.894882486988,119.20995500349386,35.24462105051317
2021.2491444216291,2269.942524190577,2915.8806511202934,523.156138057065,7320.947483947629,12532.826847126884,106.36067302157959,31.445708281829383
2021.2518822724162,2289.6920561243696,2914.8720874066594,516.1811910060358,7309.6093627785,11279.54386814532,143.84730420758916,42.42912594191159
2021.2546201232033,2308.447985429155,2913.902505040858,510.2460468412404,7298.18606000431,10151.583012265377,199.36055425035832,63.37160461323651
2021.2573579739903,2325.950078641827,2914.0571307780283,504.50808497204486,7286.6952029236645,9136.303878886301,243.24248464699906,85.30646925343771
2021.2600958247776,2344.30555839283,2914.6978401096835,497.49485909067084,7275.140139722382,8222.646242629375,229.64367829430958,95.11580542246979
2021.2628336755647,2364.291461751965,2914.8475228397656,489.4274768528428,7263.49983587099,7400.375231910794,206.67923490478415,85.60447201997353
2021.2655715263518,2381.6292156261743,2916.0428555651642,483.0651574277887,7251.756968696434,6660.331486226652,189.29300623517187,111.60331901075382
2021.2683093771388,2394.3364491673574,2920.4985878398616,478.14682597320893,7239.940234335133,5994.291331467744,188.0909908386813,160.23427818147204
2021.2710472279261,2408.755431357303,2924.8541423766105,471.6665184121597,7228.073905169493,5394.849085092345,173.1135496622199,164.39622479923224
2021.2737850787132,2423.05649626575,2929.503276306235,465.08325110681216,7216.134873636768,4853.1401752871825,159.37034130661485,163.4267819184535
2021.2765229295003,2443.25456448565,2929.503328792167,457.3318726654774,7204.1160313722685,9813.104861065065,143.4333089459553,147.08424538856156
2021.2792607802876,2459.744863536221,2932.3169086700264,450.5710000006075,7192.0009251087085,8831.794654321506,154.58562233683813,136.8481681630018
2021.2819986310747,2478.126189726891,2933.4348921573796,443.6941735408692,7179.806341890423,7948.765725720093,145.04708201216513,123.16312895232946
2021.2847364818617,2498.2247861460937,2933.434896200904,436.29926941972474,7167.5305455488415,24687.509787309114,130.5423633277645,110.84676427520466
2021.2874743326488,2518.289751529469,2933.4348971165973,429.0276183605444,7155.165130308951,22218.76361955926,117.48828842343211,99.76208983582595
2021.290212183436,2535.205539873803,2933.912405090715,424.51495376319696,7142.712398587847,19996.886944551687,212.02541351129662,93.8967448518276
2021.2929500342232,2555.2026807642137,2933.9123753504027,417.43955303827613,7130.218588162669,17997.11493077835,190.8211666168462,84.50667806125875
2021.2956878850102,2575.199655828838,2933.9123753504027,410.36430380888953,7117.724762327432,15997.42623632318,169.61862526571656,75.11700357607599
2021.2984257357973,2595.196630893462,2933.9123753504027,403.2890545795029,7105.230936492194,13997.73754186801,148.4160839145869,65.72732909089324
2021.3011635865846,2615.093011202371,2933.9123753504027,396.56035584852015,7092.491154914269,12585.729453306338,133.44475416508052,59.09714902914426
2021.3039014373717,2634.958019328858,2933.9123523908665,389.93292644181884,7079.681499154024,11304.328639532887,119.85841726058094,53.08024431660491
2021.3066392881587,2654.34699256991,2933.264505044994,384.51720310489486,7066.783996595767,10173.890669011713,111.96917546320601,47.77220684388587
2021.3093771389458,2673.514364739602,2932.312846044359,379.6817964148738,7053.831590116732,9156.449090466132,107.33235570690599,46.56278979194292
2021.3121149897331,2691.652460478947,2930.1507132848756,377.1312683142892,7040.8340552374575,8240.801517838794,105.04608143195938,71.15960863954012
2021.3148528405202,2707.7025708085994,2928.760840461965,375.9033654812651,7027.829620563739,7416.726536889542,107.75199157893816,102.2467233747464
2021.3175906913073,2727.3847521333428,2928.760825579038,369.6383712511005,7014.840348352084,31570.317654435406,96.97700706597105,92.02263401882553
2021.3203285420946,2747.0313931386186,2928.760825579038,363.477730777053,7001.782247820854,28413.419657054255,87.27929652310712,82.82036128357728
2021.3230663928816,2766.6780338190356,2928.760825579038,357.31709125620137,6988.724146661289,25256.387891610713,77.58159581651002,73.61809788169472
2021.3258042436687,2786.324674499452,2928.760825579038,351.15645173534966,6975.666045501724,22099.35612616717,67.88389510991291,64.41583447981216
2021.3285420944558,2805.9713151798687,2928.760825579038,344.995812214498,6962.607944342159,18942.324360723633,58.1861944033158,55.213571077929615
2021.331279945243,2825.6179558602853,2928.760825579038,338.8351726936463,6949.549843182594,15785.292595280092,48.48849369671869,46.01130767604707
2021.3340177960301,2845.1521360712704,2928.760825579038,332.99729881042765,6936.281436854826,13620.663680877202,41.839260682129364,39.70177148059053
2021.3367556468172,2864.6198986553327,2928.760825579038,327.3500459322002,6922.888827148991,12042.134421349192,36.99041131245749,35.10064071298582
2021.3394934976043,2884.0876612393945,2928.760825579038,321.7027930539728,6909.496217443157,10463.605161821182,32.14156194278562,30.499509945381114
2021.3422313483916,2903.5554238234563,2928.760825579038,316.05554017574536,6896.103607737323,8885.075902293174,27.292712573113754,25.89837917777641
2021.3449691991786,2923.023186407518,2928.760825579038,310.4082872975179,6882.710998031488,7306.546642765164,22.443863203441882,21.2972484101717
2021.3477070499657,2942.451680528532,2928.760825579038,304.86263258300335,6869.256058624988,6471.753816640657,18.15351750290074,17.226088408812604
2021.350444900753,2961.6994673534728,2928.760825579038,299.7815706230935,6855.517233759961,8978.037064169283,16.33808181170261,15.503399915406542
2021.35318275154,2980.909606463621,2928.760825579038,294.78521085728823,6841.731354415618,21748.321592973618,14.704273082978585,13.953059404285597
2021.3559206023272,3000.0819761140974,2928.760825579038,289.872123598871,6827.899972023559,19573.530083459387,13.233844968700609,12.557752699052928
2021.3586584531142,3019.246283559129,2928.760825579038,284.97645780124327,6814.059230376154,17444.966776662353,11.794701128833733,11.19213201344291
2021.3613963039015,3038.380758824947,2928.760825579038,280.1452557412621,6800.183857170317,15487.613768316416,10.47131663196367,9.936356743537617
2021.3641341546886,3057.48400852246,2928.7608255220302,275.38071790396197,6786.273045367112,13698.280377100622,9.261534742846006,8.78837813020358
2021.3668720054757,3076.4016183548965,2928.502914873512,271.15176886144405,6772.27019522571,12328.451826938779,20.021150506075827,10.241454224296389
2021.3696098562627,3095.064827680317,2927.9960035962567,267.4583390827101,6758.235226956279,11095.604506233878,46.02959809331048,14.814220095394775
2021.37234770705,3113.579427987436,2927.7815905702105,263.6441001173077,6744.17717864061,9985.907191319371,62.88811275047353,17.22725343840552
2021.375085557837,3131.970501268083,2927.7540171524543,259.7915310503007,6730.0941478447285,8986.87969401691,73.79029634239599,19.828213158924317
2021.3778234086242,3150.8370187957266,2927.7540170230363,255.4616681932974,6715.985393303508,8106.566180475098,66.41122228166626,17.84537550589789
2021.3805612594113,3169.664878104012,2927.7540172101835,251.20397417007896,6701.8431278312955,26584.63861821793,59.77009918231256,16.060850909547607
2021.3832991101985,3188.2833139964596,2927.7918014271395,247.15013514371208,6687.668646748261,23926.178368952937,69.25803302259789,17.74508438865122
2021.3860369609856,3206.3086329916014,2928.0588180357217,243.4889010318375,6673.4654452564155,21533.473151129598,122.98620215462347,29.4029704028768
2021.3887748117727,3223.0661975381236,2929.3495302832116,240.09384204942378,6659.240127444821,19380.11705668993,196.36935483549428,45.29027291132345
2021.39151266256,3237.84299152681,2932.4830391141236,236.85431839009973,6644.9972482845415,17441.490244168297,271.20937628234924,61.701686477091364
2021.394250513347,3248.9659465668065,2938.8963030039004,234.00389755282998,6630.7393501920415,15697.317295965668,359.94189302364447,81.85916461915264
2021.3969883641341,3262.965153001251,2942.8233124317876,230.77192235811395,6616.47300952443,14127.512204160952,356.15453861656766,80.47279191234878
2021.3997262149212,3279.3768323634536,2944.5608327374966,227.3317441803568,6602.191888034278,12714.727871693227,321.29462644970744,72.45204061815627
2021.4024640657085,3294.7400013962597,2946.9459854478455,224.31064680189175,6587.892563669594,11443.191944439393,302.0196353769538,67.98875056095771
2021.4052019164956,3311.413546540338,2948.273000652046,221.048496357094,6573.582053766109,19042.16689000817,271.81766616450693,64.7120830128531
2021.4079397672826,3326.416191776431,2950.849282778633,218.22314089077958,6559.2563818697445,17137.93548813479,273.67107135543364,78.98391978098266
2021.4106776180697,3341.2377728968877,2953.6945363925006,215.31771522824715,6544.922872797951,15424.044556950425,264.0602398875405,84.73110817088518
2021.413415468857,3354.5794453165568,2957.375886965148,213.06525825336155,6530.580206780522,13881.622551260454,261.3066480780899,92.57924765376478
2021.416153319644,3363.089408204796,2963.3929377111454,213.3070576173107,6516.239293782334,12493.45420939549,281.87750563620983,112.55671258963736
2021.4188911704312,3376.946553439078,2965.7965980038193,211.77175823432194,6501.9416876383675,11294.670104356548,257.63655158185406,105.38684340982586
2021.4216290212185,3392.2096067624507,2966.8271188516615,210.19014535895377,6487.657626342521,10391.327301877096,231.86908542024267,95.28405575433484
2021.4243668720055,3407.19769584301,2967.413707363654,209.31462052086835,6473.386373588057,9352.137016337454,209.54726689404634,87.22840899639058
2021.4271047227926,3421.0166901028915,2968.1022057507485,209.48176457578694,6459.139636886166,8416.886943361913,195.60138444819233,82.9758228500874
2021.4298425735797,3433.490892967213,2969.1581158916056,210.58446839740813,6444.934720059367,7575.183506201916,180.4994696804848,89.64185528666731
2021.432580424367,3446.044586332747,2970.750654747991,211.0138108588769,6430.787045375978,6817.576387210059,163.63583091890945,92.7020109046399
2021.435318275154,3462.4338208421154,2971.1709081192143,208.73392818612456,6416.685340168138,6135.806521193872,147.27196230900353,83.43179254129444
2021.438056125941,3480.031508484197,2971.1938187124274,205.64229403551556,6402.584276083453,5521.899129121058,132.5369236521849,75.08477128816047
2021.4407939767282,3495.526625075252,2970.8583135332924,205.02450811438914,6388.470350592659,4969.567688488495,119.27983433091269,69.35374388828434
2021.4435318275155,3512.8084865931723,2970.585272265791,202.5292322681965,6374.3847061884335,4472.492080396931,107.34899868343233,62.417248300596974
2021.4462696783025,3527.2400895171386,2968.2501003931216,204.9492813016192,6360.296126103715,4025.2540224970285,96.6139474537635,61.20562087313067
2021.4490075290896,3545.049057323308,2968.224653113251,201.6033214521417,6346.2864654269,4349.834554491575,86.95237327812885,55.08514435973592
2021.4517453798767,3562.8640437542767,2968.224653103263,198.2432657695711,6332.259434688485,61851.005051186214,78.25712979791696,49.57662602630083
2021.454483230664,3580.640641448943,2968.224653103263,194.9391505609688,6318.214852202423,55734.96829143539,70.43047310314421,44.61836557137522
2021.457221081451,3598.395542724772,2968.224653103263,191.66608746953136,6304.160914018031,49894.06431243802,63.04522641734424,39.93974249895544
2021.4599589322381,3616.111128145466,2968.224653103263,188.4489678784601,6290.090348188408,44661.76661811958,56.43359174259541,35.751209894463344
2021.4626967830254,3633.7872165589642,2968.224653103263,185.28719892535239,6276.003928728018,39991.124940780486,50.531866537691215,32.01241160031332
2021.4654346338125,3651.448240800576,2968.224653103263,182.14638279404474,6261.911620617713,35524.948278968535,44.88850736343168,28.437290610866985
2021.4681724845996,3669.1092650421883,2968.224653103263,179.00556666273707,6247.819312507409,31058.771617156577,39.24514818917214,24.86216962142065
2021.4709103353866,3686.7702892838006,2968.224653103263,175.8647505314294,6233.727004397105,26592.59495534462,33.6017890149126,21.287048631974315
2021.473648186174,3704.4313135254124,2968.224653103263,172.72393440012172,6219.6346962868,22126.41829353266,27.958429840653054,17.711927642527982
2021.476386036961,3721.9997287936294,2968.224653083514,169.70885740746868,6205.509258030984,22137.291517879323,23.68121395201227,15.002271243264767
2021.479123887748,3739.428239409935,2968.22282473365,166.88298940684612,6191.336343765161,19923.562366549326,21.313126228982743,13.502118500513747
2021.4818617385351,3756.1882034468467,2966.752744964104,166.20218721243296,6177.1551616922125,17931.203568942932,30.31500780402534,42.438469417192685
2021.4845995893224,3772.3372668340667,2966.810342658658,164.57710659541777,6163.001481227452,16138.05317693886,32.56911395825182,51.97075956418594
2021.4873374401095,3788.991204134206,2967.0104370157424,162.29295975631874,6148.859496409331,14524.232067971914,30.2506247901864,49.92335575000427
2021.4900752908966,3805.81553863696,2967.168195536279,159.88007479021326,6134.718188352147,13071.732834757158,27.302320457432124,45.782392982632075
2021.4928131416839,3823.0508829386017,2967.168196998358,157.21540816643602,6120.575409212205,25983.207401747764,24.572083113069613,41.20414791245272
2021.495550992471,3840.2474829693356,2967.168196998358,154.59515104333974,6106.426966304567,23384.895974206855,22.1148728325306,37.08372981906709
2021.498288843258,3857.4440827206017,2967.168196998358,151.97489424056582,6092.278523356075,20786.57523403208,19.65766452122364,32.963315027821814
2021.501026694045,3874.640682471868,2967.168196998358,149.35463743779187,6078.130080407583,18188.254493857305,17.20045620991668,28.84290023657654
2021.5037645448324,3891.8372822231345,2967.168196998358,146.73438063501794,6063.98163745909,15589.933753682526,14.743247898609718,24.72248544533127
2021.5065023956195,3909.0338819744006,2967.168196998358,144.11412383224402,6049.833194510597,12991.61301350775,12.286039587302756,20.602070654086
2021.5092402464065,3926.230481725667,2967.168196998358,141.49386702947007,6035.684751562106,10393.292273332972,9.828831275995796,16.481655862840725
2021.5119780971936,3943.4270814769334,2967.168196998358,138.87361022669614,6021.536308613613,7794.971533158197,7.371622964688834,12.361241071595455
2021.514715947981,3960.6236812281995,2967.168196998358,136.25335342392222,6007.38786566512,5196.650792983421,4.914414653381873,8.240826280350182
2021.517453798768,3977.6219187184497,2967.168196998358,133.85657518926092,5993.214306409533,3927.9754422453766,3.714640592800148,6.228963158031382
2021.520191649555,3994.479805985965,2967.1681951972782,131.61511860006456,5979.025777532296,3501.780203278361,3.3115926552553447,5.5531159555855645
2021.5229295003423,4011.1339266178393,2966.2770676760915,130.46733272488277,5964.838470296792,3151.602061318686,2.9804332747039766,10.372282369499054
2021.5256673511294,4027.7167384878203,2965.857816489512,128.8992466570649,5950.670895681205,2836.429517596065,2.6823782797180447,11.889455155426813
2021.5284052019165,4044.065834513578,2965.286793017211,127.70396207499658,5936.516007709815,2552.7850167861457,2.414138534581634,14.813840636041615
2021.5311430527036,4060.7581610389775,2965.286791060721,125.57556583567329,5922.379979380229,10074.048881620294,2.1727242841324848,13.332475123590067
2021.5338809034909,4077.411759575134,2965.2867910420555,123.48263979461747,5908.247206903793,9066.644009352503,1.9554525321019325,11.999227801482455
2021.536618754278,4093.543196792197,2965.052523456276,122.14230481596569,5894.118272251163,8159.9796042968255,10.19064801499544,13.115570462798436
2021.539356605065,4109.736622167487,2965.0307631893725,120.51110661252389,5880.00570534622,7343.966434450307,14.398951534704798,12.58317045154528
2021.542094455852,4125.989592085799,2965.091348740392,118.72654432816962,5865.904612161244,6609.520335585623,16.324086115507278,11.395954406890848
2021.5448323066394,4141.831725616165,2965.3470399456387,117.14881575705421,5851.812415996745,5948.565302324291,23.498519305656153,11.229247618658192
2021.5475701574264,4157.342487725746,2965.8171741022693,115.67570308198762,5837.732532405599,5353.703027373456,32.39691243011461,11.526669751315783
2021.5503080082135,4173.416235352544,2965.933634545929,113.97925642847589,5823.666670988648,4818.327940536493,31.17313871806132,10.374050091254102
2021.5530458590006,4189.721058020882,2965.931018797159,112.16054771782701,5809.611072779729,4833.535254214001,28.05593046648857,9.33663695509702
2021.5557837097879,4205.647744844743,2965.773192880397,110.86698765526405,5795.563671935192,4350.223819659683,27.41168197552987,9.988468892074364
2021.558521560575,4221.953900554464,2965.773192654324,109.01920580077439,5781.53319830602,10741.165547838074,24.6705132820317,8.989627209507413
2021.561259411362,4237.90458818791,2965.6597392954304,107.63270176583887,5767.510368066407,9667.050773957284,28.792857665594067,9.671933573839416
2021.5639972621493,4252.998099767323,2965.373877534565,107.26047413211619,5753.502845881583,8700.329708418321,47.85638976499999,14.642481273726608
2021.5667351129364,4267.766463264563,2965.5925162409726,106.67671994784621,5739.527497862208,7830.293454340809,57.726696399674935,17.00961449079429
2021.5694729637235,4282.2587221747835,2966.122926288453,106.02888516573766,5725.580563686612,7046.817391773039,64.22892331473624,18.471458172346093
2021.5722108145105,4296.089272293252,2967.056517194098,105.61202261686091,5711.661185211376,6342.122880110148,71.6750190984279,20.24951821671333
2021.5749486652978,4309.929372105408,2968.0790056963087,105.06553768206331,5697.772981831808,5707.872298135605,74.15747624939713,20.642896249008658
2021.577686516085,4325.96670667198,2968.0794569905406,103.31491413014919,5683.913719522921,5137.046351480983,66.74349462173647,18.579025084721504
2021.580424366872,4341.8576884369895,2968.1327077250135,101.64904303506088,5670.063258118528,4623.2749516265485,60.06827800853533,16.720881182610874
2021.583162217659,4357.820013735463,2968.134919861466,99.95383783434986,5656.221825884318,4155.086361726807,53.98520039412898,15.02756781664621
2021.5859000684463,4373.744424735532,2968.134919861466,98.28793096554472,5642.391221753058,4158.184070180988,48.58647427496699,13.524753669678066
2021.5886379192334,4389.630790543394,2968.1349622158536,96.64989687015964,5628.570747686192,3742.365668137387,43.72781817770983,12.172275889356003
2021.5913757700205,4405.4632039489115,2968.1353489381418,95.05509711665324,5614.760647311898,3367.3870547378815,39.346287700676776,10.952612983529743
2021.5941136208078,4421.274009404845,2968.1353486344765,93.47084628119671,5600.961992995089,6001.000214787184,35.41165689152659,9.857352735741244
2021.5968514715948,4436.487567296892,2967.7212328793717,92.88655812263664,5587.174739016709,5400.901711758198,34.993527364185425,10.483584009030213
2021.599589322382,4451.361223042782,2967.044464260348,92.87679575269678,5573.415514259785,4860.798682739501,36.12568696325278,11.589152048272844
2021.602327173169,4466.061904652784,2966.3409926424238,93.02921502964094,5559.693784990763,4374.65504043373,36.7227627357521,12.406736776008168
2021.6050650239563,4480.579513985961,2965.736956883247,93.22529654323608,5546.012029903169,3936.942143681576,36.97715216843345,12.847498932143694
2021.6078028747434,4494.867216737487,2965.2977734669557,93.4456426459199,5532.37106446525,3543.068693286506,37.324630385540004,13.351651950256604
2021.6105407255304,4508.712133410489,2965.0354006943544,93.8909583599935,5518.7711048507745,3188.6144637321663,38.19549363151579,14.3416045468026
2021.6132785763175,4523.965807730537,2965.046031109451,92.60962853310623,5505.216029942515,4334.7163773118355,34.375960622590675,12.90745596388556
2021.6160164271048,4539.4764955062665,2965.04603147388,91.06613380208054,5491.676736533384,20665.424230003533,30.938278053083867,11.616677885974676
2021.6187542778919,4554.950085231878,2965.04603147388,89.5483648800822,5478.148815729771,18598.883438590638,27.844449909728336,10.455009970447557
2021.621492128679,4570.397035065257,2965.046031684993,88.04877883166019,5464.629351733708,16680.865171294663,24.973045148292183,9.376832305577366
2021.624229979466,4585.583786663483,2965.035165686123,86.80490087363358,5451.125244092374,15012.778279852322,28.00727579061552,8.440524487947144
2021.6269678302533,4600.258312031282,2964.8513515663903,86.22993118592704,5437.637402532019,13511.498417092085,45.90317478913155,8.962885029244745
2021.6297056810404,4614.247953232302,2964.4539645371387,86.5260500262041,5424.176929519975,12160.338633406238,74.89403283822894,10.725178110016454
2021.6324435318274,4627.9514139227,2964.225910431791,86.89773282529138,5410.757740135839,10942.587253477584,95.45657256790562,11.86440207519681
2021.6351813826147,4641.7717187688595,2964.12469319239,86.98225827272243,5397.38202708165,9848.28659613969,103.71060898805199,12.226106039465158
2021.6379192334018,4655.038673221947,2963.932948672246,87.67259750291257,5384.044377918518,8863.442269377996,106.82469415888129,20.829240808505418
2021.640657084189,4666.598607131351,2965.2551541086027,88.50796007083152,5370.754776004835,7977.087061502772,100.93761576333806,36.451318704701414
2021.643394934976,4675.142051305455,2969.694931785783,89.1920976318299,5357.515316592544,7179.034197444649,96.0469393165943,47.04074500782593
2021.6461327857633,4679.2848851892495,2978.1565564813322,90.20713158847019,5344.323724056565,6461.125184287118,93.7749609797919,59.60567640805111
2021.6488706365503,4680.514194071503,2989.752034890605,90.94878025872467,5331.185188094783,5815.005428012381,91.45331845249694,64.63811934233112
2021.6516084873374,4681.267701442949,3002.107227096729,91.35822825273506,5318.0949405232,5233.406331805313,87.47825920498737,69.48755018085691
2021.6543463381245,4679.45065318889,3016.85621326874,91.90171301820588,5305.047417839773,4710.104075155636,84.13261700615274,71.41974821880484
2021.6570841889118,4687.181988453144,3023.105824748098,91.35135011674181,5292.044733997621,5960.247831793045,75.7193464496043,65.24842284697036
2021.6598220396988,4699.765795751806,3025.048816013458,90.22868319599574,5279.068502354341,5719.251273507807,68.14736570564651,58.723548148773205
2021.662559890486,4714.6568748911295,3025.0488351698855,88.72487541637258,5266.109111838211,11848.566199106539,61.332605465565244,52.851172937564286
2021.6652977412732,4729.512471211344,3025.0488351698855,87.24612740566229,5253.160163528709,14551.789829797193,55.19934255065082,47.56605360296042
2021.6680355920603,4744.332590810901,3025.0488353635837,85.79202534948406,5240.222045791635,14181.530628761331,49.679396850080444,42.809436804835954
2021.6707734428473,4758.059916581415,3025.091025736763,85.37731532882142,5227.295139668604,12763.375967517906,47.49887808357383,38.52848204207835
2021.6735112936344,4767.403020870993,3023.142110358155,91.3094278061522,5214.3967382803,11487.037889428439,69.35873688978168,36.46581448423078
2021.6762491444217,4778.071698965298,3020.422797831368,96.55226078800065,5201.632439730932,10338.235303200638,80.79026265093715,33.491823460866435
2021.6789869952088,4788.969620174983,3016.7884861722596,102.358732789458,5188.9902581788965,9304.094300550667,88.86635464793092,30.26583484731247
2021.6817248459959,4800.354432253979,3012.6336488713746,108.067291236408,5176.479624953836,8373.527134562017,93.78710169922563,28.49558242868902
2021.684462696783,4810.398133051884,3006.516761993628,116.9493939399908,5164.098608330096,7536.172849600845,102.67666075175892,30.386315523127493
2021.6872005475702,4820.187433264351,3001.775988182706,124.52793397673271,5151.899441891806,6782.5095287817685,105.7812702719873,35.99957192155115
2021.6899383983573,4832.54456765674,3000.6540766990656,125.75994896389909,5139.860103995892,8925.816757384344,96.06619903660962,33.85563771071242
2021.6926762491444,4845.072378556578,2999.764088182992,126.53584172748552,5127.874288848539,9045.202074606319,90.8459580292263,31.86496553498108
2021.6954140999314,4855.199993399815,2998.0835334674325,130.4567224738763,5115.934247974471,8140.68525098492,101.58734987863537,35.075741941777935
2021.6981519507187,4864.7282647012225,2997.4216850113703,133.86021328839504,5104.092234314606,7326.585221866241,109.05330515113516,37.62918686431397
2021.7008898015058,4874.5807594324915,2997.53284562305,136.07730612067328,5092.339386139377,6593.892563547523,110.34194540408605,38.18318942032508
2021.7036276522929,4885.696989957803,2997.869182238348,136.73632366954305,5080.6557014498985,5934.47678135298,103.7123411679166,35.431964442763345
2021.7063655030802,4894.998915935452,2998.470226062917,138.90192647746863,5069.015028839754,5341.018863185866,104.46825050099758,36.92710393789618
2021.7091033538672,4904.427422582054,2999.547959934902,140.39658445744604,5057.44203034119,4806.663291564471,102.13729944994914,37.381920118631314
2021.7118412046543,4916.579200316357,3000.034777948842,139.701961847751,5045.92595720264,5993.152193425436,91.9237086018764,33.77936248871527
2021.7145790554414,4930.772636844323,3000.0369965109867,137.4302964583753,5034.429867501906,18499.39596818503,82.73128383286482,30.401410012165226
2021.7173169062287,4943.875964494905,2999.8978257962244,136.3964929454091,5022.927414079049,16649.52160179756,87.19726121414493,27.47595190170412
2021.7200547570158,4955.703750074778,2999.495164825543,136.88744203413526,5011.43924038113,14984.522684604819,109.72936877403806,27.81678462490054
2021.7227926078028,4966.264941843873,2998.856278685629,138.84155116132104,4999.990725624765,13486.063690063733,141.3167036284308,30.144191338861415
2021.72553045859,4975.923552160688,2998.0510048175697,141.80074972152602,4988.606090615805,12137.325757273122,169.90022538469634,32.46437913850322
2021.7282683093772,4984.6332642549805,2997.282275701291,145.59178058112823,4977.301976778187,10923.516591148287,195.24030024129473,34.57487399256831
2021.7310061601643,4994.276067223737,2997.094812819225,147.7744372013549,4966.091880071272,9830.929514324094,201.3473743775535,34.042015351583316
2021.7337440109513,5004.833144662854,2996.9535178773453,148.92953790382657,4954.948896871564,8847.57712412797,196.1123154700644,32.266453878872156
2021.7364818617386,5016.76505474189,2996.689847595283,148.78224597794028,4943.855849000473,7962.8107615887675,179.485872759457,29.546836605631793
2021.7392197125257,5028.2018875038475,2996.236887475037,149.2913962021347,4932.790726134562,7166.477682235362,162.64003029142268,34.07700391472141
2021.7419575633128,5038.957679674337,2996.4848421291645,149.74188234725509,4921.7643931648245,6449.7729280623935,146.39889311113083,39.651918112948266
2021.7446954140999,5047.40993911775,2998.0402284590673,151.15074391823146,4910.77578582053,5804.758819273616,135.2958492859657,48.27207280553527
2021.7474332648871,5054.579273196237,3000.9763856458426,152.40867033157392,4899.840268141925,5223.661225547058,124.86161155024394,54.35765186612774
2021.7501711156742,5060.357702640582,3004.8241873917477,154.0945364504199,4888.956070832831,4701.211398651956,115.4639204097359,59.2400212481433
2021.7529089664613,5069.164958006011,3007.235802784933,154.12973402283322,4878.129902501797,6847.429613003305,103.91750144738839,56.52821798863507
2021.7556468172484,5076.5594559864185,3009.906539199455,155.28831385931107,4867.333988270392,6162.848161846188,103.22067635503723,55.92876616317659
2021.7583846680357,5081.932155791802,3013.2383408166916,157.7587538733022,4856.586946833777,5546.537594852259,105.7124679304714,57.313346533470835
2021.7611225188227,5081.89786546464,3019.1710584024618,162.9646317798837,4845.910541668585,4991.883776729292,116.37884293961127,63.648540611666895
2021.7638603696098,5078.269825801538,3028.204705839906,168.54736186059708,4835.350103813526,4492.672539798264,127.0870622301718,69.52874856063136
2021.766598220397,5074.711359181293,3037.6395222574765,173.5373946280513,4824.911621248751,4043.376649510351,132.01867031948032,71.51688753587648
2021.7693360711842,5083.449280990937,3040.0385067616626,173.1550347047623,4814.584974858205,12015.400497403245,118.81682091760219,64.36520610795185
2021.7720739219712,5091.0252968351,3041.986514071241,174.36363874665196,4804.280247662578,10813.926761123434,136.05606673381098,57.92959642880687
2021.7748117727583,5095.054955524815,3043.144714423126,179.8600331649234,4794.023894202701,9732.52795485706,170.36094439638313,56.38292159790099
2021.7775496235456,5098.283793484695,3043.1455022675696,187.19508503478366,4783.887116528519,8759.155141414585,198.51054856394478,57.61315316002822
2021.7802874743327,5098.352137783955,3043.1711645200517,197.5156466646197,4773.900448346941,7883.20963884496,232.61153971524945,60.18164738269855
2021.7830253251198,5096.65972832854,3044.2396439983,208.35504121157828,4764.112883777148,7094.751286571128,263.431257671044,62.92221212596956
2021.7857631759068,5092.358717078219,3046.074519410459,220.82898446719244,4754.5329763596965,6385.227752347308,293.5002082774603,66.01881761831031
2021.7885010266941,5087.176457656298,3047.6714474710325,234.18826172441214,4745.186930463822,5746.580364297338,301.91456821715394,81.40803663847278
2021.7912388774812,5078.207881031633,3051.7669501849296,248.58713292991735,4736.089033169087,5171.794862335432,292.4951358975927,101.67764716862933
2021.7939767282683,5069.39525477471,3058.5790727740905,259.8480294469509,4727.256540319811,6128.571499330581,278.2349656984945,110.0598560168475
2021.7967145790553,5078.470626421736,3060.220993421039,258.17926762535467,4718.63590984743,8510.919754128887,250.41206432530115,99.05490178955289
2021.7994524298426,5080.147340507917,3064.6783909653404,261.0978359906947,4710.011129851605,7660.318248652167,250.54845803740864,91.57972442332222
2021.8021902806297,5075.862354017793,3071.272507561651,267.76911718388857,4701.45861855222,6894.3106068971365,271.93968155987005,94.24858832870387
2021.8049281314168,5089.170957600552,3071.272509472724,263.306301767685,4693.040728474591,253605.20380162887,244.74572679880598,84.82373244749476
2021.807665982204,5097.699516517364,3072.7202868035815,262.22707295168755,4684.571521042916,228244.71316285548,974.8753739393329,76.34139957748555
2021.8104038329911,5103.099886563594,3074.2436799155075,264.195201583697,4676.107529252749,205420.00719736933,2080.824262542244,71.42392098726911
2021.8131416837782,5106.513530664376,3075.215214419399,268.64592499044534,4667.6995272413305,184877.9303962242,3271.7454907666283,69.64822869694343
2021.8158795345653,5110.300775039216,3074.699343025255,274.1138266264704,4659.388152624613,166377.69523720298,4117.025583924626,68.14891625605509
2021.8186173853526,5118.888700707557,3073.152171555449,275.69789397305453,4651.191231079494,149739.3031721665,4077.5111516473735,61.98188749510368
2021.8213552361397,5132.059383343961,3073.1520275923763,271.10328785742246,4643.043198521798,134765.10780847387,3669.76402258395,55.78361662113493
2021.8240930869267,5144.162431966254,3072.260201611857,268.52224256320125,4634.840921174244,121288.57442810571,3302.8727043585773,50.206234097272564
2021.8268309377138,5153.564539864428,3069.003444959756,271.02761062441306,4626.618101866957,109159.43572450076,3248.3719802137,53.76785220142839
2021.829568788501,5160.240796177954,3064.4868236118023,277.4544159721454,4618.459561553663,98243.47093464057,3067.5278591009733,390.1407042873146
2021.8323066392882,5110.3636482785105,3113.213583756796,287.06178611527946,4610.430479164981,88419.0497478783,2958.5457829205375,833.9803638746959
2021.8350444900752,5013.517504417335,3212.5325059050806,292.86393104420364,4602.583455948947,79576.76750190648,2791.403239347154,1073.5324321780067
2021.8377823408625,4990.92081143198,3245.671817604679,290.4779919127645,4594.854676366143,71618.88568542115,2512.264847384683,982.0680996878485
2021.8405201916496,4940.433635610675,3304.5105027051077,290.3017206773112,4587.107338322471,64456.781375871906,2261.0345503685394,974.4981922398251
2021.8432580424367,4824.34735612071,3424.155584969022,294.8998770679124,4579.378279157916,58010.95400339211,2126.325888485739,1111.1784103813159
2021.8459958932237,4626.017112225663,3622.3423486479164,303.10253394695485,4571.747002495026,52209.64275688564,2096.91757688132,1323.9117377538441
2021.848733744011,4453.5712035952165,3798.605348079775,307.1869945309127,4564.273351109656,46988.58267118512,1993.3626511699774,1375.5414094126497
2021.851471594798,4379.910238559888,3881.3501378738893,305.91621470298725,4556.888206178793,42289.31423705251,1794.060803580319,1260.4474872817157
2021.8542094455852,4349.573603367075,3922.502360207655,302.9145489446186,4549.50218479621,53872.84033426853,1614.6492176440718,1134.4011197589207
2021.8569472963723,4362.46589293084,3922.502360207655,297.86597308835337,4542.086371088704,138277.74544910018,1453.1842813458961,1020.960997572268
2021.8596851471596,4375.337865194818,3922.502360207655,292.9015401438441,4534.606731769237,124449.9768929851,1307.8658417548133,918.8648897660738
2021.8624229979466,4388.209837444376,3922.502360207655,287.9371072590382,4527.127092404485,110622.20234807508,1162.5474136202238,816.7687900088471
2021.8651608487337,4401.081809693934,3922.502360207655,282.97267437423227,4519.647453039733,96794.42780316506,1017.2289854856341,714.6726902516202
2021.8678986995208,4413.953781943492,3922.502360207655,278.0082414894264,4512.167813674981,82966.65325825504,871.9105573510444,612.5765904943935
2021.870636550308,4426.82575419305,3922.502360207655,273.0438086046205,4504.6881743102285,69138.87871334501,726.5921292164549,510.4804907371666
2021.8733744010951,4439.697726442608,3922.502360207655,268.0793757198146,4497.2085349454765,55311.104168435,581.273701081865,408.3843909799398
2021.8761122518822,4452.569698692166,3922.502360207655,263.1149428350087,4489.728895580724,41483.32962352498,435.9552729472755,306.288291222713
2021.8788501026695,4465.441670941725,3922.502360207655,258.15050995020283,4482.249256215971,27655.55507861496,290.63684481268587,204.1921914654862
2021.8815879534566,4478.1555310257745,3922.5023368911848,253.82448874894192,4474.289340649651,152541.50083162397,257.4385668209032,180.86816427806482
2021.8843258042436,4487.911870151648,3908.4514189531906,266.5748862962376,4466.261421914473,137287.37584106773,330.17158587629604,184.28173680867528
2021.8870636550307,4490.958267995032,3868.7921245877733,311.40911921241536,4458.467985520332,123558.51789643287,627.3850935390989,251.31447768698612
2021.889801505818,4503.601134093963,3868.792074513118,306.21904311311266,4451.443145595364,111202.64622664213,564.6474918112731,226.18322961801778
2021.892539356605,4509.475652233027,3853.24637828808,323.4102048669149,4444.351061927536,100082.37684421375,669.5387196864704,230.1878612955657
2021.8952772073922,4501.757782672805,3816.30718316987,375.28132743285494,4437.564904040028,90074.05305670686,1129.398547703566,290.9506525017928
2021.8980150581792,4468.975541546457,3775.6990446454497,455.0028425739346,4431.661668549714,81066.4072471156,2050.117985276137,371.5993775695013
2021.9007529089665,4439.611140723186,3766.2039466779966,498.8484488788794,4427.103461035498,72959.7334313312,2626.2287527911876,382.09023161067296
2021.9034907597536,4435.834920467153,3767.2401920164993,505.8314603534784,4423.288324478424,65663.51272252892,2547.0452501150908,344.05858617636085
2021.9062286105407,4427.805670043579,3772.473762984718,512.7431321127362,4419.6002321745245,59097.05506453606,2510.868424124079,381.623622824723
2021.908966461328,4419.065662506085,3782.904772711737,515.0433862420731,4416.036875855661,53184.30264956565,2387.3008306380116,437.0068576624088
2021.911704312115,4407.862986023624,3796.5725265058713,516.5210474818643,4412.522037304197,47863.85858891282,2238.40216300834,481.36923282909777
2021.914442162902,4387.175835020824,3814.474195942224,523.214865413734,4409.041600938778,43077.17736451877,2141.7657753718872,543.1944478480372
2021.9171800136892,4351.818557589525,3840.7732417540483,536.0603339807108,4405.682263991277,38769.38581367294,2097.5369025387263,627.512625118918
2021.9199178644765,4363.8669935044745,3841.0535517046023,527.2955575847499,4402.546194521733,34892.35848525719,1887.7910024147984,564.7703461799514
2021.9226557152635,4365.597118498164,3846.688192997549,523.6318235088535,4399.273062310994,31402.054195094464,1698.9540998330458,508.7909837951788
2021.9253935660506,4365.8056922351225,3850.7540587881995,523.1107520808274,4395.947594211411,28260.925846267615,1529.0087576207675,474.00473110694577
2021.9281314168377,4343.100358568317,3857.398304520782,542.924919569211,4392.622414657249,25435.018953666437,1397.5108078943551,544.4666338213474
2021.930869267625,4341.96003225717,3861.732389991895,543.144912071649,4389.636562994844,49777.68728326562,1257.7590351143845,499.95379922092764
2021.933607118412,4354.411905088882,3861.7332523531363,534.094067965177,4386.662571908362,54178.811036885316,1131.9775339294297,449.9580561510192
2021.9363449691991,4366.858017133759,3861.733252950312,525.1925410868895,4383.545886144592,70301.99456137801,1018.7801805464529,404.9623335302085
2021.9390828199862,4355.527095338406,3858.2635325181504,543.6775882128386,4380.289381246158,63271.80479172895,1297.2031512957035,417.4889890244042
2021.9418206707735,4357.298763387723,3855.718344106619,547.8185378123379,4377.349852008873,56944.55878260459,1268.0716445756775,380.1614118488191
2021.9445585215606,4367.078806908714,3854.284455583843,542.7628638675276,4374.4872709554675,51248.86571568888,1141.3340101925146,342.14032908366255
2021.9472963723476,4379.489869022938,3854.2833200729688,533.7195258194081,4371.548582400236,46122.78403648224,1027.174016252426,307.9183183425947
2021.950034223135,4391.895328847606,3854.283277816517,524.809711717739,4368.4808789336785,41460.86370537222,923.3517012372661,276.7951132469853
2021.952772073922,4395.856765116159,3847.832916611409,530.9481471103761,4365.259268477596,37314.99907177904,908.2941992035472,255.72819922889332
2021.955509924709,4408.244243791096,3847.8328800624145,522.0990854681336,4362.1487879938995,84572.63932461693,817.464982956096,230.15543943130913
2021.9582477754961,4413.920260497834,3839.5538516989654,528.379437682556,4358.899347436187,76115.49509938745,948.2505560794698,236.18916720365272
2021.9609856262834,4411.775484967609,3825.315919488317,548.3259267626526,4355.763466096964,68503.8316043063,1263.8666387589792,317.52944575909146
2021.9637234770705,4424.13584554951,3825.314968205646,539.1893178174575,4352.968565742935,61653.29831703007,1137.5168400416708,285.7866838335822
2021.9664613278576,4425.112828820853,3820.554404746707,546.3402497493429,4350.029113998644,55487.964215343985,1195.7292523615206,311.1457951258493
2021.9691991786447,4423.573669360315,3816.9167281470704,554.7573272090954,4347.216772599065,49938.565750280424,1250.6992475787954,333.1781031411204
2021.971937029432,4419.2114625428385,3815.762818910578,563.3660128435756,4344.552103018552,44943.051381572535,1305.4544265566494,351.6713521912275
2021.974674880219,4394.719043822258,3818.9067604454603,587.6558587783312,4342.03863426949,40448.68056880539,1587.1719125352547,432.2094495515714
2021.977412731006,4377.5255790056535,3828.489150813767,597.7976477373096,4339.93581975881,36402.6307656124,1634.961023545716,445.5259497860271
2021.9801505817934,4386.6634004101525,3829.761597386458,589.7422614967277,4338.0088380222,32762.273377561596,1471.4818930227536,400.980093485226
2021.9828884325805,4398.952885434274,3829.7715315560513,579.9246925364782,4335.954887788727,29480.491966574104,1324.08439290207,360.8142851878579
2021.9856262833675,4372.151025277698,3843.5371131699962,595.6027823670571,4333.740976500781,26532.431076988803,1306.9945043311182,547.5771778215727
2021.9883641341546,4346.4584108392255,3862.1388064700654,605.068288292222,4331.794291714014,23879.03925037821,1220.0673061045748,597.2146787423721
2021.991101984942,4322.81793612714,3879.6249857819394,613.4339996599265,4330.010775746521,21491.04117044777,1123.6965302830731,608.8462048067394
2021.993839835729,4276.324052362451,3908.9137876374893,632.7061486639933,4328.371608651598,19342.060553071176,1086.8406516298471,674.1459386793812
2021.996577686516,4282.108782541766,3912.200868083195,625.3757167370179,4327.05812995355,36438.444255477916,978.1576414131977,606.7339091552182
2021.9993155373031,4290.2974401278525,3913.909291707003,617.33853610243,4325.626129378244,32796.80221590596,880.3396231324981,546.0591200808664
2022.0020533880904,4295.272483471158,3915.8323706960177,612.4290322892335,4324.06541085912,29672.110297390074,792.2405089331991,491.40066287716655
2022.0047912388775,4267.452105275085,3919.363404314291,638.785849731785,4322.4258379943685,26704.76937405447,930.1686243671998,508.30324808691586
2022.0075290896646,4220.594688333747,3927.934892264049,678.6955861101334,4321.229930607601,24034.241855112774,1142.632890258693,551.660806933996
2022.0102669404519,4160.3340615780835,3948.3423623927547,719.5042290691387,4320.70234427555,21630.74043389031,1358.0542969232217,595.9185192191521
2022.013004791239,4087.318639000179,3965.1053232133986,776.0327753077197,4320.854159794227,19466.826787106595,1565.0963903443244,635.3705304386939
2022.015742642026,4006.280882495426,3968.760064111555,852.7485867724658,4321.94926393608,17519.95595306202,1750.6373282742206,663.7816509098699
2022.018480492813,3993.6932472269677,3969.1843858059965,862.9683945278048,4324.320669754758,15767.9744395477,1584.2261334061816,597.4039930126111
2022.0212183436004,4005.968601116707,3969.1843858059965,848.5855879525715,4326.856022440262,73325.72685517182,1425.803520041751,537.6635937018543
2022.0239561943874,4018.250875270309,3969.1843804681885,834.442525082987,4329.144716494055,65993.17710147426,1283.223740555666,483.8972354632571
2022.0266940451745,4007.9060110860746,3963.0605800613207,849.2923832231743,4331.191422944966,59393.8548794364,1694.8583957881228,460.0422482685099
2022.0294318959616,3974.5553096402487,3953.5800534249765,890.2629299455676,4333.480004304741,53454.431679540336,2620.674155190375,498.97322033267574
2022.0321697467489,3955.70007982129,3951.1161324996374,909.044924410401,4336.445060584207,48108.89083751242,2916.072727655283,483.870262689786
2022.034907597536,3938.3622735014724,3945.9364862370603,928.72242110995,4339.712916467054,43294.10719314328,3094.0277932856084,467.2879223314285
2022.037645448323,3943.6974860663827,3943.7985098135277,922.3650961306448,4343.300905304978,38963.045661256576,2784.7121260943613,420.55506979955123
2022.04038329911,3944.5519141844447,3937.711852427927,924.5518628445085,4346.774267858655,35066.496136695125,2569.014275000954,378.4995237205571
2022.0431211498974,3937.137046176455,3922.6903494280464,943.9159107275565,4350.274490983479,31559.788756669466,2554.6200229985766,365.54061839184783
2022.0458590006845,3949.483442952436,3922.690300184427,928.18410578104,4354.087848397634,28403.793999437497,2299.1586603626456,328.98664642319847
2022.0485968514715,3961.8299032017057,3922.690300184427,912.4521739355806,4357.901219993823,25247.815123770546,2043.6966580627877,292.4325845840137
2022.0513347022588,3974.1763634509757,3922.690300184427,896.7202420901214,4361.714591590013,22091.836248103602,1788.2346557629298,255.8785227448289
2022.054072553046,3986.522823700245,3922.690300184427,880.9883102446621,4365.527963186202,18935.857372436654,1532.7726534630724,219.32446090564412
2022.056810403833,3998.869283949515,3922.690300184427,865.2563783992028,4369.341334782392,15779.878496769707,1277.3106511632145,182.7703990664593
2022.05954825462,4011.2181335530713,3922.690300184427,849.5844111228739,4373.092352455164,13343.37784346776,1027.6910410451305,147.05232522203366
2022.0622861054073,4023.627100274056,3922.6902827739355,835.4246964421612,4375.27101782538,18794.493938457494,924.9219256240193,132.34716323150735
2022.0650239561944,4034.6236406984344,3919.4487785219285,826.1608573596429,4377.207720735526,16915.04872118507,832.4296543213079,132.6277213995023
2022.0677618069815,4043.6187835331953,3912.7875511375273,822.4778285310136,4378.984734113796,15223.572988726473,749.1857810459124,159.097887717338
2022.0704996577686,4055.8650268885754,3912.558762919427,809.1775243121057,4380.695483195421,31988.78296180883,674.2667352335974,143.18876463999297
2022.0732375085558,4068.2948210549425,3912.5587493308576,795.6912433656233,4382.179883564111,28790.416084917862,606.8397998331268,128.86984758899143
2022.075975359343,4078.27139105188,3909.2556216573553,788.1901509199812,4383.435433686314,25911.3721239199,596.8978584395957,132.33376860662148
2022.07871321013,4090.7086184976865,3909.2555199965814,775.0538096284143,4384.562549192848,23320.178570784992,537.2096740114575,119.10095777863654
2022.0814510609173,4103.146130005358,3909.255502199726,761.9330700224003,4385.673695088046,20764.725420144372,477.94852820156245,105.96260998509077
2022.0841889117044,4115.524667494763,3909.20058531946,749.353996712471,4386.357047788844,18688.238390071598,430.1540598337984,95.36641307167736
2022.0869267624914,4124.343262502787,3906.724526013907,742.9675438481751,4386.828864950671,16819.414106786448,466.35714390461237,110.05802500389518
2022.0896646132785,4136.789741784721,3906.7244607518746,730.584932943221,4387.192961835723,15137.469274662137,419.72455031624304,99.05345076844011
2022.0924024640658,4149.237347370681,3906.724460397783,718.4085186581117,4387.34967088896,38921.6606866702,377.75208968663503,89.14810437055809
2022.0951403148529,4161.416060741098,3906.5652397186163,706.8635859640627,4387.303010891758,35029.50608830712,339.9768646930402,80.23329015167741
2022.09787816564,4173.860489227685,3906.5626920672903,695.0799268047501,4387.072689215812,31509.093694385338,305.80970323400123,72.16996566200248
2022.100616016427,4186.307947781239,3906.5626920672903,683.4388275381482,4386.694229928859,28257.02543219657,274.2469410536065,64.72126982708312
2022.1033538672143,4198.755225011967,3906.5626920672903,671.8541620914024,4386.259518144877,25106.116062758036,243.66597073020642,57.50427326088287
2022.1060917180014,4211.202502242695,3906.5626920672903,660.2694966446566,4385.824806360894,21955.206693319502,213.0850004068063,50.28727669468262
2022.1088295687885,4223.646580516626,3906.5626920672903,649.2276883468803,4384.85043638474,19698.23557775792,191.18009658150837,45.1177999247073
2022.1115674195755,4236.090438890218,3906.5626920672903,638.2231967361361,4383.838969621892,17502.71490842597,169.87159654082774,40.08907225523904
2022.1143052703628,4248.531208896944,3906.5626920672903,627.4272803254813,4382.62201602582,15559.938518759383,151.01609162279976,35.639242416345624
2022.11704312115,4260.969626621935,3906.5626920672903,616.7902270465457,4381.248551579764,13809.667027916787,134.028931968717,31.630335190821718
2022.119780971937,4273.406627682973,3906.5626920672903,606.2244789269436,4379.80519863833,12230.494161675237,117.75724019767632,27.790275755297174
2022.1225188227243,4285.833993994251,3906.5626920672903,596.1207370042137,4377.9094742497855,25704.76303484173,105.98151056650023,25.011246855495674
2022.1252566735113,4298.256166529325,3906.5626920672903,586.1853912940142,4375.850547424909,23134.287479187948,95.38335885628744,22.510122015707694
2022.1279945242984,4310.674820476109,3906.5626920672903,576.3533341326786,4373.69185063946,20724.148092527266,85.44628195982754,20.165008401541474
2022.1307323750855,4323.086036097119,3906.5626920672903,566.7308701081392,4371.330999042989,18627.35485188198,76.80114076086093,18.12478686221651
2022.1334702258728,4335.496653496131,3906.5626920672903,557.1249812059278,4368.954170546188,16554.940042629256,68.2565125648782,16.108286022062366
2022.1362080766598,4347.907270895144,3906.5626920672903,547.5190923037165,4366.577342049388,14482.525233376531,59.71188436889543,14.091785181908218
2022.138945927447,4360.317888294157,3906.5626920672903,537.9132034015053,4364.200513552587,12410.110424123803,51.16725617291267,12.07528434175407
2022.141683778234,4372.728505693169,3906.5626920672903,528.307314499294,4361.823685055786,10337.695614871076,42.62262797692992,10.058783501599923
2022.1444216290213,4385.139123092181,3906.5626920672903,518.7014255970827,4359.446856558985,8265.28080561835,34.07799978094717,8.042282661445777
2022.1471594798084,4397.549740491193,3906.5626920672903,509.0955366948713,4357.070028062184,6192.865996365624,25.533371584964414,6.025781821291629
2022.1498973305954,4409.9307701558955,3906.5626920672903,500.2179595532046,4353.994475539149,5064.576988097995,20.881402283268603,4.927934168932537
2022.1526351813827,4422.288539123486,3906.5626920672903,491.8613799187196,4350.4211862060465,4701.603598218103,18.731595188843766,4.42058759835675
2022.1553730321698,4434.635401281231,3906.5626920672903,483.66369019997995,4346.699913767043,9838.518062476842,16.858435587491584,3.97852881905898
2022.1581108829569,4446.972068203456,3906.5626920672903,475.60262822505575,4342.852208819742,8854.67419112329,15.172591382196478,3.580675784570616
2022.160848733744,4459.308735090489,3906.5626920672903,467.54156672172275,4339.004503436042,7870.822384875606,13.486747823447319,3.182822902664718
2022.1635865845312,4471.645401977522,3906.5626920672903,459.4805052183898,4335.156798052342,6886.970578627922,11.80090426469816,2.7849700207588195
2022.1663244353183,4483.982068864555,3906.5626920672903,451.4194437150568,4331.309092668642,5903.118772380238,10.115060705949002,2.387117138852922
2022.1690622861054,4496.318735751588,3906.5626920672903,443.3583822117238,4327.461387284942,4919.2669661325535,8.429217147199843,1.9892642569470236
2022.1718001368924,4508.655402638621,3906.5626920672903,435.29732070839077,4323.613681901242,3935.4151598848694,6.743373588450684,1.5914113750411256
2022.1745379876797,4520.992069525654,3906.5626920672903,427.23625920505776,4319.765976517542,2951.563353637185,5.0575300297015255,1.1935584931352274
2022.1772758384668,4533.292096837354,3906.5626920672903,419.6421607119605,4315.487947698942,2680.4882014851064,3.9576340803683125,0.9339870928307259
2022.1800136892539,4545.543251674206,3906.5626920672903,412.6481226957039,4310.658730878344,2791.457004753531,3.5618689304947653,0.8405879724805927
2022.182751540041,4557.781175604513,3906.5626920672903,405.7706538951332,4305.72617574861,7239.093639427848,3.205682007235551,0.7565291681031459
2022.1854893908283,4570.005585694365,3906.5626920672903,399.0078094997489,4300.692510054142,6515.18624392553,2.8851137556120086,0.6808762392806214
2022.1882272416153,4582.217078618738,3906.5626920653276,392.3505383515825,4295.566188279903,5859.081309210552,2.5945717623165705,0.6123094513905152
2022.1909650924024,4594.403005701078,3906.5227761015753,385.8619260461593,4290.336689466738,5273.173153863757,8.663268057483567,3.215509277836911
2022.1937029431897,4606.233231206187,3906.598879261514,379.70681121051734,4285.013375637331,4745.91789909878,44.661572644305636,16.379893816121132
2022.1964407939768,4618.231328594794,3906.746364095578,373.4004436927889,4279.602060932388,8797.226963758083,40.577726445257746,14.81723874869089
2022.1991786447638,4630.384162725338,3906.746369095129,367.1770848550058,4274.100480640073,9393.03355313725,36.51989768848449,13.335486949910297
2022.201916495551,4642.521927480532,3906.746369095129,361.0574638517232,4268.510236888162,8453.731876497197,32.86789648678105,12.001934080111884
2022.2046543463382,4654.659691811053,3906.746369095129,354.93784577080646,4262.919990638558,7514.428521183471,29.215906717932597,10.668385385120855
2022.2073921971253,4666.797456141573,3906.746369095129,348.8182276898897,4257.329744388954,6575.1251658697465,25.56391694908415,9.334836690129825
2022.2101300479123,4678.921284863432,3906.7463697464514,342.79140775266154,4251.660634953003,5721.2835059035415,22.244222391265772,8.122627420228847
2022.2128678986994,4690.865777847482,3906.8667880264,337.0895905547966,4245.725440886868,5163.3189838112285,23.747801924297747,8.851460059877846
2022.2156057494867,4702.925802212259,3906.866788272611,331.4714299315111,4239.711476899167,13327.08223907024,21.37303083732034,7.966317555288628
2022.2183436002738,4714.969350282936,3906.866788272611,325.94690502660256,4233.620353733399,11994.438817766797,19.23572503299345,7.16968478571923
2022.2210814510609,4726.997720880929,3906.866788272611,320.50612124658323,4227.4606669154255,10782.930839905617,17.292804021178497,6.44550458484972
2022.2238193018482,4739.0245807541705,3906.866788272611,315.07367282947314,4221.2941554592935,9583.486958128939,15.369231517879154,5.728536106277797
2022.2265571526352,4751.051440627412,3906.866788272611,309.6412244123631,4215.127644003162,8384.043076352258,13.44565901457981,5.011567627705874
2022.2292950034223,4763.078300500655,3906.866788272611,304.20877599525306,4208.96113254703,7184.599194575579,11.522086511280465,4.294599149133952
2022.2320328542094,4775.105160373897,3906.866788272611,298.776327578143,4202.794621090897,5985.155312798899,9.59851400798112,3.5776306705620287
2022.2347707049967,4787.1177070583235,3906.866788272611,293.4206265263425,4196.565675458272,4887.559461344509,7.8382719800377805,2.921539960943217
2022.2375085557837,4799.043047282115,3906.866788272611,288.5302826615946,4189.958579099223,21399.496657817042,7.054444605907162,2.629385899201567
2022.2402464065708,4810.950285861092,3906.866788272611,283.7214445897359,4183.288078592103,19259.550288661576,6.349000118869866,2.366447299424042
2022.2429842573579,4822.848339343969,3906.866788272611,278.952888149949,4176.586481549016,17227.15318193053,5.679010920589758,2.1167238627838394
2022.2457221081452,4834.7201065100335,3906.866788272611,274.2986327605549,4169.796869772346,15491.54783168372,5.106860569263046,1.9034676604823932
2022.2484599589322,4846.5907091992085,3906.866788272611,269.6494179580557,4163.00338188567,13768.832513490666,4.538959477204069,1.6917952742040092
2022.2511978097193,4858.427819592718,3906.866788272611,265.13975404649705,4156.103835403715,14527.158875989362,4.073662160739334,1.518366142472756
2022.2539356605066,4870.24230586814,3906.866788272611,260.72075645587137,4149.136246718919,17173.708696362464,3.6662948985357136,1.366529138304119
2022.2566735112937,4882.03770259517,3906.866788272611,256.3754098950223,4142.114096552738,15456.340054348811,3.29966506579776,1.2298760966712496
2022.2594113620808,4893.833099161524,3906.866788272611,252.0300639540911,4135.091945927316,13738.969184712565,2.9330355759441886,1.0932231828408376
2022.2621492128678,4905.600535842827,3906.866788261207,247.78997022321067,4127.9925029883,12271.185234221342,2.619691841668571,0.976431799335351
2022.2648870636551,4917.3118861159755,3906.8203709954264,243.7326728688909,4120.812767335249,11044.066678602445,12.12052373462454,8.368784947358511
2022.2676249144422,4928.725400079119,3907.035905363205,239.7592088007534,4113.585083072467,9939.653573475833,21.898675833984488,16.24366701160722
2022.2703627652293,4940.4222662553775,3907.0368935535566,235.76336208664463,4106.310975419967,8945.68428557288,19.708846725103655,14.619330917136216
2022.2731006160163,4952.086700892867,3907.050833676328,231.82797312552336,4098.995889620827,8038.992954589846,17.71125389879105,13.137586682141263
2022.2758384668036,4963.745704194753,3907.050834055729,227.96097286457183,4091.6317862004958,7230.6690323226085,15.930386359965038,11.81660275650403
2022.2785763175907,4974.864562524749,3907.5009111578506,224.2305378397215,4084.2211857932266,6507.6018658664225,19.81757424357078,18.79538312236136
2022.2813141683778,4985.586135128991,3908.3296506478073,220.56057804601343,4076.7687334927396,5856.835611198762,21.469747495445283,25.612699276233897
2022.2840520191648,4997.183264553808,3908.3296506634047,216.8845683089466,4069.2755137893973,31197.218833697447,19.322773106548944,23.051430661243632
2022.2867898699521,5008.75986471378,3908.3296506634047,213.26982513914103,4061.7415567992316,28077.516552062938,17.39049451803106,20.74628607067148
2022.2895277207392,5020.336464751559,3908.3296506634047,209.65508233399194,4054.2075995666014,24957.794668693194,15.458217207376164,18.441143004547115
2022.2922655715263,5031.913064789338,3908.3296506634047,206.04033952884282,4046.673642333971,21838.07278532345,13.525939896721269,16.135999938422753
2022.2950034223136,5043.489664827118,3908.3296506634047,202.4255967236937,4039.1396851013415,18718.350901953705,11.593662586066376,13.83085687229839
2022.2977412731007,5055.066264864897,3908.3296506634047,198.8108539185446,4031.6057278687113,15598.62901858396,9.66138527541148,11.525713806174027
2022.3004791238877,5066.642864902676,3908.3296506634047,195.1961111133955,4024.071770636081,12478.907135214216,7.729107964756587,9.220570740049665
2022.3032169746748,5078.183986917717,3908.3296506634047,191.6849195432898,4016.469740191152,10077.052291239444,6.128953404926373,7.31163915555065
2022.305954825462,5089.615913909008,3908.3296505012386,188.49016999380507,4008.6604629115177,9069.34230352859,5.516059710183714,6.580472199306604
2022.3086926762492,5100.757515573733,3907.710605112985,186.23664224962192,4000.8193343792295,8162.407947486534,12.012583615976517,12.59039155070481
2022.3114305270362,5111.373592527556,3907.02175966329,184.5945145813954,3992.962130543327,7346.16157944953,11.189974089907913,28.83392420482472
2022.3141683778233,5120.1510042032505,3907.686346282055,183.4434625748523,3985.0990842554106,6611.535019427309,10.57209352005367,48.431536118792685
2022.3169062286106,5128.543385036726,3909.4695524712124,181.55646482733883,3977.2383949802925,5950.3617330912875,10.027141947634874,54.72755540230873
2022.3196440793977,5139.749659414242,3909.551135228739,178.56710899605238,3969.367793676537,5355.317798969569,9.024475574665924,49.25519047443879
2022.3223819301847,5149.946471726326,3910.3274426481385,175.92074362877185,3961.468939312335,4819.7704178766535,8.292937834477058,44.95420417857835
2022.325119780972,5159.243164938452,3911.7632628742504,173.5374540105108,3953.547615492357,4337.882700763235,8.795355729399954,43.46191603819174
2022.3278576317591,5170.502703186874,3911.7632622263814,170.64516274610466,3945.6082691562187,49966.61931366186,7.915819460464019,39.11572287460717
2022.3305954825462,5181.740488858723,3911.7632622263814,167.80107669383872,3937.642469536635,44969.95948385251,7.124237502560999,35.20415052855744
2022.3333333333333,5192.978274527645,3911.7632622263814,164.9569906480703,3929.6766699134823,39973.29755248633,6.332655556514597,31.292578241096727
2022.3360711841206,5204.204863208779,3911.7632622263814,162.13722418804954,3921.697747692369,35232.99225867018,5.581686190029461,27.58169148155586
2022.3388090349076,5215.37800990387,3911.7632622263814,159.43306823454245,3913.6566569507863,31690.842366719808,5.020531207936166,24.808765332987562
2022.3415468856947,5226.550287294808,3911.7632622263814,156.73078116474161,3905.614566629649,28167.54314085279,4.46236258893322,22.050596184831978
2022.3442847364818,5237.722564685747,3911.7632622263814,154.02849409494078,3897.572476308512,24644.24391498577,3.9041939699302737,19.29242703667639
2022.347022587269,5248.847203312377,3911.7632622263814,151.42361235901177,3889.480619417811,21884.122564709247,3.466929626607697,17.131701800106832
2022.3497604380561,5259.932752607653,3911.7632622263814,148.89687358763047,3881.3497088939157,19676.56193951294,3.1172031383102508,15.403541567742131
2022.3524982888432,5270.996417208239,3911.763261243816,146.41161137989985,3873.1992074836216,17689.776422900402,2.802459033103636,13.848226119749254
2022.3552361396303,5281.115272049423,3909.9944785758876,146.66075035918595,3865.027896331081,15920.798754511083,11.91405064179537,36.475921571187
2022.3579739904176,5287.372484375909,3910.0015402449653,148.96914993648923,3856.8831227582154,14328.706294695925,27.47878409186083,73.89328242854542
2022.3607118412046,5293.274334942033,3912.84607623278,148.73465349535752,3848.7991326454066,12895.819420607051,32.71117530667379,81.5320218185763
2022.3634496919917,5300.926890334548,3914.9887666090835,147.43306910328823,3840.7333712686577,11606.103061043475,32.88236498320945,78.36011225343542
2022.366187542779,5307.602494696308,3917.8592342173774,146.38023693485175,3832.6680314670425,10445.353099964615,34.206580957827825,77.52946959609801
2022.368925393566,5316.492634230264,3919.291571205161,144.54645171401128,3824.60724016614,9400.778092572687,31.684422602475994,69.92650467309475
2022.3716632443532,5326.865404344395,3919.669872005826,142.29254864852453,3816.53797231683,13396.132378447277,28.51599228346648,62.93379837767855
2022.3744010951402,5337.749558701394,3919.66988505039,139.92100449257256,3808.4532490712186,12056.80640431363,25.664337829681248,56.640296657706244
2022.3771389459275,5348.6337271187,3919.66988505039,137.54946201509716,3800.368523131388,10717.193166468902,22.8127386013346,50.346916819938386
2022.3798767967146,5359.479412995117,3919.66988505039,135.24659019181922,3792.2536090782455,9829.95105770895,20.456571388035595,45.14693812489974
2022.3826146475017,5370.297050341636,3919.66988505039,132.9924778844782,3784.1179840390673,8846.950240266871,18.410899081272376,40.632210837252885
2022.3853524982887,5381.110964811389,3919.66988505039,130.74464050803707,3775.979806945757,7880.367360385104,16.399396579370443,36.192895114748104
2022.388090349076,5391.901810485072,3919.669875305159,128.5356661647431,3767.8258453606027,7015.149517434774,14.5988628399729,32.21913659992277
2022.390828199863,5400.917326816028,3917.17521770085,130.6232567580709,3759.645296040629,6313.633893238948,17.769785686996347,30.93867076331521
2022.3935660506502,5408.550849776465,3912.6127801121474,136.1034192251791,3751.521948201785,5682.265541301532,24.0930816163049,32.80966800945183
2022.3963039014375,5414.692312854465,3907.1031363616326,143.90927747003076,3743.5121706294485,5114.024775400419,28.34437263335058,40.293941787174454
2022.3990417522245,5419.139668179722,3903.234261502115,151.61642757382975,3735.6544400599078,4602.614524235448,33.02782375072031,46.64601041840249
2022.4017796030116,5426.548645968412,3902.384462418572,153.19289990569874,3727.9466890228937,4175.329629570117,32.14428493499209,44.05545739213558
2022.4045174537987,5436.209003765583,3902.192601115254,151.8126413490966,3720.286351085641,27099.237740468252,28.92985855988882,39.64991147096889
2022.407255304586,5446.78955668954,3902.1851782353747,149.32976586962522,3712.6239965210357,24389.703962886364,26.036860016350428,35.68490029849691
2022.409993155373,5457.246227685631,3902.1589505602474,147.00992887775917,3704.9412901919363,21950.244074511073,24.433682133876488,32.11569396770699
2022.4127310061601,5467.824656306765,3902.1589505231927,144.55975484421955,3697.2409356413978,19755.163568757238,21.990279195841094,28.90404249276063
2022.4154688569472,5478.384191034758,3902.1589505231927,142.14615262600597,3689.522903131619,17756.678602797623,19.765684301938244,25.980032566130877
2022.4182067077345,5488.941518255693,3902.1589505231927,139.7368233786023,3681.8028051580873,15781.162245921898,17.566656382354132,23.089628316854814
2022.4209445585216,5499.498845476629,3902.1589505231927,137.32749413119865,3674.0827071845556,13805.645889046174,15.367628462770025,20.19922406757875
2022.4236824093086,5510.056172697564,3902.1589505231927,134.918164883795,3666.362609211024,11830.129532170451,13.168600543185915,17.308819818302688
2022.426420260096,5520.533160492653,3902.1589505231927,132.66143939887627,3658.5702469008515,11029.067021308541,11.807331557135619,15.519566695056056
2022.429158110883,5530.984540756276,3902.1589505231927,130.4504151708331,3650.757790865272,9926.159812154016,10.626597539822033,13.96760889306264
2022.43189596167,5541.435920884772,3902.1589505231927,128.23939118085184,3642.9453347267577,8823.25311002316,9.445864384108472,12.415652223557034
2022.4346338124572,5551.8873010132675,3902.1589505231927,126.02836719087057,3635.132878588244,7720.346407892307,8.26513122839491,10.863695554051429
2022.4373716632444,5562.338681141762,3902.1589505231927,123.8173432008893,3627.3204224497294,6617.439705761452,7.084398072681348,9.311738884545822
2022.4401095140315,5572.790061270258,3902.1589505231927,121.60631921090803,3619.507966311215,5514.533003630599,5.903664916967786,7.759782215040215
2022.4428473648186,5583.2414413987535,3902.1589505231927,119.39529522092676,3611.695510172701,4411.626301499744,4.722931761254225,6.207825545534609
2022.4455852156057,5593.692821527249,3902.1589505231927,117.18427123094548,3603.883054034187,3308.7195993688897,3.542198605540663,4.655868876029004
2022.448323066393,5604.126996794161,3902.1589505231927,115.00286816943944,3596.058181828784,2348.575605661593,2.456374638389199,3.2286609251255225
2022.45106091718,5614.4071111240755,3902.1589505231927,113.08615347419706,3588.122682194121,2115.0879195627085,2.2107365003231463,2.9057939464082447
2022.453798767967,5624.665484226838,3902.1589505231927,111.20138424835642,3580.1769783172053,7810.410537492173,1.9896628493125414,2.61521455048155
2022.4565366187542,5634.902088152027,3902.15894996543,109.34802852423478,3572.221630673899,7029.369645525818,1.790702025029341,2.3536952081686864
2022.4592744695415,5645.0585485271495,3901.8960103613417,107.84684917669857,3564.257189250406,6326.432581156664,3.9403944977384153,3.0980874999001617
2022.4620123203285,5655.070088459621,3901.4076422059356,106.71921807767961,3556.2895485723593,5693.788764953334,8.498076036700468,4.864872860504658
2022.4647501711156,5664.998652880947,3901.1553313212853,105.43547847691401,3548.324934636446,5124.232028781219,11.172907680326174,5.683692604463107
2022.467488021903,5675.035043061741,3901.1015682217985,103.84493169174856,3540.3607543403036,4611.796279428829,10.833550568964142,5.28345628991854
2022.47022587269,5685.162560485574,3901.101565769105,102.11418505996403,3532.3918860009476,4150.602400349692,9.750239042007077,4.755106428278254
2022.472963723477,5695.271126420743,3901.1015657748544,100.4084768479704,3524.4169282720213,3729.460936959545,8.760924302743996,4.272625896789558
2022.4757015742641,5705.337184947421,3901.1033579728037,98.75098804986021,3516.4344663455036,3756.1332475724503,7.884828593081383,3.845361480102198
2022.4784394250514,5715.300086109121,3901.124738772627,97.18282240424996,3508.4462500295876,3380.5389314186996,7.92000197522451,3.6710322235560793
2022.4811772758385,5725.0846684637145,3901.191331776514,95.75201454946395,3500.4537825258935,3042.482418323637,8.407207282925732,5.521328037442426
2022.4839151266256,5734.945773658874,3901.2789038159326,94.22565436101974,3492.4593654797613,2738.227580598607,7.695822215137026,5.496824404181413
2022.4866529774126,5744.834536822098,3901.3339959494356,92.70764974750705,3484.461414796548,2464.4706205584143,6.926170332415269,5.133933776753202
2022.4893908282,5754.808907463304,3901.3339963409685,91.16252045997605,3476.460073051342,11807.063219476653,6.2335460009914465,4.620539758106076
2022.492128678987,5764.51948533372,3901.304314889892,89.91469684288438,3468.4549002490953,10626.357409291659,14.419886387003901,5.001060011029401
2022.494866529774,5774.001191347069,3901.269073878345,88.90017007041773,3460.4508620197594,9563.68577811313,26.03826254428272,5.923565838171264
2022.4976043805614,5783.441636370362,3901.3468591850883,87.80886889437261,3452.451832865772,8607.076686213688,32.75228798350976,6.3085118366525474
2022.5003422313484,5792.635704449789,3901.551884995112,86.83296630256355,3444.4565415681327,7746.36129048514,40.74456168116663,7.1075619079642935
2022.5030800821355,5802.061658261417,3901.7440966168188,85.63235244357564,3436.4668899937847,6971.723816252362,40.77545248202941,6.865029762402624
2022.5058179329226,5811.904528984993,3901.7441004068173,84.20514992741177,3428.4791179963736,30818.014604583725,36.69798429475504,6.178533258975896
2022.5085557837099,5821.725520982918,3901.744100590453,82.80173204932349,3420.4894436928926,27736.219449022687,33.028286494669,5.5606803193319445
2022.511293634497,5831.272432034461,3901.7503771244756,81.66761955057049,3412.4982686060844,24962.59729437514,46.07872188624641,5.118415088409788
2022.514031485284,5840.681446545923,3901.7422114670603,80.6828547954149,3404.51008450719,22466.26650798142,62.81732295144739,6.599060573292483
2022.516769336071,5849.786897305427,3901.919248945893,79.81097754440326,3396.527373519866,20219.624126512204,80.61671475527214,9.77128148187684
2022.5195071868584,5859.42938369275,3901.96611946762,78.52489269713931,3388.55200145808,18197.644177428807,72.55509741000304,8.794165709974957
2022.5222450376455,5868.8453408733385,3902.0809636483764,77.39694752706579,3380.577045266811,16377.739001925855,68.299051144024,8.481741038975471
2022.5249828884325,5877.91466153301,3902.260881157788,76.54751545132905,3372.6051391734645,14739.947185921814,71.68388194249832,9.291683685196142
2022.5277207392196,5886.538090425448,3902.562812171698,76.01427994785115,3364.640914770593,13265.904568901864,78.88901328904144,11.699801724438165
2022.530458590007,5895.155389302704,3902.9865031390186,75.3524886271018,3356.689616246766,11939.212640908167,74.33969051033742,17.428803034100003
2022.533196440794,5904.53412994924,3903.1415568747448,74.18712947854263,3348.749081013061,10745.289691245764,66.90571949082724,15.931626686584249
2022.535934291581,5913.026555492335,3903.848771453946,73.3535923174724,3340.8108780518396,9670.75546352998,60.21515434082934,19.621112359884687
2022.5386721423683,5920.232391366459,3905.5868820799215,72.76789396307285,3332.880529906141,8703.659367478791,55.91384016155609,26.27353461734895
2022.5414099931554,5925.668101584751,3908.8037564493948,72.46159543748459,3324.9621438439676,7833.254950832251,53.09162107002657,33.46046087156126
2022.5441478439425,5928.793890652163,3913.6681195454926,72.80113703537914,3317.060350082563,7049.920572416122,51.33711933899593,40.52050293373572
2022.5468856947296,5930.875885133818,3919.420027769263,73.26963763373169,3309.1858467787833,6344.875424949514,49.254231723766985,44.16427665972727
2022.5496235455169,5938.063764060498,3921.280304160247,72.49448870398462,3301.3407403908627,6025.492437346261,44.32885690336383,39.74808376192111
2022.552361396304,5946.812901579246,3921.8438394049176,71.44624623940938,3293.504210092021,5578.559799847765,39.89582039592046,35.773140159992664
2022.555099247091,5954.991863427109,3922.7468919327325,70.62466354542363,3285.6716784103296,5020.6686297497,35.905892158119265,32.19554668585172
2022.557837097878,5961.757508572065,3924.2187568961904,70.6398175755082,3277.846914271829,4518.58991755903,32.38886364994795,29.86749338119537
2022.5605749486654,5966.817658962731,3926.163879871897,71.865522565952,3270.043835915015,4066.7167018339746,30.721286205566262,29.643533464482502
2022.5633127994524,5971.208417151374,3928.1930623854837,73.6347691800116,3262.2825485987255,3660.0214496732196,29.620653860827865,29.647057649365546
2022.5660506502395,5976.010904894091,3929.256495341323,75.90742331371517,3254.5718737664647,3293.8906253593664,28.209750148081817,28.759673125477324
2022.5687885010268,5981.843920413303,3929.153625595334,78.25669382563417,3246.9203574813255,2964.4986237064213,26.237487164705563,26.865089123915496
2022.5715263518139,5988.293954616453,3928.106900854299,80.87272562129631,3239.328916223546,2668.0228582366763,24.110209863980543,24.421622189411707
2022.574264202601,5994.050049922035,3925.5647526708112,85.61371782383813,3231.8018768989114,2401.2001585838952,22.88552901106956,23.282162613278004
2022.577002053388,6003.331878329615,3925.5644865547974,84.18747968694505,3224.374452744243,2161.0620041421744,20.597015020680015,20.953978952400487
2022.5797399041753,6010.95115923902,3924.27724883785,85.71411403944695,3216.943675199287,1944.9529693154723,18.56022360417627,18.858919887018477
2022.5824777549624,6017.972186822492,3922.5374101487005,88.24591160344254,3209.558588740966,1750.4109611228707,17.333522794405205,17.44945355355954
2022.5852156057495,6026.034992935338,3921.656668121315,88.81448579318251,3202.2358504657645,1667.2520507353959,15.600382109697676,15.704390496320523
2022.5879534565365,6033.475202893229,3920.115563510665,90.63631069512023,3194.942820216583,1500.5224973861225,14.652507745061275,14.472551425469085
2022.5906913073238,6040.458250198606,3917.859814372625,93.57966888402069,3187.7000638603454,1350.43927143874,14.190392975777335,13.81460806961328
2022.593429158111,6046.931651326476,3914.9286636692354,97.63913100920455,3180.5262513106827,1215.384699963982,14.119342836139948,13.63119212122037
2022.596167008898,6053.131018159908,3911.9352690992455,101.94764438256472,3173.439665673879,1093.8255127758855,14.124912306312524,13.504305700329514
2022.598904859685,6059.326445174484,3909.3672626929565,105.7445250350936,3166.4432644130643,984.2865990811397,14.047942345985147,13.308485245364162
2022.6016427104723,6065.030575849962,3906.743058808484,110.00529778436312,3159.53046487279,885.8551139881225,14.23650367109909,13.305116749864265
2022.6043805612594,6070.069952980481,3904.137546525823,114.82221388927208,3152.707583920025,797.2636132841751,14.642564363255241,13.579482834115161
2022.6071184120465,6074.907627318753,3902.2311445871123,119.04336403453831,3145.9830613751988,717.4771836657668,14.856369796594754,13.570316023205754
2022.6098562628338,6080.591276629501,3901.1398008338256,121.51405457451168,3139.347965277761,645.7276238090375,14.422344755904106,13.063137150551873
2022.6125941136208,6086.44380232759,3900.3244603938547,123.4805543098923,3132.772180284265,581.1468946720236,13.853019410046883,12.477930262641104
2022.615331964408,6093.573641117135,3899.952170658845,123.67585127070095,3126.24723426892,523.0299452837193,12.612898363267744,11.23993170070279
2022.618069815195,6100.705160786754,3899.493422933972,123.93480521160943,3119.7434083832627,470.71893165733115,11.54170299682518,10.289955203015325
2022.6208076659823,6107.569233637416,3898.8158830643697,124.65787501082146,3113.2617056029917,423.63743105734153,10.684697773198542,9.604030587673176
2022.6235455167694,6114.138951029061,3897.862788638879,125.92108110988875,3106.8097765377684,381.261654233931,10.010415304730369,9.249950074949739
2022.6262833675564,6120.610061757607,3896.7875985322476,127.3662393529383,3100.396597672807,343.12936787516304,9.369386979667661,8.973101348282851
2022.6290212183435,6126.747205297924,3895.4823133489467,129.33388057981486,3094.0249980889134,308.80425753255315,8.82981743470027,8.871395999592496
2022.6317590691308,6132.715881591575,3894.012596225695,131.58411187960024,3087.703707618734,277.91983293272216,8.307661461172499,8.794579981841883
2022.6344969199179,6139.829390495125,3893.075302555304,132.10219069333607,3081.4373135718374,473.6013839787335,7.518881142986221,8.073751875917656
2022.637234770705,6148.044195672069,3892.660640198147,130.97054023530438,3075.196721210084,527.665654856479,6.924406722989303,7.2663712543746835
2022.6399726214922,6155.734683495894,3891.8014890955674,130.80945719959038,3068.954367524552,474.9052068222026,7.245468606176522,6.5445783823609815
2022.6427104722793,6163.273345075144,3890.773349942205,130.95478379325834,3062.726418504996,427.4137986896671,7.667563933333654,5.9934154281490155
2022.6454483230664,6171.5340246710175,3890.3396835741305,129.7641231884164,3056.51796588204,715.7918951146756,7.07036327427786,5.394071439856149
2022.6481861738534,6179.589411834922,3889.724621295974,128.96298442655976,3050.3066797581446,644.2163262283676,7.833382013061095,4.854657657833372
2022.6509240246407,6187.674873489709,3889.081014733458,128.15665221192882,3044.0990568805096,612.5490328938281,8.333092086423049,4.3691720321529255
2022.6536618754278,6195.807149526954,3888.4062422229363,127.33110403632494,3037.895001529391,551.2930546324183,8.676330535236216,3.9322257331825825
2022.6563997262149,6204.1841424173435,3887.9416333389504,126.04743513714567,3031.694186422165,825.9659311731464,8.253593803497015,3.539001649516678
2022.659137577002,6212.4789893958,3887.297994251636,125.02934788935181,3025.4889657788176,743.3709557122344,8.797941850581925,3.2762648166268242
2022.6618754277893,6220.4919544461745,3886.2120090414924,124.73545645208259,3019.283777375859,669.0331908621071,10.108745844076184,3.397274434709743
2022.6646132785763,6228.28495818253,3885.096564972826,124.6788873151195,3013.0906868451316,602.1271347375562,11.415989898431386,3.514852275903331
2022.6673511293634,6236.152298053722,3884.329420789943,124.18366147388504,3006.9136169980598,541.9109455345555,11.659902626876825,3.7980427146717797
2022.6700889801507,6244.034828818082,3883.835478908249,123.39137388391728,3000.74521570536,488.2325864095573,11.280715187000428,4.01623717056084
2022.6728268309378,6251.712348498532,3883.4463697995448,122.69557063443094,2994.580508383097,439.39467436450497,10.997217569016996,4.279455815877094
2022.6755646817248,6259.011254678715,3883.2025409170265,122.2278003910506,2988.4211013288145,395.45237275299127,10.860920769439577,4.770328127503549
2022.678302532512,6266.170365837844,3883.267250064447,121.58224367948242,2982.270737733827,355.8884871150582,10.084473243250306,5.4516291811650355
2022.6810403832992,6273.650341307592,3883.5442782460063,120.39737484990503,2976.126502912098,320.302656177406,9.07602093114201,5.490922312527957
2022.6837782340863,6281.187062350843,3883.886677453715,119.09330166747714,2969.9793558435676,322.41790579507074,8.168375301324291,5.362502945479356
2022.6865160848733,6288.722615143001,3884.2695083580834,117.75485823445703,2963.8273155800607,290.17647337652534,7.388129559886454,5.182733280577064
2022.6892539356604,6296.160325912173,3884.673271341929,116.49875883339904,2957.6698412281003,261.14728669883687,6.719010794867516,5.037892914027972
2022.6919917864477,6303.3030249871945,3885.120078747418,115.49870971576269,2951.5082838652243,235.03134334541292,6.216185678025541,5.036236780406069
2022.6947296372348,6310.12706461385,3885.5969706665946,114.78702382576458,2945.346938209387,211.52716042115603,5.828858368133928,5.087377593976411
2022.6974674880219,6316.960584517034,3885.99706621508,114.13767347502264,2939.190573108463,190.3644598658296,5.424602432053699,5.047419509401159
2022.700205338809,6324.886696340237,3886.1008471927807,112.68596303275322,2933.0402907498237,16269.295581563012,4.882142173108104,4.542677579378048
2022.7029431895962,6332.23597564502,3886.117400730565,111.9056575815944,2926.882663358411,14642.410086908338,78.70693366539774,4.217478966210234
2022.7056810403833,6339.3668322284375,3885.8561390380537,111.6177250178481,2920.7289010312443,13178.168730765608,150.59495670663614,4.115521344560283
2022.7084188911704,6346.547136116448,3885.462734122059,111.4004421437553,2914.5871849333216,11860.175506932766,200.03294071041242,3.957550434509272
2022.7111567419577,6353.790221491232,3885.0461116948313,111.13043296695731,2908.458631162564,10673.584688895644,232.13815557767924,3.7558131106810135
2022.7138945927447,6361.330965617376,3884.7138834334514,110.4660815315784,2902.3423667331813,9605.661417868823,239.0655589127352,3.4430438372924406
2022.7166324435318,6368.781449356003,3884.2794068830985,109.98852055665382,2896.2318205198303,8644.632182394895,247.44202969341623,3.2016785787684503
2022.7193702943189,6376.045224757303,3883.6681781749626,109.86561653512442,2890.1300778481923,7780.136343555642,247.70553155102408,16.32610554032172
2022.7221081451062,6379.051274447577,3887.3703316021197,109.67238690451376,2884.0430043613737,7002.107981998092,223.23012572518675,39.90377887603413
2022.7248459958932,6373.663603197533,3899.3633182929966,109.56858638413857,2877.9693894409197,6301.895146535148,202.40877303329296,61.666235622978206
2022.7275838466803,6361.984550014139,3917.81337758773,109.28418757167442,2871.9106821420414,5671.692656220386,182.22465436869655,71.14966781997771
2022.7303216974674,6345.894281642448,3940.7062697482916,108.95631966196628,2865.863826262876,5104.467268399929,164.82227072432633,82.69402537165273
2022.7330595482547,6326.580135261782,3966.911866389181,108.5285155880351,2859.828080076584,4594.004542198443,148.59170119500388,87.6451812054317
2022.7357973990418,6304.972366110671,3995.403350669571,108.09904722784118,2853.8017333074986,4134.550159329983,134.4312548114537,91.81017664798522
2022.7385352498288,6282.536680312655,4024.7873980267614,107.5955864979587,2847.784732478208,3721.012953836163,121.4352130095448,91.75933065590145
2022.7412731006161,6260.45820177542,4053.892897481877,107.00538170244212,2841.7758163558415,3348.7790976963443,109.36394918793904,89.84114345382245
2022.7440109514032,6238.375095100555,4083.0506137656585,106.36095381883507,2835.7735346305317,3013.8023966478936,98.5764603994911,88.85446170101055
2022.7467488021903,6216.956352772449,4109.34174266094,107.91302847977819,2829.776973402416,2712.41492716073,88.71862007233256,79.96938739614144
2022.7494866529773,6198.360768134525,4126.461233955978,115.7713011928455,2823.8226940322356,2441.185023582431,80.1350960934263,77.84324079924772
2022.7522245037646,6194.0498932266,4130.56419160707,122.21409797527286,2818.015714506642,8797.435456638717,72.12158253299097,70.058915834861
2022.7549623545517,6196.541105492849,4130.708792880343,125.68989266511751,2812.332006277272,11049.302101725913,73.31240664663598,63.052905796681536
2022.7577002053388,6192.185026678062,4127.5753692765065,139.21748890279798,2806.721812458212,9944.429014824387,103.91962414696035,57.13286040780282
2022.7604380561258,6181.491180148429,4117.693059207171,165.59099662976863,2801.3523613302145,8949.943076221969,158.08428851973338,54.54945450143265
2022.7631759069131,6171.429295836421,4105.351460730995,193.34399656023984,2796.430744187927,8053.519416420109,210.47814488924612,51.90978955584191
2022.7659137577002,6162.272430921482,4091.499515666554,221.21979345473096,2791.991657272815,7248.161304938069,233.561301925216,46.71879480200785
2022.7686516084873,6154.740205589929,4076.456365478701,248.2161716706676,2787.998554576286,6518.141134736163,252.16471545555382,42.01337230232498
2022.7713894592744,6149.326755802824,4060.8412856526497,273.1758074599407,2784.495348400169,5866.043464041223,255.76864118555778,37.810257861244125
2022.7741273100617,6144.869342811854,4045.0607363920763,296.9174949141041,2781.4195231975464,5279.438972418089,283.681444673145,53.29017872998893
2022.7768651608487,6140.581214618677,4038.9437092772405,310.4222728863112,2778.747800533348,4751.492154850381,285.9115826976516,58.67746053575881
2022.7796030116358,6130.010969822664,4033.885702866981,328.91784605616203,2776.30837856977,4276.322429064418,296.92558430536076,72.14552438791505
2022.782340862423,6124.908591999945,4034.773823475149,335.68443039117216,2774.1839514493167,5688.253015455323,280.9525622177531,72.27536751828644
2022.7850787132102,6121.820650258894,4036.5426861547035,339.4372042542152,2772.17815664777,5119.473811170057,275.6961133310978,70.77292078277702
2022.7878165639972,6119.177981716528,4038.7035002790362,342.2846851045301,2770.2404302154873,8855.943802157874,265.6106425525095,69.740120480094
2022.7905544147843,6117.84526685638,4040.850298088463,343.7834727700387,2768.3554596006998,7970.535356887798,283.2156247746819,67.7849282286901
2022.7932922655716,6124.509298535478,4041.209851991888,339.042599696663,2766.500647091549,12114.589976012488,254.89455549964816,61.0064718266034
2022.7960301163587,6130.69578383397,4041.6991556643197,334.7234541634358,2764.5719036538535,157249.65712747426,232.7559006722516,54.905837001208134
2022.7987679671457,6131.807968552439,4043.5632128050115,334.17055741446376,2762.576458543665,141524.7841834502,1324.5925471286307,54.443453529050565
2022.8015058179328,6135.737012338872,4044.2192319279666,332.01258758915,2760.5772654595917,127372.20010675804,1713.4889238796948,50.19062753909639
2022.8042436687201,6135.341742744949,4043.240664243668,335.8440061148988,2758.547584212065,114634.93317554552,2640.0012359628704,53.67275496141113
2022.8069815195072,6133.516319332901,4041.090439563128,342.2082475624954,2756.586890857058,103163.57114496664,3409.40557167677,60.36306839416502
2022.8097193702943,6130.250881847284,4038.892671553415,349.9484678679188,2754.737776046966,92844.20058793842,3950.3125276215246,68.52829198610293
2022.8124572210816,6123.977407347973,4038.28590043248,358.97140835127686,2753.0229811838512,83559.45306810977,4444.46577831545,85.56373368704614
2022.8151950718686,6117.729194010861,4040.8356777470945,364.65745259586066,2751.4632729617674,75203.29035720575,4558.690506936212,95.10037213753641
2022.8179329226557,6108.625707054797,4045.559915958315,370.9253617685913,2750.0025125338802,67681.8721288514,4497.587290136626,250.14615546857166
2022.8206707734428,6048.763248916699,4095.8884110138183,382.23939056533396,2748.6503468197307,60913.6736965648,4294.237995588653,816.4505105389513
2022.82340862423,5835.536535224036,4301.163859321008,391.77852306963985,2747.4903797008956,54822.04325813205,4109.050564459367,1273.1448444321709
2022.8261464750171,5598.286983714094,4535.30318168308,396.31444856876124,2746.4925833496495,49339.585373662216,3807.3272901913247,1449.2495537907203
2022.8288843258042,5248.049585584102,4879.325348396178,403.8770194554324,2745.573143879872,44405.325428800774,3618.7124373197216,1695.7167089937163
2022.8316221765913,4777.741371141442,5340.459398133681,414.26996786669196,2744.7822601737707,39964.60420278165,3489.550079502083,1979.5631987875804
2022.8343600273786,4518.189175792732,5598.066582215386,417.25837635707103,2744.1667629503936,35968.02910714141,3167.0953417018372,1907.9556722095967
2022.8370978781657,4526.129378697095,5598.072311261246,410.3043109197133,2743.6027964375294,32371.16657732405,2850.3818076432444,1717.1616326229664
2022.8398357289527,4534.074861443515,5598.072311261246,403.40118921878644,2742.9883353920345,28933.209340136982,2547.6590673011906,1534.7919664398844
2022.8425735797398,4542.016913327704,5598.073132881357,396.67709523382126,2742.1974558726984,26037.45065439509,2292.6785090112858,1381.1834569690532
2022.845311430527,4473.830733943017,5661.395138848842,402.8707459800942,2741.295878543629,23433.68584725,2063.4094395625007,1243.067215440021
2022.8480492813142,4286.493695244915,5742.941873394104,509.8848429539702,2740.4999857225903,21090.36211970793,1868.8659728226523,1240.5814149272405
2022.8507871321012,4294.42896130482,5742.941949475865,501.3875713621128,2741.4898151727866,78963.47396780859,1681.979114197183,1116.5237379018256
2022.8535249828885,4270.725398514718,5723.252851040544,544.3626032710202,2742.3353444893028,71067.16156887934,1654.722053574989,1004.8724143020785
2022.8562628336756,4142.415683031893,5588.985490355169,805.8081573705435,2743.894766557982,63960.40065468715,2540.074177243924,985.0733594261884
2022.8590006844627,3984.5956512201396,5380.9919023493085,1166.137932097336,2749.8065116488037,57564.21840074465,4172.509538295171,991.9165724449324
2022.8617385352497,3822.674698843902,5162.498733336751,1535.0857291054585,2761.700736029474,51806.97517447376,6386.442601265817,986.7352129474253
2022.864476386037,3675.954930231635,4981.034196778663,1845.686209326775,2779.71246097851,46625.64383136872,8663.66454326024,957.6628520958515
2022.867214236824,3502.1449679077805,4782.401529468151,2195.4135061639686,2802.8556937756857,41962.82141409929,11792.845260254539,962.1318856235737
2022.8699520876112,3329.2906010020347,4608.106006435008,2514.1069471973697,2831.740042681174,37764.370213082766,14734.36037663286,1175.4588074387257
2022.8726899383983,3162.751278232087,4518.6627544019375,2736.379905627385,2865.8775590541795,33987.44580450643,16357.555536062535,1447.106996165226
2022.8754277891856,3013.7588988984717,4489.01735592038,2877.691507457879,2903.6316350388565,30588.64511590568,16687.678499993763,1600.5360765477265
2022.8781656399726,2868.4762089869573,4481.58608343491,2990.8307752519668,2943.634229641756,27529.210752303,16536.677076681128,1743.2428342855433
2022.8809034907597,2723.29156860762,4495.640268717515,3080.611144374473,2985.412215615985,24775.524447538566,16021.329883742437,1962.355389814977
2022.883641341547,2531.1626010818536,4539.149787315815,3186.4948215517634,3028.575954435216,22297.858676491338,15616.431936282095,2474.2630691203185
2022.886379192334,2278.0456198947145,4658.68462781003,3347.157439563038,3073.386573249652,20068.04875509266,15591.390451871113,3555.2715423168797
2022.8891170431211,2050.2211115718383,4886.015479830574,3498.6554879213068,3120.7502800226375,18061.068164260327,15157.319005202222,4687.726399854684
2022.8918548939082,1845.1969557066952,5179.493538414577,3619.703208047408,3170.510404254833,16254.894331337538,14522.488908895644,5382.921232110251
2022.8945927446955,1759.8949901180156,5241.263729589021,3592.1973527756986,3222.1456201654596,14628.748056624818,13070.590456823978,4845.640979854705
2022.8973305954826,1769.063231280276,5241.321281300184,3532.3559159627075,3273.189164105031,13165.498013162704,11763.19638151422,4360.953062955158
2022.9000684462696,1627.7650561103192,5308.948292511313,3556.5495841718775,3323.094559854686,11849.390618100211,10586.82630835332,4105.768010182949
2022.9028062970567,1504.8276428900238,5348.199182007802,3590.4929399389052,3373.2656278114628,11961.835282314882,9527.971619400285,3869.730791350003
2022.905544147844,1433.075193874335,5360.905465536145,3599.367768080439,3423.864865157274,10766.134661639377,8575.05379991024,3517.198904125472
2022.908281998631,1405.6266004607508,5359.891803881848,3577.64891215551,3474.473876150083,58448.44927323339,7717.5471554746655,3165.4785565803254
2022.9110198494182,1403.0859165427662,5356.04583670605,3534.3550792435117,3524.5822601558657,52603.6099099586,7037.553510542259,2848.933689322414
2022.9137577002055,1289.537679563009,5256.169966001092,3698.9575400623216,3573.8318070217692,47343.23661494237,11432.751191304049,2924.1744751650094
2022.9164955509925,1232.7913786311194,5165.12251182607,3795.321774815078,3625.6892273759236,60848.39506703799,12587.987638033625,2722.5629783178224
2022.9192334017796,1210.830390918143,5103.115647223387,3826.3958101418198,3679.010944364841,54764.575384716976,12761.193664598211,2450.3065949793213
2022.9219712525667,1199.3492018478871,5056.764817645412,3830.96245249946,3732.704220655431,49287.29125539805,12239.127847789967,2205.2409146636414
2022.924709103354,1152.9200945897921,4938.555945856201,3942.4055265595616,3786.3270256426363,44358.425688553754,14311.11191157914,2092.778577600565
2022.927446954141,1154.3127337120643,4919.9156038724,3904.7479216649244,3841.6602333988,39922.56804341414,12880.016115386807,1883.500676092414
2022.930184804928,1113.0539569312364,4822.076160209323,3989.719831518011,3896.214443989619,35930.21156463886,14274.051616204648,2046.7137377955607
2022.9329226557152,1055.3805913240153,4726.990805946968,4087.085794001838,3952.035101375367,32337.154788082396,14837.988712250291,3404.461340189961
2022.9356605065025,963.2500630586703,4693.822842791193,4155.523603568105,4009.3236832302264,29102.945199574635,14968.17929950938,4277.097663966071
2022.9383983572895,881.0469276088592,4691.472237928109,4182.231138705135,4067.5977884060885,26192.593765343852,14310.305128348651,4711.88094635409
2022.9411362080766,812.0778653480912,4696.630178743166,4187.910734814834,4126.15721767718,23573.008649921798,13110.412452729859,5066.823254766956
2022.9438740588637,730.874069172755,4710.598803032565,4208.079823562525,4184.651262046973,21215.41926922659,12194.42511119157,5664.510180769059
2022.946611909651,659.9061445494756,4730.199663505152,4201.20526370548,4243.32103398638,19093.758875347583,11095.875289875741,5749.330303396242
2022.949349760438,642.0230876891969,4738.000218013126,4153.321115206367,4301.7155848377915,41487.20238329302,9986.287680112742,5174.581945245515
2022.9520876112251,613.9754866998048,4747.625843634575,4114.734400584582,4359.1521757903,37339.005726407035,10076.880618218256,4827.088058367779
2022.9548254620124,552.5779084316479,4765.898556700574,4108.689851150146,4415.788208240545,33605.10077623922,11806.385357351308,5103.2264452082745
2022.9575633127995,497.1883088615937,4782.203925673446,4101.164847819164,4472.173825517776,30236.568164588934,12917.830535682528,5254.531008037204
2022.9603011635866,490.70377690119324,4779.739750442823,4054.441273107529,4528.274052567119,30975.412199438226,11626.066053888959,4729.081452392906
2022.9630390143736,487.47495826989285,4769.017632572304,4013.652142509548,4583.44201966692,27878.003428387456,10465.085389378874,4256.163379878321
2022.965776865161,492.33097165567415,4760.931023952182,3962.969584770924,4637.7830726398815,25088.62785100432,9418.02529187076,3830.3115228126403
2022.968514715948,475.7464878873276,4725.455487856533,3962.113574270582,4691.12700300422,22580.34005028347,9174.912604167119,3576.8567506445743
2022.971252566735,489.0271536789695,4725.455980501612,3896.0774333410154,4744.309885497063,24379.9289691216,8257.402339680148,3219.1601973065635
2022.9739904175221,502.453123695126,4725.45592531508,3831.1429028640387,4796.246401144412,56906.408088968186,7431.662244067424,2897.244719428987
2022.9767282683094,500.8371040769832,4703.544677085665,3804.386088201449,4846.958383654556,51215.772313142945,8210.724391758517,2843.396819231817
2022.9794661190965,477.4950685908435,4658.867016829512,3822.706552685669,4897.085514912629,46094.16152257314,11268.894570489216,3347.2581358597245
2022.9822039698836,445.8653066660204,4621.978212929075,3841.3580219906685,4947.380511432887,41484.42005597285,13748.351436315565,3792.9992825256327
2022.9849418206709,437.24628246787427,4608.260127965578,3813.654894958981,4997.848647626215,37335.957719657126,13345.105800333151,3596.9033743222644
2022.987679671458,451.36677910537617,4608.260056575514,3750.0941546216804,5047.7168627160845,55878.76420962889,12010.598452855636,3237.2128833212437
2022.990417522245,465.6240401586402,4608.260056575514,3687.592583715009,5096.389072569493,73378.38934409195,10809.538398084522,2913.4915385263644
2022.993155373032,480.01464936502873,4608.260056575514,3626.1327027773973,5143.8862443007165,66040.55804049117,9728.584034547122,2622.1422435132267
2022.9958932238194,494.43089589272506,4608.260056575514,3564.8746297337907,5191.155970816627,58847.28160066495,8668.926058987638,2336.532957359841
2022.9986310746065,508.9516349182065,4608.260056575514,3504.4390846875003,5237.498676837436,52243.225796615836,7696.067655532926,2074.3187330085184
2023.0013689253935,523.5697326499026,4608.260056575514,3444.7734686462163,5282.974095147024,46162.92628084048,6800.3649815853205,1832.900268548998
2023.0041067761806,538.3469440932928,4608.260056575514,3386.366150568091,5327.032101781759,40938.6037011789,6030.758216032027,1625.4683952481462
2023.006844626968,553.2620625258605,4608.260056575514,3329.0651837853725,5369.845850131907,36349.83151546123,5354.7758159266095,1443.2710681866245
2023.009582477755,568.3878697368766,4608.260053228549,3273.4668158917593,5410.746314161467,32660.094181767276,4811.232494612788,1296.770044965183
2023.012320328542,576.1672966553924,4599.190536958514,3235.4509817119683,5450.480137692768,29394.610309652504,4730.633517275096,1530.5926349162046
2023.0150581793291,591.5279086248865,4599.19043565204,3181.526919825746,5489.471588915966,44629.18963581345,4257.57279303282,1377.542123862127
2023.0177960301164,595.9178322478176,4591.104457017666,3147.6650721097913,5527.457391643365,40166.274084678524,4760.739523113312,1982.3907208988926
2023.0205338809035,587.6842319029633,4588.540841901084,3121.572385416407,5564.7751937981875,36149.35523917812,5557.694508226227,2783.836634261365
2023.0232717316906,589.6511972848822,4592.129679439573,3079.6641970192627,5601.555479274925,32534.39093135036,5251.719894224249,2733.76176586763
2023.0260095824779,605.4253020796399,4592.129855027612,3028.336664671997,5637.5366312394,29280.88730025806,4726.541862063957,2460.384273506972
2023.028747433265,616.7167969013537,4593.611950815524,2980.9636956931654,5672.563909608606,26352.69405853018,4253.870805659691,2214.337064501089
2023.031485284052,627.0079499074936,4595.479309920904,2935.0752925757115,5706.721700614537,23712.02346390949,3827.6118613231633,1992.4495125182941
2023.034223134839,643.0640020013329,4595.481613935324,2886.159130633136,5740.0074064488535,21340.00950590288,3444.719664260818,1793.1363640006161
2023.0369609856264,659.1855776010664,4595.481613935324,2837.7670728458265,5772.70578863643,19121.80642832649,3086.6557300091645,1606.7474779019437
2023.0396988364134,675.364966992104,4595.481613935324,2789.893473466982,5804.827898624238,17050.80163606156,2752.3526487139084,1432.7272178827266
2023.0424366872005,691.608499289738,4595.481613935324,2742.5973555862183,5836.308384207367,15138.620993228911,2443.687075712992,1272.052470092532
2023.0451745379876,708.0128632596537,4595.481613935324,2696.765224406105,5866.164051417567,13594.078124556547,2194.365856313451,1142.2692109609864
2023.0479123887749,724.4306492437835,4595.481613935324,2651.055268479668,5895.884121359874,12080.216025233654,1949.997148742152,1015.0639639517332
2023.050650239562,740.9843712702069,4595.481613935324,2606.615967468181,5924.197600344937,10821.068064122288,1746.7445803375094,909.2615744963073
2023.053388090349,757.601977401069,4595.481613935324,2562.781162323014,5951.842699359247,9680.666783390421,1561.3345492088474,812.7470532954571
2023.0561259411363,774.336229207162,4595.481613935324,2520.067501032777,5978.250008843386,8873.200687174674,1405.1848033884537,731.4638677970842
2023.0588637919234,791.1428962338216,4595.481613935324,2478.0663748263974,6003.872368023106,22167.739498377905,1264.6662969658728,658.3174674395815
2023.0616016427105,808.0197615847812,4595.481613935324,2436.7652681720147,6028.724509326534,58272.67384759781,1138.1996590923716,592.4857164391603
2023.0643394934975,824.964714954163,4595.481613935324,2396.15251288529,6052.820211243876,52445.415035305035,1024.3796781695119,533.2371369799575
2023.0670773442848,841.9096684043727,4595.481613935324,2355.5397584157563,6076.9159122632,46618.14765054526,910.5597122602746,473.98856533604146
2023.069815195072,858.8546218545824,4595.481613935324,2314.927003946223,6101.011613282524,40790.880265785476,796.7397463510375,414.7399936921255
2023.072553045859,875.799575304792,4595.481613935324,2274.3142494766894,6125.1073143018475,34963.6128810257,682.9197804418004,355.4914220482094
2023.075290896646,892.7445287550017,4595.481613935324,2233.7014950071557,6149.203015321172,29136.345496265916,569.0998145325632,296.2428504042934
2023.0780287474333,909.9696058446436,4595.481613935324,2195.960937724568,6170.146395514116,25781.7578718679,503.57700021702544,262.1351863642172
2023.0807665982204,927.292186549368,4595.481613006269,2159.253837298855,6189.958816164163,23146.116031227575,452.096965923192,235.33738409512955
2023.0835044490075,943.9803455443879,4594.287442767423,2125.158965665056,6208.987599041788,20831.500392013535,524.9755607317297,219.90729362889357
2023.0862422997945,961.4191638430464,4594.28743743052,2089.739622444491,6227.396029300598,18748.33576728645,472.47897659122884,197.91655863168404
2023.0889801505818,978.8579887719279,4594.28743743052,2054.320306350073,6245.804420466133,16665.185728085096,419.9814205180559,175.92582926879467
2023.091718001369,996.2968137008096,4594.28743743052,2018.9009902556556,6264.212811631669,14582.035688883745,367.48386444488295,153.93509990590533
2023.094455852156,1013.7356386296912,4594.28743743052,1983.481674161238,6282.621202797205,12498.885649682392,314.98630837171,131.94437054301596
2023.0971937029433,1031.1744635585728,4594.28743743052,1948.0623580668205,6301.029593962741,10415.735610481039,262.488752298537,109.95364118012661
2023.0999315537304,1048.6132884874544,4594.28743743052,1912.643041972403,6319.437985128277,8332.585571279684,209.99119622536404,87.96291181723726
2023.1026694045174,1066.052113416336,4594.28743743052,1877.2237258779853,6337.846376293813,6249.435532078331,157.49364015219106,65.97218245434789
2023.1054072553045,1083.4909383452177,4594.28743743052,1841.8044097835677,6356.254767459349,4166.2854928769775,104.99608407901809,43.98145309145853
2023.1081451060918,1101.2835397088525,4594.28743743052,1810.5259940283179,6370.168481850961,6448.688397101374,89.32362478788565,37.416444423035514
2023.1108829568789,1119.1639560945544,4594.28743743052,1780.3505607546047,6382.891398738975,9690.562496483706,80.39126218906529,33.674799930452046
2023.113620807666,1137.0792278463562,4594.287436207238,1750.6780292534731,6395.07655971159,10157.640423611874,72.35210176911751,30.307338763967927
2023.116358658453,1155.0085613709678,4594.205098691843,1721.6017097685417,6406.733783187296,10208.684825725568,66.79665834613802,29.723653178931244
2023.1190965092403,1172.5926576537172,4592.720802886833,1694.789136699755,6417.874455778342,10885.61629094155,194.00828738461828,101.49400191299661
2023.1218343600274,1189.0149741795797,4592.392046521601,1668.4601497827018,6428.537782534761,9797.110930233266,351.16276977561074,155.92725870596706
2023.1245722108144,1205.2205560051825,4593.00329400236,1641.8759745806951,6438.733028430407,9287.439086911278,421.36401237250413,174.39710350159936
2023.1273100616017,1223.2888094656828,4593.003297873937,1614.5113646954728,6448.457280983549,13608.202949411321,379.2284717218325,156.9576179916635
2023.1300479123888,1241.383715242962,4593.003297873937,1587.6028338709034,6457.698806030839,12247.450646669193,341.30554990409905,141.26182529743872
2023.132785763176,1259.4880360686907,4593.003297873937,1560.8610699192402,6466.764149156769,10937.254908069319,304.79280885461236,126.1496876579581
2023.135523613963,1277.6330981144797,4593.003297873937,1534.846718634444,6475.061338395778,49478.016413686804,274.3135269900044,113.53471848690644
2023.1382614647503,1295.8008921779565,4593.003297873937,1509.2659397172608,6482.9022232494835,44530.2208896346,246.8821723699963,102.18124584313631
2023.1409993155373,1313.9686862557533,4593.003297873937,1483.6851610733536,6490.743107815595,39582.41924826591,219.45081967099588,90.82777399444566
2023.1437371663244,1332.1364803335498,4593.003297873937,1458.104382429446,6498.583992381706,34634.617606897235,192.01946697199543,79.47430214575502
2023.1464750171115,1350.3042744113466,4593.003297873937,1432.5236037855386,6506.424876947816,29686.815965528556,164.588114272995,68.12083029706437
2023.1492128678988,1368.472068489143,4593.003297873937,1406.9428251416314,6514.265761513927,24739.014324159874,137.15676157399457,56.767358448373734
2023.1519507186858,1386.7369284333668,4593.003297873937,1383.2884925284918,6520.083134182843,22026.876558797943,122.12026719146259,50.54395351649477
2023.154688569473,1405.026390567336,4593.003297873937,1360.192144810785,6525.31791976658,19795.6120989996,109.74980642922314,45.42398442271631
2023.1574264202602,1423.3308111390904,4593.003297060876,1337.493764516493,6530.139780302184,17799.52388359433,98.6832329266034,40.8436623013271
2023.1601642710473,1441.6290558901812,4592.964946195083,1315.2609702036498,6534.540580729732,16019.555382303772,89.55885205437818,36.98859435935931
2023.1629021218343,1459.4618688720493,4592.043432981357,1294.7594042979044,6538.558746867335,14417.599437628402,119.45482620343607,194.63428781297495
2023.1656399726214,1474.3282310861227,4593.8209120347055,1274.8779517766675,6542.224258121148,12975.817951662651,152.30363244355317,352.34595894126994
2023.1683778234087,1484.2520134647802,4600.206008428597,1255.6728549315096,6545.5483761937585,11678.213230438003,193.85964827366772,512.6913106689759
2023.1711156741958,1497.0939416793076,4604.907805424191,1235.561943368368,6548.543462546779,10510.307282249636,192.19517646024505,512.0861448253713
2023.1738535249829,1509.7391160390343,4609.892708364435,1215.7036578498537,6551.199570765323,9457.773877770622,192.7703216515863,499.7906881747481
2023.17659137577,1528.115290483143,4609.8928990496825,1195.4419176964664,6553.512845789358,32839.13032747308,173.4943015950585,449.81268671075946
2023.1793292265572,1546.4980201842352,4609.8928990496825,1175.5178850206419,6555.482048764091,29555.240782735986,156.14486735875323,404.83140746954064
2023.1820670773443,1564.8807498987267,4609.8928990496825,1155.593853059034,6557.451251011207,26271.32774998868,138.79543719924737,359.8501387984647
2023.1848049281314,1583.2634796132181,4609.8928990496825,1135.6698210974262,6559.4204532583235,22987.414717241372,121.44600703974153,314.86887012738873
2023.1875427789184,1601.6462093277096,4609.8928990496825,1115.7457891358185,6561.38965550544,19703.501684494062,104.09657688023567,269.8876014563128
2023.1902806297057,1620.0289390422008,4609.8928990496825,1095.8217571742107,6563.358857752557,16419.588651746755,86.74714672072983,224.90633278523686
2023.1930184804928,1638.4116687566923,4609.8928990496825,1075.8977252126028,6565.328059999673,13135.675618999445,69.39771656122397,179.9250641141609
2023.1957563312799,1656.7943984711837,4609.8928990496825,1055.9736932509952,6567.29726224679,9851.762586252136,52.04828640171812,134.94379544308495
2023.1984941820672,1675.177128185675,4609.8928990496825,1036.0496612893874,6569.266464493906,6567.849553504829,34.69885624221227,89.96252677200901
2023.2012320328543,1693.5598579001664,4609.8928990496825,1016.1256293277796,6571.235666741022,3283.936520757521,17.349426082706422,44.981258100933076
2023.2039698836413,1711.9629116633287,4609.8928990496825,997.4525438510698,6571.933598454571,1237.1248168451011,6.535784220013964,16.945102131177062
2023.2067077344284,1730.3961088808999,4609.892892691986,980.8283408784081,6570.552510567359,1846.7059410602553,5.882203799826371,15.25066508519843
2023.2094455852157,1748.5265494120652,4603.454029585435,971.2190381667027,6568.898135854445,1662.035346960415,5.293983419839004,91.18757532075385
2023.2121834360028,1762.8104366097496,4593.805010365006,968.8220646015787,6567.088141442316,1495.8314785119055,4.764584014773003,223.35847234581186
2023.2149212867898,1767.725907487569,4591.341751581334,968.6427367201007,6565.243157229648,1346.246581433225,4.288120041584281,345.51036928619055
2023.217659137577,1765.6762467230694,4598.41312879151,965.8918605171375,6563.400216986937,1211.4894177523986,3.858885975332008,408.35420850459815
2023.2203969883642,1760.263580159576,4611.339290905986,960.6899201133054,6561.516561839782,1090.3188150129674,3.4729283824037958,411.1957945985682
2023.2231348391513,1758.0645740690798,4624.559363627417,952.0611685887095,6559.552146733443,981.1615208542493,3.1252360746032517,387.51576526865784
2023.2258726899383,1760.870326594125,4635.872990491002,940.4693406397063,6557.4524952938145,882.7272962818504,6.15700147907479,349.2722651745796
2023.2286105407256,1779.2638288984617,4635.8730073679335,924.7948548737726,6555.161361878482,13969.991932559207,5.541316443014834,314.34502133965145
2023.2313483915127,1793.3061972026837,4639.808650794014,909.79084093453,6552.6152640874225,12572.999141703851,108.02365120388308,282.91050790907815
2023.2340862422998,1805.780197459961,4645.392409550562,894.9500804351306,6549.8261655729975,11315.646707759886,226.254958119591,254.618275341472
2023.2368240930869,1823.741820977845,4645.722690367524,880.1147232697891,6546.797518403494,10183.952277093953,203.6862984549911,229.15352802375014
2023.2395619438742,1842.0279774413787,4645.751178347533,865.480308169484,6543.545189060261,9158.217178880075,183.1712952988479,206.07274809814703
2023.2422997946612,1859.3244435361944,4645.409274240069,852.4561498492469,6540.042685393145,10411.217084647285,175.96726276798307,185.46207892836193
2023.2450376454483,1874.2922789105737,4642.263994383478,844.7718037968651,6536.332375927734,9370.140637993187,236.6872268134037,166.91573987975255
2023.2477754962354,1892.3675957969538,4641.923191449266,831.2934063129916,6532.5041594594395,11057.248258976913,213.0219262466779,150.22395507618438
2023.2505133470227,1910.6925252421818,4641.922839243731,817.4385819141605,6528.46230661858,10112.017779463951,191.71389084558942,135.19743849829297
2023.2532511978097,1929.006625026665,4641.922839243731,803.8145704298415,6524.200118318416,9100.801625749793,172.54217769259043,121.67746611403075
2023.2559890485968,1947.3207231269898,4641.922839243731,790.1905940646055,6519.937896583327,8089.599847803398,153.3707886080315,108.15772226420145
2023.2587268993839,1965.6348212273147,4641.922839243731,776.5666176993695,6515.675674848238,7078.398069857002,134.19939952347255,94.63797841437216
2023.2614647501712,1983.9209959715731,4641.9226774051685,763.4837465050878,6510.900433136823,6308.04830405424,119.59433129926437,84.33842315368456
2023.2642026009582,2002.0249635091984,4641.660416732813,751.1821819439156,6505.788190832729,5676.82554731663,107.62713823763619,75.89910157264336
2023.2669404517453,2018.233585260647,4638.340623399782,744.0256264498792,6500.483817908348,5109.142570146409,121.80217119532388,92.5716434236678
2023.2696783025326,2034.660195299583,4636.640170770321,735.1364842233907,6495.074702725356,4598.227003663065,121.04031317774293,97.4778367631628
2023.2724161533197,2051.522865142239,4635.744883114098,725.1393623064882,6489.532342455831,4138.369737305348,112.02247499650045,95.51100715595712
2023.2751540041068,2067.716093071731,4634.6894769939145,716.123308047317,6483.838474905697,3724.527578233976,104.42357725696857,102.02217315293719
2023.2778918548938,2081.626019929033,4633.463527347841,709.6957475253956,6478.00995821639,3352.0637972429868,105.29271335035553,124.88948508178538
2023.2806297056811,2095.8685581722057,4633.665638158982,701.5986118416889,6472.090344845781,3016.817923293123,100.69768446567525,130.1776515617959
2023.2833675564682,2108.480473151928,4634.684828998806,694.4338011859917,6466.0519496819325,2715.1366938104875,100.04037204989034,138.85611996939298
2023.2861054072553,2123.7501501946927,4635.611442438536,684.8067162997357,6459.910644085695,3371.7968440821087,90.95696924973919,128.695520682923
2023.2888432580423,2138.246313056045,4636.894657561386,675.7401590520608,6453.625723349172,3034.6388223023278,93.74167967622665,122.66265316540907
2023.2915811088296,2155.0807327298216,4637.39339058874,665.2536884526307,6447.206941247477,2731.200096853662,84.40543058747178,110.39667675743827
2023.2943189596167,2173.172191579992,4637.393399531506,654.1661140774171,6440.630947829753,3361.6721285002636,75.96475819564428,99.35681675194519
2023.2970568104038,2188.2317767828463,4637.7193317297415,645.9512906882492,6433.888153817835,3025.5055434660685,85.14536778149004,93.63824380913618
2023.299794661191,2201.3880570897004,4637.904885983694,639.8985510230386,6427.026958922242,2722.9437077205785,103.8284986059698,94.80582316901146
2023.3025325119781,2217.6367779537545,4637.950056250571,630.9758747238855,6420.083644090463,5056.01578245014,97.46092160790046,85.32531424499496
2023.3052703627652,2235.653925335443,4637.9500559907265,620.4596247910422,6413.01064690147,4550.464831525622,87.71484598653375,76.79272075640517
2023.3080082135523,2253.651717314747,4637.95005586847,610.1186313426833,6405.781748492778,45276.088757907004,78.94336381994775,69.11344888188756
2023.3107460643396,2268.64380709543,4635.51488135772,605.3710589498791,6398.400305615647,40748.48653893731,615.3187198167378,69.05350030412767
2023.3134839151267,2283.7763787548806,4633.235074013367,600.386506971485,6390.959993278947,36673.3775795625,976.3761552893603,67.62579191733683
2023.3162217659137,2301.7137530024643,4633.235070354546,590.3800738679693,6383.456955793694,33006.03874548094,878.7392334067438,60.863215846214224
2023.3189596167008,2317.9867845302174,4631.943843251461,583.4754241838717,6375.80770105313,29705.43354617039,971.8988940923208,56.95904881559506
2023.321697467488,2332.726748871227,4629.675023053504,579.1755473270512,6368.064333766897,26734.859980796402,1237.2508181271835,59.7409511529489
2023.3244353182752,2346.376712782943,4627.520598084547,575.9017255817793,6360.270516569415,24061.323267419084,1513.214620679253,69.76279840232692
2023.3271731690622,2360.3114344557252,4626.488380704736,571.2541500195763,6352.4434878386455,21655.12773242786,1598.7615750258853,78.03671070824188
2023.3299110198493,2377.3773443406453,4626.42680583674,562.5607585214021,6344.5604443199,19489.643168709885,1438.8967303208688,70.23379395844198
2023.3326488706366,2395.187594475249,4626.42680560112,553.1847456053861,6336.554107336931,35800.57124220865,1295.0060515323341,63.2103886581918
2023.3353867214237,2411.7667020696927,4626.328240999964,545.2727785553673,6328.413431393666,32220.520292719688,1201.0458513164388,103.8287110544022
2023.3381245722107,2425.8064786344853,4627.729956217923,538.5094173452788,6320.163200821008,28998.439590866245,1196.3911153966678,173.10473419820215
2023.340862422998,2438.203779850245,4631.092656393459,531.5173279071869,6311.823188867806,26097.356023212782,1147.537303792754,210.2639329732577
2023.3436002737851,2447.576872426581,4637.041701096484,525.0570745172242,6303.389204978406,23487.433850478097,1125.5886238283138,250.61667711358425
2023.3463381245722,2453.6865325975077,4646.058301889932,518.8771703467505,6294.870748184504,21138.223103732715,1111.7223426445448,287.50923145081595
2023.3490759753593,2456.370460363055,4658.165056074615,513.112606851902,6286.272529729123,19024.253537696422,1099.2835066685227,319.2439478837075
2023.3518138261466,2458.3280814149457,4670.825538875961,507.5930306305619,6277.601902097226,17121.36162455225,1061.6966922242455,333.14961498399515
2023.3545516769336,2468.618131461144,4676.604473091752,500.69096338000367,6268.862885085794,15409.201854931323,955.5272060097286,304.65558159153113
2023.3572895277207,2486.213301682586,4676.6106002945635,492.3468968292127,6260.033554212333,13866.803282583483,859.8828119705786,274.1691257956965
2023.3600273785078,2493.918252750895,4684.178197785486,486.4472376449999,6251.088564837311,12480.115070313963,773.8940418846661,296.6086457155025
2023.362765229295,2497.440363547555,4694.401182478131,482.14883477501627,6242.069772217987,11232.059493760526,696.5038685041479,327.0179945897263
2023.3655030800821,2493.853431422645,4706.8557624165705,482.77482710910846,6233.004032070368,10108.860061644014,635.3584021244405,366.9512125117194
2023.3682409308692,2501.052025813999,4711.91132182575,479.9790497908542,6223.973555588093,26267.88679408439,571.8225292075925,343.6180015434477
2023.3709787816565,2516.6711389527986,4712.553185732892,473.1983037199105,6214.921224613096,23641.481239003693,514.6401195258393,309.256144259913
2023.3737166324436,2533.503165991913,4712.649254774964,465.8379567261749,6205.781375525645,21275.26693850712,463.1351549080971,278.30349757868476
2023.3764544832306,2546.1331151089644,4712.378935750265,463.14437942353237,6196.543222735934,19147.686877402044,443.97147378492645,250.47274819929305
2023.3791923340177,2551.522197442093,4709.292059357277,470.527829244682,6187.28546697464,17232.896509213264,509.73839364924856,246.60967272947173
2023.381930184805,2553.2110761852623,4705.393318837086,482.27495550323636,6178.176102493105,15509.570817718079,595.2167530959059,252.22630993450963
2023.384668035592,2553.8740247624396,4703.501609391928,492.82052944099564,6169.287189423327,13958.364596762101,661.4042851900084,253.56807915011188
2023.3874058863792,2558.6791152433416,4702.281696040754,498.3517815532579,6160.598660181338,12562.49089088009,664.3083484007616,237.30282256901802
2023.3901437371662,2570.5682336429522,4700.758222516551,496.98683227431144,6152.025864584877,11605.37523875137,604.2294650564587,213.57692073287365
2023.3928815879535,2586.421074338716,4699.934578682287,490.95728932895327,6143.454110668731,10444.8928784738,543.7957914556928,192.21288152937365
2023.3956194387406,2594.8877104441654,4693.034468137126,498.46741438607586,6134.805360051319,9400.389999506424,499.0225886711754,213.36898666047583
2023.3983572895277,2600.0374872569823,4687.243505099357,508.03643466227413,6126.305426000066,8460.324075122626,468.3187109957966,234.42983757949546
2023.401095140315,2598.7344254297564,4683.225897381923,522.1021592069715,6117.988271000028,7614.275988622073,456.6556513087997,270.08779993060745
2023.403832991102,2592.6108762607196,4684.234417923018,535.705159984798,6109.928198850143,6852.7947413121055,447.6007475688835,300.8227475606463
2023.406570841889,2587.312603333641,4688.452115948756,545.0247777909584,6102.11705594533,6167.505189764408,427.9614451590372,310.7663284291495
2023.4093086926762,2587.560069080779,4691.971149696828,549.3205957780224,6094.482638463054,5550.741153867358,394.7191101817047,298.73412136597693
2023.4120465434635,2578.6806518114877,4696.250767853995,561.890179254004,6086.940754099201,4995.657092526699,380.78540389441025,308.5496022166744
2023.4147843942505,2570.7093489436456,4701.5507042275385,572.3022579739184,6079.627941873586,4495.82644120143,363.24150335605253,307.7558404213643
2023.4175222450376,2565.17099558654,4707.641961212248,579.2962712435174,6072.508924976386,4046.0183851719135,342.00515848440597,295.82833864468745
2023.4202600958247,2564.651065993431,4713.10571793121,581.7628178393062,6065.526451254743,3641.315855006733,314.7817959884353,276.8784820670978
2023.422997946612,2581.6967905264773,4713.105735974001,572.0668110279086,6058.604615490301,15467.311093275775,283.30354489814164,249.19059341054734
2023.425735797399,2595.5208952285157,4713.41315316307,565.4276547854394,6051.540149841664,17067.334371771864,278.9264831309497,224.27176894517658
2023.4284736481861,2600.944632197851,4711.948372866981,569.0523610855802,6044.384386868273,15360.599790734592,417.5074947723466,207.1993081778594
2023.4312114989732,2612.7469138160495,4710.004577271429,566.697534636889,6037.308627294321,13824.521963459338,430.3887894324451,186.47931214481233
2023.4339493497605,2623.6388784194237,4706.204603341325,567.1290352620922,6030.2130359958455,12441.905489544042,452.95107305397363,167.8291512923369
2023.4366872005476,2635.143616790108,4701.899615242863,567.4261724787823,6023.144048506936,13710.056399823847,461.59339954717643,151.04578299907809
2023.4394250513346,2645.9738917545883,4695.979969915922,569.9881079845014,6016.099383363672,12339.181237721832,502.45821357310086,136.8123056794794
2023.442162902122,2654.7534836218488,4686.29223537315,578.3068828792426,6009.116651144443,11105.108435736232,573.9696576935468,128.64223759730052
2023.444900752909,2663.335439710862,4675.748012929285,587.5223036541673,6002.2913967243685,9994.308835524589,621.2558074806063,130.51746179655032
2023.447638603696,2673.632176053105,4668.429680406945,591.6244330223083,5995.638763536326,8994.85969102433,596.9673414108092,145.71554628223723
2023.4503764544831,2690.486461685166,4668.429657193226,581.7640724878181,5989.072761652467,24601.095498301725,537.2706710481115,131.14413552240973
2023.4531143052704,2707.3227802822266,4668.429657193226,572.0680039554959,5982.360411587729,22141.002351625793,483.54358005872683,118.02971614016299
2023.4558521560575,2724.1411160961216,4668.429657193226,562.5299581926946,5975.508021536634,19921.4536724963,435.07023101173985,106.19769961812794
2023.4585900068446,2740.941110445998,4668.429657193226,553.1473503930458,5968.518534986406,17919.383219376636,391.3464511634744,95.52502080096944
2023.4613278576317,2757.7224045008315,4668.429657193226,543.9177059076558,5961.394785416963,16113.973753774175,351.9176059509285,85.90070646800687
2023.464065708419,2774.4844041570277,4668.4294923288,534.838995960892,5954.13956057196,14486.353792348757,316.37155573543635,77.22415612206083
2023.466803559206,2791.048961822312,4668.293326802192,526.2368748371824,5946.741189556996,13037.276515278018,284.7247527302525,69.49938559164073
2023.469541409993,2806.3236754223785,4667.117408108643,520.0877746437221,5939.219394843944,11733.51081603897,281.4214568634915,69.3665613278407
2023.4722792607804,2819.9157470172204,4664.724436548639,516.9202479454067,5931.615721507424,10560.11030094484,313.8248083324217,79.94212893017179
2023.4750171115675,2833.06968200663,4662.447184758197,514.1055884359121,5923.981597817955,9498.44222016406,306.39764957655495,112.8541105149242
2023.4777549623545,2842.0597086863113,4661.211006596787,514.4412971055742,5916.319940630021,8548.586123862107,303.218989773069,166.86387946066435
2023.4804928131416,2845.4650331091684,4665.059675844444,515.2502949239065,5908.684849141169,7693.665418435336,301.7835655175979,219.03003719242736
2023.483230663929,2844.5196497584875,4674.040497192634,515.2434610769026,5901.084144990668,6924.220850736026,299.7585785578117,246.90546424165237
2023.485968514716,2840.905874563873,4686.319002799692,514.5866052352998,5893.504170419827,6231.755047720124,292.4268229585407,272.45860715056403
2023.488706365503,2836.2150849072027,4700.731870372303,512.8625854449773,5885.9340122942085,5608.475329248082,281.3616392957662,283.32752151933107
2023.4914442162901,2829.58391915672,4717.407143864127,510.8244910157213,5878.355898982123,5047.4442510365725,271.53929039093134,282.50783708753795
2023.4941820670774,2824.5653015416483,4733.455132560519,507.8143519034482,5870.764567013076,4542.652378607212,257.8115668719536,268.1635659918357
2023.4969199178645,2827.349843546041,4743.661205248442,502.87232418709493,5863.143880037116,4088.340775268087,233.85978150141992,249.31801272177302
2023.4996577686516,2843.8334282228534,4743.666964825665,494.4929973620965,5855.461762608081,3679.4511335288453,210.47230325849742,224.38732104533747
2023.5023956194386,2857.7766761212656,4745.114828687045,487.33059646322727,5847.660951747159,9444.37390748953,189.42506945242616,201.94858523094112
2023.505133470226,2870.8424459834064,4746.171794158999,481.5342354922033,5839.762477384087,12495.51387834296,181.2180792899709,181.74599092060936
2023.507871321013,2877.2675066130505,4745.655565774729,484.02701709002696,5831.788763540891,11247.688625883475,255.63536625587858,169.35592304844337
2023.5106091718,2883.739132962972,4742.078397343424,489.4709008718092,5823.878321840493,10122.81112578428,314.223145996622,159.22135082811542
2023.5133470225874,2889.387483970702,4735.55522965005,498.57171324913725,5816.080226148807,9110.4169080173,364.63660453948086,146.02059196183552
2023.5160848733744,2894.193593784879,4725.506294736927,511.8674347725597,5808.455229724333,8199.340930158445,416.754600881908,139.5826251891865
2023.5188227241615,2900.285240809558,4715.421561219952,523.6710576825981,5801.072593306591,7379.337569221885,444.31060599146133,131.03631177815126
2023.5215605749486,2906.9061380238304,4705.255614523667,534.8098236786437,5793.906776792557,6641.2836561416625,462.46759077627036,123.8223393906843
2023.5242984257359,2912.8818952614956,4694.608572195729,546.8697965985089,5786.945988962964,5976.951182941221,473.0307992513949,125.88257549888824
2023.527036276523,2919.5126992070104,4686.580986649865,555.4357656899226,5780.2047014719,5378.912667247158,446.63439129370994,133.55737669343486
2023.52977412731,2923.5412676514075,4679.747177022096,565.2479323184735,5773.625676026721,4840.980250875302,421.4175260819861,160.26978375143912
2023.532511978097,2927.3955472190264,4677.6046629842185,570.3615759178185,5767.228166897632,4356.83616457555,388.69892790627534,166.3753155894966
2023.5352498288844,2929.700563713327,4677.104568527454,575.2791716912016,5760.9335490867115,3921.143614170055,362.1106205756656,177.97762016607493
2023.5379876796715,2932.621974633149,4678.332103755416,577.7536242624701,5754.738050367661,3528.9829948652373,332.1040652708067,177.85264357344363
2023.5407255304585,2932.277500811813,4680.901525784662,582.0939019645407,5748.600724457681,3175.9854248373745,308.4236381904362,176.412130225153
2023.5434633812458,2929.9466283719903,4684.634976197138,587.1674098369782,5742.552538612586,2858.323589336982,289.4579506061177,180.81153482969881
2023.546201232033,2925.2961150087567,4690.0461879563,592.7815392461633,5736.605610807471,2572.4816031681953,272.9290385207112,189.3202946083223
2023.54893908282,2921.3479462520936,4696.712483151866,596.3288438843992,5730.768079730334,2315.10447075629,254.10745391070924,190.24891228802684
2023.551676933607,2917.594999898743,4703.597701392616,599.3864393325927,5725.006112394737,2083.5779415668167,234.92113291686857,184.1861020239548
2023.5544147843943,2912.646495486952,4709.832997397357,604.2227621128537,5719.310898021523,1875.2062345640795,218.64130657174377,184.18394690864233
2023.5571526351814,2905.395296969976,4714.500559315051,612.8335976958856,5713.7115990377715,1687.6133966578732,204.88355818889147,183.4938303830105
2023.5598904859685,2898.3181346440256,4716.904008809909,623.375433741314,5708.271375823433,1518.8388156436943,191.44681671913526,175.56284037683685
2023.5626283367556,2893.9997115363185,4717.088960949588,633.1863835578272,5703.021796974949,1366.9487577511284,172.30188538807482,158.00624104298558
2023.5653661875428,2888.9498568651406,4714.128133172105,646.696797042421,5697.949965939015,1230.2350832330185,160.7863924834706,142.45415852097202
2023.56810403833,2883.907227256231,4708.604742841185,662.5235234184343,5693.117159502831,1107.1964456790263,153.17724821783227,140.29329665163445
2023.570841889117,2883.145055878317,4703.670625054139,673.2038377474773,5688.561034338746,996.450035243916,137.94949769652743,126.27408118706421
2023.573579739904,2880.512236500238,4694.56839994348,689.7318444308578,5684.1959721441035,896.8034368175081,131.48502428079055,123.0097222235449
2023.5763175906914,2877.917400679073,4684.048052554921,707.3527753154052,5680.118124469278,807.1148154590924,125.48973603672235,121.26039522341095
2023.5790554414784,2877.897078239422,4674.98308613788,720.6390799809799,5676.345008660394,726.392705397294,118.03166637149639,116.35585171620029
2023.5817932922655,2876.8386906158817,4664.714085011809,735.9378751670499,5672.801502223932,653.6655702021211,111.73667636555338,110.65659641640428
2023.5845311430528,2882.1608561453286,4657.47440729124,741.5595800036197,5669.525209578486,3314.9524904955797,101.86924088830203,101.42108923233513
2023.5872689938399,2892.114389440414,4652.775245582677,739.9067284556551,5666.351589539927,19293.89071341173,134.07639061825805,91.27897483834468
2023.590006844627,2903.305646803534,4648.8247976394,736.2862906479111,5663.159117927831,17912.313942001027,381.1500769963463,82.15104988925191
2023.592744695414,2908.686012825456,4640.149614760339,743.2530719767934,5659.915053456087,16121.085203957447,928.5674843320867,78.03538586557151
2023.5954825462013,2914.002098418545,4631.679073129399,749.9546082375551,5656.795873233178,14508.812124217828,1354.5892070367447,73.12854023877844
2023.5982203969884,2918.804635288495,4622.741347976169,757.5165591063601,5653.797010647657,13057.883751506819,1722.7049241172954,70.260392224205
2023.6009582477755,2924.3978914034524,4614.982728645338,762.9745055764179,5650.93232739347,11751.982526326881,1931.7869533009134,65.01285532869736
2023.6036960985625,2930.9776022323795,4607.056818234311,767.5144482233511,5648.166484328635,10576.68059898284,2019.0643660865694,65.37924711421637
2023.6064339493498,2938.2108695617694,4600.257334710106,770.1912264615587,5645.483822285245,9518.81376014422,2011.648479793015,98.06103841545304
2023.609171800137,2941.5189978882645,4598.5745254345,771.624387441103,5642.85324225481,8566.888601201566,1858.583292097862,234.86306712749558
2023.611909650924,2925.855333068225,4616.178251971775,772.7117027240273,5640.253765254648,7710.164346934557,1672.719923214871,319.2913298984783
2023.6146475017113,2894.7198811474473,4649.194209362005,773.8333234912725,5637.679539017944,6939.154127455739,1519.9958301380511,430.00506864902826
2023.6173853524983,2873.01345701844,4679.188251651851,768.5220808296393,5635.131063518739,22855.872862310796,1367.996134582921,458.9399052012919
2023.6201232032854,2846.443551839136,4714.133882022806,763.2042686508531,5632.501050505874,20570.34747354465,1646.3669992358118,476.92785288320977
2023.6228610540725,2813.7468967254463,4754.81903917531,758.3548938722488,5629.789823245667,18512.7195594808,1858.934232275391,476.19562871805556
2023.6255989048598,2779.8301908669546,4796.821474626946,753.4818360820524,5627.005051442718,16661.27470206524,2013.375923623973,487.63945422111556
2023.6283367556468,2729.186841583671,4853.6169646331,750.6159952938033,5624.146651508095,14995.092736879014,2190.0917274109092,489.15880381918913
2023.631074606434,2680.109241537956,4909.250060616507,747.3867161148642,5621.2483347493435,13495.426511449388,2264.0243940493247,479.19160477068493
2023.633812457221,2636.2023496193215,4957.830993688974,746.0847149062731,5618.304194804104,12145.572833696928,2220.464866171208,450.51481501769734
2023.6365503080083,2595.285010793829,4991.1879211259575,757.0308944846124,5615.346326614273,10931.007688451644,1998.4186550791792,405.4633260077268
2023.6392881587954,2576.691016842836,4999.071503695861,770.9387103773261,5612.576822102649,9836.520118975603,1798.323255352178,364.86555324038454
2023.6420260095824,2549.539332147963,4992.277730377864,807.8424578088001,5610.0464326840465,8851.750174544295,1618.2930947847087,328.36773345115967
2023.6447638603697,2524.2733543868253,4970.4956872830035,857.226275306185,5608.138536042661,7966.26683956962,1496.2758933040748,452.60009728547686
2023.6475017111568,2485.001884317315,4961.066312514938,907.4326929862414,5607.060863200187,7169.638624897489,1346.6534893113028,407.3524977124212
2023.6502395619439,2454.5816823900545,4945.709087613701,953.8761025312872,5606.822780483638,6452.660499168362,1253.8335219543903,440.23654725387905
2023.652977412731,2414.652509159119,4931.931098998457,1007.4745479774191,5607.359396883683,5807.379610149608,1216.203426223127,523.4739060031789
2023.6557152635182,2367.4196788531926,4927.863519939168,1057.775581849842,5608.786672376474,5226.544803964516,1170.7717896134775,558.7451684904304
2023.6584531143053,2317.2500742857014,4928.521977721807,1105.4517854502772,5611.049515560891,4703.875635087744,1053.6955284998148,502.87355374889506
2023.6611909650924,2272.800966370284,4925.0734429957765,1150.7438816718611,5614.082961980753,4232.2939993777845,958.3977238041434,452.45884269018865
2023.6639288158794,2238.1890480140646,4920.608304517387,1186.4520484528848,5617.879752034336,3808.987192096964,927.5483414007224,468.7051633943674
2023.6666666666667,2207.482798015131,4922.955514708744,1210.8565063092658,5622.262233985531,3428.069109124429,834.8006217107948,421.84287822137424
2023.6694045174538,2193.795579466401,4924.313299485743,1218.8368294556149,5627.0392446109145,3085.2165565432615,751.31184222153,379.65297535235106
2023.6721423682409,2176.22672367059,4918.007447025796,1238.2422236121786,5631.93645871011,2776.6413841098515,676.6615099000301,343.0028346843355
2023.674880219028,2168.4188446465437,4907.543307288704,1251.7361690520336,5637.1424320313945,2498.834490567314,608.9609430004635,308.6855958801515
2023.6776180698153,2162.8896244764423,4895.7546266378295,1264.0789610801692,5642.545440824237,2246.968103149161,547.5816135672525,277.57208567764604
2023.6803559206023,2155.689492718638,4873.753020794963,1288.1001558141488,5648.1538836909285,2022.2038489743575,492.807303117452,249.80703006390544
2023.6830937713894,2145.4311319085086,4837.068669320714,1329.476920480756,5654.147731308701,1819.9779696945643,465.1107305296519,268.57974266020574
2023.6858316221767,2131.8991300217153,4802.9589021089805,1370.8796414420503,5660.814679445938,1637.9746202949793,442.57751054890844,294.07963275514305
2023.6885694729638,2118.7086814586637,4781.144384309915,1398.973912884113,5668.153274365993,1474.1685484605907,398.3225583874112,264.6797985873431
2023.6913073237508,2116.8947564554546,4766.005320333986,1408.5687598086097,5675.93931642064,1326.785652954695,358.4811475967447,238.2062799773336
2023.694045174538,2106.890626292632,4740.982609813263,1436.097878650316,5683.864938262477,3805.7351328971,344.7510123674893,251.60492444292512
2023.6967830253252,2101.2166195976647,4726.596795733661,1448.2228761413808,5692.22766154598,25356.9197925451,485.8239305171198,248.5493502291857
2023.6995208761123,2090.9942578927607,4713.1638361287605,1463.76421466252,5700.769544334646,22822.559831320556,2311.8670954188733,244.78219020678898
2023.7022587268993,2081.7496284141907,4703.478668665773,1474.3446498331439,5709.546806105576,20540.022277632368,3374.2466355513156,220.31075533235185
2023.7049965776864,2076.5162062745776,4695.295219703558,1479.2596550387327,5718.476572001817,18485.943694675956,3688.8507659024003,198.27936172033512
2023.7077344284737,2071.400946916536,4687.173692340576,1483.9370864450866,5727.463827316484,16637.302245650233,4513.578334297577,199.1939506824539
2023.7104722792608,2073.8162643353216,4682.364683109798,1477.7180782512512,5736.504427322313,14973.561450855655,4588.879056885482,184.291001183959
2023.7132101300479,2070.274025946613,4671.061229903559,1484.079445067329,5745.416652101184,13476.15267093611,4961.276015103038,200.69830537177646
2023.7159479808352,2065.042054268773,4661.877453766605,1489.9293136728052,5754.410431310512,12128.517827936408,4716.852087687624,651.094436431742
2023.7186858316222,2010.289643824354,4704.722471980904,1493.1979675684856,5763.477069644956,10915.64965231729,4319.6334957941035,1186.201859737821
2023.7214236824093,1932.6600104228112,4778.215332281499,1488.6663565158574,5772.573353798531,9824.082627657423,3887.67223002834,1337.036847995381
2023.7241615331964,1839.554957286558,4865.296152532691,1486.1225776639315,5781.569265535521,8841.592582785457,3514.7395445637353,1516.7886754502315
2023.7268993839837,1735.6577138940627,4963.1763989597375,1483.6379657083348,5790.498774456565,7956.385382435334,3175.6078774648,1624.1308363829821
2023.7296372347707,1604.4122325137362,5085.319768689683,1484.3050414909671,5799.361710324311,7160.724479380205,2897.087034264572,1762.7687614221256
2023.7323750855578,1491.8078227838064,5194.404228602653,1479.4031293421128,5808.211472290122,6444.610763681946,2607.3742963848676,1622.546466504515
2023.7351129363449,1394.7174504185966,5288.525956014376,1474.055673417879,5816.955473167847,5800.021125760906,2346.584855566252,1529.815020205398
2023.7378507871322,1309.1928752591393,5371.462079676675,1468.4402167414432,5825.587281341442,5219.404565257398,2111.6777753658776,1458.8269166033556
2023.7405886379192,1232.074280871187,5445.444230817601,1463.4909268816025,5834.100914448307,4697.393490631019,1900.481555686513,1408.919886267267
2023.7433264887063,1159.8436074327037,5489.133247526892,1484.0527041166488,5842.50869394245,4227.603738800996,1715.55430036028,1389.7164866658982
2023.7460643394934,1102.1351690574413,5477.288662341122,1545.306441591218,5851.235880028909,3804.8209506143485,1543.9925564363477,1251.3264381254123
2023.7488021902807,1048.725881498804,5421.275634772543,1645.4359580947867,5860.956578652557,3424.185112059642,1389.5309129600957,1126.143469252127
2023.7515400410678,1007.7099379327835,5348.227903261355,1748.5919383222285,5872.292173502324,3081.0498635058348,1250.286970363512,1013.2934027755283
2023.7542778918548,971.2219193801433,5255.60110490289,1865.0834414411552,5885.343387294501,2772.8734644739957,1125.2292941321302,911.9405763482398
2023.7570157426421,942.8516328274711,5157.423078564573,1977.1220977734297,5900.280943853216,2495.21517783632,1012.5558375586209,820.6245241776952
2023.7597535934292,922.1049636370736,5068.586049749682,2070.3807882872457,5917.0338513446895,2245.1771636675617,911.0906600833544,738.3922068103825
2023.7624914442163,904.2611888536965,4987.883265048679,2151.0659353590586,5935.323163757256,2020.5602814808317,825.4644561182452,664.5203725477363
2023.7652292950033,893.5383798980023,4923.218184071285,2207.302767678064,5954.902121371343,1818.3137197768199,742.860001279471,598.0056727578582
2023.7679671457906,890.2173458565613,4874.867234236595,2238.9299843867125,5975.3747885388275,1636.461474917846,668.565475948596,538.1982408242945
2023.7707049965777,888.8040704178803,4829.486642432444,2265.2087133549635,5996.317826813412,1472.754650903886,601.6841393640967,484.35846149208083
2023.7734428473648,888.043736452712,4785.973767084646,2288.5853947950613,6017.642254686282,1325.4455212611115,541.5019719982097,435.9115437697563
2023.7761806981518,888.6701149865754,4749.864870478463,2302.917276058923,6039.220791494744,1189.4377477570415,485.94677131055386,391.1814077046868
2023.7789185489391,888.4835415227575,4712.736722208052,2318.824524213951,6061.0561650739455,1070.4356614874232,437.5249314731656,352.0453297439876
2023.7816563997262,889.1603202513072,4679.270887863248,2330.000112896652,6083.097532007502,963.3877397450091,417.97647909689704,378.4281538137519
2023.7843942505133,888.663334976671,4653.498962829362,2334.5299924594196,6105.264462753256,867.016322752742,396.0058516064216,392.99254338704856
2023.7871321013006,887.4126971669066,4633.584292800019,2333.9411772018443,6127.446485849937,780.2780404826881,375.6843291362499,398.1740835523433
2023.7898699520877,890.5772580158111,4622.15872914062,2320.5185758318376,6149.557990030436,896.3095400581487,346.54957314453844,378.2784758968013
2023.7926078028747,894.9861765597051,4613.350747982421,2303.518281673892,6171.38524680269,806.7087960720245,335.3282091433981,355.8746299908514
2023.7953456536618,900.6227731006096,4606.438141006786,2283.738120077378,6192.869318833933,1551.8567507242633,318.8537498508185,330.256677948982
2023.798083504449,906.0537034495107,4600.108904726248,2263.9687544001054,6213.964890442842,1396.6968925194296,383.8443839393384,308.86501748577285
2023.8008213552362,908.7591734227786,4593.314010344519,2247.7777433606507,6234.6732258907505,1257.023829194476,455.9000541059477,300.8044634531189
2023.8035592060232,911.9778186434462,4588.400573282605,2229.5177418081125,6255.055919284536,1131.2775018693583,499.69680772256845,288.3638561240647
2023.8062970568103,915.6845520486798,4584.859675820413,2209.7574322680416,6275.078292881562,1018.1191379728673,525.3113913828564,275.5548226820134
2023.8090349075976,928.900181163343,4583.597462785638,2178.5946187465433,6294.715590323171,19924.225594457785,472.78040574657035,247.99935232445299
2023.8117727583847,939.3210242360836,4580.05567188748,2153.0793501819403,6313.779706713186,17931.812702454616,1824.628948287428,223.33135115697303
2023.8145106091717,946.3485481897702,4572.83887281115,2135.109871114484,6332.3663609032865,16138.621022320678,3549.884561774786,227.17826207084036
2023.817248459959,953.2544834855463,4566.253881650758,2116.976443853371,6350.606744029015,14522.626240639254,4720.317272332362,239.3720179702596
2023.8199863107461,959.4530308190512,4561.171143220881,2098.400493975009,6368.494785003747,13068.517813073098,5513.221507281751,246.768244484141
2023.8227241615332,965.0565207663346,4557.478838923414,2079.3917344969955,6386.020258831943,11761.640413165474,6029.356347072721,250.08385014717948
2023.8254620123203,970.7752981803311,4555.085931228906,2059.3331217651303,6403.180901844318,10585.454872098178,5426.514284226502,273.2919245532316
2023.8281998631076,974.7720343362025,4554.490532179627,2039.5804000498445,6419.960186453013,9526.900968144113,5050.208351614192,940.0420199421042
2023.8309377138946,945.6855299432797,4587.808181156901,2019.3730738048864,6436.3642681136225,8574.208893282786,4581.1023555269185,1440.1982546528504
2023.8336755646817,894.329537938098,4644.0898224151915,1998.8526621228543,6452.386930542548,7716.70833098481,4127.325893427698,1792.6478013307772
2023.8364134154688,830.0313343719823,4714.085197639044,1977.9468450046422,6468.023476003023,6945.013758014519,3718.9574788172386,2038.1425231700096
2023.839151266256,759.8132715315518,4790.952654095958,1956.4792900339962,6483.269537357185,6250.336283746822,3350.8089633360455,2226.1894058225944
2023.8418891170431,689.6416378138085,4868.219857367136,1934.9643943399635,6498.11676349778,5625.020956516294,3019.6505717413465,2321.197262424475
2023.8446269678302,624.2212098640691,4940.296795746577,1914.2868261309172,6512.565721277123,5062.109954814298,2723.684420978482,2341.5232675653556
2023.8473648186173,566.1103623961791,5004.535370354335,1894.5230625256315,6526.629657742542,4555.638322160675,2457.853085735877,2309.1704833164363
2023.8501026694046,583.892375158756,5004.9660539697525,1863.0440568210745,6540.323867069102,27104.44904299437,2212.06764924556,2078.2536033326996
2023.8528405201916,584.4786445696536,5019.019056596132,1835.7006409845337,6553.455910868368,156121.60396430318,2560.907031798909,1870.429915065466
2023.8555783709787,555.1626024328399,5040.959287360554,1830.864007726448,6566.096255498849,140509.542965341,15183.767883427037,1765.9844365726938
2023.858316221766,522.7902736627735,5032.614059004614,1859.484332666576,6578.621387684729,126458.08922695424,26531.592230264934,1686.408252324496
2023.861054072553,495.9108389758564,5001.612827579612,1904.8277876158381,6591.586498847388,113803.79229294686,34616.206636902905,1585.924600729914
2023.8637919233402,473.6503509514154,4956.888511718841,1958.55390310262,6605.273087245817,102420.9526694309,40513.30653732333,1492.6731374953106
2023.8665297741272,455.84582288478333,4906.19730218065,2012.9329232536093,6619.8177046996525,92177.12066023953,44318.876819155485,1407.4937571672745
2023.8692676249145,441.42811640106015,4854.5543834305945,2064.0144035460594,6635.224749640982,82953.08325699618,45692.96381950817,2301.9502198732794
2023.8720054757016,408.6985198713334,4828.507581492998,2106.9975616342176,6651.44589002015,74657.31696438843,42519.05322548208,6126.026621455842
2023.8747433264887,367.8478004629888,4885.36016733971,2142.4003155270652,6668.337721853878,67189.54230523552,39158.911102362275,9492.48981220226
2023.8774811772757,331.061585813564,4997.109590333399,2169.875904682809,6685.774784402225,60470.32582001918,35940.58288466466,11572.296290080356
2023.880219028063,297.9521891458648,5130.126426091006,2191.0112534411687,6703.621830587932,54422.70178267615,32866.23247787513,12836.44678381522
2023.88295687885,268.15385244288126,5269.820604930436,2206.4129647597824,6721.772311942295,48979.8621222086,29961.850933404592,13822.621784917921
2023.8856947296372,241.3353922741793,5413.569540720846,2217.826490628353,6740.129833229216,44081.31425714388,27485.647096610435,14851.649191861097
2023.8884325804245,217.19900003279784,5558.311640399686,2224.7270746674553,6758.627350079005,39672.66171182112,25324.998549960572,15584.388236713787
2023.8911704312115,195.46018715912723,5689.87093991997,2224.8432757976343,6777.188843304662,35701.940994766774,23182.485948228994,15742.096703435775
2023.8939082819986,175.91163740349194,5771.973272766427,2210.789969519131,6795.701980854864,32131.284586151094,20864.117763193433,14809.071754716926
2023.8966461327857,158.31173943988827,5813.181081866407,2193.211916329874,6813.931391869379,28916.560770815,18776.670148125577,13381.83695497105
2023.899383983573,142.48029634412393,5825.422150671843,2221.1708666582413,6831.816671065734,26024.85553159492,16898.9712103875,12657.811572138624
2023.90212183436,131.8863874065258,5805.35727244768,2233.9578328669136,6850.118609569406,23422.18274273402,15208.95250977941,11392.008966134927
2023.9048596851471,118.6983822246781,5757.983154902875,2276.900985872069,6868.583341999689,21079.246027941204,13687.590746868702,10254.648003902448
2023.9075975359342,109.28781957780346,5696.5555053315275,2329.0803430994038,6887.7049823059115,18968.26637733352,12316.84790843009,9227.724723280993
2023.9103353867215,98.35826100335858,5607.839463033006,2411.391573259175,6907.650813624148,17070.987773571338,11084.933348461924,8493.60678847541
2023.9130732375086,88.52119607779404,5483.250233895259,2532.7842036587244,6928.91410944973,15363.673946669047,10078.713886000489,8014.344428175959
2023.9158110882956,79.66839191408044,5341.821512220269,2668.127866658437,6952.141690179993,13827.118612536968,9371.550568907887,7663.694970837966
2023.9185489390827,78.66161389945835,5253.9056333316885,2732.057170324156,6977.56281663868,12444.357138841766,8508.665188744404,7069.758766886735
2023.92128678987,89.85085143070731,5219.624691192566,2729.1598441676097,7003.979747403095,11199.817985838035,7657.750639411134,6362.758680992387
2023.924024640657,98.95432485250171,5186.779787274599,2727.0319606758508,7030.276961391027,10079.627641958174,6891.832989175179,5726.364342098658
2023.9267624914442,106.42377364811817,5156.753714079092,2723.826832102239,7056.466614364532,9071.505394322587,6202.549100903474,5153.646688434682
2023.9295003422314,106.87513973382691,5117.947832093551,2736.544902022268,7082.530960344331,8164.34087625867,5637.1655428142885,4761.439145185702
2023.9322381930185,111.5651750884063,5092.710992004648,2731.315169709266,7108.7353973916615,7347.660196602996,5073.350828861717,4327.145210877229
2023.9349760438056,129.77205978883507,5090.50178408935,2689.699455043197,7134.781335272604,42154.99935034148,4566.0136972566015,3894.4294318912807
2023.9377138945927,138.07945141813659,5080.9155574177885,2666.1251922948654,7160.062333063192,37939.55843893249,6356.358329996855,3506.0898600481887
2023.94045174538,144.4620703430614,5072.801403745067,2643.465706941166,7184.881253164688,34145.502846019954,8052.47370781357,3203.516396931027
2023.943189596167,152.0728822077104,5067.487278456954,2617.223488124483,7209.254685404835,30730.717053548153,9080.45012950552,2931.189654820159
2023.945927446954,162.84714378570152,5064.5867245670115,2585.9084676325083,7233.123898208767,27657.50714730301,9231.496920950178,2638.067047808481
2023.9486652977412,166.2386536372132,5059.266816174034,2564.983052237502,7256.405612145245,24891.747390919532,10406.016353291867,2508.684287035752
2023.9514031485285,168.86693498712447,5052.777016921842,2546.402895360117,7279.275186924908,22402.290698514862,11290.699254630768,2394.8229025901906
2023.9541409993155,170.22316398401415,5045.546715483276,2530.2060781543923,7301.7739765723145,20160.75040346281,11842.549561005562,2464.0086148597393
2023.9568788501026,177.0160947458303,5041.993022884007,2505.2294320338474,7323.939284530318,18144.630162054153,11074.278796772825,2666.0509546511767
2023.95961670089,183.21661106665925,5041.258436693534,2478.502901091559,7345.627785342252,16330.055552027234,9966.814402358728,3160.3624762009104
2023.962354551677,183.9967514882945,5044.109421483678,2454.115404765304,7366.812056456726,14696.727575796702,8969.936183326141,3561.5047162867304
2023.965092402464,182.38340499183172,5049.530296753088,2430.0154801253952,7387.532352323691,13226.557094078153,8072.637987634583,3820.108114351103
2023.9678302532511,191.609792039796,5053.191479065123,2397.2953604097174,7407.792802679365,43565.65619915063,7265.372815326369,3548.5914310085936
2023.9705681040384,198.36204285284833,5057.821401467966,2366.6813990870655,7427.452490786124,39209.02978919835,7967.165446441598,3363.992971461235
2023.9733059548255,202.0415140797132,5063.691691147253,2338.463706037232,7446.548322929799,35287.87421077288,8752.26366370813,3258.117473272424
2023.9760438056126,211.89273524719673,5067.608873757504,2306.5501593840113,7465.121365805284,31758.974222700726,8537.205757446594,2980.2593190445195
2023.9787816563996,209.39266327770883,5075.780908433456,2283.315922911655,7483.11153957117,28583.041429489094,9505.795248035929,3015.052948619033
2023.981519507187,213.2839766798847,5081.702778168409,2256.376828375631,7500.665350970065,25724.576157957144,9497.168739079887,2856.249714037702
2023.984257357974,220.867055971628,5085.302518705293,2228.5652266051334,7517.722032911938,23152.021039541458,9068.6859987444,2630.085730530363
2023.986995208761,224.81046490298922,5086.948522843616,2206.856126291027,7534.269620156357,20836.147288787604,8915.732651382606,2490.1688720854468
2023.9897330595481,235.74107403421078,5085.9109055043955,2181.251727432074,7550.4089272233105,18752.415271744507,8166.741674116103,2268.6687645527395
2023.9924709103354,248.18010130130398,5083.620397698716,2155.8622451425613,7566.077790051415,18481.848586318196,7349.977000147681,2264.3394013067236
2023.9952087611225,265.6146508926503,5082.780608232214,2124.4933244686085,7581.279850600527,16633.663531660513,6614.978708390932,2054.696548633674
2023.9979466119096,278.157751103613,5080.74934179387,2099.771591472682,7595.917649823837,14970.229442465898,5953.453899846027,2066.6491341699666
