year,S_H,E_H,I_H,R_H,S_M,E_M,I_M
2017.0,5148.5,1136.5,2273.0,0.0,89500.0,10000.0,500.0
2017.002737850787,5148.92790000274,1136.5,2235.1166666666663,37.8833333305936,80550.0,9000.000000000004,450.0
2017.0054757015744,5149.35580000548,1136.5,2197.233333333333,75.76666666118722,71600.0,8000.000000000003,400.0
2017.0082135523614,5149.894290137198,1136.4999959345191,2160.0228759767965,112.86653795148568,63603.779524312944,7106.567559549165,355.3286872332293
2017.0109514031485,5142.361289038542,1133.1359938703815,2135.6566161324176,148.55770095865546,57243.39588611096,6395.910229045416,499.8962600262743
2017.0136892539356,5134.24111026316,1133.1234392633905,2109.0299792306637,183.74497124277937,51519.05535273515,5756.31982137831,573.7734375752917
2017.0164271047229,5063.987437061656,1142.10382318447,2136.0840788790106,218.39206087485496,46367.148907862706,6257.8939947243825,1669.0025465230813
2017.01916495551,4940.267629913544,1228.8547358656328,2138.47780650238,253.39512771843664,41730.43393355145,6007.735923896102,2092.756668345238
2017.021902806297,4941.389762926819,1228.8547358656328,2102.836509816098,288.342191391445,37557.38950863431,5406.962275852097,1883.4810957862205
2017.024640657084,4942.58787423042,1228.8549277818488,2067.6683140535665,322.73998393415553,33716.65142081207,4854.029618293043,1690.8715545547698
2017.0273785078714,4739.734281812165,1370.13253827194,2096.0952761394497,356.3169037764375,30344.98604796904,4672.179986997024,2512.1623634487
2017.0301163586585,4539.385466823571,1530.4448703233209,2102.6009913965377,390.27557145656306,27310.665722047284,4327.746434842612,2766.814244183084
2017.0328542094455,4540.8826114774265,1530.444872611147,2067.5576428461645,424.24967306524076,68093.59196130757,3894.9715543595903,2490.1330032238534
2017.0355920602328,4542.472839107607,1530.444872611147,2033.0983472850517,457.5466409961737,61284.2517928043,3505.474286762884,2241.1196311949607
2017.03832991102,4544.116949831448,1530.4458842289362,1998.9871450380083,490.4406209015897,54887.196168537725,3139.568973607118,2007.1840183120084
2017.041067761807,4496.321872014515,1565.0224057345515,1980.6608210797096,522.4134011712059,49398.475787995776,3097.3005689771967,1809.6968975806342
2017.043805612594,4322.137206257115,1617.4940962776227,2071.2219496941293,553.9931477711134,44458.62470749039,4233.784148602996,1992.5400479501127
2017.0465434633813,4324.070521633948,1617.4936180113984,2036.7146878625874,586.9954724920473,40012.67486385719,3810.529179826448,1793.3130013526013
2017.0492813141684,4326.032410673518,1617.4935552775696,2002.2997325176636,619.8765015312295,35648.00882365907,3394.881904999179,1597.697482285468
2017.0520191649555,4281.163276197578,1604.4363989922263,2028.9805140706496,651.5499107395265,32083.182434216695,3225.162692522381,1441.4470346921212
2017.0547570157426,4081.786815715888,1477.391780582423,2327.053390530525,683.5811759751409,28874.86706952587,4266.327814659768,1768.3537282837387
2017.0574948665299,4084.087540220448,1477.391780582423,2288.2692033077865,720.4925386933207,38175.09116544867,3839.6957866894804,1591.5185920391486
2017.060232717317,4086.489391699044,1477.391780582423,2250.131378891986,756.6564116305262,34357.61174250098,3455.725920212208,1432.366613541273
2017.062970568104,4088.9899292534546,1477.3914914669801,2212.6298528050183,792.0855892785298,43955.13049777816,3110.155251508018,1289.1310583037732
2017.065708418891,3940.444636695968,1351.8210009421437,2452.4664719130133,826.7926560302662,39559.61750540849,4688.558473163281,1784.4110579726778
2017.0684462696784,3626.2000432335167,1279.8754932716088,2800.4773110253113,865.4015360460814,35603.61342124122,7243.6821387804075,2550.529047008326
2017.0711841204654,3334.4754395387363,1307.523046272934,3020.680445477052,909.7033522877962,32043.124077589513,8590.35039202994,2787.6927617977462
2017.0739219712525,3337.382883825214,1307.523925500149,2970.34833635875,957.555037892405,28838.74639977664,7731.431606362468,2508.9473997008486
2017.0766598220398,3340.3914804140695,1307.523925500149,2920.5690397564695,1004.7536379058291,26722.75887441261,6930.285658811553,2248.9649006684394
2017.0793976728269,3343.5721231301177,1307.523925500149,2871.8928443307436,1050.6770906155075,24050.47157039391,6237.252770435748,2024.06700789468
2017.082135523614,3346.75277282301,1307.523925500149,2823.216693668136,1096.6004915852227,21378.19568295265,5544.224204554593,1799.1705178278362
2017.084873374401,3349.9334225159027,1307.523925500149,2774.540543005528,1142.5238925549377,18705.91979551139,4851.195638673437,1574.2740277609923
2017.0876112251883,3353.1140722087957,1307.523925500149,2725.8643923429204,1188.4472935246529,16033.643908070126,4158.167072792282,1349.3775376941483
2017.0903490759754,3356.2947219016883,1307.523925500149,2677.1882416803123,1234.370694494368,13361.368020628865,3465.1385069111266,1124.4810476273042
2017.0930869267625,3359.475371594581,1307.523925500149,2628.5120910177047,1280.2940954640833,10689.092133187605,2772.109941029971,899.5845575604604
2017.0958247775495,3362.656021287474,1307.523925500149,2579.8359403550967,1326.2174964337983,8016.816245746342,2079.081375148816,674.6880674936165
2017.0985626283368,3365.8366709803663,1307.523925500149,2531.159789692489,1372.1408974035135,5344.540358305081,1386.052809267661,449.7915774267725
2017.101300479124,3369.08906391947,1307.5239251960786,2482.9462389617493,1417.5299554992168,2824.645388224899,732.5419438028699,237.71907839970584
2017.104038329911,3372.7626008847824,1301.835023556197,2447.8907100110555,1455.0287491244796,65079.48989868456,659.287747807684,213.94717003568002
2017.1067761806983,3377.1768634070486,1301.834955181803,2407.0925542847067,1491.8406107029564,58574.56397396712,593.3582989889555,192.5522342983124
2017.1095140314853,3381.6471179214877,1301.834955181803,2366.671759934313,1528.2190505389115,52427.63952981793,531.0886203431423,172.3449400332457
2017.1122518822724,3386.2191047470196,1301.8349252834355,2326.9378915941625,1563.8088619518956,46920.84044358811,475.30574022750375,154.24252211852132
2017.1149897330595,3381.205133419946,1220.326483924848,2379.3903155649155,1598.3067527497876,42228.756076229576,2260.666949500942,299.7585871746882
2017.1177275838468,3348.169713968524,1104.703289513457,2494.6673728018327,1633.5842420076742,38005.824266994125,5384.634549780866,511.4383902854516
2017.1204654346338,3278.2605784569323,1031.0284092202908,2601.577743463895,1670.6857871503703,34205.08651207332,8437.887980907592,643.1093668504443
2017.123203285421,3189.139173658246,1007.0313457806685,2676.342437058458,1709.4674617941166,30784.41203200858,10903.697320332694,675.0589104650362
2017.125941136208,3170.0332116972504,1009.970060879374,2653.015534379453,1749.3895113354108,27705.915235929988,10030.708996026306,607.5542671610616
2017.1286789869953,3175.2538161401603,1009.9700926800135,2608.7985552992627,1788.8137541720516,24935.221597874086,9027.610138278273,546.7966013000574
2017.1314168377824,3180.474564116422,1009.9700926800135,2564.581629726272,1828.2378317687812,22164.630074281085,8024.539238675641,486.04117458395126
2017.1341546885694,3185.6953120926833,1009.9700926800135,2520.364704153281,1867.6619093655106,19394.03855068809,7021.468339073011,425.2857478678451
2017.1368925393565,3190.9160600689447,1009.9700926800135,2476.1477785802904,1907.0859869622402,16623.447027095088,6018.39743947038,364.530321151739
2017.1396303901438,3196.136808045206,1009.9700926800135,2431.9308530072994,1946.5100645589696,13852.85550350209,5015.3265398677495,303.7748944356328
2017.1423682409309,3201.684719787251,1009.9700926800135,2389.946129754338,1983.3747760698861,11921.476318339133,4316.085329911319,261.4222901050357
2017.145106091718,3207.445524073714,1009.9700926800135,2349.413948870883,2018.5740526668783,10536.190767988925,3814.5526759245445,231.0448006614724
2017.1478439425052,3213.206328360177,1009.9700926800135,2308.881767987428,2053.7733292638704,9150.905217638716,3313.0200219377693,200.66731121790912
2017.1505817932923,3218.9671326466396,1009.9700926800135,2268.349587103973,2088.9726058608626,7765.619667288505,2811.4873679509947,170.28982177434585
2017.1533196440794,3224.7279369331027,1009.9700926800135,2227.817406220518,2124.1718824578543,6380.334116938297,2309.9547139642195,139.9123323307826
2017.1560574948664,3230.571220875629,1009.9700926800135,2187.861681080068,2158.7122236557807,5121.677482474298,1854.2650110583243,112.31151977378805
2017.1587953456537,3236.913400788948,1009.9700926800135,2151.397318662654,2189.2623061598742,15693.870142063557,1668.8384370017623,101.08036337783366
2017.1615331964408,3243.339279570357,1009.9700926800135,2115.5406956714714,2219.1209503696487,14124.484890886573,1501.9545623796657,90.97232516713144
2017.1642710472279,3249.7651584913433,1009.9700926800135,2079.68407369376,2248.979593426374,12555.097876680218,1335.0707186794896,80.86428882934808
2017.167008898015,3256.191037412329,1009.9700926800135,2043.8274517160494,2278.8382364830986,10985.710862473861,1168.1868749793132,70.75625249156471
2017.1697467488023,3262.616916333315,1009.9700926800135,2007.9708297383386,2308.696879539824,9416.323848267506,1001.303031279137,60.64821615378134
2017.1724845995893,3269.042795254301,1009.9700926800135,1972.1142077606278,2338.5555225965486,7846.936834061151,834.4191875789609,50.54017981599798
2017.1752224503764,3275.468674175287,1009.9700926800135,1936.2575857829167,2368.414165653274,6277.549819854795,667.5353438787845,40.43214347821461
2017.1779603011637,3281.894553096273,1009.9700926800135,1900.400963805206,2398.2728087099986,4708.16280564844,500.6515001786084,30.324107140431245
2017.1806981519508,3288.320432017259,1009.9700926800135,1864.544341827495,2428.1314517667233,3138.7757914420836,333.7676564784322,20.216070802647877
2017.1834360027378,3294.7463109382447,1009.9700926800135,1828.6877198497841,2457.9900948234485,1569.388777235728,166.8838127782559,10.10803446486451
2017.186173853525,3301.795048431046,1009.9700926800135,1797.3812966005776,2482.675680579851,4264.3721071079035,127.06514556898794,7.69624596485555
2017.1889117043122,3309.0247993851817,1009.9700926800135,1767.4249399172522,2505.830186309042,6369.246715917824,114.35861773357634,6.926620564099873
2017.1916495550993,3316.3179869966716,1009.9700926800135,1737.967853097772,2528.42198551703,5732.331588425897,102.92274453942989,6.233957815940783
2017.1943874058863,3323.6730669858975,1009.9700926800135,1709.001694191276,2550.4609644342972,5688.734401880037,92.630404814123,5.610558080906374
2017.1971252566734,3331.0885312174955,1009.9700926800135,1680.518332185481,2571.95676220849,6581.675973647096,83.36736340331852,5.049502216523116
2017.1998631074607,3338.5628880637933,1009.9700926800135,1652.5096930217671,2592.9189445259067,12884.832844349026,75.03062648940346,4.544551960129276
2017.2026009582478,3346.0946754767406,1009.9700926800135,1624.9678639406936,2613.356886194032,11596.350726597973,67.52756229737342,4.090096670652498
2017.2053388090349,3353.676374601663,1009.9700926800135,1597.83520100821,2633.3357500015927,10422.751186414931,60.693299106756406,3.676150184635294
2017.208076659822,3361.318893048504,1009.9700926800135,1571.20461394212,2652.7517186208397,13539.00060721597,54.62396861782796,3.308535131147399
2017.2108145106092,3369.014605596117,1009.9700926800135,1545.0178672048098,2671.6706528105374,12185.102773299617,49.16156741903122,2.9776813553427934
2017.2135523613963,3376.7200225971706,1009.9700926800135,1518.91283464655,2690.498168367741,10856.562141482342,43.80143716779384,2.6530220584722146
2017.2162902121834,3384.5191503072324,1009.9700926800135,1493.5976194834009,2708.4421558208246,20949.565820979897,39.42129190812044,2.3877197591729944
2017.2190280629707,3392.3674396267465,1009.9700926516991,1468.7043247534123,2725.915061259613,18854.611914310997,35.47922627488931,2.1489530850553327
2017.2217659137577,3400.1024478036716,1009.6966118392824,1444.6605524124398,2742.925206236081,16969.150720291844,584.3350900877109,59.328796780516214
2017.2245037645448,3398.3942275652976,1018.4990763661863,1421.4313712062726,2759.4880431537217,15272.225269994713,1407.5936473808933,302.449628499201
2017.2272416153319,3386.6674994006225,1037.9071015843099,1398.0476776022751,2775.6183397042687,13744.996892948684,1505.6615797781,342.8746551922638
2017.2299794661192,3394.6995329248293,1037.907395242948,1374.7468597533625,2791.3147303703363,12370.486698778685,1355.0987318967996,308.58820412835894
2017.2327173169062,3384.3108833507463,1056.1421123542987,1352.0636789183764,2806.579743668054,11133.436992446928,1354.71715873919,338.33563343714064
2017.2354551676933,3364.8249603034874,1083.4625442140766,1329.811914712128,2821.424899061783,10020.087307403628,1384.3698752837902,396.4160203270097
2017.2381930184804,3319.50369673721,1136.5173764278775,1308.071816968409,2835.859328157981,9017.879124924048,1485.336218590802,540.5932191047865
2017.2409308692677,3327.701051668575,1136.5173986188286,1286.270617246784,2849.891050757291,18983.22098315018,1336.802750180721,486.53411950131016
2017.2436687200548,3335.9368722945483,1136.5173986188286,1264.83277304914,2863.520974328961,17084.900466947,1203.122451581267,437.8806989686807
2017.2464065708418,3344.1726929815545,1136.5173986188286,1243.3949294283602,2877.150897262735,15186.578368631983,1069.442176563195,389.2272870185497
2017.2491444216291,3352.4085136685608,1136.5173986188286,1221.9570858075806,2890.780820196508,13288.256270316964,935.7619015451228,340.5738750684187
2017.2518822724162,3360.644334355567,1136.5173986188286,1200.5192421868007,2904.410743130282,11389.934172001947,802.0816265270507,291.92046311828767
2017.2546201232033,3368.8801550425733,1136.5173986188286,1179.081398566021,2918.040666064055,9491.612073686929,668.4013515089786,243.26705116815668
2017.2573579739903,3377.1159757295795,1136.5173986188286,1157.6435549452412,2931.6705889978284,7593.289975371912,534.7210764909065,194.61363921802564
2017.2600958247776,3385.351796416586,1136.5173986188286,1136.2057113244616,2945.300511931602,5694.9678770568935,401.04080147283435,145.96022726789465
2017.2628336755647,3393.6588377216713,1136.5173986188286,1115.4493193569672,2958.1777625940113,4158.701197072977,292.85655524747125,106.5861857542491
2017.2655715263518,3402.171502982928,1136.5173986188286,1096.6640408176377,2968.8782758720854,4029.9027704201017,257.48974592967016,93.71430960895789
2017.2683093771388,3410.7333116957807,1136.5173825624388,1078.3863221580555,2979.022101875204,4222.669975490972,231.74071892682744,84.34290625907174
2017.2710472279261,3417.8828822002984,1130.2486453355118,1068.1219873710036,2988.833503384666,3800.4048902002637,208.56664293762032,93.89263752454607
2017.2737850787132,3426.499230065645,1130.2481309192904,1050.3205631279413,2998.4469941786015,4575.124475731021,187.70947979228484,84.50506614506844
2017.2765229295003,3429.916680664057,1113.4254689855215,1054.86325452243,3007.73741411947,4117.621318036749,181.49514552082655,133.19736145291728
2017.2792607802876,3438.3278704177355,1113.085228122432,1037.8795293726862,3017.078090378625,4981.7290145373645,163.3457031676732,119.87802488068661
2017.2819986310747,3442.6459561521674,1107.9027809332679,1030.1397283943975,3026.110152811644,4483.635457536618,166.90308915931925,125.18020848290848
2017.2847364818617,3451.3645680063705,1107.9027801794762,1012.9707337573132,3034.9884363483175,19467.676814663893,150.21278609039214,112.66219294155285
2017.2874743326488,3460.1075039030866,1107.9027801794762,996.0878774282447,3043.5562567806705,17521.57396482909,135.19144468376055,101.39592654811871
2017.290212183436,3468.8647755872985,1107.9027801794762,979.3768666219479,3051.9378959027554,15693.651614673954,121.08749492831308,90.81771979260296
2017.2929500342232,3477.636014896726,1107.9027801794762,962.8339718464737,3060.137451368802,13979.933952105966,107.86494515702732,80.90057830096251
2017.2956878850102,3486.425388584131,1107.9027801794762,946.5110240694412,3068.0989254584297,12410.56879063857,95.75619566419601,71.81880632170221
2017.2984257357973,3495.250614728015,1107.9027781161124,930.6317198727241,3075.5809055746267,11107.100562809743,85.69933173965997,64.27578425195047
2017.3011635865846,3498.7622694358206,1105.9863474420958,922.380116214356,3082.6651851992074,9996.39049903056,291.7554456460165,79.6543891253279
2017.3039014373717,3504.0469577557187,1104.7694060655585,911.8128980476226,3089.59255642258,8996.732107701328,349.16998568761824,80.62963765385415
2017.3066392881587,3507.955287388284,1102.0877922434017,904.2818135088338,3096.3248251509604,8097.046479231596,416.85860291947756,87.81191466643568
2017.3093771389458,3512.8525602445266,1100.6085419784877,894.7033819702925,3102.913134098172,7287.324894409596,410.4151426411153,107.6472875368027
2017.3121149897331,3512.810071498953,1099.8548655063282,889.5168470382716,3109.3237342479247,6558.588307773774,395.26642426072385,193.2891305281291
2017.3148528405202,3511.49081412006,1104.528376917123,880.2838933544432,3115.630333899852,5902.719646387968,361.7702265028521,219.34847736100784
2017.3175906913073,3508.7204362407097,1111.1677895697073,870.7010143065894,3121.7720781744747,5310.02609642251,331.54975007242274,234.94149996380176
2017.3203285420946,3486.3729105781335,1131.1631118296866,867.5222230000699,3127.730972883593,4779.0280918531,340.44944963228414,309.6869082888914
2017.3230663928816,3495.3699290663667,1131.1631167140024,853.0635216522588,3133.620550858855,36354.791409659425,306.4045190189649,278.718261865688
2017.3258042436687,3504.3830908198297,1131.1631167140024,838.8457958476749,3139.2530149099753,32719.32381626845,275.7640608483813,250.84642997686768
2017.3285420944558,3513.408031100234,1131.1631371130336,824.809407219257,3144.6923428589553,29362.03658798243,247.4691035848711,225.107438795786
2017.331279945243,3507.413640764943,1140.86556730476,816.3980391240565,3149.823571097723,26425.83259864009,633.3474677650623,222.9036469945197
2017.3340177960301,3515.2011536799264,1141.6559684971476,803.2710182014516,3154.8005779129567,23783.198990853336,570.0475380989217,200.6143976834126
2017.3367556468172,3524.1827679420057,1141.7040371215116,789.9145172850402,3159.5552959429247,21393.330490682187,512.7661565967456,180.45555143085886
2017.3394934976043,3533.258967052024,1141.7066243841903,776.7124521733382,3164.1064746819325,19211.143739451192,460.46442443350594,162.04860472424537
2017.3422313483916,3532.004299225074,1138.9574760837636,776.8677431347704,3168.3828998478784,17290.027026737793,634.7546577084391,156.35578416264687
2017.3449691991786,3527.267180175869,1132.8141388917736,783.908800441493,3172.6501987823526,15560.933592762505,835.4946413351677,163.82683675568566
2017.3477070499657,3526.2948230032716,1126.2745447804498,787.4757107639822,3177.0231397437856,14004.81832575008,832.6082030617979,217.3594427446468
2017.350444900753,3530.0665314015005,1124.4522887307053,781.5337413000511,3181.443556859233,12604.319845059428,749.3482718800418,227.57279667102105
2017.35318275154,3529.035204528034,1122.8897433980728,780.2461562692413,3185.752914096143,11343.788819054276,677.0630220077232,266.1658895601969
2017.3559206023272,3522.590007670973,1124.6216525517875,781.1113210345735,3190.0289370341557,10209.370115701135,625.7686999693614,311.18495507052836
2017.3586584531142,3510.606745083044,1130.588465734267,783.2769675858456,3194.307639888333,9187.851853810364,586.6851433986881,352.0652950160706
2017.3613963039015,3501.582463615746,1137.8407456642447,781.1737879129222,3198.610721098577,8269.036759821614,535.9560135684283,356.2313507260177
2017.3641341546886,3489.8301972457493,1147.5246361456022,779.4138034586731,3202.866981441466,7442.105122308327,495.3246217360442,360.3235882788311
2017.3668720054757,3461.443599529844,1167.0501946849647,784.4874857714276,3207.0822383052546,6697.887012272212,487.59779721726284,402.3867429688445
2017.3696098562627,3406.2795940093765,1205.4334261011286,797.4079068078115,3211.370491373174,8187.074145388919,506.44499940091833,481.7720666908215
2017.37234770705,3365.1942287609063,1238.421239317693,801.4415031367553,3215.862347076136,50827.31605406691,539.6413755950537,488.12144736892446
2017.375085557837,3329.155773211513,1265.1704523743106,806.6118720165032,3220.4091206891644,45745.37315841061,1506.846898719712,476.6470775529011
2017.3778234086242,3270.1992558261363,1299.6401229577427,826.9061302612455,3225.029609246366,41170.80856832325,2750.8533328777685,496.33339346330155
2017.3805612594113,3204.4964810869405,1334.3617565795635,853.3692825243389,3229.975498100648,37053.471395763605,3781.871244130551,510.19749399645036
2017.3832991101985,3151.9504801681187,1357.6981197319742,877.6333378507064,3235.3489805406916,33348.036617195045,4294.087188556148,496.1878815916598
2017.3860369609856,3104.9263250377526,1372.024492113324,904.9961573422569,3241.1118437981586,30012.86283867068,4591.442314579464,474.3168038889502
2017.3887748117727,3058.466299983242,1380.7770065502134,936.9285894038153,3247.314822354221,27011.173344034818,4818.119980306607,452.9605595919448
2017.39151266256,3052.5916378372754,1382.2355020785594,935.0539390413006,3254.033539334354,24310.052180724208,4336.3088084292085,407.66450466642243
2017.394250513347,3013.3311804586765,1379.0759594078459,971.2327549049371,3260.70262352003,21878.980320513583,4380.2768583536945,480.50146355941786
2017.3969883641341,2949.4130053637214,1375.5448008562691,1031.856224507172,3267.956387564328,19691.07534826997,4211.562071599065,934.7075272321694
2017.3997262149212,2802.1990753345003,1438.8677150732276,1107.9310569346155,3276.200470949148,17721.92028218878,4128.312683563631,1335.8609738078294
2017.4024640657085,2603.639741821811,1557.029492842937,1179.2719574203247,3285.685026206419,15948.92646397354,4049.2078707772243,1619.2883986640436
2017.4052019164956,2379.9781801501745,1700.6841801903147,1249.1340019373608,3296.257756013641,14341.849405279212,3976.639791557528,1823.9640469815292
2017.4079397672826,2220.4116166776425,1806.267520538026,1291.7611498636802,3308.0417312121413,12907.086734711533,3737.497602572193,1818.328803517103
2017.4106776180697,2202.654125990011,1822.7224478481817,1281.0256490452425,3320.5076954080528,11616.374016827058,3363.737850755192,1636.4949078808702
2017.413415468857,2212.179283753157,1822.722461909916,1259.6752292817928,3332.760843346624,32683.847157805874,3027.3637478787687,1472.845262482834
2017.416153319644,2186.4025534220787,1842.561641675619,1254.1769429014153,3344.6245802923763,29415.47010630429,2921.943599436781,1325.5606766993342
2017.4188911704312,2195.9897822056078,1842.5639451256925,1233.2756772784085,3356.36421368178,26473.819481030445,2629.767970661846,1192.9999397884915
2017.4216290212185,2178.0051456650094,1855.9809261925775,1226.9121491505543,3367.723297283347,23826.431832414717,2496.4167751448813,1073.7021454596986
2017.4243668720055,2116.9258753519975,1862.9760526068555,1270.2022470108643,3378.9452433217702,21443.693333106483,2826.98300278811,1047.1229974868195
2017.4271047227926,2044.586571183293,1824.3794794389771,1369.6538016913587,3390.8574659778615,19299.175477758316,3198.384189214443,1054.0383936427804
2017.4298425735797,2010.104444021749,1786.7653591727947,1428.6407361542488,3404.394678942696,17369.214384478288,3131.8284883523424,971.6461721738505
2017.432580424367,1969.7396258715323,1726.9235688629562,1514.7941242866084,3418.875799270392,15631.793149753956,3154.0337535778963,919.2016035279139
2017.435318275154,1930.7342732769505,1662.8381521821575,1602.4362923473484,3434.7523004850323,14068.205117034588,3168.723812649035,880.684408911382
2017.438056125941,1886.1435576718488,1594.9757228261842,1698.020942203155,3452.048695590301,12661.318831782173,3078.121970766356,1034.7906836337856
2017.4407939767282,1823.7170856327666,1540.1289731155339,1796.8811847782943,3470.889574764894,11395.022912188968,3029.448644704749,1211.7428358432524
2017.4435318275155,1749.6713221341643,1507.1286483807285,1883.9193387831563,3491.3254089934403,10255.290615505584,3000.840872340255,1329.4893667524325
2017.4462696783025,1698.0185990273515,1495.6489985827152,1925.6471925878175,3513.1578280936055,9229.682982180866,2831.614844213012,1307.0246345305827
2017.4490075290896,1693.2407315802393,1493.9163155055703,1910.1169431139087,3535.6265280917705,8306.661449072082,2548.4381645729914,1176.3163052101245
2017.4517453798767,1682.211343080463,1490.9130290952558,1902.4254646007766,3557.778581514992,7475.010313605195,2293.2923894244177,1058.5455349618358
2017.454483230664,1656.7210548075377,1482.8121269394137,1914.4841058653467,3579.739030679188,6727.202538181093,2080.8719731684705,1000.8758190073296
2017.457221081451,1618.7320294210376,1471.3181074751847,1942.294710303166,3601.839371092097,6054.377686868291,1946.0697512423333,1009.336779674306
2017.4599589322381,1615.5997184860223,1469.282514767472,1925.387005368057,3624.3428796699336,8236.360729512939,1751.4625987318507,908.4036597533604
2017.4626967830254,1611.3926499092424,1466.4283568241412,1910.7160397767693,3646.502971781332,7412.728167489784,1576.3176409075788,817.5639220556172
2017.4654346338125,1575.9145737950155,1448.6713081802422,1942.5239705518638,3668.3580657643633,6671.389036147658,1633.371831212567,864.8623043176884
2017.4681724845996,1524.7725693659647,1416.1306173483983,2004.309769993078,3690.6828615840436,6004.201637599339,1728.8189635163637,949.368028648137
2017.4709103353866,1500.0649899886084,1396.1167630827144,2026.165827218845,3713.9761380013156,5403.760378435638,1634.1312663557708,901.8553272594374
2017.473648186174,1510.6681317847401,1396.116741902899,1992.3964551160902,3737.5702894877577,22328.455259897146,1470.718163003282,811.6698067523645
2017.476386036961,1521.3359503822603,1396.116741902899,1959.1898474975912,3760.5369785087373,20095.609941323364,1323.646345738132,730.502825544656
2017.479123887748,1532.0655319844996,1396.1167224255496,1926.5268216486415,3782.898342232797,18082.049369534718,1191.0189722236992,657.3071528721341
2017.4818617385351,1536.0663792790353,1391.3141232054616,1906.0117937118257,3804.6430220951675,16273.842920278666,1213.458523242137,591.5763849298547
2017.4845995893224,1530.106117017291,1377.6725345481782,1904.6983157569466,3825.986250969074,14646.43829035839,1528.1756357364463,557.3730041574041
2017.4873374401095,1519.383946291424,1359.9725028265284,1912.2855850029373,3847.2490841706017,13181.763307824365,1895.56198255094,552.4110914057648
2017.4900752908966,1501.28136859336,1340.8143793560334,1928.643174552192,3868.5800957899046,11863.573344791212,2347.0695897854353,576.1553198748519
2017.4928131416839,1489.8286740162068,1328.4568467533968,1931.3361317383174,3890.12526578357,10677.195492636318,2482.9778550781048,559.8288028385888
2017.495550992471,1484.4176257711676,1317.144936739839,1926.9559263546973,3911.656329425791,9609.43018478492,2432.54085909106,523.6428104746831
2017.498288843258,1495.5623642731011,1317.1449162322988,1894.8400422947143,3933.0553954913817,99900.15684218642,2189.2870518727946,471.27857812814864
2017.501026694045,1506.765758433587,1317.1449162322988,1863.2593742499307,3953.8605693756786,89910.15442656318,1970.3583160913217,424.1507137294495
2017.5037645448324,1518.0149619516612,1317.1449162322988,1832.101711467714,3974.196928639822,80723.00020117454,1769.0241456075014,380.81035709916773
2017.5065023956195,1529.3304291844747,1317.1449162322988,1801.5606849983442,3993.8503878763786,72640.08885016969,1591.8891864034883,342.67926248594966
2017.5092402464065,1540.689172222148,1317.1449155314483,1771.4286854344048,4013.051545103494,65207.77399483479,1429.0120988856124,307.6173626603572
2017.5119780971936,1545.3830254575087,1311.3695280385189,1754.40896890754,4031.5806958879284,58686.995084343784,2749.5057220286985,344.8320914715392
2017.514715947981,1542.7899544836512,1303.1028106632393,1747.501916995991,4049.7754361486145,52818.261759930225,4870.3213420870925,438.93299590732425
2017.517453798768,1537.9427371974357,1298.8658403108961,1738.9840425217787,4067.805398261385,47535.705113307245,6187.731518196499,491.32670192552865
2017.520191649555,1529.905981502004,1296.425816250683,1732.049930626707,4085.644189912103,42781.039786121844,7154.73071391816,585.4645916361533
2017.5229295003423,1531.7446093993021,1297.4091125810535,1711.9819288515885,4103.318167459551,38502.865172302154,6593.485530097639,702.2375169635735
2017.5256673511294,1526.6188857111124,1302.6317805442084,1695.02179424374,4120.6092577924355,34652.54986403068,5934.439076018981,1214.5412911861376
2017.5284052019165,1492.1509250819522,1332.0759204206631,1683.5124471784727,4137.57032561041,31187.242364941056,5513.548844840628,1936.7669385352256
2017.5311430527036,1449.841578765747,1374.757784837625,1666.8449588334179,4154.293195854713,28068.316616512722,4993.730975181871,2228.7526019543425
2017.5338809034909,1461.6480350132445,1374.7602472741753,1639.064760863698,4170.6923751403865,25261.431786027693,4494.352409338586,2005.9047386746627
2017.536618754278,1467.4433108892094,1379.788141748386,1612.7780042088852,4186.583861445027,22735.12572974517,4044.888198583778,1805.3013589593647
2017.539356605065,1411.8717819659237,1434.4372347328404,1598.7187003610895,4201.99350123165,20461.56114941266,3736.25964914384,2096.994325429115
2017.542094455852,1273.2888040242908,1554.1935195950798,1602.8399304463444,4217.126864225791,18415.10718400045,3709.8291327016827,2838.959265189407
2017.5448323066394,1145.9635159032728,1683.0565861210437,1607.9815017534656,4232.2870838780555,16573.544167138847,3579.4953209416126,3217.4510469412503
2017.5475701574264,1115.713061597243,1715.8630892908386,1590.6492152492212,4247.4914646880725,14916.17387474275,3221.547942415519,2895.71755581386
2017.5503080082135,1111.1719855372287,1727.408148616659,1569.1976038227974,4262.366992848691,13423.718682564479,2899.212204905653,2605.983163172102
2017.5530458590006,1107.203479568843,1735.3491742975568,1551.1769286799422,4276.843048279033,12081.167013762284,2609.252151663643,2345.3499416850796
2017.5557837097879,1093.191690598557,1737.574940679767,1549.254655193273,4290.9792443537735,10872.803334742126,2348.273863330107,2110.7684170524344
2017.558521560575,1050.6457954708187,1719.6662158913289,1596.072329804149,4305.044089659074,9785.45144904631,2122.341977040375,2012.3576612959907
2017.561259411362,1019.3086239629023,1699.7541912191637,1632.9462028897253,4319.847312753576,8806.416535893539,1913.718120839734,1872.66349227389
2017.5639972621493,982.1942944935623,1676.9454625406802,1677.9169381143138,4335.2275356768105,7925.715355093958,1763.613869641202,1779.3620766609467
2017.5667351129364,927.284125880254,1636.1823841030773,1757.9303097841469,4351.315311057887,7133.122503879707,1700.41380737881,1778.215038821254
2017.5694729637235,866.5347784612936,1562.777298989962,1875.1361710956076,4368.6917822785035,6419.751524825107,1680.9197069256925,1777.8153469828992
2017.5722108145105,802.8359081405013,1458.1473290556648,2024.6112213705665,4387.973472258636,5777.717944022216,1702.1794023593002,1789.0418535970412
2017.5749486652978,738.9671687903837,1350.7801599732504,2174.556941746474,4409.691560315261,5199.851699951928,1762.0311945771116,1762.3825960451095
2017.577686516085,674.7292536472002,1247.0574779710919,2318.788764296169,4433.848234910909,4679.757703423034,1854.1460938886728,1763.7398687253465
2017.580424366872,615.0267468799603,1152.6593500848746,2446.8342940032258,4460.33123985731,4211.427183073951,1939.1817530446092,1749.6567665646917
2017.583162217659,593.9851004541234,1109.5992247199054,2482.8042938578674,4488.890911793474,3790.265971726779,1824.1985642055645,1587.7449027149037
2017.5859000684463,584.3746626282987,1079.591008749992,2493.7692264525717,4517.972532994508,3411.229751710084,1666.6152774701932,1428.9672996233785
2017.5886379192334,545.0753261191368,1006.2311897389644,2577.6715076153746,4547.157307351894,3070.0923820025664,1701.7817835456933,1412.2089905066998
2017.5913757700205,512.1164941928765,943.2412275969044,2643.5472668001257,4577.658242235465,2763.0238468180573,1693.340198574635,1385.8748414226743
2017.5941136208078,485.53468633166744,888.1923712952059,2694.093277183224,4609.170796015273,2486.56895478021,1643.4112355759103,1342.3802143451212
2017.5968514715948,474.5023358551905,853.3981449110256,2708.08132426643,4641.437225792724,2237.64662967643,1513.7628512436722,1234.2130364784161
2017.599589322382,464.18453441883867,817.2473976213556,2722.55981858784,4673.855180197338,2073.1728404759633,1394.0208450883335,1149.990105446587
2017.602327173169,459.6259899077867,789.4138319992505,2722.8090543719823,4706.425954546352,1865.8567403029817,1264.6096322734036,1054.0385850319783
2017.6050650239563,449.2237194537054,752.1097957609546,2738.457420502364,4738.911795108345,1679.2692778690932,1177.266931388386,1013.3430508944749
2017.6078028747434,447.3497227525615,729.3646536141096,2730.847545381578,4771.568709077116,1511.263822933949,1061.27582994713,928.0763672843833
2017.6105407255304,440.0558877063852,699.6225118129948,2735.8700228910584,4804.010108414927,1360.1324257551698,984.1214034571939,888.6218012765107
2017.6132785763175,429.64261283262334,669.0716903251391,2744.8258518441717,4836.446275823433,1224.1039211233197,923.2619870261312,867.9083434079805
2017.6160164271048,415.8452937263048,637.4379505105194,2758.1883765870452,4868.942710001496,1101.6652387588308,875.5149752994369,872.1113293058165
2017.6187542778919,401.7736056863671,608.506064825821,2768.9898451310632,4901.572715182114,991.4774628859728,828.5777128706457,863.053564050894
2017.621492128679,388.76212900676535,582.6615309806479,2775.553633337614,4934.292837500334,892.2394905338347,777.6617722292482,851.7819255933604
2017.624229979466,375.0686431032328,558.6824283061432,2780.913560249512,4967.033399166474,802.9878874765556,730.9691232053971,835.4842501009107
2017.6269678302533,362.96371759454473,538.2200503785039,2781.168504596042,4999.773658256274,722.436055112989,684.5443680383062,808.8749310169937
2017.6297056810404,352.9696126596916,520.5374789735887,2776.617702630901,5032.429036561185,650.1377822185881,637.3467057341535,764.9695803648264
2017.6324435318274,345.1903465321387,504.2733892880782,2768.5990806576706,5064.91891434748,585.1068214040583,588.2449241824778,716.3640970463356
2017.6351813826147,338.6893100421225,488.4673269069938,2759.0671211385798,5097.185872737672,526.5923261569845,541.703425956977,687.1683110888432
2017.6379192334018,334.2829089372192,474.71221603273494,2745.6366486062925,5129.205757249123,473.925395660676,496.79949188790107,631.2777905142069
2017.640657084189,336.63207127411465,464.8912840918858,2721.8278198754488,5160.914255583922,426.52430208874586,447.1448901706961,574.2228558345113
2017.643394934976,340.4393619110659,455.1881191813647,2696.9249723545922,5192.1408773783505,383.8521320820905,402.406855798779,516.8097187637107
2017.6461327857633,350.51372053183644,450.5366245595541,2661.2063022510233,5222.8645834829595,27204.99270793954,362.1661696376962,465.1287461414685
2017.6488706365503,358.3092256519269,443.0477706142329,2631.2833024316287,5252.908832127584,24484.91194178125,3360.448468516372,418.615661048583
2017.6516084873374,362.71701333842566,431.09335822226365,2609.7946004753203,5282.372058789364,22036.403893555795,7249.6591388242305,387.37687724240305
2017.6543463381245,366.7386852000998,418.49233426407807,2589.774210097922,5311.399701263276,19830.91232795188,10493.109574508928,361.52660781079646
2017.6570841889118,370.56295763746357,405.9455889095472,2570.312987331145,5340.011296947222,17847.569062407314,13073.239207176925,339.25658643624405
2017.6598220396988,374.90150007009106,394.89307434397995,2549.1588121082605,5368.307344303045,16019.640363960109,14966.999221006485,316.04476338743854
2017.662559890486,381.4261049538257,386.06392762924764,2524.112833292181,5396.085764950122,14417.62031174043,15255.773576972613,284.43995223788437
2017.6652977412732,392.4641518355119,381.7036483412419,2490.5780964119635,5423.37063423666,12975.819756737947,14165.09318137005,255.99566108706722
2017.6680355920603,402.05394276545957,375.9362754871488,2460.5324782674625,5450.0217343053055,11678.234411000836,13063.91561502463,876.2869589320925
2017.6707734428473,391.54988074565756,388.24301269553735,2433.080338288944,5476.099099095239,10510.398181797069,11757.513713226332,2065.202247799262
2017.6735112936344,352.40190202000343,441.99447678330887,2406.794513672727,5501.647569465795,9459.326875148152,10587.909946459842,3182.2198090531833
2017.6762491444217,317.1556616077657,510.7235225084549,2377.839977344662,5526.688656288514,8513.21794448167,9528.921550887315,3743.34620963389
2017.6789869952088,285.4339839377949,556.9185248934527,2344.6498309211192,5551.179059432665,7661.66448761358,8575.770093929174,3716.4051282353416
2017.6817248459959,256.89008589415187,605.4640458452948,2312.745192869592,5575.047944561263,6895.48462598759,7718.178071396022,3732.3710129046194
2017.684462696783,231.1986549104729,665.7374004440665,2283.5818576874567,5598.320100582783,6205.871141095837,6946.287484218008,3905.3243542431433
2017.6872005475702,208.0702401201152,731.431514728698,2255.7927617473993,5621.04376453257,5585.0545453316645,6251.401874912559,4082.841099470804
2017.6899383983573,187.1540912203989,793.5638914185974,2227.725153061345,5643.264980560257,5023.6199431715595,5622.9830660903335,4141.827049770166
2017.6926762491444,168.435310102194,849.5438806894939,2199.3197542287894,5664.933585465358,4521.16743719595,5060.583448966463,4086.1308262936286
2017.6954140999314,151.58259306079447,888.5194082030256,2181.625378441019,5686.071163374141,4068.8086891487733,4554.249106937231,4003.920592100803
2017.6981519507187,143.84992530929242,889.4726656378912,2168.050542908381,5706.853309223416,143148.72368395023,4098.824191193673,3603.5285320708504
2017.7008898015058,145.35581220911666,876.7252643963188,2159.220962574375,5727.352303899165,128850.6296372687,12004.784160777352,3243.1710373317155
2017.7036276522929,137.97445152395323,842.5182438096842,2180.941596828882,5747.647950916456,115965.51639669236,23693.859995297753,2945.5700753294136
2017.7063655030802,129.0397671329631,798.1950383925536,2214.025435163886,5768.249902389572,104368.56755830329,35213.65204104929,2722.511681829198
2017.7091033538672,125.78098429601593,761.6832050125108,2233.1282613698063,5789.345592400641,93928.6425521008,42110.33323467811,2482.6394164677454
2017.7118412046543,126.69630408586362,731.2032719804467,2241.763687792744,5810.702679219921,84533.78819627619,45436.16053935786,2238.7968701011637
2017.7145790554414,141.45736231931156,727.8863959347459,2209.304488229657,5832.145596595261,76079.5581559993,40895.36101723131,2014.8950897404993
2017.7173169062287,149.33986328231668,712.1106895373795,2196.781964177128,5852.98922608215,68471.08202983676,39201.27811117538,1813.3918008644644
2017.7200547570158,155.68863405177456,694.9041411056489,2187.490001398424,5873.56686652313,61623.41674556508,37817.8593398239,2159.5508597149988
2017.7227926078028,156.04641591944866,679.9474831183892,2182.1505704094593,5893.933073631681,55461.06068979807,34354.01326543253,5606.269137207755
2017.72553045859,149.21735664221646,688.3114941195859,2160.8220779284943,5914.154514388684,49914.842135675644,30918.56623352029,6553.105498004145
2017.7282683093772,134.29820535788238,705.1781904001908,2142.1023264575865,5933.9655588543865,44922.674600069564,27826.28634580424,7720.641880936512
2017.7310061601643,120.86739589379523,729.382021010942,2124.142058992908,5953.410067194963,40430.076230103,25043.45273689044,8846.812167100383
2017.7337440109513,108.78064702278552,753.8280144269606,2102.1360240637205,5972.5017787330835,36386.9967466201,22539.062950934327,9282.87116321215
2017.7364818617386,125.57132255515184,753.8281982494224,2067.100486262684,5991.174387070479,32748.271497723214,20285.14081448709,8354.590878579073
2017.7392197125257,132.74466083790495,760.750557955918,2035.3951857579775,6009.211889585938,29473.441971719163,18256.625261137935,7519.144672710754
2017.7419575633128,134.5154459831964,771.5560957335495,2005.7860447075732,6026.672607713419,26525.497458752823,16430.590883629677,6855.814067863676
2017.7446954140999,132.17483604734687,785.0217993140724,1978.1687348419389,6043.59272393438,23871.978025613167,14786.931145467368,6437.939916230844
2017.7474332648871,128.28781409780663,798.4588640318011,1952.6344248240339,6060.004949112387,21484.500256706182,13308.064612401557,6129.005438123832
2017.7501711156742,115.4602395023227,806.4129276450476,1946.6966124975663,6075.946495308996,19335.851128719903,11977.141566693046,6294.501158326582
2017.7529089664613,103.91380133873773,794.1226221785599,1971.0629337752223,6091.745056155705,17402.19663413023,10815.099631076271,6804.68162891018
2017.7556468172484,93.52100647615198,770.2538433767768,2017.7596095785,6107.905948021708,15661.740049469816,9979.315113041981,7055.22407760884
2017.7583846680357,84.16741877005427,739.5134080896946,2066.1333157921463,6124.800235699421,14095.317010383147,9253.696033416458,7467.2809848500465
2017.7611225188227,75.74850708333982,713.4345951015736,2097.5812054947364,6142.453748652988,12685.489542504032,8476.203776844413,7271.448288426425
2017.7638603696098,87.44580605793678,708.577410785945,2073.0379611172093,6160.584792906452,239892.4041135962,7628.583272129582,6544.30387377162
2017.766598220397,104.75191194057709,708.577317608338,2038.4874783062114,6178.257163012418,215913.94540607042,6865.715351005362,5889.865256108674
2017.7693360711842,122.06945069734702,708.577313070506,2004.071650743197,6195.783356356495,192485.9863514121,6120.719571666137,5250.753793091076
2017.7720739219712,134.61878727404158,706.7187314323829,1977.3823496292018,6212.2098025319165,173237.3842568186,7969.505448533362,4725.678319408589
2017.7748117727583,134.72720120403784,701.7516523681251,1966.7322520216887,6228.146465273692,155913.4763375503,15754.862543750416,4253.106773959858
2017.7775496235456,130.61211687711267,694.8191489927433,1962.492288034868,6243.861922077254,140322.121576562,24428.026044164082,3890.722986728935
2017.7802874743327,119.41241364063411,682.9602931970005,1970.3771269907302,6259.463670087698,126289.7143352212,35432.89523276945,3684.877574249734
2017.7830253251198,128.86653831072573,678.4583940527501,1950.162403051895,6275.154068500692,113660.66637422932,34137.18835092133,3316.3874328350034
2017.7857631759068,140.57761016201746,675.4526868548901,1926.5742887501565,6290.464718149001,102294.11485854571,31564.94076845584,2984.73454178206
2017.7885010266941,153.52214179266906,673.5439421313821,1901.0901843021527,6305.340935689866,92062.62388429965,28439.71160383876,3067.0783534087163
2017.7912388774812,163.0169609864366,671.9385902746196,1879.2186539332733,6319.75089872174,82856.28830269388,25595.718086454508,4466.146101211092
2017.7939767282683,167.06916937172284,674.4066200825255,1859.119831495324,6333.757382966497,74569.3847982013,23035.752509279173,5545.878039482972
2017.7967145790553,167.42596926920402,679.9149493646222,1840.0425964621388,6347.397688337597,67095.27829953919,20726.917751455585,6249.1145845283
2017.7994524298426,150.6832347607687,698.2830632050033,1838.2698940946464,6360.674960034683,60385.696321591444,19390.78677198589,8778.177286132526
2017.8021902806297,135.6147127556971,742.2914462704147,1844.6846313265578,6373.886292679778,54347.04712975435,18616.92101975028,11777.10862585594
2017.8049281314168,122.0519743226189,825.1848171761625,1856.331794718912,6387.168274895554,48911.8346085372,18547.970972524454,14317.494858474363
2017.807665982204,109.84575814428963,926.8625333071484,1863.2126121229153,6400.6079284997995,44020.242889321155,18111.030158143632,16662.592474339137
2017.8104038329911,98.85892408585684,1003.5701243998665,1856.02522618472,6414.125334540701,39616.802742978805,16885.912365708267,16746.048160459035
2017.8131416837782,115.84803462703948,1004.3731995796223,1825.364676252257,6427.4865151122485,35654.07533920173,15197.708556641359,15072.899132514318
2017.8158795345653,107.61688130588333,1023.9465826716711,1801.637048802943,6440.29981279067,32088.591700430246,13677.905278736987,13565.577086152276
2017.8186173853526,125.68785153009256,1023.9476335689087,1771.6102237705709,6452.682516701597,28879.66894477652,12310.087647213575,12208.992496473333
2017.8213552361397,118.0586068740999,1035.8207052671503,1755.9463552446268,6464.530774832627,25991.700065198936,11079.079884645558,10988.09745217169
2017.8240930869267,106.25281371914217,1050.966474748725,1774.7300489850788,6476.085571688794,23392.46365839894,10108.616924502081,10595.504520419763
2017.8268309377138,95.62632796464447,1046.9885514411544,1817.4273499894723,6487.92141856377,21052.95212824374,9388.048679399517,10469.472798140243
2017.829568788501,86.06093837881542,1024.7572599479458,1857.1592398670482,6500.434961455666,18947.041801266645,8573.496317464078,9882.645067800173
2017.8323066392882,89.27840499533453,1010.1444851319337,1855.8445559440852,6513.577799751908,17052.20184244725,7716.139973698176,8894.44393111844
2017.8350444900752,80.35134424490094,967.5911968091508,1901.274122915031,6526.6631562197545,15346.875339427575,7014.253704080375,8243.982223417412
2017.8377823408625,72.3157024815188,897.3552191267506,1982.8834075728316,6540.469379415862,13812.090889099603,6676.893296771259,7906.591231517517
2017.8405201916496,65.08319069566281,843.8996658022631,2030.2631188371577,6555.59631368732,12430.765173096499,6187.456551895968,7317.367002392591
2017.8432580424367,70.62907497277915,813.5716296766527,2039.5962476048915,6571.473304941104,16193.602671109122,5568.709388268383,6585.623274417772
2017.8459958932237,74.30557105580887,780.7027505755193,2053.227310008615,6587.462525555486,26826.745614343414,5346.94630540433,5927.051982734463
2017.848733744011,78.72512198051358,749.6189737589291,2064.1468333902935,6603.635128065692,24144.221304063227,5902.724429486489,5334.343149738011
2017.851471594798,90.06943594965455,736.1065685435121,2050.4325900234003,6619.945362678861,21729.679207040197,5636.315745555763,4800.882372378947
2017.8542094455852,92.12907681981673,712.027245669623,2056.8430468876923,6635.982522925356,19556.604937430315,6081.096558558975,4360.584833169861
2017.8569472963723,84.60072424708596,677.9905050057067,2082.736128636077,6652.082463088264,17601.107465414996,7158.356381999103,4203.394951107305
2017.8596851471596,91.1824350610114,662.1310927062417,2075.9543507990616,6668.569842410816,38184.54565132736,6989.065404333722,3783.0554673564734
2017.8624229979466,97.6299058239795,648.5529620376184,2067.18372080236,6684.899032313173,34366.2242132513,8422.76773355074,3413.800762492809
2017.8651608487337,108.78377858691479,642.101415100977,2046.7708526902823,6701.037474598959,30929.257505884707,8529.111400604314,3072.3873917075134
2017.8678986995208,118.2579555305239,636.8329155403607,2027.2390837756652,6716.791466130581,27836.196963446975,8681.549273861167,2798.4694773985766
2017.870636550308,125.17022782703657,631.7766986333788,2010.4254937792277,6732.176900737488,25052.3382187268,8824.175957261954,2822.432870547699
2017.8733744010951,136.50886646110922,629.646571688771,1986.5820302725783,6747.239752554674,22547.03485599919,8202.095252951618,2625.8284485778213
2017.8761122518822,152.89761593738461,629.1385077414657,1956.5049538627466,6761.864043435536,20292.229287351147,7381.862340151665,2363.2381287404346
2017.8788501026695,160.27493917665592,627.0286084450047,1937.5823696295104,6775.947103725964,18262.881693256866,7130.089663071871,2303.224243329019
2017.8815879534566,164.95385763718193,625.1645320831441,1921.4665407240166,6789.675990532792,16436.544244589113,6885.2357038567025,2387.0522460538823
2017.8843258042436,161.3532147938375,626.0422656139685,1911.194671001658,6803.098669567671,14792.836905680819,6398.496565811825,3182.090544631044
2017.8870636550307,145.2210234067558,638.149244966551,1905.443920989224,6816.3133214429245,13313.526461379142,6081.651305055879,4017.26134197502
2017.889801505818,134.87409169388832,650.4538329006386,1890.831982017646,6829.396324827313,11981.685695777876,5553.5217391331325,4186.046189345991
2017.892539356605,121.51826151926811,663.7028675240099,1878.5633688555051,6842.199633540704,10783.46125039309,5113.543271808222,4347.089807939169
2017.8952772073922,112.37076715490932,674.1760972779135,1865.1007892892521,6854.764377717409,9704.561608002663,4673.504621574271,4335.697769602647
2017.8980150581792,115.49675833705332,678.9663776261638,1845.30757230201,6867.069223174259,19256.256869565335,4206.153852938555,4002.937411493645
2017.9007529089665,130.01622324042063,680.0499932050637,1818.1911475938623,6879.010467400138,64617.79715157257,3787.38081021363,3602.6432630908116
2017.9034907597536,143.70831975004404,681.334675756836,1792.1856679765617,6890.467067956042,58156.13155270925,4468.859178357555,3242.37738543361
2017.9062286105407,152.24967717774913,683.6596999510534,1770.755383025363,6901.458871285321,52340.47090474006,5969.234605047759,2918.137057535551
2017.908966461328,150.4051675018571,686.6582067896147,1759.4247713454174,6912.0633858025985,47106.376817489865,9071.692907313762,2789.8081789987455
2017.911704312115,162.70710794263564,686.0782303141275,1737.7441005376377,6922.449992645086,42395.68961773718,8887.664534265572,2510.829320581715
2017.914442162902,172.876334898178,682.869132406776,1721.214952365405,6932.44691176913,38155.958880128375,8979.815169030104,2259.736964679569
2017.9171800136892,178.512584166997,676.3907666013749,1712.790851788249,6942.141028882867,34340.07395696559,9657.565526936154,2072.8340908166156
2017.9199178644765,178.9409587161714,667.3063415682058,1712.3478150185315,6951.668016136577,30905.980809608453,10747.98164407519,2099.2258216905607
2017.9226557152635,176.06428939546936,659.4479446941568,1714.0173082777178,6961.161489072142,27815.295732124887,10699.676517853502,3208.57918392817
2017.9253935660506,158.4602105389631,666.9515020294883,1725.0857570232665,6970.656768273233,25033.65986385237,10363.155619012463,5222.04240136194
2017.9281314168377,142.60486616503968,696.3136973147645,1734.394216953932,6980.309668560393,22528.820691530513,9952.964381396501,6627.245507419015
2017.930869267625,128.34389623859485,727.1783566604278,1735.7673888418622,6990.092058752773,20275.8529600856,9296.112600746766,7117.749976361866
2017.933607118412,132.03628856465286,735.1428223936246,1714.761290379864,6999.870579023164,19422.725752857845,8366.507133454823,6406.042152419629
2017.9363449691991,130.12692746080495,745.6723557160875,1697.1670605931529,7009.27253659126,17480.68746784708,7529.77494111226,5832.186012384766
2017.9390828199862,127.92655354012084,755.5771213476539,1680.807753798723,7018.355351674809,15732.523188912115,6776.74923366638,5357.247569865816
2017.9418206707735,132.22951752024048,761.969948956952,1661.7545675116883,7027.140646372422,18317.644007970142,6099.022944114748,4822.832380072735
2017.9445585215606,138.87658599470888,767.2268311536095,1641.8348524110029,7035.584310801978,17546.358037071568,5489.081945246343,4340.51862200151
2017.9472963723476,153.04417869182342,769.3387921738437,1617.8948469956194,7043.67266250001,48745.948177297905,4940.171870819312,3906.4652732595578
2017.950034223135,172.76942769667636,769.3388770683757,1590.9300419446038,7051.3400336516415,43888.3448329645,4446.129873959462,3515.7991274793485
2017.952772073922,190.51043744544214,769.0259576006126,1566.7330134239687,7058.536871891274,39499.43046821482,4001.6368156687927,3164.212790374126
2017.955509924709,200.13334700302525,764.1939602891631,1555.5961925819163,7065.310680487193,35549.436696077355,4247.403725460815,2847.787447842517
2017.9582477754961,208.2118264398302,756.789889917573,1548.7799383921404,7071.880425611753,31994.188363583922,4527.397160996243,2562.984297182327
2017.9609856262834,219.4465403331562,751.2304657073284,1537.0940851748412,7078.31888914597,28793.474366422983,4470.28638514215,2306.5821149712497
2017.9637234770705,235.68811322309276,749.1374303187393,1517.1477460031308,7084.54459081633,25913.94541053594,4023.295757920587,2075.909247740054
2017.9664613278576,255.52571574082592,749.1374261639997,1491.8619606948089,7090.42067776165,125571.38632172655,3620.965902960985,1868.318165464773
2017.9691991786447,270.0550782045148,747.079961346134,1474.3794064082365,7095.8592344024,113014.27325649284,5046.284400283018,1681.4863205356182
2017.971937029432,280.8832753231887,743.7613799763593,1462.1653178215959,7100.991607240143,101712.46479215154,7257.625568674588,1694.183327959678
2017.974674880219,297.9358397008513,743.0150681795994,1441.372298365849,7105.906274114984,91541.13294889813,6864.28255997563,1524.7678598452821
2017.977412731006,314.11320753972825,741.7901815899197,1422.2929551676125,7110.461036064022,82386.6617595638,6705.234482844957,1400.7821507854192
2017.9801505817934,334.02154173318667,741.7900912237322,1398.588102223961,7114.685545180402,74147.04902848243,6034.73313183998,1260.692643298942
2017.9828884325805,353.94052964926027,741.7900912237322,1375.2372956353843,7118.545263852905,66646.82635288332,5424.300780162813,1133.1694098254711
2017.9856262833675,373.86903098256954,741.7900912237322,1352.233409926422,7122.048548228559,59821.6783217709,4868.810654042309,1017.1241410290494
2017.9883641341546,393.80628197220864,741.7900912237322,1329.5719246377498,7125.200682527592,53618.30304975771,4363.925796179187,911.6506250865167
2017.991101984942,413.75152942368004,741.7900912237322,1307.2483742587683,7128.006885455102,47987.08164427777,3905.6078160295197,815.9052131248839
2017.993839835729,433.70402975361236,741.7900912237322,1285.2583433041968,7130.472316079742,42881.79610955751,3490.095090435284,729.1020790409984
2017.996577686516,453.66304889492153,741.7900912237322,1263.5974658301463,7132.602074412483,38259.433077217735,3113.8868158529176,650.5098836872784
2017.9993155373031,473.6278569366947,741.7900879964294,1242.2614334660423,7134.401201962112,34079.99818964302,2773.728010507543,579.4491226295905
2018.0020533880904,489.01014748463825,738.5924291563987,1229.3466488099814,7135.559254910258,30671.997922485265,2547.5653059504207,969.016631888316
2018.0047912388775,499.8003234602109,739.1025940081205,1217.5344920991922,7136.498970793754,27604.669435356536,2366.2550040954984,1310.0380222771742
2018.0075290896646,519.7802124099052,739.1025984849855,1197.2422811808876,7137.2391882855,24844.159534768616,2129.6276702095734,1179.0417774069983
2018.0102669404519,539.760890074049,739.1026002089513,1177.071896382319,7137.856793695957,22183.152738413104,1901.5277648178594,1052.7578154621087
2018.013004791239,553.1003722365587,741.1743828357174,1162.026427149292,7137.91889813971,19964.828374497258,1711.3790153442217,1078.3006645564983
2018.015742642026,549.8546229227619,749.9930904650771,1157.070180281926,7137.730086691511,17968.3246564181,1718.8746478192656,1521.050328030468
2018.018480492813,566.1031822471715,752.1709667192739,1139.3425598793942,7137.459171515436,16171.475860422557,1546.9856933644094,1368.9452667241276
2018.0212183436004,586.0860953480963,752.1707706575909,1120.3527579122583,7136.894156443328,14553.947267726837,1392.2506764228883,1232.0184874545494
2018.0239561943874,606.0672212629476,752.1707706575909,1101.6615573573822,7136.032131083353,13089.01868728884,1252.1135871847637,1108.0095804089733
2018.0266940451745,626.0482559381347,752.1707706575909,1082.9890113921779,7135.15154237337,11633.623960516157,1112.8885195424748,984.8077316635184
2018.0294318959616,646.0292906133219,752.1707706575909,1064.3164654269735,7134.270953663387,10178.229233743472,973.663451900186,861.6058829180635
2018.0321697467489,666.0033043404025,752.1707706575909,1046.556297675927,7132.4850076873545,9150.304951045779,875.3307967399573,774.5901959230819
2018.034907597536,685.9732309799813,752.1707706575909,1029.054902102866,7130.444376620836,8214.860795792447,785.84468248743,695.4029137785328
2018.037645448323,705.9365950859514,752.1707706575909,1011.9039839148335,7128.059830702895,8599.636939195647,707.2601175098356,625.8625368042163
2018.04038329911,725.8934261385332,752.1707706575909,995.0389170981127,7125.395966467031,10182.612358804843,636.5340942635481,563.27627295147
2018.0431211498974,745.8429589367042,752.1707706575909,978.4549346334244,7122.458316133543,14100.136235436006,572.8806719280019,506.9486342328315
2018.0458590006845,765.7844434940107,752.1707706575909,962.1473479404323,7119.2523182692275,17507.93516721993,515.5925022745481,456.253680140949
2018.0485968514715,785.7171443768592,752.1707706575909,946.1115584715205,7115.783306855296,32106.829413250092,464.0332449529345,410.62830584915315
2018.0513347022588,805.6403388390354,752.1707681831555,930.3430367166152,7112.056536622463,28896.149438324675,417.6300620560519,369.5654659934594
2018.054072553046,824.1224145843073,750.5045209342775,917.9344739746106,7108.077170868071,26006.530212661564,465.97833185730724,332.60886463184295
2018.056810403833,843.7561594156532,750.1981801011182,903.2102192673641,7103.901921577131,23405.83760361445,419.38148914163446,299.34747186325126
2018.05954825462,863.6460852529989,750.1973012858438,888.1556143445124,7099.495379477913,21062.25344601599,377.3895818410892,269.3743512872317
2018.0622861054073,883.5253014090031,750.1973012858438,873.3396387937325,7094.860038872687,18943.528885658707,339.4266650218099,242.2770582333146
2018.0650239561944,903.3924714288696,750.1973012858438,858.758752972022,7090.001654674531,17027.532387621595,305.0961923076279,217.77254284277453
2018.0677618069815,923.2470430592808,750.1973012858438,844.4094181417315,7084.92431787441,15295.852554560908,274.06827168263123,195.6253337198998
2018.0704996577686,943.0884738566868,750.1973012858438,830.288145906885,7079.632059311851,13731.669315360159,246.0415242075543,175.62031163458428
2018.0732375085558,962.9162259158182,750.1972958441229,816.391507928189,7074.128850673137,12319.62143416842,220.74068546353564,157.56107412227448
2018.075975359343,981.4189443225065,748.6091202421032,805.6795146893376,7068.354201107322,13884.740137146933,215.41074393969646,188.01026086717914
2018.07871321013,993.7355753504754,743.511215912765,804.8260251121933,7062.416863985835,12496.4581070027,388.3892912842067,402.75577032682867
2018.0814510609173,990.5153456106136,750.0725607169173,807.8481303215358,7056.481543712201,11246.808200142576,590.0982255274996,650.3756587730297
2018.0841889117044,998.9117325521054,756.7892466916514,799.0316534973944,7050.6128476201175,10122.216454520323,572.8377960903208,626.3274673837755
2018.0869267624914,1018.6563756492967,756.7892494314615,785.7144603423731,7044.613294938138,87770.68612913108,515.5540268057921,563.6947235329794
2018.0896646132785,1038.3845863094264,756.7892494314615,772.6192157847954,7038.408228835586,78994.73237164023,463.99853245516783,507.3251509497818
2018.0924024640658,1058.0959788688888,756.7892520571615,759.7398356307144,7032.004113804502,71085.62973318376,417.5425498988927,456.53078443100566
2018.0951403148529,1072.712143833866,759.8827983587594,749.0614583819421,7025.400679786699,63977.06642400292,887.915115086283,411.8989107744711
2018.09787816564,1067.2177942529677,775.1873042178606,746.442514270898,7018.637367619534,57579.3451606861,3304.9163526952207,513.5755553680859
2018.100616016427,1053.4312345816102,798.9452511304055,743.6874587762768,7011.848935872967,51821.330284657815,5212.09224493063,608.4940602866795
2018.1033538672143,1025.3326351186306,834.1687695535793,743.8061864409641,7005.033189248084,46639.040754240545,7035.850237626477,709.1219712392245
2018.1060917180014,995.4432932716924,863.7974381053115,751.2898786752894,6998.238070308966,41974.71105176928,8005.829274417627,820.0668708377372
2018.1088295687885,961.1050336934208,883.217097978554,773.2883296848001,6991.586119004488,37776.60772549139,7783.547335994063,1692.5086879173273
2018.1115674195755,979.8161353795717,883.7485460995745,760.7405831948973,6985.31921568722,33998.93420988964,7005.192860305693,1523.2639219298162
2018.1143052703628,999.3780934433271,883.7510173250334,748.0605216183965,6978.8627479745055,30594.35030550163,6303.707143816879,1370.72738988172
2018.11704312115,1018.9398955733536,883.7510173250334,735.4288078981783,6972.360559564698,27270.65045739299,5618.886899009792,1221.8147198051295
2018.119780971937,1038.4723795970597,883.7510173250334,723.1453503546182,6965.539433084552,24502.04757033528,5048.439688195254,1097.7722161001477
2018.1225188227243,1058.0026372944974,883.7510173250334,710.8882035563153,6958.694222185417,21774.98252459598,4486.550998294276,975.5907441196349
2018.1252566735113,1077.503078196052,883.7510173250334,698.9567702149963,6951.553114625181,19485.562691473908,4014.835403289614,873.0172152514148
2018.1279945242984,1096.9954873063316,883.7510173250334,687.1127658735196,6944.3326098563775,17312.822004684753,3567.1605596318773,775.6712954092596
2018.1307323750855,1116.4491722380546,883.7510173250334,675.6587296767743,6936.760861121399,15579.165898197814,3209.955380409695,697.9978070808396
2018.1334702258728,1135.897922487213,883.7510173250334,664.2502724702038,6929.148468078811,13887.317415400517,2861.3643084819373,622.1974376244642
2018.1362080766598,1155.311934720001,883.7505145904461,653.1572572142122,6921.255873836604,12478.061544430187,2570.9990543370754,559.0599780251549
2018.138945927447,1165.1721317665429,870.2611510035307,665.2907116297047,6913.179485961485,11230.253061251955,2313.8986690871725,551.4658909498786
2018.141683778234,1167.2819516416387,849.0656419918922,692.6563659027071,6905.327420825028,10107.213353347344,2082.5058348136013,596.8100161771026
2018.1444216290213,1180.3909160562437,843.5921784869561,692.8232470685927,6897.952938749473,9096.48036027594,1874.25284935419,538.8026673926125
2018.1471594798084,1199.7158289443717,843.5909690862991,681.2789450047004,6890.601437325898,8186.59391142551,1686.7783317666667,484.908687257522
2018.1498973305954,1219.0220847276985,843.5909655471074,669.9243016226925,6883.077728463768,13765.722541105399,1518.1002638746086,436.4177510572841
2018.1526351813827,1236.8795947289864,842.3702506087599,661.4077483812823,6875.385386642238,12389.151453880691,1366.2904541086016,392.7761687787747
2018.1553730321698,1246.271377301971,834.032964519908,668.5943073128485,6867.572231226538,11150.174347976554,1257.6856581905417,382.0211763400983
2018.1581108829569,1264.9738716286977,833.6478813040419,658.3768840408402,6859.900143387686,10035.1043401602,1131.9158897399973,343.8213536943147
2018.160848733744,1283.5576331503134,833.1966374787365,648.491279367132,6852.081130365084,9029.886330801264,1018.531707474041,309.3807236838321
2018.1635865845312,1291.267150831361,825.111860598292,657.2590052987305,6844.1165636328815,8126.848401809938,968.4182459968579,313.14019551441936
2018.1663244353183,1289.3366656128294,812.5883342705789,679.937626995039,6836.319853482815,7314.151398611899,995.3996965595343,356.74015044403524
2018.1690622861054,1296.0025521407988,806.8951609971665,686.7901866801292,6828.922480543168,6582.731519241411,926.0547308823095,341.4022786300626
2018.1718001368924,1308.864966925536,803.7189494381283,684.7947635840618,6821.659600413537,5924.454787375716,833.4489210243529,307.2647339535143
2018.1745379876797,1320.8276105694417,800.0509741957039,684.2040676315207,6814.383527964592,5331.226109984331,749.9932183206307,289.3954800329969
2018.1772758384668,1333.8279418004727,797.2629056120865,681.6858484859641,6807.11738446274,7285.590206821935,674.9933035721269,274.5726170879089
2018.1800136892539,1351.6083755828515,796.7571228638625,672.127302041765,6799.829179872785,15738.373450584904,607.4935409183745,247.1155751039853
2018.1827515400412,1369.5857374390075,796.2818005137746,662.4807070480074,6792.401635360473,14164.559378889344,546.7465495818757,222.40418117073284
2018.1854893908283,1383.648961230071,793.8156276291294,658.879522200266,6784.833669301795,12748.094057337084,587.5179940708929,209.862736477292
2018.1882272416153,1393.8562819422111,790.0009186626904,660.5220653836918,6777.226414372668,11473.26627689582,706.2129979356719,216.39570939237618
2018.1909650924024,1403.5104365820882,786.9266936463829,661.9296034989344,6769.666846633858,10324.550994806472,788.2454439340029,219.72405780980628
2018.1937029431897,1408.139607330977,781.1684071107519,671.0014983594031,6762.151967560127,9292.078534578759,924.1768634872282,237.9032503042869
2018.1964407939768,1417.3888986450884,777.8012414915955,672.8903749131182,6754.808865311453,8362.860579239556,925.2075783896679,228.64787320183703
2018.1991786447638,1430.6938146493567,776.093768816363,669.0123206118425,6747.51737628369,7526.569206595423,857.0113434290655,207.06693174894372
2018.201916495551,1444.674516530936,774.4957696886186,664.393618681321,6740.181275460377,6773.832118030997,784.5422907577147,190.45088856642576
2018.2046543463382,1463.5656841684934,774.4948927256831,653.32414172441,6732.788361742667,6573.404130938519,706.0801455277831,171.4071969043101
2018.2073921971253,1482.4395797786003,774.4948927256831,642.4354051319746,6725.231102724999,8607.818778293456,635.4720928254441,154.26646795452862
2018.2101300479123,1501.292732789278,774.4948802065014,631.7281983167842,6717.513069048692,7747.037234388383,571.9249935803213,138.84002468968157
2018.2128678986994,1517.2186087194507,773.2529275567049,625.3475137846249,6709.637730300475,6972.331682685409,521.4546190758958,142.0323489202802
2018.2156057494867,1528.2094576930635,770.3319857664238,625.6656138457308,6701.677623056036,6275.095483352578,532.0945816530893,181.7795799104048
2018.2183436002738,1538.7449541608974,769.5180127624357,624.3050625791208,6693.7445508588025,5647.456936757177,516.0726430945919,198.56013762079286
2018.2210814510609,1555.4627103728053,769.4097256272659,616.0574352861772,6685.810609075008,23922.21239819819,464.46533919218257,178.70411213979082
2018.2238193018482,1574.0901385360753,769.3878762445714,605.9294118538664,6677.760953726742,21531.37140133626,418.02072560965865,160.83364092505022
2018.2265571526352,1588.115733339159,768.3293034563737,601.586691097221,6669.5645524685015,19378.216827567852,571.5589150802458,155.30220170049722
2018.2292950034223,1605.3622212996988,768.0988630984008,593.2447999584386,6661.318296004713,17440.057523835512,541.6191471161478,139.77025856140784
2018.2320328542094,1621.1933206239073,767.6081978064088,586.6950140378135,6652.955547893122,15696.009046187415,568.263165877629,129.57343208115185
2018.2347707049967,1631.4466234185625,766.4176124204471,586.5092178008996,6644.506526721345,14126.399915990824,794.5458066399399,158.20185759336331
2018.2375085557837,1649.7979326178945,766.4602245948563,576.9721712425585,6636.077551905943,12713.752292581285,715.0944389448233,142.38209750239395
2018.2402464065708,1668.4066187630674,766.4603757796341,567.3527634488278,6627.516022369722,11438.943646917627,643.3918898309179,128.10543809002522
2018.2429842573579,1687.0019700310681,766.4603757796341,557.8294012406997,6618.871933309846,10241.4377967366,576.0346210699715,114.6939658956268
2018.2457221081452,1705.5637657688378,766.4603757796341,548.5322443518015,6610.0351944609765,13802.170414282733,518.4311504096303,103.22456760301216
2018.2484599589322,1724.1013516248138,766.4603757796341,539.3900377722867,6601.067715184516,13065.77388481918,466.5879421718205,92.90209228633323
2018.2511978097193,1742.6143697041948,766.4603757796341,530.4001972882945,6591.972437589127,11759.193344714806,419.92892607659957,83.61183887967434
2018.2539356605066,1761.1032363025654,766.4603583103471,521.5554663813116,6582.756219367022,10579.114121962566,377.78764073338317,75.22138759704704
2018.2566735112937,1778.379823963636,765.5372864892619,514.9722073983152,6573.41386251003,9521.20214672015,345.68809083687495,83.10718165505075
2018.2594113620808,1796.8169857257797,765.537216387653,506.3894666040224,6563.987411643788,8569.04161728192,311.1186402588428,74.79797834772636
2018.2621492128678,1815.2321975942461,765.5372084495409,497.9286480028969,6554.460926314562,7698.1520077937375,279.49901600744676,67.19616466498243
2018.2648870636551,1833.1419311790255,765.0515059607227,490.5911279397653,6544.802315281729,6928.332742963808,251.54904865847752,62.43296771818348
2018.2676249144422,1850.1270130110743,763.7321876034267,485.107696147819,6535.04788359892,6235.80730273628,234.56167559386412,69.19338435205583
2018.2703627652293,1868.4591552668928,763.7321891522838,477.02256178668233,6525.228774155385,10498.154404893196,211.10541022947805,62.27408710522686
2018.2731006160163,1884.946122452706,762.6625117704622,471.9601349794911,6515.301811158586,9448.339283320203,228.55161706824398,78.65571550306834
2018.2758384668036,1903.224094353237,762.6624720291557,464.09422694855596,6505.317687030295,8503.476766244588,205.69861416083063,70.79151188267022
2018.2785763175907,1921.475779610664,762.6624720291557,456.3545444876944,6495.233584233733,7649.6944790010175,185.0454511216434,63.683694836850215
2018.2813141683778,1939.698838484838,762.6624718851916,448.7486367743339,6485.044333216883,10561.432257049722,166.5408975925735,57.315322604727335
2018.2840520191648,1957.4950901560078,762.5586509876666,441.7722067633229,6474.756232454249,9505.289148182092,152.69679836057225,51.78718637343007
2018.2867898699521,1975.6616999752555,762.5584961869026,434.40945931464427,6464.380424884444,8554.304037529539,137.42471419668485,46.606079884763446
2018.2895277207392,1993.828658146363,762.5584961869026,427.0465892019222,6454.004236826059,7603.7751227113295,122.15503436062761,41.42736124742044
2018.2922655715263,2011.9782856291004,762.5584961869026,419.75853105681585,6443.570567488428,6711.208872658026,107.81634004681464,36.56443469089224
2018.2950034223136,2030.088389017665,762.5584961869026,412.64108790345045,6433.005807253229,5950.831360386893,95.60083661075188,32.4216985661502
2018.2977412731007,2048.1984924062294,762.5584961869026,405.5236447500851,6422.44104701803,5190.45384811576,83.38533317468912,28.27896244140815
2018.3004791238877,2066.257065077072,762.5584945151344,398.61996095848684,6411.714059810554,4930.5955997364235,73.48009362408202,24.91973942048176
2018.3032169746748,2084.0644954433974,762.2318617905979,392.48973468295645,6400.791388444297,4437.535279149594,66.13205526872729,23.951243489149945
2018.305954825462,2102.028814707382,762.2318559510311,385.9482202317879,6389.796489471047,3993.7679572321226,59.518644170943034,21.556132960222012
2018.3086926762492,2119.7626505623866,761.915795825663,380.0321646008084,6378.722669372392,3594.437382102075,53.56676872239291,22.478427755861585
2018.3114305270362,2137.6663091475775,761.915169457788,373.6985824490741,6367.581119306811,3829.4907533031487,48.20544413818149,20.237546330490815
2018.3141683778233,2155.5275824962355,761.9002648367019,367.49722559410264,6356.3640074342065,3650.1090561692317,43.38486396624712,18.213784721509302
2018.3169062286106,2172.7808965127324,761.1783960731391,362.6834220359249,6345.0742657394485,5332.65223951788,45.92989704532702,25.79176396650873
2018.3196440793977,2189.847216574728,760.8849932893532,357.677442053062,6333.735228444106,4799.4786236417885,56.07990327549462,29.709418250600045
2018.3223819301847,2206.819175916577,760.827195921301,352.5825689423929,6322.343839580979,5038.270371823652,61.74825998357685,31.439109386158123
2018.325119780972,2224.5685601723444,760.8271958121875,346.70619238695326,6310.898731989766,6382.052014299843,55.57363566764009,28.295267041810412
2018.3278576317591,2242.286593897176,760.8271958121875,340.92775518334423,6299.387035468541,5743.849429403773,50.016267915769596,25.465738206760467
2018.3305954825462,2259.9730884715113,760.8271958221369,335.24562589046974,6287.810570177133,29962.757317178563,45.014640495599586,22.919164066036828
2018.3333333333333,2277.562228297575,760.8324874936233,329.71854535385256,6276.1711192162,26966.49041874157,50.00889029371093,20.627246788751815
2018.3360711841206,2295.185147186062,760.8324966603193,324.2230035358119,6264.471632979058,24268.87606336331,45.02022979352286,18.563783718146844
2018.3388090349076,2312.808036553777,760.8324966603193,318.72769444658104,6252.771952700573,21572.22702148915,40.01934076415177,16.50105903927166
2018.3415468856947,2330.430925921493,760.8324966603193,313.23238535735015,6241.072272422089,18875.577979614995,35.018451734780676,14.43833436039648
2018.3442847364818,2348.0538152892086,760.8324966603193,307.73707626811927,6229.3725921436035,16178.92893774084,30.017562705409585,12.3756096815213
2018.347022587269,2365.6767046569244,760.8324966603193,302.24176717888844,6217.672911865118,13482.279895866683,25.016673676038494,10.312885002646118
2018.3497604380561,2383.2995940246396,760.8324966603193,296.74645808965755,6205.973231586634,10785.630853992525,20.015784646667395,8.250160323770935
2018.3524982888432,2400.9224833923554,760.8324966603193,291.25114900042666,6194.273551308149,8088.981812118369,15.014895617296306,6.187435644895754
2018.3552361396303,2418.545372760071,760.8324966603193,285.7558399111958,6182.573871029665,5392.332770244211,10.014006587925211,4.124710966020572
2018.3579739904176,2436.1682621277864,760.8324966603193,280.2605308219649,6170.874190751179,2695.6837283700543,5.013117558554118,2.0619862871453902
2018.3607118412046,2453.709044945481,760.8324966603193,274.99982842327114,6159.022010332184,1468.9468572463236,1.292867401908578,0.52765334010188
2018.3634496919917,2471.010977956053,760.8324966603193,270.4164976645605,6146.731308080328,2230.229801836805,1.1635794524966176,0.4748875073758268
2018.366187542779,2488.2792377051715,760.8324966603193,265.9095560346708,6134.397889961109,30302.857160741813,1.0472215068836965,0.42739875648998893
2018.368925393566,2505.513707330809,760.8324966603193,261.4777299582629,6122.02314641188,27272.585772970026,0.9424993341218332,0.38465887183221426
2018.3716632443532,2522.7254361350724,760.8324966603193,257.0954482491818,6109.621599316698,24445.555930673705,0.8448014377014219,0.34478577987669456
2018.3744010951402,2539.926002289625,760.8324966603193,252.73748608321074,6097.206895328116,21718.297353376704,0.7505515042892386,0.30631989269347315
2018.3771389459275,2557.1265684441782,760.8324966603193,248.3795239172397,6084.792191339534,18991.038776079702,0.6563015708770552,0.26785400551025174
2018.3798767967146,2574.3271345987314,760.8324966603193,244.02156175126865,6072.377487350952,16263.780198782699,0.562051637464872,0.22938811832703032
2018.3826146475017,2591.5277007532845,760.8324966603193,239.6635995852976,6059.96278336237,13536.521621485696,0.4678017040526886,0.19092223114380888
2018.3853524982887,2608.571899036266,760.8324966603193,235.63999619887946,6047.370088465802,12072.558525439481,0.41720769023016696,0.17027347779846322
2018.388090349076,2625.5679363556433,760.8324966603193,231.71266275259558,6034.7292845927095,15688.240742704864,0.37548690790585804,0.1532461245900083
2018.390828199863,2642.5293413237805,760.8324966603193,227.85078489104092,6022.057657486129,14119.417491553984,0.33793820761742466,0.137921508254685
2018.3935660506502,2659.469508194135,760.832496660284,224.02828228742254,6009.367893219428,12646.566291407735,0.3026866402439621,0.12353446302889691
2018.3963039014375,2676.3577925245218,760.8249105019939,220.30570103516027,5996.637676299591,11381.909696568397,14.495729718191049,17.2280738811822
2018.3990417522245,2693.2148385402056,760.8249103630446,216.63393641532429,5983.880295042694,11436.098520309844,13.046530778183032,15.505670397925334
2018.4017796030116,2710.036931424674,760.8249106083773,213.02336985830752,5971.096668469914,10292.488752821888,11.741882588428902,13.955105832915464
2018.4045174537987,2726.6636135673325,760.9821950529683,209.47608254248135,5958.287889198495,9263.239033432848,14.859743924736943,15.95940517182548
2018.407255304586,2742.9636761291654,761.427485684907,205.99143717965006,5945.455081367554,8336.912836550857,23.883890502994607,22.078113529518966
2018.409993155373,2759.043679712087,762.0587235667248,202.563732924491,5932.599444157975,7502.856981052551,30.702110959485665,25.89158542205658
2018.4127310061601,2775.017683815346,762.7618472228648,199.19202395319417,5919.721925369872,6752.12925574609,33.765027639553374,28.72162469671682
2018.4154688569472,2789.8757034146556,764.540646327125,195.88165421573703,5906.8233764037595,6076.9156054864125,40.500824109608615,42.00773961634948
2018.4182067077345,2801.277418024755,769.7328662296261,192.63400262720018,5893.9049934797,5469.222061712749,55.410850329805584,66.35192800677989
2018.4209445585216,2812.8563577805303,774.7201965186364,189.43275022695164,5880.967875835165,4922.304510967647,57.77873871009931,72.51814558578968
2018.4236824093086,2828.664432859573,775.3691060922237,186.35869358318578,5868.012847826294,16550.344573453287,52.00090282688136,65.2663966593419
2018.426420260096,2841.4491618093684,778.2036839019796,184.13805513473528,5855.042079515194,14895.566744854515,94.73320323610778,65.62024001637064
2018.429158110883,2857.881674207035,778.232473389978,181.07689652765185,5842.069836236612,13407.318167549756,85.26515696445438,59.058782825735044
2018.43189596167,2874.3152462777584,778.2324732720771,178.0589465876684,5829.082114223771,77066.1675805311,76.73861093487174,53.15288352197342
2018.4346338124572,2890.713234387275,778.2324732720771,175.09129730069023,5816.07967540123,69359.65045278046,69.064746837821,47.83759308936231
2018.4373716632444,2907.0867205152776,778.2324738162132,172.15766674321867,5803.067719286562,62183.06952370906,61.918768818047226,42.88787795820206
2018.4401095140315,2922.0796368508936,778.7579197809259,170.09672565796032,5790.038198071495,55964.76211115141,163.25551764303603,39.04205878213176
2018.4428473648186,2935.194934384911,779.1940466038212,170.00137434912105,5777.010025023419,50368.22833176197,394.3762327369036,40.035676167766
2018.4455852156057,2946.9032192844297,777.8793547251553,173.02975882968087,5764.015947522004,45331.257571155584,647.7294777668344,47.42883324912367
2018.448323066393,2957.998992829687,775.8571563075477,177.29211638661124,5751.107914837428,40797.91245554789,803.3985302206977,66.38554753069235
2018.45106091718,2967.754113946945,775.9240987411436,180.6995535364025,5738.306314136783,36718.081730195816,885.2340490568392,77.41353265741996
2018.453798767967,2976.804583800857,777.2898583162553,183.42097707074623,5725.596561173413,33046.16240776261,918.5847395960599,92.64344450018118
2018.4565366187542,2990.8047186680324,778.0422743472924,181.72587939999718,5712.967007945949,29741.529721564344,826.7275939080644,88.14925544152747
2018.4592744695415,3006.8845568426686,778.0422852282919,178.69713042599707,5700.343807864314,26767.359420876302,744.0543528451317,79.33448643471093
2018.4620123203285,3022.9644212480002,778.0422852282919,175.66836576933045,5687.720608115649,23793.206448719866,661.3815934543252,70.51956089055818
2018.4647501711156,3039.0442856533314,778.0422852282919,172.63960111266383,5675.097408366984,20819.053476563433,578.7088340635188,61.70463534640543
2018.467488021903,3055.124150058663,778.0422852282919,169.6108364559972,5662.47420861832,17844.900504407,496.0360746727124,52.88970980225268
2018.47022587269,3071.204014463994,778.0422852282919,166.58207179933058,5649.851008869655,14870.747532250562,413.3633152819059,44.07478425809993
2018.472963723477,3087.2838788693257,778.0422852282919,163.55330714266398,5637.22780912099,11896.594560094129,330.6905558910995,35.25985871394719
2018.4757015742641,3103.363743274657,778.0422852282919,160.52454248599736,5624.604609372325,8922.441587937694,248.0177965002931,26.444933169794446
2018.4784394250514,3119.4436076799884,778.0422852282919,157.49577782933073,5611.9814096236605,5948.288615781259,165.34503710948667,17.6300076256417
2018.4811772758385,3135.4872510683886,778.0422852282919,154.51988180127088,5599.341562263321,3951.4865756785543,91.33086018329459,9.73829470069077
2018.4839151266256,3151.2558119580185,778.0422781505026,151.9445584394894,5586.576231813264,3562.0404957046853,82.19777366649025,8.764495784872675
2018.4866529774126,3166.8027819931576,776.532138799676,151.10890673603814,5573.802952832403,3205.8363571867435,73.97799421389152,14.300687341323332
2018.4893908282,3181.206424129665,771.3680345071872,155.04948032905264,5561.050741395372,2885.2523926035224,66.58018720361235,37.79102028872459
2018.492128678987,3194.965177847477,770.0973159483673,155.6409698422638,5548.399116723169,2596.718479706114,59.92196833009282,43.793547356490365
2018.494866529774,3209.225504522911,769.758146300947,154.75481662663827,5535.792012910778,2337.029453291319,53.929375086692346,42.640631587131224
2018.4976043805614,3222.7347183339903,769.580574724679,154.43838318733904,5523.204704115263,2103.323514148818,48.5363684926789,43.50447299699841
2018.5003422313484,3237.8086690317136,769.6432418248407,152.28777267335147,5510.646596831364,1892.9835676513055,43.68249801973363,39.1545370595735
2018.5030800821355,3252.6712803284117,769.8069531024381,150.248880362769,5498.087066567651,1745.9825069331673,39.313538958366635,35.23845731233512
2018.5058179329226,3266.2498363730856,770.575779933707,148.88850221434788,5485.527961840127,1589.7123209516087,35.38169325885402,32.45793138918569
2018.5085557837099,3278.047946971562,772.7579974755495,147.88345253041595,5472.980583383739,1430.7311446634103,33.08571072068621,31.896323958260023
2018.511293634497,3291.2417193829256,774.3667889404488,146.0385355717312,5460.450836466163,1287.655663393371,29.777486571223506,29.27013546762221
2018.514031485284,3303.8859113026474,776.072816904753,144.64238137094264,5447.924670782928,1237.4732882422936,27.12528311057789,27.681621094277546
2018.516769336071,3316.171006627657,776.3667133465317,145.0064079794035,5435.409552407679,1113.725289148148,25.31197050405975,26.59319209321473
2018.5195071868584,3329.3218554144296,775.3371576189004,145.78778875612872,5422.934778571811,1002.3716375811922,22.95733496864166,24.48354011529572
2018.5222450376455,3344.607111643049,775.3371576317892,143.35799248926253,5410.507218597173,7712.258466013838,20.66159699812044,22.03518209387241
2018.5249828884325,3359.8583191411467,775.3371576317892,140.96869255510765,5398.073211033229,6941.043853585899,18.595436961950277,19.83166352576607
2018.5277207392196,3375.075460915067,775.3371576317892,138.61921422912485,5385.633447585293,7272.994612740212,16.735892660090627,17.8484965272602
2018.530458590007,3390.2585175749905,775.3371539482582,136.30890105507865,5373.188607782947,6545.6957456999935,15.062329986834115,16.06364332441408
2018.533196440794,3405.2963710248314,775.2231807925049,134.2621703269454,5360.739358216992,5891.145269628321,14.331056330404767,14.457275133938595
2018.535934291581,3420.2524647796013,775.0423990875671,132.36401257789237,5348.2901039162125,5863.284177665569,14.407336415809684,13.01133188970333
2018.5386721423683,3435.3332787439163,775.0424276999154,130.15785554335136,5335.843318374086,5546.258961706083,12.966369488570868,11.710033837774464
2018.5414099931554,3449.449752188969,773.8014070921294,130.1597537795483,5323.393867300622,4991.636865695621,26.626312913894765,10.731732664921086
2018.5441478439425,3463.187631779374,771.9831668400514,131.08333069190004,5310.978551049938,4492.4654656772245,42.15867555447084,11.49989895163731
2018.5468856947296,3476.8944878238945,770.5453074046198,131.6081534889614,5298.612631643786,4043.2033429944563,46.44703174881086,17.296424051424847
2018.5496235455169,3489.72215664403,769.9282661533922,132.14879081926676,5286.289266744574,3638.79111638147,48.754382501264644,23.382171876375416
2018.552361396304,3500.2729658771323,770.5388182542279,133.69583422045457,5274.008762009449,3274.911730870915,52.69160186681421,33.41587802245183
2018.555099247091,3509.735307257592,773.0154848282835,134.40588157401683,5261.7876067013685,2947.371490255677,53.864772851986544,38.53306820051147
2018.557837097878,3518.0708396487653,776.7631106995738,134.926451311345,5249.611778701577,2652.5840579372652,54.14263521552324,42.034244952893395
2018.5605749486654,3526.1493136740705,781.1344853490932,135.03827233098025,5237.478009007114,2387.2934912557866,52.509994536765696,44.33337642967904
2018.5633127994524,3538.3142263239174,782.9635080081181,133.57085838844748,5225.379387640776,2148.5673377074995,47.258938808375,40.04104367027541
2018.5660506502395,3552.292368784085,783.5004008661193,131.57366050918338,5213.289450201872,1980.133285636242,42.53241040812876,36.03642017980127
2018.5687885010268,3567.003236549477,783.5004150606408,129.38076898874047,5201.199359762401,2709.7687043633355,38.27912950685015,32.43274438943187
2018.5715263518139,3581.680997951679,783.5004150799066,127.22442265929571,5189.105844670381,2471.6612111043173,34.45121434798271,29.189468079562737
2018.574264202601,3595.3424253701364,784.0136879511776,125.57394364954476,5177.009523390403,2917.3225695971487,31.006090558193915,26.270519276294483
2018.577002053388,3609.9539116841675,784.0136883735388,123.48104562745553,5164.918834676107,50577.601825500315,27.90547946431567,23.643465284963906
2018.5797399041753,3623.8052169247844,783.8951846590319,122.26858923375451,5152.826389543698,45519.84534619731,75.75767629317473,21.279118574260334
2018.5824777549624,3637.1642195658574,783.1416619719784,122.17053275227997,5140.74686607115,40967.832670035954,147.71984419972813,19.17624367730221
2018.5852156057495,3650.28766336699,781.7119472908553,122.95276785879132,5128.698801844631,36871.023602435,221.78459113636404,17.641364836691892
2018.5879534565365,3663.4206260882565,779.878718218422,124.08298775767463,5116.696748296912,33183.59425592311,279.0345537531465,16.26127784805621
2018.5906913073238,3676.803729190189,778.2827078489089,124.67414135231635,5104.746401969852,29864.886420724328,306.0419439395659,14.7578182657774
2018.593429158111,3690.442394957148,777.1320650688322,124.52178199689315,5092.838638338394,26877.9349043745,308.48048731840095,13.370120604881805
2018.596167008898,3703.764145407645,775.5755947778207,125.06204077611075,5080.960999399692,24189.94878959464,328.5132270783881,12.874479358474034
2018.598904859685,3717.6093374299426,774.916729181467,124.13970654583326,5069.124907204026,21770.834555241974,306.2478466432495,11.59981690059963
2018.6016427104723,3730.707239309989,773.3242283214437,124.88122414054254,5057.305888589291,19593.747136350754,297.6186466817023,44.907498355928034
2018.6043805612594,3738.7833453601456,776.2003819286286,126.13114482467789,5045.53160824781,17634.365095899444,287.68304334561253,89.83875952062425
2018.6071184120465,3742.6088365437304,784.1040183546668,126.55113007083096,5033.810395392035,15870.838778989362,271.0857531461335,113.01027216570618
2018.6098562628338,3750.8401944142734,789.0522010584127,125.48156759280798,5022.128317295769,14283.74480035834,243.97709913312514,110.26070370871035
2018.6125941136208,3759.244752430645,793.8974601865854,124.32769776826593,5010.460269975769,12853.680796294711,219.5504988575124,105.6186943277689
2018.615331964408,3769.432119544294,797.2458263121316,122.87502513201315,4998.805109372827,21994.68596920931,197.5953557309798,97.44647444361462
2018.618069815195,3775.5414861956233,804.0178969834965,122.06892854505918,4987.157668637088,19796.090530159006,206.37689121219168,99.67385266845444
2018.6208076659823,3779.331371478983,812.9012523577838,121.45256135322816,4975.528695171274,17816.363184038066,218.26366167790562,103.28496421040255
2018.6235455167694,3777.2762532594093,827.013066192638,121.431148405402,4963.921312503819,16034.666731944413,243.66214616626908,114.96038414673437
2018.6262833675564,3772.370129753429,843.9667671984078,121.38745132478168,4952.345332084654,14430.9253899078,261.57834040497954,122.62156164948337
2018.6290212183435,3777.217461258242,851.0337880067592,121.44595036036131,4940.800380735908,12987.801101246108,242.91290492290378,113.49606547318406
2018.6317590691308,3787.352466694815,852.6152196847764,121.66976365238786,4929.28803032929,11706.90014069691,218.6207273709296,102.14607463527946
2018.6344969199179,3789.907852048812,852.8345237906427,130.80005063433518,4917.810953887482,10536.185382277168,211.77971520527595,98.7458048018071
2018.637234770705,3790.781898466259,851.3021532679703,143.17982403339417,4906.517404593651,9482.505973578653,209.59685215003185,98.43478429328864
2018.6399726214922,3795.6517800604556,850.5261825834591,150.57009565000547,4895.461122067354,8534.211194567279,194.32258426320564,96.39725662470737
2018.6427104722793,3808.373976494058,850.4763734580039,149.22833329271558,4884.558397116498,7680.787422457488,174.89037030582344,86.75763193984092
2018.6454483230664,3813.4224878119335,849.3783440782531,156.6009659744051,4873.663182496683,6912.688956923245,162.2169346858982,85.73207148557047
2018.6481861738534,3810.287199462104,846.4602629531139,173.82480952115264,4862.9206084249045,6221.375652454264,165.8424590782257,97.82163890200887
2018.6509240246407,3806.137689509944,844.556172447387,190.73279545878796,4852.494122945154,5599.139670771028,169.20335359378956,103.56096836038306
2018.6536618754278,3812.1064008778426,843.4890412085272,196.3747925817841,4842.37844569312,5611.3034652764645,155.06751148709475,94.3755171450234
2018.6563997262149,3825.800910344542,843.4890091712676,193.10210603796872,4832.384554807497,6670.199951814143,139.56067251980116,84.93787885668091
2018.659137577002,3837.7688883482874,843.0558940016608,192.01618443263123,4822.363513578694,6003.180308718472,125.60847873817674,76.44460771830245
2018.6618754277893,3845.306550723194,841.2428893720526,196.73111419101957,4812.351826075008,5402.845078694019,122.40668671665783,70.78400102421647
2018.6646132785763,3846.7006699449016,836.6865604089093,210.2269152085058,4802.446134798958,4862.550588019375,135.51711650350947,73.98618193511444
2018.6673511293634,3842.8125554304584,831.4728047500145,229.41035763819073,4792.7924625426085,4376.281059754368,157.21094838143017,81.00724389147078
2018.6700889801507,3835.004427729626,828.941641799625,249.48502539923416,4783.484985432788,3938.646658332775,179.10348017398624,87.88370702495435
2018.6728268309378,3825.39679838983,829.5114607546863,267.89902841924766,4774.536692797505,3544.667979843312,196.239788932145,94.8541996344068
2018.6755646817248,3822.258602041049,830.1085279246049,279.48402392176075,4765.9207264738525,3190.197890783144,194.79078871696288,92.5618851860676
2018.678302532512,3828.0382141075083,829.462634158628,283.17746664221954,4757.521465452909,2871.1827414242935,176.85064634441585,83.31659944573862
2018.6810403832992,3840.804196492655,829.3359744769754,279.2807431007163,4749.206766290915,3657.2220010852675,159.16523880621358,74.98474522349791
2018.6837782340863,3850.4608203737066,828.6219949467511,279.1228122609526,4740.849952779857,3841.268436960466,143.2473381753358,67.485622093961
2018.6865160848733,3862.294994427649,828.32161578901,276.3535028087233,4732.513367335887,18405.525765124454,128.92242310050815,60.73697449197465
2018.6892539356604,3875.6886822610136,828.3216154787941,271.74761348941365,4724.15346913205,83951.39102596394,116.03017279250597,54.66327327484171
2018.6919917864477,3888.845578386163,828.2544412900826,267.49955084154755,4715.739709843479,75556.25740910012,119.9820002197595,49.19694610373414
2018.6947296372348,3898.6879363314615,826.3006835526429,268.50035812476045,4707.278202352404,68000.60559373954,466.5154931752482,45.48229459769896
2018.6974674880219,3909.4217571963227,824.1551634309833,268.76161019685657,4698.856549537106,61200.42799383941,654.1974160528313,41.36031581533369
2018.700205338809,3920.051290231265,821.0442909127512,270.0650726761078,4690.462326541146,55080.29647994415,816.1377373962287,38.18102232117535
2018.7029431895962,3929.698028978464,815.9815283048466,274.2585032202894,4682.112819857668,49572.13666897064,1039.5113503701507,36.91679630766275
2018.7056810403833,3936.1590347642177,807.0224065522658,285.4414017321206,4673.855937312666,44614.024966973986,1494.5401884980427,43.83379528205468
2018.7084188911704,3938.7260551762683,798.9271881469679,299.44522808425126,4665.808208953783,40152.62177125356,1967.132299088731,108.46648857767666
2018.7111567419577,3925.0028562300454,808.5885371826594,311.7273184157764,4658.0158685327915,36137.25823764172,2095.3913068826205,401.02631783853155
2018.7138945927447,3829.7655987660087,899.9785694407028,323.56878998344683,4650.449522171114,32523.329279003487,2134.330833695263,687.7856840658125
2018.7166324435318,3664.003692423615,1063.7415765437872,333.3438590613101,4643.10125233256,29270.788534282114,2139.24633872111,939.2952280095369
2018.7193702943189,3443.560755603148,1283.6464994436103,341.47506436269816,4635.935960951815,26343.359610853968,2128.921416710206,1074.8944435475387
2018.7221081451062,3165.8694086596247,1559.9840325722296,350.26681458964725,4628.925924539772,23708.848040687597,2142.311914156086,1247.6685155650432
2018.7248459958932,2898.859813082719,1828.0818001220384,356.4510260436347,4622.08163632177,21337.83666222923,2095.407869980782,1271.6104077294592
2018.7275838466803,2608.963322313909,2125.1203032959243,363.608590383484,4615.359201027648,19203.958856738464,2071.120588599862,1388.6122101943834
2018.7303216974674,2347.950529526566,2409.7570142300965,369.6177742331391,4608.773946991819,17282.66814240786,2012.1125825251704,1457.460103388956
2018.7330595482547,2113.1511657734322,2647.2484893537708,375.013942404333,4602.307391151756,15554.280810995657,1909.154624655162,1461.459236313591
2018.7357973990418,1946.6005670660863,2809.402607418832,386.1974890863387,4595.948455943516,13998.682165710203,1763.5015410360927,1398.4798645466503
2018.7385352498288,1815.3578278747102,2900.632516552704,432.7940876136617,4589.792587473697,12598.196769696544,1612.9067935351047,1302.4987460337502
2018.7412731006161,1716.3901008350235,2912.764258296791,525.4201966309593,4584.4303637520015,12484.269751513759,1489.2596220249104,1210.45992740076
2018.7440109514032,1578.6478560835385,2842.600731291276,737.5570837709796,4580.627148368981,11235.841907884638,1546.0510308582795,1190.784260444778
2018.7467488021903,1433.4700200451466,2699.859435015799,1026.161711807681,4580.369552646146,10112.238340759168,1797.7868187272434,1191.440718692515
2018.7494866529773,1304.8413716262316,2524.0568223488362,1326.5347170590032,4584.855708480703,9099.43607292523,2180.0776004095424,1162.8035290745597
2018.7522245037646,1191.7159002438837,2333.9986432598735,1620.7586127497339,4594.243363261282,8186.247380896368,2652.6850327891784,1123.5566172103381
2018.7549623545517,1092.0428326450321,2138.752827284627,1901.692812066693,4608.655947518423,7367.377569433132,3185.401982136305,1093.2752114300717
2018.7577002053388,1004.3257602957882,1942.922987456808,2166.7228879249815,4627.600683837197,6628.458230990328,3699.07263961921,1063.4773126824973
2018.7604380561258,927.5523298146138,1759.1708349780936,2404.4950167539496,4651.025998008049,5965.470626524552,4123.67874065815,1073.2636724765478
2018.7631759069131,860.3098660231444,1605.0685985600091,2598.939699573946,4678.353915397608,5368.847676014043,4355.9984069154825,1077.0743016813046
2018.7659137577002,795.5951382206746,1469.2247294927392,2769.4289881433597,4708.851123697936,4831.943207916125,4576.331421478755,1147.7079785238757
2018.7686516084873,732.0978620162438,1359.316330559494,2910.01648040151,4742.097206577464,4348.5521678693585,4655.324918191643,1264.6277599838222
2018.7713894592744,667.6270639464981,1270.7712121553711,3027.9546289663604,4777.60287448648,3913.6420098290573,4597.783257108359,1424.804828393158
2018.7741273100617,601.1217768002829,1199.8712236450951,3128.417520615673,4814.973158493663,3522.132103351971,4437.293133592178,1603.7845876754045
2018.7768651608487,540.999145690278,1145.3608270265477,3211.8965364610413,4853.918969534063,3539.2441592690834,4271.249642041977,1715.1781726297252
2018.7796030116358,508.92411098115946,1120.7077572918042,3228.8196504445373,4894.151986278425,5050.016275902315,3950.1942982573846,1624.4251089493314
2018.782340862423,477.69028387119965,1096.7718297802364,3244.0124150296706,4934.55687631482,5644.016101208424,3982.2141056376545,1575.0172967110277
2018.7850787132102,436.0213095863099,1068.8250483225095,3273.508685452615,4975.104261634496,5079.6820218728035,4385.3071257141755,1621.859660606194
2018.7878165639972,392.9488807712213,1042.636969332201,3302.2724977470566,5016.028857145814,4571.200683320267,4647.195663808474,1638.4095232774318
2018.7905544147843,353.6509344554018,1015.9465133976669,3328.093796277205,5057.323915054758,4114.042924219305,4823.868216485723,1710.299350725802
2018.7932922655716,318.25130980492816,989.4086983452844,3350.082991664214,5098.933675632519,3702.2369261168888,4879.456858902827,1746.1025259793505
2018.7960301163587,286.6300758708462,959.207759579077,3370.4720215875736,5140.797712218043,3331.856891382418,4808.87886866518,1727.4987717688016
2018.7987679671457,270.510134470195,931.6723850999224,3372.465095518868,5182.887854166556,8225.968905060707,4524.613148731444,1644.2066013365954
2018.8015058179328,280.31168919378615,926.0858585636942,3326.669908159999,5224.895913338063,76145.25876622346,4072.1538746469546,1479.7863189144973
2018.8042436687201,271.15316427426836,895.4147578958602,3325.7975526298783,5266.025794455536,68538.35433585904,17725.581611590747,1518.3802039281168
2018.8069815195072,253.76530061801208,858.9897401007213,3339.0357805627696,5307.028347974039,61684.14677190408,32311.749364951156,1658.0587690640998
2018.8097193702943,240.1493654536906,833.9542130239295,3337.004371933579,5348.139118844344,55515.59425717326,40753.27828680156,1688.6343496523205
2018.8124572210816,221.1129274005487,806.6498197027729,3342.8087259370095,5389.1034962152125,49963.72414611423,49364.911138897565,1766.1597330380314
2018.8151950718686,203.43177686528205,782.6820376805783,3343.9365383144286,5430.052516395253,44959.87870418824,55080.99839900813,1831.5904020485007
2018.8179329226557,187.38613625078233,761.4668114242758,3340.7697303771865,5470.9080912033005,40463.058332670495,57657.07162048367,2658.538901782598
2018.8206707734428,168.65297549548515,754.6906926436714,3332.755773470603,5511.599070443371,36416.007117051726,53221.051505724754,7852.414912713754
2018.82340862423,151.7843087773007,821.7874461664584,3321.405584260255,5552.045169295596,32773.67854109547,48426.33024495658,12933.975263985963
2018.8261464750171,136.5998722995353,935.3193441783643,3301.8155004920577,5592.191914373272,29495.0139414286,43726.69368143382,15973.82265253603
2018.8288843258042,122.93336565240268,1061.948332232589,3277.8846125711775,5631.902973051319,26544.10485709277,39377.796930773315,17764.77496592155
2018.8316221765913,110.63846068658304,1173.5610925699173,3249.3068775548873,5671.105094687818,23889.35571808774,35439.53124577309,18280.471807773003
2018.8343600273786,99.57382528733649,1253.8315074405184,3215.9759200782796,5709.723309815148,21500.249711883127,31895.325285278905,17697.853483882114
2018.8370978781657,89.60755826536426,1326.327921665398,3184.5438577292703,5747.685141071417,19348.306376881414,28702.9468903708,17142.295455315023
2018.8398357289527,80.645170756479,1346.8575619726078,3138.6487981942328,5785.015216276135,17412.98671690151,25831.926743477336,15428.34001010255
2018.8425735797398,81.87365955358075,1357.3058278992635,3090.9401608132143,5821.484245553965,15669.998032051702,23246.226957808296,13884.022718338136
2018.845311430527,73.68703330051063,1386.468447991158,3057.6761384153797,5857.050965757086,14102.935375982092,20921.511020665934,12916.429205902185
2018.8480492813142,66.31799348911657,1388.0054447043926,3064.8337800570926,5891.965787672416,12692.57743000237,18829.26436964956,12597.443338877229
2018.8507871321012,59.68877265202742,1353.0878657882217,3084.1494488355083,5926.903949095457,11423.504278142325,16946.0763075474,11603.11405420802
2018.8535249828885,67.12196162733574,1334.5894489975633,3060.478577641468,5962.06826613906,13222.443075473891,15251.401444267287,10442.776068297106
2018.8562628336756,60.41003710294478,1256.600295605591,3124.2447755686667,5996.741864264102,11900.260283054084,13848.088312449461,9793.963452287806
2018.8590006844627,54.3681418553711,1149.9014172168038,3220.6229929244255,6032.381895275563,10710.058630716396,12927.928285040054,9423.65953772199
2018.8617385352497,48.93092384053675,1037.1610466453826,3326.060373602676,6069.530863111221,9638.973216729493,12347.609649221238,9273.267960573363
2018.864476386037,44.037518404311115,944.7063263338109,3398.205809970027,6108.335397817429,8675.014226457955,11531.713706251849,8408.403342741914
2018.867214236824,39.63356913594623,859.3745163512606,3458.3104527338214,6148.236553610012,7807.473912198908,11026.60900725926,8152.969614503862
2018.8699520876112,35.6698486404927,788.1318691306773,3498.4519433357204,6189.0298406769125,7026.654898464557,10440.374600060048,7666.752678320121
2018.8726899383983,32.101018540588065,723.4187189145877,3527.8874105713962,6230.378442269222,6323.630606465508,9827.45384721906,7404.833753205255
2018.8754277891856,38.6635692752453,693.2640476953671,3510.178861036897,6272.10701535189,8451.357963762952,8844.707838230544,6667.397460591547
2018.8781656399726,42.95690192217451,667.1665799946198,3491.091745437455,6313.426166005153,7606.328345855212,8394.814823120703,6128.923743556918
2018.8809034907597,41.78373107738523,635.9487158488319,3483.022831359604,6354.314015073583,19120.716450392698,8209.673887209468,5859.754269896703
2018.883641341547,39.680961046224176,603.3138302079986,3477.5470787547993,6394.955323350383,17208.715117920943,11459.099070517132,5578.520966188232
2018.886379192334,42.233745260489506,580.3446803932063,3457.952619418377,6435.394048287331,15487.820937298477,13159.014383908567,5271.871182630407
2018.8891170431211,56.92282931833733,576.405378958523,3407.629407337312,6475.395377745231,181835.92545703423,11843.119841396108,4744.68433915485
2018.8918548939082,69.81421709767771,573.6455595902862,3358.8727105340026,6514.448406137437,163653.06314980742,21896.547178869667,4270.215116349869
2018.8945927446955,82.2440840777236,572.692789940417,3309.6845341855833,6552.587385155677,147276.74155007952,29021.581929915366,3842.9061684738404
2018.8973305954826,90.55992435895405,573.2681689176233,3264.0117641660736,6589.796835916749,132548.47196823554,39641.51910327811,3458.6000150962705
2018.9000684462696,100.23368842466841,574.8931139100143,3216.7937838546954,6626.144007170023,119291.55484287825,45176.79850914763,3112.6860027425228
2018.9028062970567,116.62395062107831,575.3390043289577,3164.9257081684386,6661.603830240925,107361.78247370444,40660.70604009176,2801.4013060316674
2018.905544147844,134.58421767726375,575.4833817180482,3112.744624882757,6696.108169081332,96617.48276073132,36591.56100276475,2521.049261246172
2018.908281998631,153.35290945688283,575.4840841886372,3060.858191470728,6729.653108243153,86943.07164287742,32927.60915579775,2268.6139223742503
2018.9110198494182,171.477160159929,575.7287146442502,3010.335928440964,6762.234390114258,78244.3306945385,29633.1690505427,2041.6368389835536
2018.9137577002055,188.4925556199552,576.4371805428119,2961.3875533064243,6793.886803890214,70413.5294584352,26667.441215363568,1975.303262498255
2018.9164955509925,194.94037194023312,580.6542742024272,2920.40745847281,6824.629888743939,63372.16662655923,24703.993175038246,6336.694029972804
2018.9192334017796,182.35022793994776,605.0485192556268,2879.0552599998073,6854.605886164027,67093.49619815743,22332.783882078373,8430.767148803576
2018.9219712525667,180.91945007762686,621.5526864594824,2835.2051207510917,6883.810536071208,60384.373976404975,20099.46742178401,8488.219155680628
2018.924709103354,200.206953043695,621.5527903175232,2787.951535379589,6912.204414618601,54345.758880750436,18089.461527918313,7639.4039311961005
2018.927446954141,219.49460793704077,621.5527903175232,2740.6981167004046,6940.59807840444,48307.32148310994,16079.514785739913,6790.582015628037
2018.930184804928,238.78226283038654,621.5527903175232,2693.4446980212197,6968.991742190278,42268.88408546944,14069.568043561512,5941.760100059974
2018.9329226557152,258.20373496739256,621.5527903175232,2647.5460472755576,6995.896820798935,38154.11594962073,12405.378494940185,5238.953313659614
2018.9356605065025,277.7984699920667,621.5527903175232,2603.420221909923,7020.855811139895,34338.67320465749,11164.828047043393,4715.052661840237
2018.9383983572895,297.4197325756506,621.5527903175232,2559.579696383911,7045.502974082322,30671.24627463409,9972.405830424184,4211.477190475581
2018.9411362080766,317.1192343839834,621.5527903175232,2516.583016366192,7069.22805229171,27434.96440517694,8920.165691206812,3767.1024407339996
2018.9438740588637,336.8943131321532,621.5527903175232,2474.4131941888963,7092.0506957208345,24589.055712902256,7994.850946465717,3376.3299423265494
2018.946611909651,356.74175559069766,621.5527903175232,2433.0523275521837,7113.992019899001,22081.297729624457,7179.482047377008,3031.989010085399
2018.949349760438,376.65842965788687,621.5527903175232,2392.4829351021913,7135.072638281805,19866.460799385168,6459.3432362753565,2727.864987406927
2018.9520876112251,396.6344150447466,621.5527615848129,2352.6083068575213,7155.399209872325,75555.64492160769,5813.408891065478,2455.079172977739
2018.9548254620124,407.66016183557355,616.5683521048402,2327.388564470437,7175.005514948556,68000.08105041292,6249.531475328077,2319.133274471514
2018.9575633127995,419.62679197159343,612.172969509713,2301.112271646627,7194.138460231473,61198.980789992245,6381.197720344373,2154.223909834282
2018.9603011635866,416.8708205488364,599.9138505422596,2297.9133390006277,7212.7803832676855,55079.05465775859,8345.826825834087,2368.9738125856657
2018.9630390143736,427.72879296921843,596.6507376191183,2272.208862639966,7231.317900131105,49571.129497415546,8002.7118487232165,2166.6571184769273
2018.965776865161,447.96850636881965,596.6507336952228,2234.3386934240975,7249.376259871267,44613.96839556968,7202.438312480337,1949.9896674912618
2018.968514715948,468.2317313342236,596.6507336952228,2196.7682810145984,7267.111347315363,39892.26545955078,6440.1712191189135,1743.613249568432
2018.971252566735,488.5209361557887,596.6507336952228,2159.5293027908633,7284.489020717532,35430.86861999381,5719.927387870879,1548.6142828193058
2018.9739904175221,508.90036219676523,596.6507336952228,2123.459666288697,7300.60713117872,38178.79402507141,5138.721866825484,1391.258583526319
2018.9767282683094,529.3299254550125,596.6507336952228,2088.0686702871226,7315.996463922047,34360.91533721408,4624.84952898954,1252.1326842503863
2018.9794661190965,549.7594888281048,596.6507336952228,2052.6776758489777,7331.3857949871,30543.03593470694,4110.977342306992,1113.0068258977544
2018.9822039698836,570.2486922569958,596.6507336952228,2018.121039852712,7345.881127554473,27265.205704305925,3669.793757467817,993.5606941113691
2018.9849418206709,590.7625807364125,596.6507336952228,1983.9097452552292,7360.006433672539,24210.90211083523,3258.6960232371175,882.2600115215937
2018.987679671458,611.2764692158293,596.6507336952228,1949.6984506577462,7374.131739790605,21156.598517364535,2847.5982890064183,770.9593289318183
2018.990417522245,631.9054828931711,596.6506806143689,1917.1752696723486,7386.453860179518,19025.453485740916,2560.75421333182,693.2991066511967
2018.993155373032,652.1439379868606,596.2007226226491,1886.0974851007013,7398.171047649193,17122.49131828142,2304.622753381572,623.9541727004021
2018.9958932238194,665.8308499916924,588.6422260715423,1869.2308395703626,7409.337177725806,15410.19590980907,2158.3315879012994,850.6553870739331
2018.9986310746065,674.3469661439466,583.8820797923637,1855.0484047957714,7420.1915426273235,13869.13704850663,2019.4877188266066,1121.5752340848633
2019.0013689253935,679.1202945073717,584.3616763071826,1839.6340074607376,7430.780915084111,12481.533667470678,1858.8148667748724,1316.486191538637
2019.0041067761806,692.0205639429284,586.197688458079,1815.0233258121903,7441.083215146207,11233.362272263756,1672.934031539033,1239.1023962613742
2019.006844626968,705.3630077053534,588.1125228915267,1790.3291089744803,7450.948053788045,10109.747248693293,1505.599238809772,1155.7511935165367
2019.009582477755,707.6103026671344,593.2580759953007,1773.9387421710157,7460.373472525956,9098.797329259534,1400.0742976513734,1241.586937178807
2019.012320328542,724.1811132491866,594.892777831513,1747.0348176999319,7469.499784578777,16536.479845890357,1260.0678269760954,1117.436896394814
2019.0150581793291,745.0733345789046,594.8928010182168,1717.9175214286563,7478.152736333629,25454.726648673637,1134.0584486814735,1005.6909051226052
2019.0177960301164,765.9893242580916,594.8928010182168,1689.2855625459504,7486.296605537145,23290.902214132257,1020.65259882173,905.1218101837625
2019.0205338809035,786.9276197499083,594.8928035125574,1661.1308039544167,7493.94096614252,32449.255927976745,918.5872733582521,814.6095710074301
2019.0232717316906,806.8284539056463,595.1485498468729,1634.2479530853152,7501.095136521573,29204.34028180277,848.0772849728073,733.1485752687068
2019.0260095824779,827.8072951821503,595.1485503164317,1607.0104845781034,7507.78166328272,102901.62362503611,763.2695426206649,659.83360528452
2019.028747433265,848.8044590541846,595.1485497462729,1580.226976393066,7513.995908165884,92611.48681949206,686.9428105301762,593.8502193317553
2019.031485284052,866.4803675540944,592.6857364417057,1559.6909542844974,7519.746735079113,83350.33636255388,1515.3289118184193,534.4651860168286
2019.034223134839,887.5102749180505,592.6857098937813,1533.6961559465421,7525.139552601039,75015.26616678695,1363.8094849669758,481.01843298554434
2019.0369609856264,908.5525870065261,592.6857098937813,1508.063925223584,7530.157371235522,67377.86074180224,1224.9584577940072,432.0452975515734
2019.0396988364134,929.5973076985838,592.6857098937813,1482.502322624475,7535.102153142574,59876.33412512354,1088.5775092973097,383.94345425301896
2019.0424366872005,950.6420283906414,592.6857098937813,1456.9407200253659,7540.046935049625,52374.80750844485,952.1965608006121,335.8416109544645
2019.0451745379876,971.7150757837107,592.6857098937813,1432.2663661060521,7544.076141575869,46443.544950342766,844.3636638525925,297.80873088734984
2019.0479123887749,992.8006386194631,592.6857098937813,1407.984020772296,7547.700824073872,41206.06419949828,749.1440077725312,264.2245697919034
2019.050650239562,1013.8862014552155,592.6857098937813,1383.70167543854,7551.325506571876,35968.58344865379,653.9243516924699,230.64040869645692
2019.053388090349,1034.987994857028,592.6857098937813,1360.0604863147248,7554.2928022938795,31592.852260241736,574.3716732635705,202.58202182442784
2019.0561259411363,1056.1044578887318,592.6857098937813,1336.9987917240824,7556.665933852818,27995.99391537636,508.97923809432353,179.51798095478213
2019.0588637919234,1077.2209209204357,592.6857098937813,1313.9370971334401,7559.039065411756,24399.135570510978,443.58680292507654,156.45394008513642
2019.0616016427105,1098.3449273886047,592.6857098937813,1291.2904435685348,7560.9896125084915,21215.24859001412,385.70236514752037,136.0379847147114
2019.0643394934975,1119.4864485229923,592.6857088658062,1269.6687655582105,7561.897670412405,19009.224568661462,345.5959181702057,121.8924383347068
2019.0670773442848,1138.956817516833,589.7588190976661,1253.1095675535582,7562.341289191358,17108.30177713096,351.34661415052756,336.43715049518335
2019.069815195072,1145.3871152453014,591.4841147121124,1245.215447451504,7562.507715950499,15397.464359251058,472.16872603051377,927.2071302288836
2019.072553045859,1137.5882013269352,612.1314897850427,1232.7604873552796,7562.542114892159,13857.708369583863,521.8494961754453,1172.7080880832211
2019.075290896646,1132.2678493537073,633.1229030901213,1217.6904481717074,7562.368992743883,12471.816537061635,528.1219669477858,1230.0934241468442
2019.0780287474333,1111.690040924971,667.4118784244791,1204.8310697129061,7561.945104297063,11224.585179742273,573.3128240830684,1354.1476384187827
2019.0807665982204,1127.5422480623852,671.9252064800778,1185.5305592877446,7561.307979529214,10102.117754282557,515.9985713574467,1218.7472951972327
2019.0835044490075,1132.305302671964,685.9254428632124,1168.152025970837,7560.3511218534095,9091.831619350063,479.09479768765715,1116.514507544756
2019.0862422997945,1148.833729476652,689.8846466883658,1149.3361315707466,7559.107285623656,8182.559022844002,431.18248862706145,1004.8539432411566
2019.0889801505818,1161.591465634521,697.1103882437919,1131.334064247864,7557.553775233243,7364.077293030244,388.15705019498427,904.3408168271701
2019.091718001369,1182.7156742733944,697.1185159113996,1112.4783649927745,7555.705038181851,6627.303740091728,349.32418887524176,813.8618104063919
2019.094455852156,1194.8604626554115,703.6837941098848,1096.3552623791486,7553.545974214974,5964.565069841117,317.83953874366813,732.4700197712931
2019.0971937029433,1215.644385820277,703.7431203326613,1078.361923043903,7551.123964162575,12162.068159360822,286.05539615612753,659.2217280793764
2019.0999315537304,1223.3562021205216,697.1035400620756,1080.4328298612181,7548.408721315601,10946.191202861293,396.26117712803386,614.7279363735331
2019.1026694045174,1232.4247060483995,687.3158736390385,1084.2532954418161,7545.7353182301595,9851.629265788373,467.9343493401692,568.1140630172583
2019.1054072553045,1253.5258459379072,687.3158671362575,1066.1824219650077,7543.132958320234,61125.05632654968,421.14105957891735,511.3026169120256
2019.1081451060918,1274.6198636519632,687.3158671362575,1048.4127140860699,7540.236548485114,55012.61344431464,379.0269404741213,460.1723392592471
2019.1108829568789,1295.7064901792878,687.3158645845315,1030.9187805930599,7537.071758002523,49469.263227645184,340.83444909670584,413.80303403137583
2019.113620807666,1314.1661315663757,684.0277783355332,1019.6426567890488,7533.604226668441,44522.33562115184,524.5372660185745,372.42271989003615
2019.116358658453,1329.0912734784076,676.3311491623734,1016.4880052852138,7529.958265433402,40070.08524431206,986.3134711771528,335.3132244311095
2019.1190965092403,1350.1492317473067,676.3311883198451,999.5464575875826,7526.2697157046605,36063.01230669878,887.6858763542815,301.7813651042915
2019.1218343600274,1369.6980809151023,674.4491317444441,986.2683661425668,7522.308914557284,32456.698925461358,869.5617557002736,271.60384926597925
2019.1245722108144,1387.4339780025864,670.3095834113141,977.2711260510564,7518.137705894437,29210.942059652116,987.1899932581784,252.56403838473884
2019.1273100616017,1394.6383976414586,653.4936685961534,991.6203037001214,7513.827923421658,26289.840878920117,1718.8132350618462,445.41113407491025
2019.1300479123888,1382.225173990773,647.8438336282803,1014.170100479382,7509.769085260953,23660.841315852966,1941.4660976316075,1273.9139717550481
2019.132785763176,1334.361542531685,690.4748801484587,1023.5025126234787,7506.097158055763,21294.7215893067,1993.3582487890246,1638.070161644876
2019.135523613963,1307.0369973352817,725.2208295723062,1020.015304094745,7502.59086235705,19165.21919523916,1870.7596460297705,1652.3114893958016
2019.1382614647503,1316.6925852720424,733.6032026949218,1005.9600302248738,7499.036075167548,17248.72842580183,1683.6834344986814,1487.0804734788114
2019.1409993155373,1337.6656090362083,733.603339277006,989.1940474381408,7495.256797608033,22724.08526827115,1515.3129035942297,1338.3704941090007
2019.1437371663244,1358.6278267407106,733.603814313635,972.7076359297633,7491.2084163752825,20451.679672400038,1363.7840198971082,1204.5341024637232
2019.1464750171115,1357.6663037028404,749.8038700360138,962.2090594584638,7486.8963601620735,18406.504354346984,1303.2147314277468,1114.080365320824
2019.1492128678988,1333.5767793570753,783.227798400527,957.7777647572734,7482.421150844513,16565.831548209855,1405.2981508299779,1146.4041507995714
2019.1519507186858,1309.1622603655073,817.8530795600923,952.5304787546856,7477.885574679105,14905.527653975272,1455.571736002877,1153.6614424207055
2019.154688569473,1322.4582311866186,823.02284061896,939.1044925416885,7473.273729012126,13414.965832031574,1310.0148369183344,1038.2953379299609
2019.1574264202602,1343.355806219769,823.0250226206873,923.4551754488135,7468.451189070122,12073.15786502347,1178.9829458590216,934.4417037366663
2019.1601642710473,1358.9017025152702,819.9554603544325,916.4772602362441,7463.380670253443,10865.803224185278,1061.0808570214626,840.9945261040768
2019.1629021218343,1367.796734505365,809.1853101521865,923.9519786913816,7458.208970010459,9777.693732650627,954.8249810277608,756.7793749196958
2019.1656399726214,1339.0732082054458,760.1370824106965,1007.1859220407858,7453.174680702463,8799.893209569367,958.1478447522561,908.0369965301468
2019.1683778234087,1303.9421294237238,729.7761577653494,1076.7426833385055,7449.537822831813,7919.65031789386,976.5618141103723,994.617000761427
2019.1711156741958,1249.0890366483163,705.4373835793355,1158.8276320985601,7447.072641033181,7127.594907037108,1046.9471788450435,1101.6177756406612
2019.1738535249829,1179.3508507420963,692.371305719077,1243.1491354165012,7445.983301481718,6414.824200806984,1147.0233666911722,1196.014722030053
2019.17659137577,1124.1578749260814,686.4260754536847,1304.3967489930144,7446.301793986613,5773.306074880197,1195.7206965881594,1182.295529352954
2019.1793292265572,1111.1423291632943,681.575740614198,1321.3517628631635,7447.640560718738,5195.953311187711,1113.1406840438124,1070.1669603885077
2019.1820670773443,1084.0178140577902,671.382436487539,1357.4796391227922,7449.258403691274,4676.318293883493,1094.8778050243955,1010.4697137247841
2019.1848049281314,1051.3975179171948,660.687223704279,1399.0075198547027,7451.473931883216,4208.668613541081,1101.2846824541682,971.7005476753841
2019.1875427789184,1048.476343905124,656.556670140693,1403.5858401307657,7454.3752391828075,3787.7689150828796,1007.1802441906412,874.5432157146232
2019.1902806297057,1060.1112565918963,654.828137623947,1391.137286673617,7457.345312469928,3805.7326559169846,906.4589073979452,787.0777810896261
2019.1930184804928,1080.9702006388195,654.8281238308784,1367.9517161823023,7460.099852707392,12805.571904316655,815.81293066883,708.3699283083694
2019.1957563312799,1094.1200608014203,649.8780275818575,1357.819286316624,7462.460418659488,11525.015663816828,840.5055705354458,637.5376326568131
2019.1984941820672,1076.6505011838935,614.7043663030752,1408.7051669312975,7464.645658941117,10372.502499582457,1447.3955670407993,650.6274272293257
2019.2012320328543,1077.7139638600004,595.0764974835738,1424.670500799272,7467.672631216536,9335.202545311382,1572.8001105691383,597.6502111216873
2019.2039698836413,1095.2837359379569,591.3393291642722,1407.9806793354137,7470.957748921739,8401.676830733544,1415.522582133527,537.8850962799158
2019.2067077344284,1084.6254192617037,555.4698799747154,1451.938320800841,7473.955773322123,7561.490572624445,1729.6697538413414,539.863327265464
2019.2094455852157,1070.8303576605106,522.4976521582443,1495.412750222442,7477.676533318186,6805.153525764786,2008.0844764247406,543.4238032816447
2019.2121834360028,1057.4260486645387,494.4071004155036,1532.9069696740096,7482.105074605333,6123.76794540977,2194.146621985678,543.8901562216407
2019.2149212867898,1048.251839234312,473.779762495046,1558.087138718442,7487.1543529115825,5511.362998367428,2169.8852314895908,614.4999736024973
2019.217659137577,1060.604927532968,470.69052247485644,1543.7958992485665,7492.60964410299,5261.295061506645,1952.9027813118269,555.5474290156513
2019.2203969883642,1072.4681354218862,467.4329547009754,1530.4159020720367,7497.811901164485,4735.163393383705,1757.6197105359427,524.569340492108
2019.2231348391513,1063.3983735633292,458.3983809080277,1543.983122887612,7502.776916000415,4261.639614245408,1655.7781185929246,642.4578058102129
2019.2258726899383,1046.0855913200603,457.39877546959565,1557.5493308940054,7507.950995675723,3834.7138041624194,1563.835285682521,731.4001616447373
2019.2286105407256,1040.3321010857044,460.6423824181211,1555.0977824806591,7513.340327374901,3451.223273950991,1413.5474766103857,717.5184297897862
2019.2313483915127,1032.3096424759817,465.6866081769235,1553.1700720108806,7518.674170695598,3106.072684393537,1283.7344433592564,709.7442372264073
2019.2340862422998,1009.196207956263,474.442143732492,1562.668803292803,7523.961238377824,2795.4601492811153,1203.0038872941186,757.1374308601011
2019.2368240930869,986.0383019801485,484.87294873293877,1570.3931358331058,7529.391906813191,2516.9229269319567,1117.378140170635,776.9432563456168
2019.2395619438742,996.4704024464313,487.4742579929753,1552.2428853235772,7534.936647596408,21445.54239332623,1005.6396827105214,699.2488253158897
2019.2422997946612,1017.541973888286,487.4742551321555,1526.3721555767024,7540.163708762249,19301.739663596818,905.0755126347419,629.3237359223357
2019.2450376454483,1027.770292752344,487.87370886243497,1511.3907289657152,7544.9452627789005,17371.565286231238,1227.2513755268837,566.3915378142997
2019.2477754962354,1020.9428670453561,488.1693798514815,1513.8316149588084,7549.464031503748,15634.404237688077,2205.88029851423,555.7275515716657
2019.2505133470227,1005.8302104763009,484.6141532719438,1528.3803417231056,7554.011087888044,14070.91819749326,3258.5942020140224,565.3701657357079
2019.2532511978097,999.9966034862462,477.2318657620896,1537.2471410026578,7558.7880831083985,12663.765416695805,3683.271954246251,538.8039632372831
2019.2559890485968,1006.9206156248304,471.50883897619804,1531.562310890803,7563.699827867562,11397.35494541464,3566.4988632038676,484.9233316657411
2019.2587268993839,1009.8222095699057,462.1233317814186,1533.670312870587,7568.50363913748,10257.340854503935,3597.877344141707,447.4531561915277
2019.2614647501712,1006.2345518467439,445.86985783437547,1549.1138010808963,7573.329182597372,9231.596326367371,3579.1682201502053,670.4497128603381
2019.2642026009582,1015.3217113037831,444.2459845044875,1537.0087411658847,7578.398856385236,8308.423352677852,3221.3639194936873,651.2791374875394
2019.2669404517453,1035.8011311487005,444.1703544341967,1512.1787640901455,7583.25294368635,18271.30458560206,2899.2256125584713,586.1524707880475
2019.2696783025326,1057.005056531914,444.1703539261729,1486.9757752932235,7587.679907608082,16444.364291892947,2609.3015442523106,527.5369190290434
2019.2724161533197,1078.220441216164,444.1703498122441,1462.1726535355845,7591.695548795399,14791.10310324318,2346.9721168373503,474.50060233413444
2019.2751540041068,1092.5281463392582,443.3167578117603,1445.5760564222926,7595.26593278608,13311.990591023035,2187.4660959913626,467.95999736000226
2019.2778918548938,1105.2162901619754,442.3673335828334,1430.9810999108956,7598.550069703685,11980.713853077075,2074.12186575072,471.5212977808168
2019.2806297056811,1118.0137770764743,441.8385970588502,1416.1075210865256,7601.582798137539,10782.120594674889,1945.5885618240095,464.3563898854431
2019.2833675564682,1118.123730981807,442.06515470787775,1413.4229235556172,7604.358784114085,9703.69927369958,2087.9301467933788,552.290532670644
2019.2861054072553,1139.3854064591192,442.0651620757583,1389.8659504084276,7607.0819744160835,10215.67864682994,1879.1386584209693,497.0621262509289
2019.2888432580423,1156.5707746295348,442.08642684524295,1370.7640992290817,7609.405092655529,9194.111576904746,1691.2262064767006,447.3560775290356
2019.2915811088296,1172.2925284454734,440.4731608755338,1355.0835934581007,7611.405010580282,8274.217588591164,1522.0334885377706,419.7492294092196
2019.2943189596167,1172.8664476778806,434.48284781735015,1359.1963113296958,7613.136586534467,7446.7910688987595,1485.190455585219,612.8478647221938
2019.2970568104038,1175.9812802520978,437.9259548302495,1351.2709108032498,7614.931947473794,6702.1087718011095,1363.213150658406,649.739207180184
2019.299794661191,1190.7574017928403,439.8806723712957,1333.3095464447056,7616.590372750547,6031.891853066473,1226.8857642400314,585.0819161212862
2019.3025325119781,1212.052635901599,439.88068448861384,1311.0877384678688,7617.944834501308,31853.981671342783,1104.1968800392042,526.5735785369043
2019.3052703627652,1233.3516156837095,439.8806848454041,1289.2362765844516,7618.925216245826,28668.61258099428,993.7772252389875,473.91620230399707
2019.3080082135523,1251.9135679185133,440.1822825592966,1270.1871147470852,7619.538728134495,25801.74409219693,990.0397137243308,426.5244625428395
2019.3107460643396,1270.7453877530945,440.0250823960048,1251.6436082728887,7619.835514937404,23219.368892972514,966.7014129472756,383.8372836846541
2019.3134839151267,1278.8552404091215,437.2017420382762,1246.8005192364858,7619.819991675509,20897.42232132551,1510.5485477172215,406.6652772119701
2019.3162217659137,1299.8637436025438,437.18921070795153,1226.3286554816548,7619.723783567242,18807.67320164409,1359.4962894980822,365.9989030004161
2019.3189596167008,1321.16417079372,437.18921383389585,1205.8811785776147,7619.298730154164,16919.49458366451,1223.0134660213273,329.254789354372
2019.321697467488,1340.0079682344085,436.2258435531116,1189.2054059536824,7618.521975618192,15227.535750424788,1127.2095965212752,296.3291279831178
2019.3244353182752,1358.4405920278161,433.7389988566721,1174.7400373326666,7617.469465142239,13704.743912211485,1060.6533071688723,266.6967111566529
2019.3271731690622,1371.311411676173,425.17361256846624,1172.1532622628663,7616.178706851889,12334.256451647574,1083.8786146406298,402.2241587737187
2019.3299110198493,1378.238849379846,422.14821539218013,1170.009467006258,7614.848361581112,11100.842405131923,1043.8595943207729,577.3469290181318
2019.3326488706366,1394.9309314019201,423.2122350107331,1154.0437016854614,7613.485925261285,15754.879065257448,939.4753132193475,529.6442854750946
2019.3353867214237,1413.731361994852,423.81622400063424,1136.691977185871,7611.861130178043,14179.418007428578,845.5274815134488,476.6797409477232
2019.3381245722107,1426.7734316019666,425.8083060160509,1123.9952242748207,7609.951631466561,12761.449063707316,827.4758632361503,476.9282838278621
2019.340862422998,1418.7945123087,433.4004301832478,1126.925835700137,7607.835715167315,11485.295558871496,1057.6334420033252,651.4802960664813
2019.3436002737851,1389.4027150977652,456.76359354680386,1135.4436665917133,7605.774418123118,10336.745485567906,1307.231843679037,833.5987874487406
2019.3463381245722,1371.833657860335,480.32112799661815,1131.7969208907696,7603.860586611681,9302.95073012105,1335.5598117613326,851.1070215845123
2019.3490759753593,1356.9177505624682,503.6035875697997,1125.8274530990377,7601.8914021281,8372.603052349426,1319.4223503885535,838.1268715228916
2019.3518138261466,1329.3895844590534,536.0965416608319,1123.353827915738,7599.828139323786,7535.298075661327,1351.1250894602072,860.1281055920675
2019.3545516769336,1335.2425277601583,545.3444433237286,1110.779765452556,7597.729256822968,20551.761334837513,1216.0135579017997,774.1158567566043
2019.3572895277207,1356.485663870231,545.3446826426143,1092.266925814447,7595.426621032118,18498.932667709614,1094.4079123001604,696.7015401791003
2019.3600273785078,1377.7229080938027,545.3446922049874,1074.0625094872357,7592.82168357338,31301.070884784625,984.9674756720442,627.0313405555414
2019.362765229295,1390.8612484874607,546.8184888556963,1062.779481731915,7589.920474284338,28170.964116241557,1107.0330385060875,564.3282047588493
2019.3655030800821,1412.0834601592646,546.8184874066584,1045.0664283412964,7586.839217452191,25353.77302916404,996.3332453628384,507.89348771896584
2019.3682409308692,1433.3056628285367,546.8184874066584,1027.3534369790978,7583.757906145118,22536.676617539884,885.6299415122296,451.4606672430809
2019.3709787816565,1454.527865497809,546.8184874066584,1009.6404456168992,7580.676594838044,19719.58020591573,774.9266376616208,395.02784676719597
2019.3737166324436,1475.750068167081,546.8184874066584,991.9274542547006,7577.595283530971,16902.483794291573,664.2233338110121,338.59502629131106
2019.3764544832306,1496.9643908964003,546.8184874066584,974.4900273206708,7574.246287735682,14348.346040038658,563.8533350814814,287.42986319583946
2019.3791923340177,1518.1462319856826,546.8184874066584,958.1667624770863,7569.815611489992,12841.671115514506,504.6441818976538,257.2473910130777
2019.381930184805,1539.3133528538033,546.8184874066584,942.1973161058211,7565.045836993138,42902.51258724864,454.17975652628644,231.52264825087477
2019.384668035592,1560.4674059030363,546.8184874066584,926.4940260547695,7560.022973994956,38612.381136447686,408.7617533947779,208.37036941815492
2019.3874058863792,1581.607697668688,546.8184874066584,911.052457887239,7554.752150396835,51410.56958924844,367.885559545626,187.53332304084884
2019.3901437371662,1602.7335449570055,546.8184808343547,895.8682575495552,7549.238410018512,46269.52889521384,331.0974724152742,168.78003260707678
2019.3928815879535,1620.7825167818944,541.3772636462746,889.4401101307628,7543.4867028004965,41642.57575699455,681.596629756458,206.2108980262701
2019.3956194387406,1636.4813728900494,535.7567758201262,885.6327215297364,7537.643623119515,37478.29113945087,1088.3170949199446,253.2188891401266
2019.3983572895277,1640.9985748041822,527.8973650754155,895.2933598900506,7531.7530935897785,33730.43103616443,2069.7824477264285,380.3381293555579
2019.401095140315,1645.9237297703994,530.1290976417652,894.2781675563066,7526.039298390955,30356.51794516375,2423.727178139544,410.34476825057465
2019.403832991102,1645.696555801456,536.7514119313294,894.0255768179808,7520.324648808662,27320.8552781759,2762.3918510991957,466.2079374852431
2019.406570841889,1647.0359152439175,545.9070782803121,889.6616550542103,7514.621444780989,24588.739699189697,2731.2385329090325,599.5993905284714
2019.4093086926762,1668.0516249027721,545.9071748128415,874.8340501098387,7508.861143533976,22129.82525291874,2458.1163212921124,539.6435686233758
2019.4120465434635,1689.0616227970704,545.9071748128415,860.0988396392386,7503.0142561102775,19762.972767636875,2195.213690394072,481.92739358302276
2019.4147843942505,1710.0617451081225,545.9071748128415,845.5182721374078,7497.022601301056,17549.990242345004,1949.4020582648607,427.9630367206852
2019.4175222450376,1731.0379954067193,545.9071786109687,831.2972278218388,7490.695291519903,15674.00303963168,1741.0228503983958,382.2164301967347
2019.4202600958247,1748.5701577910386,547.7637991979116,819.0038367904688,7484.02779958001,14106.596658452978,1566.919890319112,361.4706919157977
2019.422997946612,1759.3274114553903,551.9150776211097,811.3773009501997,7477.173703332725,12695.915609506053,1410.2255169008154,421.205782308455
2019.425735797399,1775.4147493490584,553.3598762994452,801.235504632477,7470.2112630784395,12032.1593838156,1269.2012097636295,395.3768752986093
2019.4284736481861,1796.3080793921263,553.3600046454204,787.8822741278992,7463.098935193978,10829.006591664787,1142.273634256093,355.8406586339045
2019.4312114989732,1811.1513774695434,552.5851447877918,781.5572032688991,7455.783467833188,9746.109314032403,1028.0457831959054,348.16799989760074
2019.4339493497605,1832.0060624480307,552.5851408135982,768.5312721015218,7448.38261799627,68559.608565629,925.2410982785889,313.3512716767433
2019.4366872005476,1852.650144080695,552.4624925432619,756.0354107629286,7440.784945972533,61703.78453016026,832.7310170049301,282.01691196888703
2019.4394250513346,1866.3785739102136,547.9223379422308,755.0601541578551,7432.999827349119,55533.39372249633,1280.079644446221,286.1111844831749
2019.442162902122,1882.5140376476363,545.8369890332983,749.2179876364679,7425.219779042016,49979.91803703992,1409.7703673101516,267.58297272750804
2019.444900752909,1897.5799893257422,543.6496362085742,744.6233312279571,7417.363736597143,44981.495544925,1572.6961408941002,256.18529536275054
2019.447638603696,1916.4285786435319,543.021040654382,734.7423692082314,7409.452604853273,40483.12912579235,1438.352172503113,230.56734206440146
2019.4503764544831,1931.5629486081612,539.9251823557196,731.1859046652726,7401.398457730263,36434.76313620526,1552.0730947112452,222.14430240850092
2019.4531143052704,1952.2685982101104,539.9251404484448,718.9995565623229,7393.307098138538,32791.14910385603,1396.8725146669956,199.92973696206172
2019.4558521560575,1972.954169025895,539.9251356837053,706.9975302146943,7385.051458435117,29478.46467220789,1255.7556343561207,179.73220768879017
2019.4585900068446,1983.343031515317,531.8052602835862,713.6061683017589,7376.60173325875,26530.61755571111,1340.3225856870463,465.5935656573794
2019.4613278576317,1972.2401410543102,542.8360656816475,722.4226104188915,7368.2852762045595,23877.49956026367,1368.356114569214,794.8995452218154
2019.464065708419,1924.5871203818797,587.2232498714642,734.2630779846846,7360.138545121381,21489.710563793316,1431.712616743225,1131.1820739890802
2019.466803559206,1889.8313889444398,629.1422477647388,735.4547600437925,7352.2114966064355,19340.735872334906,1363.0310951195647,1184.5075893161622
2019.469541409993,1829.782272171197,691.0736778867896,741.8858266626669,7344.326016638754,17406.589382240178,1349.4416365330849,1296.3791256324052
2019.4722792607804,1798.8003216777688,731.8520686247313,740.2740322063303,7336.569270850577,15665.82768419465,1250.231210014313,1246.1689399016875
2019.4750171115675,1767.335411464972,773.0822261024216,738.698963568766,7328.806992223249,14098.915521128996,1162.7600746489607,1196.896321001175
2019.4777549623545,1722.9317036878529,824.6292585690317,739.75081181543,7321.039719287094,12688.994502053562,1111.793663372233,1183.962718636627
2019.4804928131416,1700.819850557598,858.6696555117445,735.9786371290332,7313.311250161033,11420.072323524026,1018.9689570330655,1099.7034200964763
2019.483230663929,1701.0251898677043,874.8939258454151,727.7470600033053,7305.541117642987,10277.985838769342,917.0689004019837,989.7308560681341
2019.485968514716,1694.9774627021077,891.340376616818,725.6616900670899,7297.655663973398,9249.58637152356,825.3090426566561,894.8475551764499
2019.488706365503,1646.2481339029348,903.6778938786657,770.3806077720901,7289.756457805722,8324.553508157178,812.8463739587495,933.7454418800671
2019.4914442162901,1604.124001734692,889.9334346669334,833.8105259484907,7282.623031009295,7491.957272864847,794.1130104353333,929.5040857219805
2019.4941820670774,1573.4089794256836,865.3633908698954,895.5800061898462,7276.566516873984,6742.686972989821,767.7175529767627,889.8443413400444
2019.4969199178645,1539.8779101934854,830.4806182242909,969.4321867823422,7271.5560781592885,6068.348549415859,762.2007922131089,858.4094101802926
2019.4996577686516,1540.836175752015,816.0345326903372,987.1129803407223,7267.791004576334,5461.54738745768,687.3225536570253,772.568682044831
2019.5023956194386,1555.6391092324723,811.4412634384975,980.7913534486182,7264.330867239822,5579.1505342387,618.5845500143387,695.3043789226688
2019.505133470226,1560.001447933584,796.739826719651,995.1140983605958,7260.775120345581,10307.007974283271,568.4241605309995,625.773406885297
2019.507871321013,1557.4446074472576,773.8064470156075,1024.3395397058187,7257.4677991907265,9276.448354983215,672.7962305920147,567.6722541571496
2019.5106091718,1553.3360272900509,749.1525702239433,1056.341783725398,7254.655912120014,8408.935424731711,779.4598946807704,521.8689515149042
2019.5133470225874,1573.6390981773607,749.1520283240529,1038.737267599641,7252.385799258348,15244.801825875576,701.5189944490993,469.6819504717926
2019.5160848733744,1593.936548332675,749.1520283240529,1021.4249788462819,7249.828537856395,13720.333384632935,631.3670695021598,422.71373834918256
2019.5188227241615,1614.2269922762173,749.1520283240529,1004.4012290248668,7246.989743734271,44334.321395063336,568.2303583217919,380.44236168208755
2019.5215605749486,1634.5096587121368,749.1520283240529,987.6612080037571,7243.874998319461,39900.89888616179,511.40731053198266,342.39811750799004
2019.5242984257359,1654.7841231111186,749.1520283240529,971.1893487561039,7240.500293168132,35893.5852295256,460.04582294331857,308.0105045415759
2019.527036276523,1675.0497325575052,749.152028274272,954.9814103753848,7236.870522152244,32272.917249995,413.6399515979915,276.94078096441206
2019.52977412731,1689.538291279243,740.7947198598133,953.1887452878711,7232.959836932475,29045.624875014815,708.1386659659598,253.56067869890518
2019.532511978097,1701.927608534793,729.7831704457053,956.1687230263974,7229.029991352502,26141.00088049315,1058.3445778653977,254.69117601376703
2019.5352498288844,1716.6829114080315,723.506177098788,951.9877454562985,7225.16055939628,23526.825237270183,1175.507156947221,240.05033044618727
2019.5379876796715,1727.9427008492044,714.0396123006781,954.5508963001951,7221.232083909322,21174.043045697435,1401.0248474960097,271.6391215917766
2019.5407255304585,1733.0677548465032,704.2140097300227,963.5543685375945,7217.357060245279,19056.60452031657,1673.3265079943176,357.1081555225522
2019.5434633812458,1741.4627233254294,702.5399270674213,960.9757548454711,7213.6426881210755,17150.90372529948,1603.9588287064464,446.8211997670182
2019.546201232033,1740.9256694180904,706.1097356987165,962.1180377581042,7209.89555048449,15580.826043923158,1519.9821417913863,636.5699375369218
2019.54893908282,1740.3083817928882,715.8899122537445,957.1008997368646,7206.177699575903,14022.674167272457,1392.2194225852752,695.2429138384426
2019.551676933607,1725.360443290665,735.4862294868359,956.67168561682,7202.386434965073,12620.393322365084,1331.0685546681423,806.6993021082293
2019.5544147843943,1693.5613466816849,769.2693074079802,958.9036420074086,7198.59839726232,11358.344400655073,1303.5815145283918,937.4894507111566
2019.5571526351814,1653.1915674316392,812.7734762566588,959.9377816317152,7194.857768039379,10222.061137456818,1265.838918298622,1026.5818471882208
2019.5598904859685,1610.5862407206102,859.5842890502649,959.8732337075182,7191.144729880996,9199.598300971391,1213.2622050811344,1069.5413443554194
2019.5626283367556,1566.6112137714886,907.9520718307015,959.6123483939987,7187.4407593632,8278.611580355086,1154.293897421021,1086.5280894856348
2019.5653661875428,1518.6456918923332,958.4125008806592,961.2434825325547,7183.742618053841,7449.766985544027,1099.2695137726946,1088.7011137852699
2019.56810403833,1468.0361457997749,1005.860224951728,968.4939724985705,7180.0818501093145,6704.776897091584,1046.5086432679436,1092.177671721729
2019.570841889117,1449.5957465889624,1027.6133064431936,969.1391069408276,7176.551933386402,6034.284516251161,943.8530755128921,1003.8054461994386
2019.573579739904,1447.5164253671805,1035.409061130671,967.3600536122322,7173.042453249302,5430.815134824063,849.493553156049,903.4742009223332
2019.5763175906914,1431.703553624782,1039.4961633024943,983.0431950399734,7169.512981392133,4887.6381805912015,772.9234133966113,839.2890858599206
2019.5790554414784,1412.3998263285914,1036.2382107651738,1009.2915499473481,7166.254206318269,4398.808832798531,715.0002353364738,792.6160925136841
2019.5817932922655,1414.418655946711,1030.2639019017572,1016.4880077174803,7163.441127793435,3958.8150295448995,643.4906818053263,713.3489636082313
2019.5845311430528,1402.8962549293994,1010.4276068051355,1050.959181448446,7160.756550176403,3562.8720648036274,595.4930931558429,666.7468445595339
2019.5872689938399,1385.197800027541,979.1655526997382,1102.4503863462076,7158.6537542859005,3206.570074416072,568.2537055222523,639.9362223560754
2019.590006844627,1381.9209004052832,957.4360664914626,1129.1232546586712,7157.415171803971,3655.161972989059,521.9895294923476,582.8632687631026
2019.592744695414,1397.3030654116103,952.3967992353,1119.9995547481842,7156.623873964294,3289.9213285311166,469.7865638752404,524.5695195863157
2019.5954825462013,1417.3381432657143,952.3967877899635,1101.3329156342618,7155.683346669444,16118.795927474737,422.8078324312343,472.1124838139831
2019.5982203969884,1437.3706370417863,952.3967664819148,1082.9774054917032,7154.434284343977,17884.619084807782,380.52732664267074,424.90121861228243
2019.6009582477755,1454.5993582465844,948.8630503976699,1071.2618641504414,7152.882720564683,16096.158703363582,402.2669640799663,382.41105592402715
2019.6036960985625,1464.793411995675,936.5222479478163,1075.579087191512,7151.140146224373,14486.542629248586,622.5766984275306,344.1701269786461
2019.6064339493498,1466.5554488000366,912.755041274173,1099.6780062034059,7149.47429708176,13037.883167298485,1048.6747270046512,325.26024821288166
2019.609171800137,1466.5681309318663,888.1313277486245,1125.976831867726,7148.214402811158,11734.002046971591,1439.044790267546,312.87496929398856
2019.611909650924,1465.521981870103,864.5811654323944,1151.8198156925873,7147.39563036429,10560.335045490452,1766.2530973340297,307.46552939039526
2019.6146475017113,1462.575464333638,841.1362903030039,1179.0251609860545,7147.009577736681,9503.991501514134,2036.9908710614227,307.21689281902553
2019.6173853524983,1454.4035503539317,816.2628586195783,1212.4288481274025,7147.079136258465,8553.589406533325,2170.2382040254934,495.77012002311426
2019.6201232032854,1456.736752978383,815.0781927647348,1211.0821026202982,7147.70524499596,7698.251053079345,1987.857369696069,499.09844136497765
2019.6228610540725,1476.7473935691346,815.0781925413926,1190.8974145022585,7148.30719274659,41339.12197314906,1789.0715379585372,449.1886579276898
2019.6255989048598,1496.7596391892146,815.0781971119786,1171.049176140346,7148.571080917833,37205.24144531167,1610.1670296102782,404.26981268485173
2019.6283367556468,1511.944381054125,815.2496343761104,1156.188535155528,7148.5034427736055,33484.715011606735,1666.1782650555265,368.5295176133633
2019.631074606434,1515.6785675804097,816.0366596944186,1152.41033542954,7148.188330654998,30136.213593076867,2421.901367993164,413.19087642390224
2019.633812457221,1504.6300902845499,822.7658945324066,1157.5347133822083,7147.811095160203,27122.5749829616,3580.327403100986,516.4067673097431
2019.6365503080083,1491.3065676202314,836.020786309036,1158.3221471712013,7147.520192258901,24409.954801324868,4212.068165410372,566.4990278182228
2019.6392881587954,1484.789406997916,848.2689452573303,1153.2959376601125,7147.243303444011,21968.74824275694,4327.302895964384,562.7035847193814
2019.6420260095824,1472.7439378826532,863.0612493187504,1151.3365439739755,7146.883762183993,19770.849190953373,4495.830941666359,571.9229395114804
2019.6447638603697,1461.4798668314895,872.5968187969889,1153.8842849534708,7146.492422777427,17792.226080586817,4451.199996145205,639.0105746483579
2019.6475017111568,1449.1848474148096,879.8526566487017,1159.6994377713506,7146.144351524514,16012.80028196882,4050.6423796098848,922.5810160426837
2019.6502395619439,1419.4848565234458,903.6847597834992,1166.245660602492,7145.893916449942,14411.008709534797,3673.303147742538,1182.8051144416656
2019.652977412731,1347.1050809091394,961.1610180762218,1181.7175019317042,7145.753492442315,12969.820107690392,3453.424408169021,1494.7010428963779
2019.6557152635182,1241.01334968387,1050.8540306051311,1198.4264143428913,7145.871198727488,11672.738435340796,3280.4766354420794,1823.4885730905985
2019.6584531143053,1122.7408572270735,1152.9791734595892,1214.611632344902,7146.267148138665,10505.420362594676,3102.9435267639415,1995.808350352226
2019.6611909650924,1010.4635092076943,1265.5388936273287,1245.6993727804272,7146.931788904425,9454.846897854524,2985.1657905257985,2218.233407588318
2019.6639288158794,909.4060435794556,1378.0683435127817,1288.7399982151926,7148.11229896883,8509.258208313637,2897.2749823397744,2371.5097412307396
2019.6666666666667,818.4550804183126,1470.5375936958947,1326.2688579294095,7150.0066976354365,7658.235460777453,2773.5153939703223,2393.4520703392623
2019.6694045174538,736.6001494144595,1546.4977303366181,1361.050036163162,7152.521476503855,6892.3237446050625,2641.6690467623143,2327.918207373361
2019.6721423682409,662.897303165883,1597.339867341729,1392.9193910818697,7155.6066084345,6202.678715563801,2487.8706632114436,2235.356442667868
2019.674880219028,617.9749982153013,1612.499568568904,1419.4992418615427,7159.217393362271,5582.393002153204,2273.2723669882575,2061.0478910887396
2019.6776180698153,556.177415958279,1596.413764840703,1498.9097526448556,7163.261324475273,5175.789268902268,2165.581821617834,2005.4731359286811
2019.6803559206023,530.771950424354,1566.479532661226,1549.3218049047798,7168.617206986024,4658.2025274425605,1984.3582326247026,1824.9772760200765
2019.6830937713894,513.2902925558944,1520.9487360827177,1606.5822943850992,7174.797071952673,4192.249482642048,1815.4934683661877,1654.3155625589131
2019.6858316221767,517.8673659681274,1495.2804796342332,1620.9832075050786,7181.915241868946,3792.7057975921775,1633.9746379099647,1488.8807089270301
2019.6885694729638,504.77866857960026,1431.8214272176156,1690.6190745546521,7189.255024624517,3413.4123629575793,1511.7047616190569,1368.2580554698613
2019.6913073237508,488.3959898035433,1351.9684630013378,1778.8033252839157,7197.734316887593,3072.0344372927793,1430.375224307974,1286.5173242944688
2019.694045174538,465.63580639926323,1254.3345646390396,1889.6989807124548,7207.660643225635,2764.817406860363,1398.821308816719,1249.6749031747963
2019.6967830253252,437.2456577131748,1149.6755810518628,2011.4288324978531,7219.407823713503,2488.3223882779384,1401.9205856174838,1244.242267963584
2019.6995208761123,411.67003368306143,1061.0888668199714,2112.2820572095593,7233.144837263801,2239.3848937062594,1387.7762454178387,1249.4745249028588
2019.7022587268993,388.6098919265445,988.5902802355771,2192.900209827626,7248.513312986644,2015.1526627389144,1369.515317777267,1237.3493903672318
2019.7049965776864,368.4210672222599,928.6142501534833,2256.8132155149456,7265.193062085701,1813.4741815798732,1348.098556562212,1207.0394834288916
2019.7077344284737,364.3673057721211,895.9002151538533,2276.300002617554,7282.901971432863,4815.464302733616,1256.9157174669763,1107.398078215797
2019.7104722792608,377.6888635521878,887.066782413594,2254.2546033634403,7300.88714564717,23966.5218372829,1218.1694282966043,996.658356116024
2019.7132101300479,380.37183688519946,866.6150982392184,2254.882694429057,7318.455665422919,21570.15399364268,3496.026712712234,905.8086781967006
2019.7159479808352,376.8576160506945,839.7330378634524,2268.17605436572,7335.986486696526,19413.09723874452,6208.934516352207,864.5585996226582
2019.7186858316222,369.9730523452272,811.6792575654212,2285.8379851863197,7353.690799879427,17471.752780598574,8776.423531890705,851.9998239623411
2019.7214236824093,364.4515026162457,787.6932908217434,2297.8235739875754,7371.640627550829,15724.590266692574,10486.311373207895,826.9446746802059
2019.7241615331964,367.03124625803554,772.0332967601664,2293.230963288659,7389.741388669531,20027.245912625564,10869.730368633429,768.2981316033129
2019.7268993839837,379.713465938779,765.0272752295499,2270.0079485681463,7407.716105239918,18025.549453683732,10341.594341119731,691.4680946249082
2019.7296372347707,394.752380177844,759.9408217443734,2242.9444950999177,7425.254997954254,16223.209356738733,9524.256345467084,622.3117843904233
2019.7323750855578,412.15239556375406,756.962942345463,2211.91096004174,7442.294297025435,19076.48629430649,8571.831780265673,560.0888560657359
2019.7351129363449,424.41516377001835,749.8034944197288,2190.7601209942904,7458.769715792355,17168.98370701613,8271.418112358318,940.0879222407949
2019.7378507871322,433.7025660601392,750.058187743101,2165.5682357987503,7474.847405374403,44765.37847112457,7665.373258193898,1140.3364289865535
2019.7405886379192,448.0643862985895,751.831326681411,2134.2471678406955,7490.461414155696,40297.70426459862,7560.502837556581,1096.6535353836991
2019.7433264887063,450.6720641517881,757.6625974784603,2111.1871165592624,7505.510416786878,36267.91121951609,9164.608726224638,1296.038726050246
2019.7460643394934,435.9623713005501,773.7732780854394,2095.590580667076,7520.133864923324,32641.08370559665,11625.812771118846,1814.8930578358454
2019.7488021902807,395.70631063842,811.1815546403651,2084.5429583602995,7534.457281338986,29376.959356647,14095.82137985722,2458.97462344361
2019.7515400410678,356.13400719400516,868.494056623594,2074.3423225660276,7548.55742835375,26439.098159008456,15966.571836397345,3050.2760706728977
2019.7542778918548,320.52091848877046,921.6835928362759,2057.5748106662195,7562.448825643576,23795.18200271915,16202.29334791475,3308.2347980022355
2019.7570157426421,308.3557057474486,947.0076136807236,2031.2702929672619,7576.022753223715,21415.65968711547,14786.84088594602,3091.048464242621
2019.7597535934292,325.980385749117,949.6766672564498,1998.306180695726,7589.121031917858,95025.5246392835,13308.156644441837,2781.956626835244
2019.7624914442163,317.9435422788873,968.7987573091832,1975.135822302999,7601.634043728082,85523.13007737882,16562.064406398033,3039.0591609112053
2019.7652292950033,304.7682414060747,987.318755869066,1958.126064121972,7613.727004222039,76969.85709460053,19117.196804955784,3319.0533231641953
2019.7679671457906,314.1933148696191,993.3987806303859,1931.2729012906145,7625.502968828529,69272.71945090289,17558.08376755898,2999.4701762953214
2019.7707049965777,320.32018460159105,999.9301488161153,1907.7414945436885,7636.804037657754,62337.464918521306,16588.900082363576,2782.3665884699826
2019.7734428473648,332.3519133543625,1002.0467401673402,1883.147611173742,7647.677500923704,56102.862110109294,14980.383161468024,2504.1087908223494
2019.7761806981518,343.33367961401007,1001.3712387018423,1862.835486252934,7658.111261050366,50491.855993252095,13698.309525552986,2264.413370500452
2019.7789185489391,346.1808397617003,995.2577688058276,1856.463233085423,7668.177723966202,45442.1636529667,13427.09652825882,2186.910961303612
2019.7816563997262,349.3259363143573,987.5857146396768,1851.4846348516503,7678.111179813474,40893.765877566555,12991.538199350869,2124.1466277477916
2019.7843942505133,360.43445380424436,983.8973954898655,1834.6701610805358,7687.933355244514,41156.34243486044,11706.78730458325,2142.8435010348776
2019.7871321013006,381.9247996521929,983.8972889419224,1804.0926935142386,7697.448483510806,83433.51553159785,10536.05697577729,1928.576727702512
2019.7898699520877,403.44159954709585,983.8972889419224,1774.0244807843244,7706.427796345816,75090.17369564719,9482.451009112896,1735.7190056840868
2019.7926078028747,424.9819109606086,983.8972363548473,1744.437795078418,7714.9021232252835,67548.22175464226,8530.046895942342,1561.3869894873526
2019.7953456536618,443.5040151848638,982.4580131884705,1719.8455337251553,7722.8394035206675,60793.34817771808,7677.035715327973,1439.934894560455
2019.798083504449,462.3836664113033,981.2779730313438,1695.0678009090102,7730.345425267499,54713.39731138461,6909.254348658834,1314.589020332826
2019.8008213552362,483.99059076350795,981.2779798122763,1666.816218726236,7737.417976317136,49241.42704766122,6218.249289601829,1183.117040140523
2019.8035592060232,505.60666791652017,981.2779764875335,1638.7876389757973,7744.258382239303,44028.703496848495,5559.982799531275,1057.8720195369613
2019.8062970568103,517.309634467877,976.9576369834313,1625.7369271053426,7750.354367062503,39625.82911368863,5650.795172239568,1232.7213812498594
2019.8090349075976,522.7364755915455,974.1084797345713,1617.7252988811426,7756.216211411893,35663.10243339444,5883.718810984073,1521.320231422415
2019.8117727583847,521.2046564001832,975.2181112609327,1612.8631267378837,7761.928471220155,32096.583116591646,5631.864175679374,2253.822831181568
2019.8145106091717,506.8146042832563,988.1001985910366,1609.183456992232,7767.544005752629,28886.77771366277,5279.730217822903,2914.847119277548
2019.8172484599588,476.498028930669,1014.797600820181,1607.6916968365276,7773.0828390317765,25997.884551246516,5011.747245814619,3488.4452433164415
2019.8199863107461,434.2679590296167,1052.4891071489774,1607.1593810634363,7778.581618377128,23397.84284350998,4797.040630594365,3904.692467068665
2019.8227241615332,393.12114213482215,1091.210225076854,1604.5379479200287,7784.056650487454,21055.615242262356,4544.274929780341,4139.800593077803
2019.8254620123203,360.1836032442025,1124.947032930188,1598.7504095559916,7789.472928635517,18949.408723998364,4247.331700998766,4160.995122625592
2019.8281998631076,324.1643494978592,1161.1091561869612,1595.6278928414931,7794.77780302786,17054.36196159901,4033.7011884599165,4214.598660422663
2019.8309377138946,291.7448931117125,1196.2003618306398,1592.9766230208913,7800.0161479270655,15349.415219023283,3844.101625909762,4239.5288183351895
2019.8336755646817,297.71256954174225,1204.5312559745628,1573.9262356989575,7805.195854031932,26155.624897196296,3459.6901809584538,3815.575688325719
2019.8364134154688,290.4183802694652,1215.2859503427662,1566.0455846074751,7810.043900027488,23540.590906670008,3621.985233876203,3525.665432009735
2019.839151266256,275.8715146868891,1216.6649666022513,1574.937922241457,7814.747311716599,21186.47306324785,3925.8860941479816,3369.6937000038442
2019.8418891170431,265.6615700313494,1202.9739167273638,1594.4289519802292,7819.5851765082525,19066.374919141188,4075.4192846533438,3185.002826052167
2019.8446269678302,254.20118893072643,1174.3727156686723,1629.7682328573094,7824.735377790488,17159.673774100393,4234.09834011108,3043.1966312913983
2019.8473648186173,245.421971835992,1138.4544667801501,1669.1742074030685,7830.454769227986,15441.78891867628,4314.589260004945,2887.8109688526256
2019.8501026694046,240.9210349169203,1102.9343557667462,1703.2577683493028,7836.820156214228,13897.373578725268,4287.407983852306,2703.9001499869637
2019.8528405201916,235.18781331743162,1064.2681295865461,1741.1690342050485,7843.73623813817,12507.409757474972,4300.408901799054,2558.685320922594
2019.8555783709787,238.93521607270628,1039.1776087661538,1755.4104673019576,7851.265823106377,11256.621018726584,4060.835102128269,2341.08082847387
2019.858316221766,244.49554687708684,1017.4566128671779,1764.253495586521,7859.011359916406,10130.389900299684,3705.315097579403,2234.4561810777022
2019.861054072553,254.5836766061138,1003.5384816746854,1760.6387157160216,7866.884041250373,28443.17369768049,3334.782747164706,2069.7584857790707
2019.8637919233402,276.5643450760174,1003.5381305757884,1731.295418313149,7874.67492128224,28732.347794200778,3001.3045212017923,1862.7819608258437
2019.8665297741272,292.9348287745714,998.4960526132052,1713.1144400919318,7881.955393767487,25859.113053639227,2977.2380154752373,1676.5037369317974
2019.8692676249145,310.083623030183,994.5625570153751,1693.3690615697183,7888.913373631918,23628.968585720617,2866.7112602752477,1508.826346749891
2019.8720054757016,321.8810033420114,987.0803547991967,1682.8724174071085,7895.522739698877,21266.074748092848,3138.3499322917364,1402.1667851165598
2019.8747433264887,339.61883948093487,984.3073493492265,1661.9191787481873,7901.939047668845,58198.247125267946,2916.8214646464494,1261.950070332297
2019.8774811772757,355.60315709273925,980.7339245693889,1643.8866769286303,7907.988556656435,52378.62892836489,3743.0255584882666,1135.7564786857286
2019.880219028063,369.3293874670536,976.1227173101653,1629.4671055437877,7913.721004926191,47140.657649096094,4817.869754316929,1051.9368614895777
2019.88295687885,377.79641669796,969.3740369512593,1622.7002897005655,7919.197371897413,42426.57287927562,6526.934099203135,1086.2061139487978
2019.8856947296372,388.68075720109107,965.4688224630081,1610.8004774288238,7924.545958154275,38183.86916617326,7061.010331746338,1200.6081416173436
2019.8884325804245,396.10846140038575,963.2543164850199,1600.879545901281,7929.6815914605095,34366.22145320854,7465.239709230733,1392.865213726647
2019.8911704312115,418.26156506509744,963.254323751406,1574.1981526266068,7934.637773804089,44265.84697266473,6718.714395852802,1253.5788975899413
2019.8939082819986,430.0517330907014,963.6634633371522,1557.928839398063,7939.135679421282,39839.269548758144,6810.987315220423,1244.6972717322071
2019.8966461327857,440.32912527192536,964.8933087848031,1542.6348620700323,7943.35031912044,35855.00577580695,6879.2613214374305,1247.3784120266725
2019.899383983573,436.72872473763755,969.093570161649,1538.5149135518016,7947.2983067961095,32269.489863287574,7206.963905404404,2196.1482577480583
2019.90212183436,396.8963275720526,1002.6411483757075,1541.3591292930407,7951.166831956389,29042.40575604826,7793.557720286619,3293.0955012197396
2019.9048596851471,357.2056825523263,1065.0526739168488,1544.8706725732468,7955.072119616513,26138.056072751922,8246.552442815693,4176.476051434808
2019.9075975359342,321.4764641764773,1133.9619035113228,1544.0663968437104,7959.025141791525,23523.61749579181,8318.400711267881,4627.700822749405
2019.9103353867215,289.29371520565655,1202.2777701128682,1543.4016940940778,7962.954271502569,21168.68716303794,8226.606299326075,4821.455334750099
2019.9130732375086,260.3606155379069,1252.1128684200269,1540.5114178166575,7966.861345301929,19051.5456444668,7715.426010093821,4914.319684901307
2019.9158110882956,234.31567884985995,1298.5948092735457,1545.5248090564069,7970.709698813423,17145.741653742516,7141.2136645255305,5206.017552957254
2019.9185489390827,210.8815188993545,1350.072747042467,1560.4519778022966,7974.630812147682,15430.977817382674,6745.664013250787,5597.057146339326
2019.92128678987,189.79314587413666,1385.8000291397923,1563.5436627417748,7978.789995970389,13887.847226415772,6177.111382829285,5371.147041683304
2019.924024640657,175.83515397984854,1402.780346593702,1556.7635127785823,7982.989255088873,12498.665280339612,5559.345395074553,4944.097220693977
2019.9267624914442,171.8917674623758,1406.2405254690061,1553.599728097503,7987.064147412122,11248.763108179044,5003.392390391403,4479.055285986331
2019.9295003422314,180.98073852080128,1399.880111011552,1547.2880972573,7991.0751216513545,23693.499313251916,4503.041870452621,4031.141329011162
2019.9322381930185,188.65922535858437,1386.3180988717304,1549.7047300794572,7994.9699141312385,21325.06812431265,4327.171661785927,3628.021789787294
2019.9349760438056,210.99114916622298,1386.3180951771456,1523.876325076747,7998.894299020901,108459.29090240617,3894.454481808995,3265.219452413391
2019.9377138945927,221.33949729685662,1373.202015716099,1523.58879454371,8002.37746088435,97613.40157717299,6013.450477511763,2938.697342118509
2019.94045174538,222.24384133240514,1350.5440360334849,1542.3015043317953,8005.846286743332,87851.9786557421,9720.165233656206,2681.0999732187934
2019.943189596167,234.06137600128426,1338.9534230187098,1538.7314316015813,8009.6173378194435,79066.30122378288,10434.262657372967,2412.981219016866
2019.945927446954,256.4309777303023,1338.9508614170784,1513.090861659247,8013.318767634392,71158.87793381384,9391.29307029963,2171.6588914568283
2019.9486652977412,278.8030348202186,1338.9508614170784,1487.4453377992206,8017.020134404502,63252.24781143555,8347.86680456233,1930.3607695551414
2019.9514031485285,301.1750919101349,1338.9508614170784,1461.7998139391943,8020.721501174612,55345.61768905726,7304.440538825035,1689.0626476534549
2019.9541409993155,323.5471490000512,1338.9508614170784,1436.1542900791678,8024.422867944722,47438.987566678974,6261.014273087739,1447.7645257517684
2019.9568788501026,345.9192060899675,1338.9508614170784,1410.5087662191415,8028.124234714832,39532.35744430068,5217.588007350441,1206.4664038500816
2019.95961670089,368.316319385308,1338.9508503015754,1385.9200616216976,8030.743737132442,33580.722120154394,4432.131749911578,1024.8329583836721
2019.962354551677,385.8894749703092,1334.9546029207481,1371.6744202388109,8031.840370311158,30222.645453568264,3988.917987036548,1323.7802003758534
2019.965092402464,397.4405860230431,1331.557476509573,1363.0920465543682,8032.696659354046,27200.254066798683,3590.0094472440437,1818.866514478131
2019.9678302532511,405.1350392148411,1333.5773760981995,1353.0942723737257,8033.407980754262,24479.22772745016,3230.8689167223283,2136.6455303757375
2019.9705681040384,420.31442818494673,1335.9648674906832,1335.4130193485835,8033.950253416817,27606.691446865672,2907.7738464406852,2010.224783443053
2019.9733059548255,442.7530269335572,1335.9649105109165,1313.1562006298168,8034.196330366738,57705.33878800759,2616.9947265893566,1809.2028892160956
2019.9760438056126,465.192423716236,1335.9649105109165,1291.2702568855063,8034.070777328368,51935.387500689256,2355.2946999485266,1628.2822173148227
2019.9787816563996,487.6318205117613,1335.9649105109165,1269.3843202083428,8033.945217210007,46164.8536218885,2093.595227289591,1447.361928393213
2019.981519507187,510.07121730728664,1335.9649105109165,1247.4983835311791,8033.819657091645,40394.31974308773,1831.8957546306553,1266.4416394716034
2019.984257357974,532.5106141028119,1335.9649105109165,1225.6124468540156,8033.694096973283,34623.785864286976,1570.1962819717198,1085.5213505499937
2019.986995208761,554.9500108983373,1335.9649105109165,1203.726510176852,8033.568536854922,28853.25198548622,1308.496809312784,904.6010616283843
2019.9897330595481,577.3894076938626,1335.9649105109165,1181.8405734996884,8033.44297673656,23082.718106685457,1046.7973366538486,723.6807727067747
2019.9924709103354,599.8288044893878,1335.9649105109165,1159.9546368225247,8033.317416618199,17312.184227884696,785.0978639949128,542.7604837851652
2019.9952087611225,622.266611914007,1335.9649071724837,1139.7518971044951,8031.510252250034,16807.06322287608,644.1582692302936,445.324929607847
2019.9979466119096,643.4090587636039,1333.2728144055638,1124.7377130234809,8028.50198224837,15126.35648585081,584.897515860871,420.1008363140282
2020.0006844626969,657.3397555846103,1315.88325782642,1131.8747376929675,8025.25171733702,13613.719184278272,526.4716091318073,880.5494517400748
2020.003422313484,655.543421849168,1307.4678361064214,1145.6368315841773,8022.129278901252,12252.316043132512,481.9378058726029,1356.017339486933
2020.006160164271,633.609336630576,1315.2673130428625,1163.0840862511589,8019.244532516421,11026.937269571874,473.8852750266976,1766.917741737595
2020.008898015058,604.1501960229457,1335.7811504057272,1175.0433264505664,8016.658495561776,9924.145591531194,512.0584299830223,1952.1245479768381
2020.0116358658454,557.3552586234152,1369.0245506331771,1191.4022077346833,8014.279051449742,8931.703452750766,652.6714413407506,2072.98434324513
2020.0143737166325,501.62956701524945,1410.9251710326653,1208.4034352044405,8012.178622416848,8038.460732036674,871.3648400455274,2112.3023380164577
2020.0171115674195,456.0104131037258,1449.3750824923125,1217.8125075232203,8010.366358400996,7234.26495540641,1001.207263628877,2121.1122649164968
2020.0198494182066,445.86184410543444,1469.3772556978586,1210.0361417803604,8008.717019936602,7190.3359482323895,973.9849791800842,1937.124985619087
2020.022587268994,445.73691252644903,1484.014373305133,1197.7262327568428,8006.942642931829,6471.349161000603,931.594496675903,1743.4073909879082
2020.025325119781,456.1848853926689,1491.7327439481005,1181.9624582572212,8004.967973922264,5824.194046939193,841.4317230239974,1569.0612099247328
2020.028062970568,474.37756163111806,1493.438394684593,1164.721555586388,8002.738449618158,5241.140740352396,757.2096476118148,1411.9846021031217
2020.0308008213553,475.6461073936185,1491.4173793636564,1168.4151630978915,8000.225211665091,4717.016934661466,725.0882462846555,1283.7266079160079
2020.0335386721424,486.60547786599534,1484.0490710617223,1167.6968471341086,7997.780365458432,4245.311927507534,656.7469097094538,1155.3528267590482
2020.0362765229295,507.21672643328185,1482.2410362599178,1151.771645105793,7995.330253721266,4628.231302890519,591.0710179494432,1039.81468975529
2020.0390143737166,522.8758571625049,1474.1312729648296,1147.358933124396,7992.6214982685315,4165.480209619931,532.8228379862267,935.8303243290571
2020.0417522245039,532.0863708249253,1457.5542449459867,1157.928257857652,7989.846587891696,3749.0288414173133,515.2949812908661,843.1176982223641
2020.044490075291,552.8601075948081,1455.6099289855802,1142.117927242497,7987.255397697378,7353.134275371381,463.76569174617106,758.8057346483896
2020.047227926078,568.1574189305171,1447.3246676447163,1138.3811231544728,7984.408051790555,7051.680485395386,496.79969283519034,682.9170456564563
2020.049965776865,581.6160035045757,1437.4690217969828,1138.1081397877952,7981.505996430908,6346.530924137974,560.0356768208873,614.6230462896883
2020.0527036276524,600.9054164458566,1434.1960678636594,1125.418251515221,7978.607325695525,67597.82737437305,517.2107815494886,553.1607103446064
2020.0554414784394,621.8160439795877,1432.7016726818345,1109.5321399027882,7975.50510495605,60838.78208672264,742.7081969162962,497.8444414011374
2020.0581793292265,638.3330824278167,1426.5474652580426,1102.9556972602993,7972.146616574099,54754.882240096034,1855.614687638447,448.05997364721964
2020.0609171800138,644.2811426676994,1409.3923577520115,1118.0495453437272,7968.687715756818,49279.38306062677,4921.374757492673,454.21489630779587
2020.0636550308009,642.0492942338111,1388.2550651546615,1145.0444675244275,7965.489834607356,44351.40469217009,8600.282636508859,512.9016821057476
2020.066392881588,645.1113177687074,1377.8049761029247,1155.5996590970344,7962.750608551586,39916.22050207131,10051.668358043456,539.8153016261334
2020.069130732375,648.8104256674028,1371.368698428387,1161.3204899923503,7960.194847432113,35924.5976156412,10755.264677769756,571.2578690366452
2020.0718685831623,649.5182945205703,1367.6672222230015,1167.1954400144546,7957.741404762229,32332.016317959384,11271.702957032778,603.5611874026972
2020.0746064339494,661.8475656195848,1367.3659507100926,1157.9441194204644,7955.392625770111,29098.79724552375,10328.956016271752,569.4409109213655
2020.0773442847365,664.7294285246979,1367.5707651121065,1157.7818633128234,7952.896104570627,26188.903563234544,9378.868862832927,1477.5474930383593
2020.0800821355235,647.6123406696119,1393.0813891763094,1152.3086198655826,7950.4037118087535,23569.963984523714,8440.965775457282,1924.3082446403012
2020.0828199863108,611.4996857355245,1436.3713186695977,1148.135986178803,7947.82697093633,21212.83277677411,7614.129279363141,2340.5432295408214
2020.085557837098,586.9401994845209,1473.3993213329147,1138.7346236580838,7945.187717044736,19091.49384823482,6852.701129463003,2413.3505074831783
2020.088295687885,541.55247712263,1527.1815131984074,1133.5603754814576,7942.399029650388,17182.287984238115,6169.097464634867,2645.7404455801593
2020.091033538672,487.3956342790431,1608.5589530168563,1137.227892389638,7939.531742096199,15463.969642794675,5687.950066115055,3107.255606156708
2020.0937713894593,438.65194876378996,1681.716331746783,1139.3544408096286,7936.733346039514,13917.441890641961,5175.80397171562,3284.4486202091125
2020.0965092402464,394.78487496268104,1735.286319357914,1138.1711382968738,7933.978094946074,12525.637242374583,4658.942384324647,3230.6701833560574
2020.0992470910335,367.6427581394221,1769.8547693011235,1133.9419361351709,7931.210699418217,11272.93873983195,4193.001135657844,3036.224226098451
2020.1019849418208,359.46488057123673,1789.740508114493,1125.492268058144,7928.3804062500585,10145.607138619349,3773.6869894478573,2748.1990576885973
2020.1047227926078,353.38018812359684,1798.5953875628695,1126.11171310773,7925.4186741997355,9129.645548355496,3395.7972306021643,2494.8097083056405
2020.107460643395,339.49944142555904,1789.0442205154422,1152.9164876858767,7922.473713367055,8216.606251388663,3056.18970699689,2342.099606592194
2020.110198494182,327.7265487053858,1765.8873500354505,1190.7738777143497,7919.973986538747,7393.019595027928,2749.8543435900997,2196.685025905564
2020.1129363449693,334.9361204920396,1751.2964800800619,1200.4356442227113,7918.121418199122,6653.723583094242,2474.8573452525716,1977.009993859697
2020.1156741957564,357.057491232963,1751.2964655099208,1180.4284122024694,7916.435194048581,12510.736325376838,2227.371354106501,1779.308789478086
2020.1184120465434,375.52136412644194,1746.4524344842569,1169.2515262899783,7914.420138093259,11259.759457982485,2004.6341645092002,1601.377867243925
2020.1211498973305,396.6208780989758,1744.9760428239965,1152.25191325558,7912.22452881538,14320.398294364742,1804.1524274751914,1441.2195935385746
2020.1238877481178,406.2273108170555,1727.788622932259,1162.7338275452776,7909.751501699343,12889.024557030154,1802.5091792317755,1297.0917555849155
2020.1266255989049,407.5123539568418,1701.404111165366,1190.5530666110924,7907.459631260635,11599.952122027104,1986.9358854617333,1200.8908373522706
2020.129363449692,409.4464534751427,1678.2476572091662,1214.0257963089227,7905.637156000705,10439.750242703027,2124.50283003461,1114.1382528651557
2020.1321013004792,407.3174132867961,1652.8572677168775,1243.3987194868237,7904.211562503436,9395.752702958354,2319.8019670217923,1065.276933077073
2020.1348391512663,409.76038484836243,1634.5659748458982,1260.6073350425702,7903.279168257103,8456.107171821368,2369.390390790297,994.3814521836221
2020.1375770020534,414.96238016053934,1620.1074746265133,1270.938851001152,7902.632057205726,7609.063219065474,2321.0401859521126,937.7924506302068
2020.1403148528404,425.727544086989,1611.3258525753633,1269.8524646032843,7902.162801728294,6847.902280417611,2128.608919623567,881.7628380159051
2020.1430527036277,438.4326417176591,1604.4832133726886,1264.9034459390648,7901.677261964516,6163.05054040406,1917.1340225963738,821.5103239074424
2020.1457905544148,450.1215496726047,1597.0248868506708,1261.6672085649514,7901.110817905701,5546.523797031105,1725.4517038227464,800.2300716611758
2020.148528405202,457.9543193164395,1588.05600747749,1263.85030540214,7900.491730797861,4991.865558052181,1570.502996328862,821.3966375411025
2020.151266255989,477.3638146661384,1586.8286374514798,1246.6770917004806,7899.9107191758285,14710.64882321846,1413.4525805408014,739.258641808617
2020.1540041067763,489.3336028691524,1582.384030356709,1240.4454265758804,7899.045103192187,13239.73196041354,1618.1831026956606,709.6108081347944
2020.1567419575633,503.5638544065581,1579.5501201155596,1230.4435580214872,7898.0785304503215,11914.9525376425,1661.5278538151467,659.0891135187763
2020.1594798083504,512.0689419642823,1574.9275323598295,1228.1201248475631,7896.94736382225,10723.447549260278,1879.5538364964937,662.9668331621349
2020.1622176591375,524.6554323980622,1572.6594396199248,1219.396355653298,7895.78063532264,9650.852008033098,1874.6262495232672,622.5117304419176
2020.1649555099248,531.4716614795218,1569.3107764710028,1217.6656680124963,7894.471657030901,8685.83031997101,2015.246989186989,625.3360803245976
2020.1676933607118,551.5952384271654,1569.019833673502,1199.5951940869634,7893.137396806293,16822.504749314157,1813.7277404832,562.8032881380515
2020.170431211499,561.1850343732199,1566.7126065219488,1194.3722957159089,7891.505626382847,15140.30676255283,2257.6548482034386,542.7984359554479
2020.1731690622862,562.0509694865019,1562.8448437607492,1199.5163749460971,7889.791274800579,13626.2621339657,2831.2459456236907,771.5944951490752
2020.1759069130733,556.3892160152752,1567.0141713342202,1203.0608369402973,7888.1671387041315,12263.285714513404,3109.96851046388,952.8445674735854
2020.1786447638603,554.9084521422574,1574.3498615943602,1199.194227811425,7886.606721445883,11036.926270169333,3073.206037972659,983.91761433188
2020.1813826146474,536.3549536613353,1588.9094001441515,1205.2365736601082,7884.98623552833,9933.059739742346,3268.835606761676,1113.0155055650418
2020.1841204654347,514.6015629745716,1607.7630573593424,1210.080451593116,7883.469991066895,8938.894283244284,3362.1547161021554,1187.3318624558624
2020.1868583162218,496.4803936458386,1625.8528265847413,1211.9704265307253,7882.039316232622,8044.847400622988,3315.6146935909833,1205.4326754740023
2020.1895961670089,480.20273473153867,1642.8346458176661,1213.08934187777,7880.644140566953,7240.225065092321,3085.606717556246,1324.7353475909563
2020.192334017796,462.11178759116365,1662.1676473089808,1213.6478904837747,7879.2714376100075,6516.013531352845,2805.374499866698,1442.165570327986
2020.1950718685832,428.0638604470074,1691.1758184528542,1220.4751356595302,7877.911848434535,5864.362406880036,2603.084087118148,1619.4532599534875
2020.1978097193703,395.6102455510929,1721.4758402460677,1224.298839238224,7876.669637958543,5277.848457070816,2398.679488280159,1700.0351242114502
2020.2005475701574,394.6701358242772,1731.8288098866096,1216.4888163774165,7875.494700905624,6289.83657069248,2158.811268290085,1550.512541675949
2020.2032854209447,401.9492420660009,1734.9538042463396,1207.8144778309447,7874.192838850646,5660.9357602503105,1942.9293399004607,1395.461894543282
2020.2060232717317,394.1670899431153,1736.1664793911134,1216.2547188059712,7872.749974853732,5094.830689956542,1825.3789696553752,1333.5045982848817
2020.2087611225188,391.397935758659,1733.9901799154666,1222.9265726372403,7871.451474682565,4585.255971626514,1689.779542223423,1247.6670532125984
2020.2114989733059,398.4937632403621,1730.4598191109665,1220.9728575453496,7870.267623097252,4126.624797141862,1520.8241755426325,1122.9344387833758
2020.2142368240932,420.48401275528926,1730.459811910313,1200.6233442555613,7869.054794072764,20676.449513379965,1368.7415278573533,1010.6408250090241
2020.2169746748802,441.599449760065,1730.0648554584964,1181.8794266831476,7867.5061310922165,18608.862395246633,1231.927906337736,909.5786467588232
2020.2197125256673,443.3169119593806,1717.4554769180336,1195.0555444622917,7865.649829654223,16747.627637818827,2048.176804799982,854.9960430184244
2020.2224503764544,442.28183338244986,1699.1316978957232,1216.474451621885,7864.017680093867,15072.85128275147,2807.518859382673,838.9980764705053
2020.2251882272417,457.9820477367957,1693.8533618212803,1207.75115824364,7862.746995192209,13565.563755604893,2633.0529750487485,755.0982856234169
2020.2279260780288,479.95074771793736,1693.8525771556997,1187.6236392101391,7861.334498910155,12208.911427338151,2369.755616463469,679.5834896109801
2020.2306639288158,485.3121218793053,1680.5945659404063,1197.692348553079,7859.590326621137,10988.019005005484,2641.167198739405,650.7390606800222
2020.233401779603,486.0043430763093,1665.2820851253723,1214.3121813283194,7858.018653463928,9889.154770979063,2979.2728163445545,663.9850212066864
2020.2361396303902,497.7733227747293,1659.465364328484,1210.078207377322,7856.728268513395,8900.19902842638,2816.837712996493,613.809820678959
2020.2388774811773,505.24063638251505,1651.7606702504195,1212.100777666421,7855.370978694572,8010.14521318329,2571.752739613629,811.9605385116137
2020.2416153319643,509.62434289720534,1650.6240464479731,1210.6015298172292,7854.051043831524,7209.012362270534,2328.392426475981,921.3268086015973
2020.2443531827516,531.5699802235553,1650.6240388810022,1190.425055328332,7852.709788561038,25247.58567373789,2095.5527671606333,829.1966004266976
2020.2470910335387,553.5119478319795,1650.6240677082963,1170.5848134937416,7851.035933959917,22722.86295653064,1886.0041998257007,746.2769070504086
2020.2498288843258,570.6544452202005,1651.065449460717,1155.4287694080979,7849.0359989049175,20450.572368621604,1841.8279547629538,672.1905322333818
2020.2525667351129,587.2823770559907,1651.4102922020218,1141.1308953797668,7846.788998356155,18405.458572533666,1819.8598142426229,612.321372901591
2020.2553045859001,604.0827685905062,1651.7444761006677,1126.9024810528067,7844.310737249952,16564.082229654046,1777.923966668762,558.3621424312885
2020.2580424366872,626.0006898859698,1651.744591324481,1108.1217540523546,7841.601327731126,15918.31363757678,1600.163593570459,502.523841852541
2020.2607802874743,639.9833073795199,1651.626798313271,1097.6999663600193,7838.5861909411215,14326.480886891555,1717.1574220017276,488.4114518659853
2020.2635181382614,656.9980977359286,1651.6011119000618,1084.319206500783,7835.405746857159,12893.702821519004,1647.0001232563295,446.19454298576693
2020.2662559890487,678.2205627102169,1651.4534475619866,1067.0663001251703,7832.01175259656,11603.761166486252,1482.2733150295076,401.5577707163922
2020.2689938398357,700.1060275305654,1651.4534467822893,1049.2818544080963,7828.338634272984,16037.40372675733,1334.0454041569792,361.4018366503437
2020.2717316906228,721.9814049010735,1651.4534275791966,1031.793864431244,7824.379166082425,14433.72868085171,1200.6412447246307,325.26209321663856
2020.27446954141,739.8433562912185,1648.1741777310172,1021.8791516261108,7820.1390773455905,12990.354609504437,1159.952986380226,371.79921503713655
2020.2772073921972,760.3814624404037,1647.5839748414742,1006.7528525929985,7815.7453731190635,11691.3049168806,1043.9582762309117,335.75469500796623
2020.2799452429842,779.6348886414779,1646.4037125868274,993.7413116524561,7811.111650113183,10522.139898318866,947.3310023167172,327.44234437703994
2020.2826830937713,801.4630139249109,1646.4036783407205,977.1790196330797,7806.273751095234,9469.896314236714,852.5957948650511,294.69863107216577
2020.2854209445586,823.291219815632,1646.4036783407205,960.6166644388722,7801.435800398721,8417.682324404826,757.8626946333793,261.9543966344618
2020.2881587953457,845.1138827649506,1646.4036773771388,944.1697044331781,7796.487998418682,7601.953715031913,667.0897529057224,230.5789539294454
2020.2908966461328,866.8317476784366,1646.3646942419227,928.5427980587475,7790.863923014845,6841.757107800287,600.381335916045,207.52188786988881
2020.2936344969198,885.9291516479293,1644.8328942683927,917.2739270834728,7784.995089994154,6158.37594248588,546.996388870885,224.13313066221838
2020.2963723477071,907.6859744870396,1644.8329746305667,901.9856389050456,7778.954374971296,9197.414577445801,492.2924022445088,201.7185379270654
2020.2991101984942,928.9461379970198,1644.6733840309532,887.5920746948816,7772.6752662710915,8277.67450377577,443.0631371061488,181.54667442276167
2020.3018480492813,949.9398421168104,1644.301914696747,873.8967126687054,7766.176293511682,7448.739575763285,398.69433392956694,164.4459154581524
2020.3045859000686,971.6442709878334,1644.3014294032746,859.3316872092877,7759.465275393552,6703.38035281876,358.80111565823705,147.99328563981695
2020.3073237508556,991.5015982495934,1642.882664417258,848.2576080526635,7752.528692274432,6033.0319965292965,344.81847226115934,152.8958774826165
2020.3100616016427,1011.313380715952,1641.7284267441973,837.1298880294852,7745.426767504311,5429.786253945024,326.9215828368911,152.5724008586506
2020.3127994524298,1032.9616279690601,1641.728426634208,823.1777221828721,7738.1585862078055,36068.4232886726,294.2294134283206,137.315161952819
2020.315537303217,1054.5899625462314,1641.728426634208,809.4580923773188,7730.677781436187,32461.664989017936,264.80645658539737,123.58363852373775
2020.3182751540041,1076.2088310516156,1641.728426634208,795.8440727272948,7723.100832580826,29021.40426646889,236.74244284633488,110.48632596506536
2020.3210130047912,1097.816670178838,1641.728426634208,782.3531045210061,7715.411861659893,25775.237767567094,210.26179718779514,98.12796211269159
2020.3237508555783,1119.3863895531597,1641.728426634208,769.2738714530989,7707.349275353478,23138.487598661857,188.75247702942096,88.08968705844788
2020.3264887063656,1140.952404242639,1641.728426634208,756.2346530444154,7699.250379072683,20560.96382190515,167.72629731064143,78.27689084717872
2020.3292265571527,1162.4826750943644,1641.728426634208,743.5468405126173,7690.835820752755,18404.36695420058,150.1338337093617,70.06659004682253
2020.3319644079397,1184.004411749358,1641.728426634208,730.9429296285438,7682.345894981835,16348.270572010068,133.36120397829757,62.23890096210465
2020.3347022587268,1205.4807597547688,1641.7284232643622,718.7521059767124,7673.4882739981,14705.000664778063,119.95664035266906,55.982893872312125
2020.337440109514,1226.3561564719544,1640.9993027462267,708.0777831820219,7664.44422059374,13234.50092772628,166.0087845713983,71.50872495373117
2020.3401779603012,1247.1517217826947,1640.564611197183,697.3419870817005,7655.247042932362,25300.54608853057,161.4976028153917,104.82784587788694
2020.3429158110882,1264.9253360954115,1640.4147785517553,689.4970136797145,7645.896134667059,22770.6931764648,464.31617357420583,248.27276913951619
2020.3456536618755,1286.3008229669247,1640.4147787862833,678.0054632227677,7636.440098017964,20493.606775458058,417.89345535228256,223.4494491078155
2020.3483915126626,1307.6763836098482,1640.4147787862833,666.5138463281058,7626.984054269703,18216.537457811577,371.461837994862,198.62217219386386
2020.3511293634497,1329.0519442527716,1640.4147787862833,655.022229433444,7617.5280105214415,15939.468140165096,325.0302206374414,173.79489527991225
2020.3538672142367,1350.4275048956952,1640.4147787862833,643.530612538782,7608.071966773179,13662.398822518617,278.59860328002077,148.96761836596062
2020.356605065024,1371.7232312928677,1640.4148000996765,632.6289491212328,7598.105782480164,13069.207193188115,246.46893599323818,131.7876632631823
2020.359342915811,1390.8851723005982,1641.6034841257701,622.9791360230149,7587.832870544559,11762.286313697028,271.7478240260148,140.28841978703556
2020.3620807665982,1407.354900038736,1644.6324948256993,614.3138825962925,7577.427285533216,10586.073767911197,347.0381749693533,176.29597204041082
2020.3648186173853,1428.1795308623257,1644.8822903817281,604.1888648384084,7566.905776911479,29554.887434112632,312.334591858987,158.66651011803324
2020.3675564681726,1449.3386703842382,1644.882297989816,594.1190394492652,7556.244355170626,26600.23096544525,281.1008214354947,142.79970099715845
2020.3702943189596,1470.468609808425,1644.882297989816,584.217054912971,7545.444300282734,54240.288768253246,252.9907291406402,128.5197257405623
2020.3730321697467,1491.5689600321402,1644.882297989816,574.4801035183617,7534.508801453629,48816.26792037058,227.6916480610928,115.66774901842643
2020.375770020534,1512.669310169901,1644.882297989816,564.7431526031455,7523.573302231084,43392.239043545254,202.39257514702877,102.8157764443702
2020.378507871321,1533.769660307662,1644.882297989816,555.0062016879293,7512.637803008539,37968.210166719924,177.09350223296474,89.96380387031397
2020.3812457221081,1554.8700104454228,1644.882297989816,545.2692507727132,7501.702303785994,32544.1812898946,151.79442931890074,77.11183129625775
2020.3839835728952,1575.970360583184,1644.882297989816,535.532299857497,7490.76680456345,27120.152413069274,126.4953564048367,64.25985872220151
2020.3867214236825,1597.0707107209448,1644.882297989816,525.7953489422808,7479.831305340905,21696.123536243947,101.19628349077267,51.40788614814528
2020.3894592744696,1618.1710608587057,1644.882297989816,516.0583980270646,7468.89580611836,16272.094659418626,75.89721057670866,38.55591357408906
2020.3921971252566,1639.2714109964666,1644.882297989816,506.32144711184844,7457.960306895816,10848.0657825933,50.598137662644646,25.703941000032824
2020.3949349760437,1660.3717611342277,1644.882297989816,496.5844961966323,7447.0248076732705,5424.0369057679745,25.299064748580626,12.851968425976594
2020.397672826831,1681.260396011511,1644.8822977462783,487.9943202067742,7435.154249029382,77116.10457427282,17.87766420322922,9.08189304453361
2020.400410677618,1702.0181561142274,1644.4440450111272,480.3397597292017,7422.917202139389,69404.4975941123,98.68077508255335,23.530505985842897
2020.4031485284052,1722.6257103532005,1643.9575244362602,472.9777211316591,7410.586107072826,62464.03365608389,192.82655597972746,40.30264699456522
2020.4058863791922,1742.9994487024421,1643.5593667009498,465.8500191519538,7398.166128438596,56217.35723042803,290.35369678651307,56.910940833277444
2020.4086242299795,1763.6286216509072,1643.5389485532796,458.1739402715514,7385.661352518205,50595.58178146899,261.3215827144308,51.220345556583595
2020.4113620807666,1784.291976872515,1643.5388239760966,450.53340423021314,7373.066557915118,45514.048438290265,235.07593974340332,46.076066823535015
2020.4140999315537,1804.9331327809716,1643.5388239760966,442.9762673999669,7360.410438836909,40770.11716673145,210.57396483255567,41.27355644955276
2020.416837782341,1825.5517500019296,1643.5388239760966,435.5017588363663,7347.6942301795525,36348.20859332111,187.73520735419697,36.79704508592916
2020.419575633128,1846.1142261906014,1643.5388248528218,428.22941858404755,7334.831993366475,32663.767710261724,168.7058410000954,33.06711771139864
2020.422313483915,1866.3572912598543,1643.6731808235481,421.23817044106227,7321.873720469485,29397.38988743391,194.22992055051466,38.969136152352114
2020.4250513347022,1885.9775829757252,1644.3222260365287,414.4360153156474,7308.834438666053,26457.61048627402,213.13808902724202,129.87836048002052
2020.4277891854895,1901.205794983679,1648.9572899087805,408.1175726570913,7295.717505444403,23811.835057860797,255.8815033983167,265.2432286725226
2020.4305270362765,1918.3035607690333,1651.9158370424304,401.6754562274879,7282.531208954999,21430.609206669058,236.23408225103327,264.1623915218134
2020.4332648870636,1938.6835380415046,1651.91589267533,394.9808696911327,7269.273662585987,81369.22402612971,212.61075403969565,237.7465914422821
2020.4360027378507,1958.5958543726679,1652.258579807983,388.4865697203289,7255.940859092977,73232.32279410562,203.48535931877728,213.97192832405878
2020.438740588638,1971.3081927860892,1658.2896240403534,383.5756000787145,7242.536346088801,65909.0807707845,604.8115012597044,260.3817090833471
2020.441478439425,1981.4686436360992,1666.8558649085833,378.7264196970527,7229.086734752226,59317.72920421772,927.1777803041678,292.889174781241
2020.4442162902121,2000.5208800366154,1667.893012141456,372.5585397840061,7215.593131031882,53385.860853707076,834.4833189763274,263.6031835985774
2020.4469541409994,2017.9793673637319,1670.2982618749782,366.6821028719331,7202.03373088332,48046.92190468673,786.4672083084286,237.2481867839284
2020.4496919917865,2033.4803082180783,1674.3061541353393,361.2213995473451,7188.413501093198,43242.22012931631,803.9441579922677,224.82814893643015
2020.4524298425736,2043.3324974832203,1681.0145956014435,358.76259144427326,7174.73957846502,38917.95984291961,969.890177312581,242.5712524827115
2020.4551676933606,2047.6603073191832,1684.8731041547978,364.6816164514052,7161.0621350685715,35026.06029239648,1165.636233347297,293.66879014608463
2020.457905544148,2049.218078274424,1687.8096321785658,374.15701632876227,7147.5203362122,31522.08933290365,1153.8008401615405,461.6044723371545
2020.460643394935,2069.2272200156845,1687.809794414308,367.9219340727513,7134.174014491201,75304.53309412551,1038.4252943606439,415.4577806906839
2020.463381245722,2085.127935350659,1689.7977113719103,363.8748517681844,7120.760364503196,67774.08036474913,971.8467230441973,377.0157048391502
2020.4661190965091,2091.0558352292082,1695.5008448129045,366.1160670757981,7107.316015876036,60996.59836405939,1154.4828785994591,414.63264572959224
2020.4688569472964,2094.049727251579,1701.7336636127322,370.68832048802176,7093.944951641613,54888.71635809148,1307.4497244268512,443.5706798637827
2020.4715947980835,2083.9994908692524,1713.8074009215204,382.35009274868764,7080.687578454485,49399.594419756715,1607.6064564702694,514.1486768542195
2020.4743326488706,2071.8300398420333,1730.7723824898544,391.0099212858422,7067.660119376215,44457.69194617049,1793.8686961349188,547.7311105594813
2020.4770704996577,2091.6166702998758,1730.7750103203791,384.4952521092854,7054.813430264406,40011.73401772919,1614.54023900201,492.97058006295924
2020.479808350445,2095.8171670771308,1739.1436158090837,385.27405017678063,7041.893429930952,36010.551903283835,1537.4975107744522,459.5961785091667
2020.482546201232,2084.608868250741,1752.4639221882655,396.46166979146045,7029.0217027634835,32408.647922985663,1622.431804005986,495.58058202904056
2020.485284052019,2071.699505913658,1760.6436898581596,414.2702835933302,7016.370583628802,29165.801375745094,1566.57514458087,613.0513350768831
2020.4880219028064,2054.677675336296,1771.235637661638,433.44705125909263,7004.051598736922,26248.676790574646,1482.4251672878554,692.0057527378385
2020.4907597535935,2045.488484105375,1783.3680439619557,442.89681693611783,6992.086517990498,23623.796063899288,1360.6417268543353,690.9085598245424
2020.4934976043805,2052.9633085650003,1788.395262278846,442.5975107687426,6980.311681381361,21261.454038058564,1224.5753605626128,621.864644540604
2020.4962354551676,2072.515258063235,1788.395298752606,435.2209431317524,6968.56416304636,31071.864357440067,1102.116865727332,559.6776935750034
2020.498973305955,2092.0347879550322,1788.3953236716256,427.9675623110348,6956.725889056257,27964.680466873317,991.9054147911222,503.7099080839372
2020.501711156742,2103.088997907675,1787.999821386485,429.66347323226336,6944.799170467524,25168.171357568317,896.4001792554683,453.3486269375509
2020.504449007529,2120.0347526889454,1787.6598568297793,425.35157236023997,6932.933181114983,22650.435542077812,806.7362098891009,407.9975769450266
2020.5071868583161,2130.1720396109154,1786.2425922656741,428.96450822190667,6921.028122895451,20384.83931232718,746.1537756569319,374.5741463582748
2020.5099247091034,2136.036605207445,1782.8478539996745,438.7349474127042,6909.215756374121,18346.223331295165,723.8333014931518,362.9707311224845
2020.5126625598905,2147.5414929534068,1779.0372045674821,443.0864883790946,6897.597877093962,16510.796670134692,660.5890471138165,331.11395752120353
2020.5154004106776,2161.784908669906,1774.4987974198145,445.32220105542694,6886.085055848797,14859.598069722471,594.5282288118655,298.0015309689427
2020.5181382614649,2164.4954493340774,1754.5918998292464,474.3904099320128,6874.641103898611,13373.63303091489,606.4518326999558,311.3667916434624
2020.520876112252,2165.2006376025756,1736.1090762691704,503.5254652749593,6863.711583847242,12035.868229498577,597.6109233764314,345.78876166746124
2020.523613963039,2179.912507990352,1733.2724319158551,502.49079194401554,6853.298931143729,10832.267258773889,537.8508075472186,311.2117322562772
2020.526351813826,2194.239813013593,1730.1966094738532,502.06859520585556,6842.89754530065,9748.284016375623,484.02885638652356,280.0844254297825
2020.5290896646134,2203.1701886965584,1723.7100471065917,510.43254152390983,6832.517685666891,8773.430125923696,447.38698648247373,274.1301764832058
2020.5318275154004,2212.6485282740537,1718.8219142177036,516.482679970253,6822.30524053194,7895.83873484481,412.2189216664116,263.7273199504809
2020.5345653661875,2220.067774982721,1713.8510260717403,524.5455660970214,6812.221895842464,7106.158036847526,387.52271262654284,260.33201876356713
2020.5373032169746,2221.8267635401203,1707.5933224053983,539.3935043777658,6802.300572670664,6395.480016351967,381.4531199288272,272.90224561505534
2020.5400410677619,2220.9286985971944,1703.0847170504223,554.8748354960796,6792.653811850252,5755.87699326274,377.8397360614148,283.75522141783404
2020.542778918549,2224.7010591345756,1701.9318116382456,562.0459164996928,6783.291175721434,5180.167960002594,356.2328602955693,275.2271893057397
2020.545516769336,2229.3926810092266,1700.8410663228951,568.0909512216258,6774.073164440198,4661.721337633181,331.9133490652382,265.0162110869102
2020.5482546201233,2228.9539859886813,1696.8792192320702,582.0103320280851,6764.982225745106,4195.542351063764,320.0186444986831,266.97120533540465
2020.5509924709104,2224.527718584031,1692.2186205707008,600.3591651329285,6756.148158706283,3775.980610435,314.9601361441455,272.6071537608784
2020.5537303216975,2221.4324590067863,1690.7583116203843,613.8478643674579,6747.642927999314,3398.2272130234173,305.00092157207075,269.47075160409173
2020.5564681724845,2223.2437847883184,1690.4538150996552,621.0249483188811,6739.386914787087,3058.3887249655445,285.949369867184,254.76120625333817
2020.5592060232718,2235.184160704848,1690.1180101018579,617.9619404873753,6731.273251699864,4252.5718187725315,257.35459408860567,229.28517759572608
2020.561943874059,2244.1636612743887,1688.8009026183631,618.8699239953644,6723.130775105826,3827.3282194326207,250.01905204176737,208.24477440376634
2020.564681724846,2248.798912643344,1685.0057420274147,626.562783372201,6715.025724950982,3444.5811800569154,257.1631192703189,198.6552612633066
2020.567419575633,2246.7326426039517,1676.9853832409076,645.0320874759273,6707.070949673156,3100.082965265595,281.244191825012,201.4303461981987
2020.5701574264203,2245.689112998479,1669.5852154465347,661.5305856263612,6699.444048922565,2789.8762265476535,293.4100298130064,198.58792495078154
2020.5728952772074,2244.052593468536,1662.461536786738,678.0483787497461,6692.114353988921,2510.829527260643,301.3044549470436,195.25069438104453
2020.5756331279945,2242.4325918924583,1655.2768609488544,694.3246392997198,6685.070670852911,2258.808516903314,304.51963310263545,190.7335122541996
2020.5783709787815,2240.5268723467016,1646.9228337422257,711.7555017451783,6678.327455159838,2032.9249848983466,278.90944643362513,171.66274822579533
2020.5811088295688,2237.1368846063137,1634.3945876594512,734.5358797017377,6671.893211026443,1829.6289568872623,279.68297242815476,180.857238786415
2020.583846680356,2228.102521221823,1622.1955589820736,762.2342646135725,6665.856118176476,1646.6559281793345,278.940202179616,197.5237700631309
2020.586584531143,2221.464734820087,1616.472577087741,780.5821569734109,6660.296894112706,1481.9708598025338,270.0993042292545,201.17907502786605
2020.5893223819303,2216.1910696365085,1614.165050046407,793.8300062545663,6655.05813705646,1333.7188364801175,257.81421701071406,198.8810060689273
2020.5920602327174,2209.6417261064566,1613.235381122882,806.7405833914046,6650.0544723731955,1200.2757871713043,246.19216585323386,195.48234853582903
2020.5947980835044,2212.3491555963233,1612.5821239525847,809.8879947723872,6645.280788672644,1080.2462979861866,224.63968157573686,180.98729964759505
2020.5975359342915,2214.1250627485174,1610.5319437351202,815.2985850231757,6640.572371487125,972.1664120207196,206.5916536604523,169.92592264807192
2020.6002737850788,2209.7801449933245,1606.5141926690465,828.6941990128996,6635.967326318668,874.9491463207695,195.94053690410686,167.76516142242886
2020.6030116358659,2203.78087431417,1602.3874278718558,843.6185463561844,6631.596914451727,787.4027352813467,186.20131638271818,163.26180806630165
2020.605749486653,2197.26662320524,1599.153550489659,857.9035700556121,6627.487919243429,708.6441392126811,176.72987460920405,162.29884652564564
2020.60848733744,2188.935117393,1596.285384135074,873.3903363230108,6623.62872514286,637.7770155905208,168.1109548966811,161.707338537423
2020.6112251882273,2183.521130688467,1591.6502942760708,887.4588954313058,6620.037142598101,573.968714918017,157.59114611242615,156.38386126083847
2020.6139630390144,2184.8663337076327,1586.5047457355815,895.033368459663,6616.690915091061,516.5686823230587,143.80274627028123,144.83193825876134
2020.6167008898015,2186.7876566273812,1579.8125758512524,903.4431612031882,6613.479869312118,464.897050826459,131.5457722940851,134.47571801901182
2020.6194387405887,2180.5936294186554,1567.843029719914,925.0964147403387,6610.4180891150345,418.4058441812336,125.42691248183652,132.69597739900013
2020.6221765913758,2175.3712193776905,1557.428683584506,943.8537375454705,6607.725422486278,376.56266982132956,118.88447266322794,126.74907579952618
2020.624914442163,2170.706366595684,1547.9563225758966,960.7913752593297,6605.352898563037,338.9055891558673,112.65073368489442,122.96304998473313
2020.62765229295,2169.8344414481357,1540.2170514035997,971.9155745195243,6603.267795622686,304.9963151229849,105.00474177555043,115.97885548869974
2020.6303901437373,2168.7698220711327,1531.383683637165,984.1347779988006,6601.3744792868465,274.4831175017402,98.15416534334365,109.9769295504253
2020.6331279945243,2167.9413054631727,1521.6840514263745,996.7753831653006,6599.689922939095,247.02245717024283,91.81480946437895,104.39245745146998
2020.6358658453114,2167.407748628219,1510.8365453879992,1010.0533808058783,6598.220888171844,222.31235986855836,85.57133273561794,99.46353460468428
2020.6386036960985,2167.7758158651477,1499.7200048970042,1022.4728938138411,6596.977748417945,200.0806274804891,77.01426200129661,89.51735053665125
2020.6413415468858,2173.4702269932172,1490.820996789655,1027.1384574184515,6595.944681792615,180.06865635700845,70.18773327811871,80.56386692732823
2020.6440793976728,2185.2941395539647,1485.8611206184426,1021.6545052951831,6594.992497526348,162.05987278853297,63.16843340826707,72.5066221392306
2020.64681724846,2196.847556654014,1480.0268413193514,1017.403819517342,6593.951945503228,145.84687827496336,56.84892125025971,65.25289361394096
2020.649555099247,2207.877653930078,1472.7991244009172,1015.1373638997482,6592.843920763193,131.24244678340264,51.15649613139293,59.03510326359008
2020.6522929500343,2221.170969731193,1467.1779439657598,1009.0367585321706,6591.700290764815,3565.795556586114,46.0408465994573,53.13159360483931
2020.6550308008214,2232.668171117566,1458.8103307042911,1007.5772421341804,6590.458119037899,3209.250380649919,247.46206695852473,48.70466983928381
2020.6577686516084,2246.341111924474,1452.7781843784746,1001.627443061756,6589.195023629232,5426.511270120287,347.510501793247,43.83419884019134
2020.6605065023957,2262.719236123375,1449.9182659897342,989.8959319454304,6587.836228935398,9727.648959344495,405.90215654629657,39.45076015526225
2020.6632443531828,2279.8292580664256,1447.9022098077724,976.7804168355399,6586.2856782842,8755.287391591242,486.587982872254,35.50556941985365
2020.6659822039699,2296.662358663584,1445.393598127756,964.6487077173296,6584.520798485269,7879.729218168605,579.7952839243871,31.954893053378907
2020.668720054757,2312.749200809038,1441.786274802703,954.55938118525,6582.55850619695,7091.750857704831,730.8088880062588,28.759381887918245
2020.6714579055442,2327.8539568695137,1436.7243654322356,947.0695017735454,6580.433438918646,6382.567751622744,951.8322159003459,26.01540415518089
2020.6741957563313,2342.1858488202374,1430.5707312303214,941.5632239940853,6578.1893589492975,5744.3031709347315,1153.9285398024565,76.6968594355492
2020.6769336071184,2347.9259343896933,1433.5934094557058,935.558018673774,6575.859700474768,5169.82982330036,1278.068834089317,135.46811054069408
2020.6796714579054,2340.0387640073955,1449.6432270405062,930.246687277557,6573.436284668482,4652.844068014154,1295.0080089092253,280.736317001933
2020.6824093086927,2303.235325600525,1495.3446604536043,924.2818151599804,6570.931061779828,4187.509065915243,1207.516646318528,476.3468260815656
2020.6851471594798,2233.059558681684,1575.582222393662,917.2457575986723,6568.333224319918,3768.749875913833,1118.5630347438446,578.9918602688197
2020.6878850102669,2172.787733576215,1648.5630420555194,907.6726237758453,6565.625263586358,3391.858364419806,1012.4237126383907,619.8790906995565
2020.6906228610542,2112.7797138157575,1722.0306425998697,897.5008617036374,6562.765344874671,3052.618361032815,913.342609717961,629.2713905309441
2020.6933607118413,2026.4122767258582,1820.724149548811,888.6241323672548,6559.743904352015,2747.275356807139,839.4374078382217,668.40760089547
2020.6960985626283,2004.2614102688055,1859.1803277133738,875.9082185215603,6556.582406490204,12134.82699777265,755.49380352557,605.140120154974
2020.6988364134154,1943.5593975209736,1934.1297034704996,865.4535117033865,6553.217650299086,10921.483977542273,1233.5464978919,599.0605157125551
2020.7015742642027,1865.0594427287904,2021.0280800763264,861.0127742000677,6549.687865988762,9829.3271580906,1712.2284633200802,609.0515566355884
2020.7043121149898,1789.3889447917145,2094.4738917023665,867.259372257801,6546.093854242062,8846.18112961988,2032.9023774679463,598.1617116568797
2020.7070499657768,1717.699003624443,2143.49594070104,893.8354009598188,6542.613617708642,7961.514967245729,2261.1229466470177,587.850453935375
2020.709787816564,1688.9461926466877,2149.6331622159096,919.9067305477656,6539.58577758358,7165.338445527248,2172.778432505709,529.251140474116
2020.7125256673512,1663.8754284946424,2134.9953530521525,962.6309835377996,6536.9979979093505,6448.285856602821,2101.3321478041075,481.4409852053774
2020.7152635181383,1639.8575471192648,2107.603125027711,1016.3403492053211,6535.126641641642,5802.896675326503,2050.5365920836684,440.4060670557671
2020.7180013689253,1597.915048533712,2056.1863490500928,1111.0930454220681,6534.1611199880645,5222.60192363926,1944.1738763183716,626.6914617481867
2020.7207392197124,1532.0090009976393,2027.470999329215,1205.526866152038,6534.776596515044,4700.307629121427,1872.3273545951213,768.935725223722
2020.7234770704997,1451.5249069819536,2018.308910200677,1293.4433546637115,6536.934191147595,4229.246294521216,1824.4202441137743,864.7598703917221
2020.7262149212868,1364.3038745558058,2023.8759872089886,1371.8871612902221,6540.572239938921,3806.0010839138686,1793.5222899498922,918.9954553340422
2020.7289527720739,1286.011220214332,2031.8571274639132,1437.6816184207157,6545.517196894975,3425.3861956947085,1735.8630897017347,913.8807470677272
2020.7316906228612,1205.4914735329771,2037.94069424382,1506.5178525651365,6551.545042652013,3082.8283214868293,1699.8613582189573,933.5746958446468
2020.7344284736482,1173.2012380709828,2041.7896885827993,1528.2278120394465,6558.704224300718,33613.377233529594,1555.6576485194398,858.8887901925534
2020.7371663244353,1186.5618347537268,2042.0701817361492,1507.5132154319992,6566.205631072068,167441.01474264055,1552.3775169265425,772.999872042306
2020.7399041752224,1181.8774597438692,2043.8319247028992,1503.728124963634,6573.341253583543,150697.78035580518,7621.141029851459,695.6999196665212
2020.7426420260097,1158.487272771782,2046.9237563355337,1517.401384590029,6580.394249296599,135627.71021791766,17831.39142570736,661.6279155920344
2020.7453798767967,1135.8518818475577,2041.7508159725614,1538.3765133555355,6587.655351818294,122061.73709412183,25889.223629685024,635.6084154457441
2020.7481177275838,1101.3617804939577,2014.658303983274,1592.795825308759,6595.246553207955,109855.41385770624,35345.720362320746,644.7698712151847
2020.7508555783709,1087.297800743081,1991.3782260676953,1622.093164299299,6603.72117188387,98866.00231120209,37568.52922863736,602.2615644142827
2020.7535934291582,1079.0264715936112,1966.8145947863245,1646.413836702907,6612.663359911099,88978.66655827155,37972.7065682602,556.1435083332138
2020.7563312799452,1061.2881351683598,1929.6690744212058,1692.4022745160776,6621.986678888297,80080.73313726005,40021.425353607745,1103.2511457446237
2020.7590691307323,989.3471812268889,1931.2351702389437,1753.1407639950964,6632.0509475330155,72072.65180942691,38809.93661791905,6108.009608983238
2020.7618069815196,890.4243404512598,2172.8084898712136,1775.6826720328502,6643.099763100978,64865.22840041503,35505.57924356198,8246.948227397164
2020.7645448323067,801.3805380153586,2374.2764081786954,1776.484156937809,6654.494126422735,58378.54999931088,31955.000629838803,8705.522891558205
2020.7672826830938,748.5368192146174,2436.8822750691197,1755.7914836178452,6665.870713744098,52540.3755068092,28759.32668188755,7835.172526161033
2020.7700205338808,673.6830334235085,2637.2781358163015,1757.915764711571,6676.871282209403,47286.28119408839,25884.66859062194,8459.76744795493
2020.7727583846681,606.3135385599021,2941.298856437737,1774.2729061798286,6687.8770794162165,42557.569440098014,23934.892730274285,9928.110009790209
2020.7754962354552,545.6639671793395,3289.875302711697,1791.7761996893853,6699.124687958949,38300.53379535359,22202.797517088173,11121.667567472443
2020.7782340862423,491.0937028245602,3677.3345262655325,1811.0000902704905,6710.633691971579,34470.20894369508,20665.885175494648,12179.551146238695
2020.7809719370293,441.9807585338209,4044.4826041365077,1823.8408441353874,6722.431539833746,31022.93718719562,19064.91310272293,12723.582758425504
2020.7837097878166,397.7786193821751,4405.108272448279,1860.9799570334924,6734.411116260223,27920.35826274171,17683.484054496992,13246.674151464043
2020.7864476386037,357.9973981840229,4508.976909674693,2067.564069415571,6746.976561991653,25128.086647673714,16215.790315672739,13054.752657725736
2020.7891854893908,322.17776023376007,4383.131922948467,2445.7859817969697,6762.934046197567,22613.881319176224,15114.284828429063,12584.282186841092
2020.791923340178,289.95973444481893,4133.858673422778,2979.0347289834267,6785.168122966196,20352.475656039653,15069.31127029863,12059.21828128808
2020.7946611909651,260.96197198403786,3888.5215623787367,3468.9349590596353,6816.22429882373,18317.10251813598,15795.434977084265,12024.870284564124
2020.7973990417522,234.8548476277185,3665.542603531925,3898.2421334878372,6855.334846990083,16484.62528149984,16808.403959379088,11835.696643971685
2020.8001368925393,211.36307440537624,3418.017590474515,4303.168298603908,6901.506833370488,14835.721361994034,17731.75371937184,11396.163371217028
2020.8028747433266,190.21675850100735,3111.3097397625697,4740.948722340132,6954.289853510521,13351.446724749545,18792.846998454716,10972.270866423552
2020.8056125941137,171.1938744843788,2840.24431890808,5076.338959399845,7014.248730590629,12016.217250224772,19037.140975675247,10237.420864540873
2020.8083504449007,154.05240215541568,2565.458684331604,5385.9938403019205,7079.574271240175,10813.045372060804,19067.416302940866,9591.181912187294
2020.8110882956878,138.6364780422048,2322.3943451767313,5629.873028714545,7149.913690025945,9730.990924638241,18599.658429314768,8966.661415801911
2020.813826146475,124.77234160138937,2197.344458367705,5702.805102700537,7224.154875256289,8935.221666835521,16943.43928094341,8069.974607207537
2020.8165639972622,112.29467521694801,2052.274047564505,5796.382129998568,7299.409106290215,8041.6930135596795,15696.462723923489,7455.623579392493
2020.8193018480492,101.06485137617703,1877.8470614268563,5923.9550449849885,7376.01670421965,7237.54967429706,14853.029116547725,7306.170180090424
2020.8220396988363,99.91113743861298,1801.7473939704334,5923.112077390866,7454.541019299049,127674.76256200229,13367.734346663105,6587.933223883274
2020.8247775496236,91.95282995574136,1701.08490623593,5953.865863953704,7532.8361670137365,114909.1401552388,43560.14516878291,6250.769130898821
2020.8275154004107,82.7849354473668,1594.9524050479304,5991.001219666807,7611.429343657284,103418.16711134324,71578.09954333793,6125.087969382833
2020.8302532511977,75.64528794681925,1497.4682325463202,6017.057075458098,7690.425931461073,93075.77685930113,93756.63155426101,6047.936747164051
2020.832991101985,73.89340070613281,1423.2766265664789,6014.213953226567,7769.640446913128,83769.60109647643,106203.02619863498,5843.695789340496
2020.8357289527721,89.88820483114071,1407.6277509022666,5935.345683720567,7848.590687958331,84666.60832315756,95583.19176574433,5259.325033399378
2020.8384668035592,95.09935367216393,1376.2928130982602,5884.477608614287,7926.010517331313,76200.43430738171,97367.1874366669,4859.192876959161
2020.8412046543463,85.85620702664687,1331.4090861038442,5862.672853366239,8002.370282887109,68580.20232598549,110403.7268004467,5665.0055954380605
2020.8439425051336,82.30500844080822,1308.2729712265395,5814.001141548393,8078.157208168099,61722.16452309239,108070.74277040346,10547.836193626748
2020.8466803559206,76.01545553364244,1310.9505755611224,5743.272853218129,8152.925369998427,55549.893977424814,97530.81540833876,14355.056494253215
2020.8494182067077,68.41399096066436,1325.0584851274727,5672.807681062124,8226.331209398708,49985.355200911195,87761.53213038518,18296.05889774124
2020.8521560574948,61.57332506133378,1358.7197259651698,5610.886226733043,8298.340500153125,44986.661994401,80007.37918722017,23831.578317283253
2020.854893908282,55.4328531239171,1377.2407120720948,5528.194997161284,8369.12699515224,40485.18844700197,72004.18933270653,22724.850189401055
2020.8576317590691,49.88921398205788,1396.9487557241916,5448.278129771954,8438.335369303371,36436.4102093205,64803.30922349998,22220.225361197263
2020.8603696098562,44.900181181464355,1430.7683099715412,5380.118327349959,8506.02158352595,32792.68782602856,58323.07074519341,25188.432674706495
2020.8631074606435,40.40996622223162,1475.180752923791,5320.2156609410695,8572.38657496343,29513.275281237566,52732.18816806864,28806.38622246052
2020.8658453114306,36.36889891602188,1510.1716437110076,5255.051810440074,8637.571031147243,26561.896129315297,47458.88185273952,29316.124603963075
2020.8685831622176,32.7312926730875,1534.1053372322192,5186.7217327134385,8701.492974893343,23905.163902809672,42712.024165602255,28239.88975917676
2020.8713210130047,35.723523507594734,1539.7279340725966,5115.929842547886,8764.09915375102,21514.54167976782,38440.63265469156,25481.033847352184
2020.874058863792,32.15225451125657,1537.3491070639266,5062.536185558073,8825.35406274646,19362.973909774642,34596.36641332608,23650.23663983594
2020.876796714579,31.090363120146996,1523.328218822981,5017.856484257979,8885.554441471968,17425.897869352582,31135.338537278287,21949.56002715753
2020.8795345653662,39.03634604694549,1506.4779792031975,4967.901611125392,8944.841471297537,15683.292495324195,28021.776833655724,19777.347223725643
2020.8822724161532,52.973157171700635,1498.0676147759161,4904.510951313337,9003.13358441212,14114.933837428165,25219.54660554532,17799.5758428962
2020.8850102669405,62.665040083833034,1494.1320350323156,4842.1060414315,9060.210346489344,12703.307334703033,22697.354097586238,16019.467563700544
2020.8877481177276,56.39856505898722,1488.8856498596776,4811.156554351858,9116.089647413282,11432.99798726349,20427.612855531763,15190.217448116355
2020.8904859685147,81.80205273861219,1488.8856498006276,4730.970612085125,9171.300002195541,137411.85201416793,18384.851473315648,13671.195675014804
2020.8932238193017,107.35679088627604,1488.8856503225077,4652.121106539729,9225.022669773174,123670.73834311438,16546.37126222916,12304.075451771461
2020.895961670089,96.62349761557768,1499.3866747041548,4606.593360711891,9277.283989540278,111303.661966992,31481.255227780275,11195.270800047758
2020.898699520876,122.46623796515225,1499.3874899678883,4529.8184478613775,9328.643634757631,100172.87673911858,28334.69874124437,10075.710685580641
2020.9014373716632,148.44175939278185,1499.3875825767034,4454.230094576092,9378.684274006466,90075.97110001164,25478.785947387285,9060.131457993133
2020.9041752224505,151.864162742364,1509.9164224939948,4392.164604641085,9427.2264206746,81068.37121919166,27786.11164612313,8154.118033495959
2020.9069130732375,141.5463895800361,1524.9274149204425,4340.524340690529,9474.601365361039,72961.36522332266,33274.473131821396,7347.662406017119
2020.9096509240246,142.34676712435902,1529.3064752910007,4289.388342777857,9520.985825358823,65665.06531696349,35190.291287787775,6612.879912563478
2020.9123887748117,157.22872961936204,1528.875007485664,4229.960795446465,9566.390778000548,59098.529281898875,32786.01436642868,5951.588950135609
2020.915126625599,183.8658658011651,1528.8750874950035,4159.460230488231,9610.682026767638,53187.97427453505,29507.100320573812,5356.359351388731
2020.917864476386,207.1388907577,1528.8434935754829,4093.652855691151,9653.6758705277,47869.1119787123,26556.354302419215,4949.829386729598
2020.9206023271731,217.98321045876583,1525.7136941866852,4044.5870366531185,9695.455069253469,43082.16654731909,23900.80811949593,6117.329952690313
2020.9233401779602,210.2992034586681,1529.1967559709533,4008.3684320487423,9736.302520995312,38773.663157510644,21612.874597678776,8070.401709949549
2020.9260780287475,189.2696930857583,1549.3917853015037,3985.4934502876285,9776.43395854059,34896.23756983965,20137.210619127924,10593.882893091479
2020.9288158795346,170.34037312344108,1582.4005387231243,3979.1346974889507,9816.074647863623,31406.180398819743,19242.6952780282,12583.373340588456
2020.9315537303216,153.30541648300903,1612.7284602538052,3958.850422756583,9855.500312058626,28265.440888001354,17720.06594019643,13386.303522487287
2020.934291581109,180.73464321696957,1612.728491455982,3892.869621726673,9894.47978612478,109215.69107745585,15948.058388341602,12047.675800163814
2020.937029431896,208.27070676509356,1612.728491455982,3827.9884587955357,9932.252785507795,98294.14088085576,14353.252135540535,10842.9079074244
2020.939767282683,235.8067705626957,1612.728491455982,3763.1072984334246,9970.025782072304,87372.57177311018,12758.446296706376,9638.140327408018
2020.9425051334701,263.34283436029784,1612.728491455982,3698.2261380713135,10007.798778636812,76451.00266536459,11163.640457872216,8433.372747391637
2020.9452429842574,290.8788981579,1612.728491455982,3633.344977709202,10045.571775201322,65529.433557619006,9568.834619038054,7228.605167375255
2020.9479808350445,318.4149619555021,1612.728491455982,3568.4638173470908,10083.344771765831,54607.86444987342,7974.028780203896,6023.837587358875
2020.9507186858316,345.95102575310426,1612.728491455982,3503.5826569849796,10121.11776833034,43686.295342127836,6379.222941369735,4819.070007342493
2020.9534565366187,373.4870895507064,1612.728491455982,3438.7014966228685,10158.89076489485,32764.72623438225,4784.417102535575,3614.3024273261117
2020.956194387406,401.02315334830854,1612.728491455982,3373.8203362607574,10196.663761459358,21843.157126636666,3189.6112637014153,2409.534847309731
2020.958932238193,428.9337277279566,1612.7284602788002,3312.8528222859154,10230.148632231729,14874.276869089028,2171.991062218599,1640.7942567814807
2020.96167008898,447.83790356594966,1593.4957882565448,3286.422803923233,10257.335046778668,13386.845839421065,1954.7914678753996,2630.5000017522425
2020.9644079397672,472.12803528552007,1589.7328043614705,3239.652072736838,10284.00653014056,12092.50190656174,1759.3098848926377,2493.787202054235
2020.9671457905545,500.73124739063036,1589.732762370628,3185.6579330848076,10309.825399678324,30000.81266144412,1583.3782387782376,2244.4091827886177
2020.9698836413415,529.4051915239361,1589.7327108146249,3132.5637381215984,10334.673602064222,67477.05667184888,1425.0417792882254,2019.9701188180861
2020.9726214921286,548.5374453692928,1579.8665929260842,3099.8302798628333,10358.568824366173,60729.35811564266,2639.8635861429243,2144.7625960518017
2020.975359342916,570.1406955554019,1574.7232887397586,3060.512547006434,10381.854511222788,54654.777439257596,3113.374229221013,2047.6056037937938
2020.978097193703,593.6803677737687,1571.842945081075,3017.715920308695,10404.419709360847,49189.22138211472,3225.1044257873436,1861.1752210599582
2020.98083504449,608.0245438466459,1566.4414623768994,2987.4110294489356,10426.209806851912,44270.23463149445,4372.666286271128,1846.9068261378227
2020.9835728952771,624.8391309604107,1566.0012215979468,2950.239320146485,10447.43506981955,39843.178491449224,4937.5396745747485,1705.5289145735649
2020.9863107460644,653.8892133066245,1566.0013480370878,2901.0692213885136,10467.982859792168,35858.70097273721,4443.882922461176,1534.971895763293
2020.9890485968515,682.940223086952,1566.0013480370878,2851.8985660527387,10488.530405347616,31874.38312359229,3950.128955003701,1364.4190043059366
2020.9917864476386,711.9912328672796,1566.0013480370878,2802.7279107169643,10509.077950903062,27890.06527444737,3456.3749875462263,1193.86611284858
2020.9945242984256,741.1797849191665,1566.0013480370878,2755.5595154699326,10527.485694098215,29590.85764913128,3083.2493951733604,1064.9838424260433
2020.997262149213,770.4501113900216,1566.0013480370878,2709.633522169313,10544.56926092798,95298.24918561743,2774.924390338991,958.4854356221147
2021.0,799.7672418042538,1566.001347940444,2664.472959233988,10560.840593545712,85768.4628287701,2497.4318159150766,862.6368370948373
2021.002737850787,819.9762326872046,1559.6016370929228,2635.6175052504673,10576.314667493803,77191.61518379401,4639.4065304791775,1206.365948144701
2021.0054757015744,835.9785784547192,1557.5955718369207,2607.097827258488,10591.265964974269,69471.56269532001,6203.683325727062,1450.01424060556
2021.0082135523614,863.79612782482,1557.7274139914439,2565.1418265664406,10605.700474141688,62524.338030444145,5583.330949899388,1305.0153216699116
2021.0109514031485,893.2712684371414,1557.7280579867731,2522.3856809364006,10619.408735164081,56260.04594359861,5023.95678088586,1174.2687216939476
2021.0136892539356,915.9954168627263,1557.8151942168026,2487.0566921495515,10632.35433929532,50633.9467454553,4982.001116557475,1128.5839450569297
2021.0164271047229,931.4062436719705,1558.7073363665024,2458.8603999153825,10644.67556257054,45570.537361437484,5627.906463667378,1212.889246650916
2021.01916495551,943.6560494379686,1562.3586996320614,2431.5689761903877,10656.493717263987,41012.83752886996,6149.0946237624075,1300.6216279311627
2021.021902806297,972.0383679885696,1562.7703102905684,2391.872599923201,10667.824064322065,36911.48768584417,5534.178144675218,1170.5576956907794
2021.024640657084,1001.6694935911306,1562.778216979666,2351.9906036943516,10678.494928259255,33200.65911091762,4977.809731578418,1052.8778308612252
2021.0273785078714,1031.3243088358486,1562.778216979666,2312.1260603622986,10689.13255634659,29509.51034233321,4424.391917110896,935.8220612921472
2021.0301163586585,1060.9791240805666,1562.778216979666,2272.261517030245,10699.770184433926,25818.361573748793,3870.9741026433744,818.7662917230692
2021.0328542094455,1090.7200037456462,1562.778196186303,2234.3585269122977,10708.360215680143,32253.117384982175,3481.2037249339364,736.326191130944
2021.0355920602328,1113.0732607212994,1559.3884166973598,2207.921613578014,10716.261551527718,29027.805901163563,3259.782318571076,937.4905024771657
2021.03832991102,1142.8531981912517,1559.3853922715953,2171.1315733621504,10723.702578699393,26123.66175094778,2933.85796276782,844.0847915905856
2021.041067761807,1172.6550784344015,1559.3853908115666,2134.7654113163976,10730.694761962019,23425.730696777686,2630.869588171672,756.9246924997841
2021.043805612594,1195.8032617071913,1557.9263161864208,2107.323930019982,10736.87503461079,21083.152078902338,2396.9549873087635,816.5487908777753
2021.0465434633813,1197.154785657415,1552.034583479939,2106.5860532971187,10742.581020089916,18974.828986182853,2658.2861835580456,1329.4168399528392
2021.0492813141684,1219.70393247481,1553.9093756050654,2076.911971861304,10748.259062583205,17078.03459214656,2392.48291148092,1200.8105087996241
2021.0520191649555,1249.5789651026153,1553.9094187118487,2042.2968404320202,10753.427018277911,100290.4997733131,2153.2324701102766,1080.728417555371
2021.0547570157426,1279.4683086236062,1553.9094187118487,2008.2585448981702,10758.003870290773,90263.70447821454,1937.9086068498275,972.6552664983383
2021.0574948665299,1309.3579781091926,1553.9094187118487,1974.2349950404464,10762.565650662911,80260.69038939645,1723.144476479072,864.8630508480903
2021.060232717317,1339.2722397902012,1553.9094187118487,1941.325654080002,10765.988629942347,72225.05266391336,1550.6245896879173,778.2736338497897
2021.062970568104,1369.1867736046513,1553.9094187118487,1908.4306613705432,10769.396988837354,64212.05754639622,1378.5908305828216,691.9282090874306
2021.065708418891,1399.1198568634998,1553.9094187118487,1876.622663426142,10771.69980352291,57789.652940890235,1240.7060089813203,622.7224697523357
2021.0684462696784,1429.0529540931911,1553.9094187118487,1844.8154857366328,10774.001783982727,51368.44718625061,1102.8469259230383,553.5296488435926
2021.0711841204654,1458.9861435505159,1553.9094187118487,1813.016058964023,10776.295921298013,44956.63067771044,965.1894238305963,484.43800339139955
2021.0739219712525,1488.9380187096165,1553.9094187118487,1782.788731490759,10776.999273612175,40448.3939838713,868.4005339288461,435.8587137547745
2021.0766598220398,1518.8900171241314,1553.9094187118487,1752.5717971746917,10777.692109513728,35952.730916100256,771.8815915457865,387.41491341563454
2021.0793976728269,1548.8420155386466,1553.9094187118487,1722.3548628586248,10778.384945415279,31457.067848329214,675.3626491627269,338.9711130764946
2021.082135523614,1578.7970951014165,1553.9094077465752,1692.9535125108516,10778.259127165555,27690.036529383353,594.487146799269,298.3793302487313
2021.084873374401,1604.7279632998213,1547.7732248006237,1674.9003116119052,10776.945542812051,24921.032236363586,605.1855161677453,543.257405276111
2021.0876112251883,1621.858728517111,1544.594984729493,1662.98652356954,10775.334705708256,22428.895572661906,673.4383487692442,902.3631338746637
2021.0903490759754,1646.0557705697993,1546.4352617378363,1639.1821186595232,10773.529691557236,20185.99480091608,608.0924013213646,859.5075742751906
2021.0930869267625,1666.296445533107,1549.9000596296144,1618.1009955426211,10771.333241819044,18167.1846599416,576.0128698569272,880.0204640322402
2021.0958247775495,1636.2126013144582,1575.8874941721347,1625.1674522677563,10768.791094770035,16350.463237257072,838.0959478220267,1584.5702071914188
2021.0985626283368,1572.669582645701,1642.345003721215,1625.0983180736616,10766.373638083805,14715.353348563976,1004.9473617180247,1982.239384444797
2021.101300479124,1602.5932705921682,1642.3458230593212,1598.0136531248017,10763.961695748094,13243.811239315402,904.4568435480472,1784.0232863420044
2021.104038329911,1632.51808466911,1642.3458230593212,1570.9286811569073,10761.549753639045,11772.275904459004,803.9621073762448,1585.7993478975247
2021.1067761806983,1662.442898746052,1642.3458230593212,1543.843709189013,10759.137811529998,10300.740569602607,703.4673712044423,1387.575409453045
2021.1095140314853,1692.3534396550017,1642.3458230593212,1517.7337759081975,10755.765103901856,9147.074746336237,624.6788243676841,1232.1665474251183
2021.1122518822724,1722.249166964201,1642.345836041921,1492.4382214088048,10751.59281810946,15420.418431554202,562.2109650217197,1108.9499244904537
2021.1149897330595,1699.9872363033257,1662.6394579451267,1499.416876728305,10747.01037154763,13878.379281981997,873.3195402896846,1154.6033906389928
2021.1177275838468,1693.9329633647642,1672.2209200474729,1500.771191145946,10742.556767966202,12490.516429744075,979.2784826910801,1099.9715663320037
2021.1204654346338,1709.8260157457119,1675.3898600691793,1486.5559116946968,10738.13795501479,11241.473361372246,912.6913008078324,989.9738920169019
2021.123203285421,1739.673441908158,1675.389866471847,1461.7799999873362,10733.494334157036,29446.66257118445,821.4221449423683,890.9763402857295
2021.125941136208,1769.5080760841713,1675.3897656999532,1437.4171991925048,10728.450501547748,26502.009260031526,739.2816275193353,801.8786769906546
2021.1286789869953,1792.9269469285741,1668.3049525496572,1426.9471013662821,10723.014441679863,23851.806918883758,770.4922460385621,721.6917942223337
2021.1314168377824,1777.0668259609185,1617.8019845041124,1499.33375697571,10717.418775083634,21466.62046134765,1704.7159985336552,746.1431905089802
2021.1341546885694,1753.5387231282202,1572.649610402097,1572.8164926783263,10713.044416315728,19319.867918992866,2553.8341518999414,793.0580021952576
2021.1368925393565,1706.2476197860194,1527.9718830631662,1668.351033054469,10709.90660662071,17387.77501536546,3490.9989686942854,996.1331457784399
2021.1396303901438,1713.1862325851484,1523.9598476479546,1667.3888473604304,10708.370114930829,15648.981539012726,3245.58305270592,902.2742068741095
2021.1423682409309,1742.9411316632168,1523.9584114695867,1639.6113620279311,10706.822037363632,14082.486372738706,2920.8521737618507,811.9620928190217
2021.145106091718,1746.1093287955357,1514.6056364791048,1648.2305211230753,10704.815356126643,12674.162013819414,2801.678227858957,758.3731079757513
2021.1478439425052,1720.182796091038,1495.5117689394174,1695.5365799834472,10702.957597510454,11406.740098036766,2777.465755867351,1082.431635716793
2021.1505817932923,1677.0850436903304,1504.8910122671323,1730.7479170821284,10701.892669484763,10265.975716036695,2704.7210114970258,1284.848181424156
2021.1533196440794,1706.8331087819881,1504.8910271538555,1701.9022031570569,10701.418203431453,15127.71056765338,2434.2490528726744,1156.3640864757415
2021.1560574948664,1736.579962764637,1504.8910271538555,1673.5371661967574,10700.464286409098,13614.939754622192,2190.824134025861,1040.7276713868864
2021.1587953456537,1766.326816746641,1504.8910271538555,1645.1721294774732,10699.51036914638,12102.168697856854,1947.3992287385934,925.0912627393122
2021.1615331964408,1796.06846582966,1504.8910271538555,1617.7486064008897,10697.620143139944,10890.675826949575,1752.453980356651,832.484598769596
2021.1642710472279,1825.807450133918,1504.8910271538555,1590.5623117839077,10695.495353452665,9742.282448398519,1567.6622760352852,744.7012677650274
2021.167008898015,1855.543753903512,1504.8910271538555,1563.6110874651035,10693.138174001884,8656.077680496688,1392.8757916440356,661.6708099271651
2021.1697467488023,1885.267922895726,1504.8910271538555,1537.5509011192398,10689.902091355547,12168.867860278431,1253.5881519802383,595.5037001948559
2021.1724845995893,1914.9832259474776,1504.8910271538555,1511.9250497429657,10686.240539680068,10951.98352020629,1128.2292397962192,535.9532841032061
2021.1752224503764,1944.6942576596116,1504.8910271538555,1486.4810510862073,10682.401406624698,9786.922075822982,1008.2079596462283,478.93845326060426
2021.1779603011637,1974.3889968158846,1504.8910087381325,1461.7063990368597,10677.90923793349,15417.512960846421,907.3871551823013,431.0446038970403
2021.1806981519508,2002.0311854739232,1501.9809656506486,1442.2949256499683,10673.016465749832,13875.762165703083,816.6484306942692,387.94013924632736
2021.1834360027378,2031.6842554938446,1501.959411516877,1418.285825784818,10667.821949728836,12484.021736365652,734.7385056335272,349.0297017319784
2021.186173853525,2061.353296495899,1501.959411516877,1394.247577023985,10662.619057487615,11096.445519795343,653.0736625641002,310.23568780734564
2021.1889117043122,2091.0223374979532,1501.959411516877,1370.2093282631522,10657.416165246392,9708.869303225034,571.4088194946733,271.4416738827129
2021.1916495550993,2120.691378500008,1501.959411516877,1346.1710795023193,10652.21327300517,8321.293086654727,489.7439764252464,232.64765995808017
2021.1943874058863,2150.360419502062,1501.959411516877,1322.1328307414867,10647.01038076395,6933.716870084418,408.07913335581947,193.85364603344743
2021.1971252566734,2180.0294605041163,1501.959411516877,1298.0945819806539,10641.807488522727,5546.1406535141095,326.41429028639254,155.0596321088147
2021.1998631074607,2209.6378156501933,1501.9593312429934,1275.7610966765715,10634.960598954613,4749.369020427842,279.5211316195381,132.78371955789294
2021.2026009582478,2234.777733012901,1491.617579691129,1269.2650236093232,10627.08640621102,4274.431968461566,260.87614381697625,176.25835306789435
2021.2053388090349,2258.041333918485,1483.6824715987248,1262.325248953092,10619.125588054072,3846.9504207884297,234.78702386585903,226.27763092732005
2021.208076659822,2285.9480612429893,1482.7246153933054,1243.8590171953877,10611.070848692689,3462.4137963469248,211.30828669896923,203.67569163656023
2021.2108145106092,2315.4473718306353,1482.7246051354657,1223.1280172741708,10602.730448284103,17499.01236389189,190.17710503611448,183.30778266223436
2021.2135523613963,2343.8380681629887,1482.0849044884424,1204.4680306678388,10594.067339205107,15749.113463844797,205.55016959239862,164.97705247944265
2021.2162902121834,2363.122599498615,1476.3770494716412,1200.2696254549899,10585.116968099132,14174.199838334938,596.6870510318037,212.4437288060624
2021.2190280629707,2387.1843555705777,1476.0707719621957,1185.9378707479523,10576.12114424365,12756.7699879371,656.268347840248,203.23253933864885
2021.2217659137577,2416.587914693073,1476.070772258158,1166.1722377401413,10566.911117832997,11481.08188744773,590.6423692438996,182.90924388391193
2021.2245037645448,2445.991489060864,1476.070772258158,1146.4066065610086,10557.701074644337,10205.40488865402,525.0155344598747,162.58598995004706
2021.2272416153319,2475.3447822918565,1476.070772258158,1127.2974170470686,10547.884870927282,10899.072784459826,472.4659159728921,146.31250610791153
2021.2299794661192,2504.6709971974337,1476.070772258158,1108.509124504577,10537.774848564197,9809.165997889537,425.2192871129571,131.68124395768237
2021.2327173169062,2533.997211912303,1476.070772258158,1089.720834220459,10527.664824133446,8719.258719443553,377.97269551566785,117.04999334689123
2021.2354551676933,2563.3234266271725,1476.070772258158,1070.9325439363413,10517.554799702693,7629.3514409975705,330.72610391837867,102.41874273610007
2021.2381930184804,2592.6168424398697,1476.070772258158,1052.5150504928479,10507.106777333482,7223.398268941233,289.0741323317821,89.52002530243843
2021.2409308692677,2621.8313369382277,1476.070772258158,1034.9731266806982,10495.86210664727,6501.0576083494925,260.1666335588055,80.56799628236354
2021.2436687200548,2651.04583084873,1476.070772258158,1017.431209172484,10484.617430244982,5778.71778145537,231.25922032562727,71.61599375211969
2021.2464065708418,2680.260324759233,1476.070772258158,999.8892916642699,10473.372753842694,5056.377954561246,202.35180709244904,62.663991221875854
2021.2491444216291,2709.4075266902396,1476.0707605166276,982.9859339686494,10461.556821348828,4840.385468988221,179.75799227930727,55.667259345872154
2021.2518822724162,2736.1872097515416,1471.9489261259002,973.0346854876897,10449.27812115921,4356.346885582955,180.75588492536076,89.2815462321949
2021.2546201232033,2758.8980971229303,1468.422999191917,966.6885121652201,10436.867234044279,3920.702179356753,190.99160212369625,145.27278499190774
2021.2573579739903,2776.024982424845,1470.0461142697077,960.8490733913424,10424.384572438452,3528.6215845244683,201.7177692923425,192.4025399809251
2021.2600958247776,2796.8703005128546,1473.412263551674,949.6112973400801,10411.83878111974,3405.947502802666,189.4368396661877,192.3337889600551
2021.2628336755647,2824.4836960963535,1474.0557552838816,934.4808399472694,10399.140251196844,3479.0843621287895,170.49064710070286,173.09892079920022
2021.2655715263518,2842.6641583189326,1479.3608363589478,924.3392993010378,10386.224148545436,3131.1838055424737,177.45598450250623,181.6994498778431
2021.2683093771388,2849.621988026083,1491.8750010310314,918.3449506957377,10373.174402771501,2818.063377803133,208.48697356182393,215.1599823456989
2021.2710472279261,2864.580452735476,1501.2197844919947,907.5834866135269,10360.060518683353,2536.2459939195915,204.42918109652047,209.0032039025494
2021.2737850787132,2880.045041548319,1510.577675979521,896.4459921166448,10346.80343287986,2282.594368154594,196.67299601436278,200.8907407266075
2021.2765229295003,2908.820341168617,1510.5776812664303,881.5052269034275,10333.396793185868,10292.891652352722,177.00569730979947,180.80166622378195
2021.2792607802876,2929.5585940572128,1515.5750206499858,869.8164564615538,10319.777871355585,9263.605341341052,272.1118009245763,165.56748122112734
2021.2819986310747,2954.506196291311,1516.8344016979306,857.8137354007237,10306.001509134372,8337.247728780378,283.88914247406814,149.01044379937778
2021.2847364818617,2983.1696971277734,1516.8344053232615,843.5168510393257,10292.062789033973,23948.72724514426,255.50048232245118,134.10934961033317
2021.2874743326488,3011.7950294744587,1516.8344053232615,829.4582365560635,10277.923971170552,21553.856481383707,229.950430524679,120.69841277776892
2021.290212183436,3040.420361773182,1516.8344053232615,815.3996223720748,10263.785153055816,19158.98375686928,204.4003822924339,107.28747781673562
2021.2929500342232,3069.045694071905,1516.8344053232615,801.341008188086,10249.646334941082,16764.111032354853,178.8503340601888,93.8765428557023
2021.2956878850102,3097.671026370628,1516.8344053232615,787.2823940040972,10235.507516826348,14369.238307840427,153.30028582794367,80.46560789466898
2021.2984257357973,3126.2963586693513,1516.8344053232615,773.2237798201085,10221.368698711614,11974.365583326002,127.75023759569855,67.05467293363566
2021.3011635865846,3154.763300364217,1516.8344053232615,760.1232426857808,10206.430194151075,10558.738257558716,112.64741343021815,59.127369205280786
2021.3039014373717,3183.1625445772243,1516.8343996264744,747.409051625326,10191.173046695301,9473.377900897509,101.06816905852776,53.049529624252486
2021.3066392881587,3210.7287516824626,1515.2739048612973,737.2954412208757,10175.70884475969,8661.751383752911,109.40901365721209,52.48072533101226
2021.3093771389458,3237.8050979342356,1513.1258857473138,728.385386413741,10160.118472429029,7795.567519426398,120.18377627290934,62.02263526192068
2021.3121149897331,3262.187310774453,1508.8847426523687,724.3683989903578,10144.422290107139,7016.008918442924,124.75704239802894,137.5924553010009
2021.3148528405202,3277.604347521278,1510.7949532631737,723.1891789249219,10128.702162814932,6314.488473948925,137.76311081620113,226.93758093812428
2021.3175906913073,3305.7821063802976,1510.7949552707955,711.1360342763137,10113.00544659691,31603.888419221195,123.98684167295586,204.2440009939095
2021.3203285420946,3333.91687082435,1510.7949552707955,699.2837660723503,10097.15085035682,28443.577492651508,111.58815088088723,183.81958998156279
2021.3230663928816,3362.0095359745646,1510.7949552707955,687.6229511290069,10081.14690014995,25589.48383479649,100.3911393864985,165.37470989645072
2021.3258042436687,3390.060079061061,1510.7949552707955,676.1489940792409,10064.998214113217,23010.600489885728,90.27381778578753,148.7084071243986
2021.3285420944558,3418.0681341191903,1510.7949552707955,664.8590214303839,10048.708031703945,20681.4597517756,81.13627151947689,133.65609202775624
2021.331279945243,3446.033343136422,1510.7949552707955,653.7502028563304,10032.279541260765,18578.859471050364,72.88747528741987,120.0678182796168
2021.3340177960301,3473.955355822118,1510.7949552707955,642.8197497285165,10015.715881702883,16681.661793172436,65.4445023171388,107.80698028883995
2021.3367556468172,3501.8338294929513,1510.7949552707955,632.0649145277765,9999.020143232787,14970.617559354987,58.731835454978565,96.74917835786036
2021.3394934976043,3529.668422763407,1510.7949532579082,621.48299847467,9982.195368028324,13428.205018889168,52.68087913525017,86.78118026735831
2021.3422313483916,3555.2148652803553,1508.6852456797901,615.4645937370867,9965.204937827073,12085.384180118757,88.71940131607606,88.83222519266295
2021.3449691991786,3578.785175300339,1503.4987492361988,614.5528598178242,9948.160758169954,10876.824653646032,107.88365707877547,138.781066063172
2021.3477070499657,3606.467821418977,1503.4981667266989,604.3113990579567,9931.148055320682,10126.705652090728,97.10015751666562,124.91219725950984
2021.350444900753,3634.104467361385,1503.4981667266989,594.239098804676,9914.011609631552,9938.582028455894,87.38733928272029,112.41737320651973
2021.35318275154,3661.6940431462467,1503.4981667266989,584.3351133166454,9896.753919334713,21077.8355171295,78.64860241546621,101.17563210508415
2021.3559206023272,3689.236337962848,1503.4981667266989,574.5961929562527,9879.378444878505,18970.128194616533,70.7837326175089,91.05805660095749
2021.3586584531142,3716.743856355469,1503.4981667266989,564.97584969794,9861.919169744197,17016.317781052527,63.49342021331593,81.67960684998381
2021.3613963039015,3744.216977760725,1503.4981667266989,555.4715456097377,9844.378252427141,15207.405012617257,56.74377735977086,72.99668863888164
2021.3641341546886,3771.6556011652965,1503.4981665284683,546.0824178573308,9826.756656973197,13536.760590203397,50.510077150466785,64.9774729873706
2021.3668720054757,3797.6059746067813,1503.0552380109361,538.8241198985414,9808.935410008025,12183.083941575285,74.22528494804838,64.72634966944511
2021.3696098562627,3821.193034424596,1502.0691821576768,534.5444086466521,9791.04201729535,10964.773797074511,136.64260669681855,78.93105884655132
2021.37234770705,3844.2300947977965,1500.6085701477691,531.3115416395689,9773.126335939141,9868.19910528541,175.70279783310923,86.78826382723688
2021.375085557837,3866.6566687777913,1498.6008318735248,529.2410798571117,9755.205862015844,8880.869257357068,202.4196138894101,92.59628628764615
2021.3778234086242,3893.811154117469,1498.6008288628852,520.4204050190515,9737.29995452486,7995.604590933194,182.17787044745845,83.33671302204588
2021.3805612594113,3920.9165865029327,1498.6008286121173,511.74673352265535,9719.296093886558,26405.853067321976,163.96008202476912,75.00304903663917
2021.3832991101985,3946.4997991461332,1498.3044769548476,504.98686846038186,9701.196997962898,23765.274088920578,193.2315454480325,74.57544082084597
2021.3860369609856,3967.870844842813,1497.8164096602518,502.69396331350964,9683.034824707685,21388.74312459296,351.4248254137223,102.65653355242613
2021.3887748117727,3982.212304317951,1501.4969249311428,503.2505186676127,9664.884194607552,19249.86287128935,569.699277607003,143.58797278835976
2021.39151266256,3986.2853048507804,1513.9789188868697,505.2150505799046,9646.792568206702,17324.875621518822,797.4144460923312,186.80942199219777
2021.394250513347,3971.2965663199698,1542.0327714847078,510.5871578562622,9628.78324686331,15592.379858827037,1074.3763804885646,241.75430739960998
2021.3969883641341,3973.308318470606,1559.761264554003,509.14526411627105,9610.912795383372,14033.130182978803,1071.6538527067817,236.20879405026895
2021.3997262149212,3988.6132959418132,1567.3394544212426,504.53551531185667,9593.067276849337,12629.785868998093,970.6983868211198,212.58773756313823
2021.4024640657085,3998.49892710058,1577.3026972493474,502.9879820032178,9575.193836171105,11366.837021860507,918.420609959766,198.98942807444215
2021.4052019164956,4015.581344562931,1582.77259265207,498.7138445004291,9557.343560808817,18434.64239150704,826.578614918621,189.04333733994056
2021.4079397672826,4023.994699703186,1593.5559309892176,497.8176524497984,9539.470959382043,16591.644963324987,840.9847088653011,229.96912035830624
2021.4106776180697,4031.7122419240686,1606.4101679369016,495.5123570249532,9521.632375638326,14932.438532510027,818.4172016295778,246.70884409782508
2021.413415468857,4031.8570781471467,1623.481632726883,496.5520842328826,9503.804247417338,13439.139719196208,817.6040237162229,270.5933042541304
2021.416153319644,4006.7567865397614,1651.912810240332,511.41105458747165,9486.042291156687,12095.215648144584,893.5070686241424,333.25333418865995
2021.4188911704312,4009.8256949882475,1663.7516068773637,514.396905043036,9468.576635615607,10885.686756023317,822.4335077171329,313.11861001570827
2021.4216290212185,4020.481118366685,1668.7960242184076,516.4930286525514,9451.208571286612,9924.645732772815,740.1888587116274,284.0397767880299
2021.4243668720055,4029.806123702807,1671.6662019593714,522.011400982651,9433.922915879437,8932.01471265218,672.8722270224525,261.1594450289273
2021.4271047227926,4033.056043115786,1675.1480968408505,532.8537023070991,9416.77670026053,8038.783688331448,634.1294210294434,250.10680535357196
2021.4298425735797,4029.2284117910185,1680.7167109284164,548.4592058644091,9399.858113940425,7234.868779615609,595.7501601680679,272.41038628291045
2021.432580424367,4025.8759342008084,1689.330226230186,560.2384311006322,9383.245750992646,6511.299584724556,550.2982819199261,283.5542406223983
2021.435318275154,4043.1363172907418,1691.6579609176322,557.4485376601667,9366.87542665573,5860.1370383244885,495.2685813269535,255.20383535154085
2021.438056125941,4067.012588857892,1691.8134714810565,550.2165095689769,9350.503572616342,5273.751867552359,445.71033054954313,229.67687598052194
2021.4407939767282,4079.7845107027406,1690.2737331525193,555.8595644630924,9334.056234205918,4746.218277103119,401.1259100312236,213.47397191537965
2021.4435318275155,4102.29495482373,1688.9020901318745,551.4572864573661,9317.747611111294,4271.523502535926,361.00715682474834,192.12453261682361
2021.4462696783025,4109.619412794466,1676.9111083847145,572.8888246793375,9301.410496665747,3844.385243510343,328.1136853289498,190.80852712957758
2021.4490075290896,4135.28714014031,1676.7821905783092,563.7132965606049,9285.47511524505,4179.884806177332,295.3011498204686,171.72967849715724
2021.4517453798767,4161.154697998523,1676.7821905781343,554.3180749215774,9269.430679026049,61486.684561702416,265.7710341893232,154.55671027002325
2021.454483230664,4186.978397808536,1676.7821905781343,545.079086538708,9253.273867598906,55481.281793014845,239.1872585830199,139.09715909357766
2021.457221081451,4212.770374080301,1676.7821905781343,535.9504614549362,9237.038416410915,49761.654689437695,214.50936816985438,124.7459579918579
2021.4599589322381,4238.549709333996,1676.7821905781343,526.8658100126244,9220.771632599532,44213.52651013621,190.59064231155241,110.83624208250014
2021.4626967830254,4264.329044587692,1676.7821905781343,517.7811585703126,9204.504848788147,38665.39833083472,166.67191645325042,96.92652617314238
2021.4654346338125,4290.108379841387,1676.7821905781343,508.6965071280008,9188.238064976764,33117.270151533245,142.75319059494842,83.0168102637846
2021.4681724845996,4315.887715095083,1676.7821905781343,499.61185568568897,9171.97128116538,27569.14197223176,118.83446473664642,69.10709435442683
2021.4709103353866,4341.667050348779,1676.7821905781343,490.5272042433772,9155.704497353996,22021.013792930273,94.91573887834443,55.19737844506907
2021.473648186174,4367.446385602475,1676.7821905781343,481.4425528010654,9139.437713542613,16472.885613628787,70.99701302004244,41.287662535711306
2021.476386036961,4392.926433239691,1676.78219048146,473.3756878215014,9122.452430981632,25392.625612859207,63.21823601675542,36.763986028903844
2021.479123887748,4418.3439561674095,1676.771351932379,465.50032879709215,9105.349005627391,22853.365158002245,56.89643090498241,33.087615811505636
2021.4818617385351,4440.979478649506,1668.0300689237497,469.2218113160949,9088.16118363492,20568.02607428019,123.0044359971046,151.63575457903735
2021.4845995893224,4458.684816719747,1669.3809443955054,467.67221242113953,9071.082468987875,18511.209993347657,146.97180549038984,192.26743074482184
2021.4873374401095,4479.642282744172,1671.1935078375634,462.38783956970445,9054.024712372828,16659.963886094516,141.56933457721001,186.20858741154785
2021.4900752908966,4501.899731097015,1672.5939779595767,456.25688674277734,9036.9256467249,14993.896472019424,130.7907141736935,171.20098506266734
2021.4928131416839,4527.086222245438,1672.594037250149,448.6526454893013,9019.77123753938,26202.276827917656,117.71163504359009,154.080715042234
2021.495550992471,4552.225824284273,1672.594037250149,441.17510134878074,9002.537079641066,23582.04957876731,105.94047103321668,138.6726428756472
2021.498288843258,4577.329943492076,1672.594037250149,433.79121174065153,8985.244750041395,21158.728279692506,95.05389390897923,124.42246627208796
2021.501026694045,4602.398972654995,1672.594037250149,426.49896303982257,8967.895869579304,18919.99049285698,84.99654351684114,111.25772058422969
2021.5037645448324,4627.432835835322,1672.594037250149,419.29760918607076,8950.491260252731,16856.614475566817,75.72699184779435,99.12417789103131
2021.5065023956195,4652.430313560197,1672.594037250149,412.18929313540707,8933.029998578519,14964.615426281121,67.22733749611025,87.99840583260834
2021.5092402464065,4677.334561245791,1672.594037250149,405.3137468549325,8915.429197173404,13458.677666878857,60.461951242629205,79.14273450422026
2021.5119780971936,4702.188295714362,1672.594037250149,398.55851524155844,8897.75859431821,13387.087028024052,54.415741363872584,71.22844174064414
2021.514715947981,4726.9936171140425,1672.594037250149,391.9158719410297,8880.02381621906,12048.378237482357,48.97415981742158,64.10558786704645
2021.517453798768,4751.763106237246,1672.594037250149,385.3548739681465,8862.24322506874,10808.393008768608,43.93387671505002,57.508020649998876
2021.520191649555,4776.481741402149,1672.5940144713413,378.90846547084396,8844.398921179953,9700.492068395262,39.43056985286332,51.613342555081395
2021.5229295003423,4798.557972717609,1668.2152862389303,379.55495115806605,8826.482832409685,8730.442748823218,47.896154343300594,66.86067220000417
2021.5256673511294,4820.999359189546,1666.325086009497,377.2879009009059,8808.626596424341,7857.386981706155,49.12715511546339,69.37960090219966
2021.5284052019165,4841.550631282842,1663.8510944130078,377.48361304803086,8790.78150378041,7071.843874870021,55.728745852396244,79.05857237123897
2021.5311430527036,4866.062893571069,1663.851107209718,371.1921829507749,8772.988558792717,12562.661093801278,50.15586536942396,71.15272835922786
2021.5338809034909,4890.526371194671,1663.851105828031,365.0056552996209,8755.139510201945,11306.396152135549,45.14034738821606,64.03747492505755
2021.536618754278,4910.2889140365505,1662.7124948067244,364.71287940238784,8737.236254278603,10175.756356296639,80.54771951063873,72.18904307732159
2021.539356605065,4930.855079127678,1662.7325166762946,362.4136928881362,8719.377153832158,9158.142675275365,94.83344954269192,72.86524402818588
2021.542094455852,4952.198967535703,1663.0657994440044,359.0128999348961,8701.528675609663,8242.3101234763,98.43391769298297,69.47314401784992
2021.5448323066394,4969.240312455178,1664.2393577741454,359.08215252345536,8683.672419771485,7418.07416340257,125.39163833568618,77.38083154017785
2021.5475701574264,4981.654255099697,1668.0641164274514,361.0775702647194,8665.866200732398,6676.203805628648,161.57717990792324,89.42455380085573
2021.5503080082135,5000.958884477593,1669.8317917878867,358.1573153012353,8648.142050957551,6008.578990532908,153.75618198645017,82.78318971518301
2021.5530458590006,5023.953476507923,1670.0668545227072,353.0798117758691,8630.417799717769,5747.368159347197,138.38105171420938,74.5048585143928
2021.5557837097879,5042.009578989156,1670.3196167070685,352.95915818837074,8612.657488639672,5172.6640492738825,134.5116453295192,76.39508638189683
2021.558521560575,5066.033789345267,1670.319616806634,347.0765179517287,8594.943818420637,11185.91821227271,121.06048472069011,68.75560626471622
2021.561259411362,5085.632096418713,1670.553167965609,345.4357419825475,8577.180636157398,10067.331098031384,138.81258942679958,68.9450363572672
2021.5639972621493,5094.937188463584,1671.255107514587,353.5984737798679,8559.438772766227,9060.59417396213,226.0733093969262,92.9282264601853
2021.5667351129364,5102.538171605676,1675.2625432973582,359.97520661178737,8541.881521009447,8154.511603155281,273.81263165843785,103.50406477309583
2021.5694729637235,5108.171186528443,1681.3418572304288,366.0936809131617,8524.47861785224,7339.016537000789,307.30850630237757,109.84389640954728
2021.5722108145105,5107.5682818361865,1689.8953163302901,375.8243937407783,8507.225250617017,6605.009907253471,347.46469816689586,118.68966050441468
2021.5749486652978,5107.8548794631715,1697.2927967815695,385.6120097349643,8490.181456544567,5944.485251441013,365.18128309487923,119.85882119973392
2021.577686516085,5131.546336724819,1697.2920712140456,379.1833116891449,8473.347322896265,5349.964522240852,328.6588941672231,107.87162479769327
2021.580424366872,5155.23500783864,1697.2920712140456,372.7564448602288,8456.513418611361,4755.515997096751,292.1407658577352,95.88574267771989
2021.583162217659,5178.84469597009,1697.2920712140456,366.5130410348168,8439.575034305324,4262.874839860346,261.8768470522867,85.9525932218193
2021.5859000684463,5202.441125884093,1697.2920712140456,360.3004336204797,8422.619111805658,3787.3232401506702,232.66277046651314,76.36401895404731
2021.5886379192334,5225.953048725292,1697.2920821816606,354.27662139806404,8405.558890219254,3399.781433329713,208.85530947279258,68.54999097308138
2021.5913757700205,5249.23961613866,1697.266628726407,348.56732052748,8388.434977131717,3059.5411698564467,187.95180764960023,61.68909351780617
2021.5941136208078,5272.649526665605,1697.2666261541492,342.7578698237864,8371.26241988072,5756.820137831504,169.15658169537846,55.52017468389274
2021.5968514715948,5290.350099509252,1692.3947767958994,347.5793804277827,8354.040085791325,5181.139645663284,168.12278660012336,58.20614527435521
2021.599589322382,5305.070038357293,1684.6979027686239,358.0790116325395,8336.945289765801,4663.023585715854,175.09082810681048,64.04686809353788
2021.602327173169,5318.44289074935,1676.8485334491481,369.85661345571054,8320.072104870042,4196.669276638429,180.48172629929658,68.43340143616354
2021.6050650239563,5330.357183569211,1670.0393994033057,381.81093078594677,8303.440528765785,3776.7841143643086,185.35971065036995,70.62254765075902
2021.6078028747434,5340.37461680994,1664.881456544837,393.76517122527497,8287.054697944195,3399.0723938484352,191.8959413088836,72.89921825507777
2021.6105407255304,5346.480509873534,1661.36269901672,407.7475070758779,8270.913126558115,3059.155201039915,204.069297791103,76.22964318482714
2021.6132785763175,5366.772598274153,1661.2688056430384,403.8414718583187,8255.048866748737,4210.736768453192,183.6630024421805,68.60686741459462
2021.6160164271048,5389.817065941157,1661.268805767651,397.1107849228937,8239.162985892553,20529.515350593934,165.29668485959877,61.74617419638583
2021.6187542778919,5412.818015355985,1661.268805767651,390.4922714840937,8223.208449916523,18476.56910644491,148.7670105327194,55.57155459488601
2021.621492128679,5435.793385740865,1661.2688062374327,383.93828172133965,8207.214968824625,16543.66979747173,133.20428879742124,49.75801668744037
2021.624229979466,5456.68153981738,1661.0452631107466,379.7881194817558,8191.128420114379,14889.301664522605,156.16230988335903,44.7822501289685
2021.6269678302533,5472.998192949337,1658.9140948430472,382.14217984526346,8175.016774886613,13400.368154386375,272.10169983292604,47.82127120841044
2021.6297056810404,5483.0294803696515,1654.5081867551112,392.97297490047026,8158.988500499026,12060.323328207305,459.8432934268071,58.41139520387337
2021.6324435318274,5490.341301530836,1652.0426470042755,404.36211716069215,8143.180976828457,10852.093615428304,598.6306890101293,65.85012231983963
2021.6351813826147,5498.854425740595,1651.2027101064498,412.6876251030122,8127.610181574201,9766.843307645273,660.2749609055855,68.88797169388128
2021.6379192334018,5501.923650132141,1650.1853497046347,426.4530570039173,8112.220785683565,8790.100460173699,694.0025330865418,123.32173166925132
2021.640657084189,5486.360588665556,1666.549058238548,441.19814164435144,8097.102953975801,7911.047173779615,674.1449098991608,221.534384956816
2021.643394934976,5437.718600370406,1717.2414458774372,454.40656016791655,8082.272036108496,7119.8272007364685,661.3531946263607,288.1640268696659
2021.6461327857633,5342.379094997716,1811.3092833907401,470.67602388146355,8067.702140254334,6407.805805839474,671.2686815991638,367.41632056332116
2021.6488706365503,5217.923188791927,1936.8935013115413,484.2351587817035,8053.442593639078,5766.8298722571335,676.1781722044667,401.0785199182035
2021.6516084873374,5091.229657558479,2067.7266966917705,494.5173249442923,8039.448663329709,5190.076753238358,666.2635975123867,434.9881341097644
2021.6543463381245,4940.798884077456,2220.8567074443154,506.0301814351295,8025.664469567349,4670.999329465713,657.0514995657738,452.4116697930109
2021.6570841889118,4890.17732440865,2284.3865627872806,507.1040847362874,8012.110170592038,5787.3176908527885,591.7895972259453,414.8985861679697
2021.6598220396988,4889.078273827497,2303.9199250738266,502.5969396892101,7998.610903933722,5515.085450947067,532.6089392251304,373.4078757598728
2021.662559890486,4911.420109121894,2303.9199806380598,494.22033520218105,7985.07351756212,11559.532959959579,479.34797648423717,336.0670399363064
2021.6652977412732,4933.724923226251,2303.9199806380598,485.9833282693778,7971.433610390566,14234.857904464196,431.41312748246145,302.46029993925055
2021.6680355920603,4955.9920837201635,2303.920033375016,477.8838353388389,7957.693790090234,13879.791271283222,388.2722575715033,272.2142127677476
2021.6707734428473,4967.6093567513335,2303.5846743454563,480.8669890618502,7943.856622365615,12491.81123917926,371.75870278706986,244.99275050072458
2021.6735112936344,4935.564598402886,2279.1125628720138,551.5613042528158,7930.107076996538,11242.623081733336,547.0122624331564,237.20153678345008
2021.6762491444217,4916.549425273638,2248.9481739122516,613.7028578455594,7917.572985492804,10118.313601957432,653.3635874691294,221.4576879764488
2021.6789869952088,4899.774969122939,2210.918651892927,680.4050412191555,7906.102680289232,9105.777690431129,740.6990626058209,203.27554755284297
2021.6817248459959,4888.003779346577,2169.1357557493943,744.7092043334858,7895.780503094795,8195.048817504525,806.5057708096007,194.663302916149
2021.684462696783,4862.042556629597,2109.571128708192,839.8837791616915,7886.559678024771,7375.513319870365,923.424017017394,214.03190720311616
2021.6872005475702,4832.552922235651,2065.665195470885,921.3173987873342,7878.94952603038,6637.984887265048,997.5153064508338,261.8244973227134
2021.6899383983573,4830.469539510626,2056.657400789186,939.0674337982352,7872.718568426204,8587.294069791555,922.850733703417,248.2992735329864
2021.6926762491444,4830.494241942062,2049.840390187334,952.2056279620336,7866.800582432822,8575.463010188523,889.4935664338094,235.53392059452207
2021.6954140999314,4804.005796817656,2037.783490627222,996.8617219356405,7861.117733143732,7717.991139734979,1024.921196725597,265.1243576696756
2021.6981519507187,4770.369038793517,2037.3587749467333,1036.2755754086909,7856.193253375311,6946.019034171216,1123.1776970018761,293.24804054925113
2021.7008898015058,4739.616648166346,2045.0807718827593,1063.9870590526082,7851.940063422544,6251.344306921116,1151.84598845041,305.6312167177154
2021.7036276522929,4723.134911028556,2053.5383561144363,1076.2182506692059,7848.160924712059,5626.1964079048685,1090.8716483669862,288.67346521537695
2021.7063655030802,4684.937510967021,2067.6986153222797,1104.2481690059608,7844.596047228998,5063.565801142859,1109.3219810757387,313.04236838658136
2021.7091033538672,4646.855089117766,2087.854700634977,1125.6915785180884,7841.506874253426,4557.060580949355,1092.2107381904357,327.86740075324957
2021.7118412046543,4641.949774661504,2097.1373607037767,1124.4643563129696,7838.784650846002,5622.566850126606,983.000906768871,300.04090730899287
2021.7145790554414,4663.106710564929,2097.2658604753537,1106.3418701773764,7836.049601306592,17944.853786018262,884.7006593976467,270.03678099441566
2021.7173169062287,4670.794943515888,2097.569418297239,1101.8074930125135,7833.020087698612,16152.007353006067,944.1161348545378,246.9352596357487
2021.7200547570158,4662.3279328926155,2097.169689173286,1114.1990032499914,7829.923217208356,14536.805817492392,1209.0572147876874,256.79900005154775
2021.7227926078028,4636.910958125229,2096.8314864049107,1143.2639606315954,7827.041337362514,13083.11111078274,1579.9210321757537,287.55068275084903
2021.72553045859,4598.528967586754,2096.687032058379,1184.6082292176295,7824.651413661487,11774.689513401021,1922.0077308998339,318.03495768153994
2021.7282683093772,4546.6002322026125,2098.6204313836206,1236.7275195693426,7822.955359368678,10596.821115616445,2234.2649083025453,346.06073328641213
2021.7310061601643,4507.33600292705,2105.1232749003816,1270.737864943856,7822.134299752967,9537.080935822203,2325.086627169211,345.0782583128624
2021.7337440109513,4481.030770214283,2109.465279207984,1293.380741876022,7821.882551225966,8583.33410686831,2281.462375017714,330.04354844794796
2021.7364818617386,4474.154181245091,2109.152375535017,1300.872045847787,7822.008639896358,7724.889240084441,2098.843042747092,303.93623382664003
2021.7392197125257,4460.770161219081,2106.6054674891507,1316.97983971345,7822.259674102569,6952.3962477993955,1913.475981831133,359.23714844042473
2021.7419575633128,4437.4869611362765,2114.3804496104513,1332.3976558610582,7822.777975916463,6257.008411036419,1735.0502269071335,426.31555738533024
2021.7446954140999,4381.013854753062,2142.76185144631,1360.142939705406,7823.552296619472,5631.297102115335,1626.4332368909863,528.8853807040401
2021.7474332648871,4306.246564680922,2190.2369939390314,1386.6354056503008,7824.779878253998,5067.205307104015,1521.8530771292149,603.9274466617537
2021.7501711156742,4212.311174031517,2249.6701391940333,1419.8942166242346,7826.451212674469,4560.293569470177,1426.5745968061606,666.7848957565282
2021.7529089664613,4162.965200362661,2285.436177979904,1431.679522986432,7828.673741195261,6402.5285419224765,1283.917838646086,640.2622731861878
2021.7556468172484,4094.6214951886736,2324.267437910936,1459.2069779237559,7831.086631500886,5762.284900687313,1282.2600757410632,639.4642927417266
2021.7583846680357,3999.2075880259,2371.483704018796,1504.9675704606886,7833.9515800188665,5186.037166560202,1323.099272362963,662.9924390764537
2021.7611225188227,3831.080525546302,2452.7778640008883,1588.6084904874444,7837.5714624896145,4667.4312108706345,1474.5009482931562,748.1538610489372
2021.7638603696098,3620.119302946929,2570.319745113131,1677.4527138678166,7842.574480596374,4200.650937865815,1635.1640217391282,828.7437173037401
2021.766598220397,3419.978215045152,2682.7342990722223,1759.1372111395517,7849.044417267325,3780.56611509467,1723.8621806667945,861.2184085368419
2021.7693360711842,3381.4938617085986,2707.3076027061866,1765.6614563373207,7856.859121772146,11223.02751281157,1551.476627026023,775.0967689197498
2021.7720739219712,3330.0380527970538,2721.7490293523474,1795.2016911657029,7864.761169209147,10100.73809582062,1805.3104355065398,698.4299503877495
2021.7748117727583,3237.647255058437,2715.162059915821,1886.2347054754287,7873.133822074564,9090.644151237364,2303.6154018635425,684.8635079168994
2021.7775496235456,3138.645601485107,2688.521850425253,2002.4389434661598,7882.999347147729,8181.478990995338,2734.0111903365287,704.5656428120835
2021.7802874743327,3006.8556712876452,2651.9741634340003,2159.4282191161506,7894.7755886864525,7363.308127588632,3265.5242132630356,743.4732791635928
2021.7830253251198,2860.880841066091,2621.4269138508002,2322.022094255019,7909.131693352339,6626.823968851117,3765.6903346714857,787.1935290362068
2021.7857631759068,2693.4939939223627,2589.183352656898,2505.0507112948576,7926.1613846501305,5964.091297987177,4268.7543599342425,838.8602332219986
2021.7885010266941,2525.546380850002,2546.968442662997,2695.610568111831,7946.191950899417,5367.576965302258,4473.98961937062,1060.6868142712115
2021.7912388774812,2327.8200852519262,2525.807916560219,2891.772485515291,7969.344755196811,4830.7515675625955,4421.651752422408,1351.9438766061317
2021.7939767282683,2144.557514147723,2537.1068210080252,3037.8032911560053,7995.705516212497,4641.211056780175,4270.419392232756,1477.2541075077804
2021.7967145790553,2129.7977054600733,2541.6196670558115,3019.7542830808125,8024.429386927556,6650.651376690862,3843.3827070601023,1329.5345114210222
2021.7994524298426,2052.3973288559087,2554.2713985060327,3056.5863111446884,8052.773904017622,5985.606529041637,3741.526057386336,1236.5277131891787
2021.8021902806297,1928.9769739916153,2569.593280767049,3136.2319996691554,8081.654588096437,5387.116598926146,3928.8274582824756,1292.076661279327
2021.8049281314168,1951.546309747079,2569.5932902224467,3083.9615413569645,8111.783601197767,245847.3156136954,3535.9447327098555,1162.8690012657653
2021.807665982204,1936.2214746529446,2570.3478247200183,3069.784446603356,8140.958896547939,221262.6247620012,15587.842538258714,1046.58209019899
2021.8104038329911,1896.7768924143436,2563.64557875769,3087.500093909078,8169.817977443149,199136.33303781,33780.922051806265,990.8845358755074
2021.8131416837782,1842.629941358972,2548.1803990454623,3128.4648805478896,8198.893221571936,179222.41503520514,53313.50817461177,982.7991755753544
2021.8158795345653,1792.5879762917634,2521.446443513343,3175.993715020879,8228.568207698276,161289.03241295164,67108.74678305195,969.4006651291091
2021.8186173853526,1780.6515606067444,2497.646598830903,3181.768737776751,8258.957345309864,145159.95639550217,66425.66966382487,879.1925177376932
2021.8213552361397,1803.7029198082316,2497.6431088441095,3128.7465742240715,8289.359539647845,130643.4360316041,59783.399896456045,791.2709095044208
2021.8240930869267,1818.9273730617608,2488.9252732390387,3093.2323252312176,8318.795070992239,117578.59825158956,53804.85090268189,712.1409758779766
2021.8268309377138,1813.7681271976903,2458.5156814447255,3100.465938443823,8347.558195438014,105819.82204903841,52857.49982547626,767.1686719554313
2021.829568788501,1788.0141658050984,2418.8647335458204,3137.4943381662933,8376.362605007032,95237.83181589172,49691.789599847136,6301.082205748834
2021.8323066392882,1609.22746464857,2841.1670907295106,3198.400527941297,8405.705182428657,85713.93806647122,47507.89176952665,13588.808434683113
2021.8350444900752,1448.2977087217525,3614.14224939171,3229.294628556106,8435.982162166583,77142.17086867974,44400.24838617213,17516.281056969197
2021.8377823408625,1303.4379425741927,3850.197488763183,3195.1701952268972,8466.690654310609,69426.3561125917,39960.894300553824,16030.786750229627
2021.8405201916496,1173.0751660115573,4225.503335359189,3178.2574720078437,8496.747933666169,62482.7094272808,35964.23208567964,15897.388841217398
2021.8432580424367,1055.764053743846,4913.430457354285,3197.613921981227,8526.440230532093,56234.246964865735,33443.28978803919,18085.423647179352
2021.8459958932237,950.1858153867796,5958.995164117746,3243.3150471348895,8556.373647981209,50610.72463633683,32434.499245105126,21498.81002001909
2021.848733744011,855.159424126214,6830.551745518948,3258.170140572023,8586.986276420479,45549.23619545162,30424.434309273885,22302.04414485556
2021.851471594798,769.6427075696927,7210.900174561314,3233.1073248370494,8617.76310896108,40994.27134188345,27381.956192816968,20418.68909998326
2021.8542094455852,692.621319795156,7382.389648995708,3195.2249868685894,8648.04134038381,36892.11591485109,24641.688415474524,18375.50414225335
2021.8569472963723,716.7424812633585,7382.389651392083,3141.9712292534523,8677.601835345351,82754.56765444555,22177.516072799655,16537.95111753466
2021.8596851471596,740.9439384528215,7382.387879065752,3089.6089108882447,8706.193772428336,74479.11814530496,19959.78970029942,14884.15858072348
2021.8624229979466,666.8671993987322,7072.21010319919,3617.756555675787,8733.83467725098,67031.19880191103,20989.029964096695,13815.004891014043
2021.8651608487337,655.1310848669324,7017.82144001364,3647.9454270707038,8770.200098402465,60327.89054094114,18890.19555581134,12433.482257605117
2021.8678986995208,589.6178827591452,6683.897689905349,4155.081069255724,8806.971219729787,54295.06220096373,20851.38478554792,11703.953567749642
2021.870636550308,530.6423982603408,6317.204401491671,4663.3061156841395,8852.07642288557,48864.29475474891,23096.874858007413,11055.400437777327
2021.8733744010951,477.56121966342937,5866.252486418669,5226.274410196657,8905.521937578,43976.3044176715,25505.538849311528,10462.236035267755
2021.8761122518822,442.4199392912449,5689.020660762428,5376.375124914949,8968.226362516742,39578.59825093595,23730.266532725356,9416.01963335827
2021.8788501026695,443.23455625549974,5612.387999686051,5387.585428867236,9033.262002676567,58012.19373751467,21357.243195048683,8474.411889183044
2021.8815879534566,468.4110056375331,5612.387721342348,5297.792730676379,9098.306429829105,76779.19380143395,19221.510729708083,7626.967354988023
2021.8843258042436,474.0880063491555,5564.33065707705,5277.231007524354,9161.676116534818,69101.28352651853,18037.60266671079,6864.2714326021405
2021.8870636550307,441.9845732376564,5419.2320789670885,5392.007511742644,9224.52952353797,62191.096599781646,20575.53872567869,6737.3451379783255
2021.889801505818,467.6843346837909,5419.230362500881,5302.143282792366,9289.123607508316,55971.97730701964,18518.031700998345,6063.612866815946
2021.892539356605,464.9463995348669,5360.295109436676,5301.324990555137,9352.04301591029,50374.77682532269,17994.325936614256,5586.939178103759
2021.8952772073922,418.4563004405207,5213.653422629427,5437.074390427632,9414.776451171007,45337.135422901396,21347.459889882844,6365.107006191689
2021.8980150581792,376.6104759307025,5017.672112463195,5682.9957368693695,9479.600362143206,40803.40080840847,27705.41133226025,8511.664754770092
2021.9007529089665,338.9488501196549,4932.231049736167,5797.042438487887,9548.344616810633,36722.96440025302,29805.0815347767,9447.642175440938
2021.9034907597536,318.5594286353029,4912.091852921661,5767.544596612782,9618.801997816205,33050.63347982576,27195.18235569822,8801.5091828997
2021.9062286105407,287.73749408193413,4888.325106818334,5752.79276021799,9688.575568470102,29745.189544128563,24867.06726332785,9195.379147235653
2021.908966461328,263.911604603117,4868.709474084649,5727.325648502527,9757.91210239807,26770.143227353823,22405.769150992157,9427.710856351287
2021.911704312115,244.45608817039698,4851.362185600807,5695.834663412124,9826.634041511796,24092.878376061944,20165.343203429682,9427.945246336089
2021.914442162902,220.01020188407466,4832.0279479939245,5675.215764895852,9894.64272530104,21683.443705607307,18396.851311097533,9660.35223963505
2021.9171800136892,198.00920154757782,4808.013476262492,5669.7193277817205,9962.121112625362,19515.068367426848,17120.094347167113,10145.148222580849
2021.9199178644765,225.22225319637792,4807.834317952097,5575.912485466544,10029.32301739431,17563.51044293598,15408.099081239525,9130.737400258024
2021.9226557152635,239.42632143475254,4803.96881690959,5500.547098615412,10094.777737049577,15807.110016163597,13867.245852561853,8217.63799144715
2021.9253935660506,250.93639142753383,4795.697854780131,5433.71496952834,10158.798658273328,14226.14675949057,12480.301136220756,7395.753680517591
2021.9281314168377,231.09492731177272,4760.610264215463,5426.341249629141,10221.529332852959,12803.399848880217,11245.644490130107,7424.71833697453
2021.930869267625,244.47363365693514,4749.335955222311,5362.229918566003,10283.964166564092,35055.41653189194,10121.079015967456,6682.24850807453
2021.933607118412,273.07543823495513,4749.335138443235,5272.861202219903,10345.159795111256,41501.710716999434,9108.937166628506,6014.001244010649
2021.9363449691991,301.845949563848,4749.33498831847,5184.980617344857,10404.697918782176,58463.067222992795,8198.071228278824,5412.603270027829
2021.9390828199862,297.28018969086986,4733.697667094325,5147.701276040649,10462.608241183507,52616.760994802324,12457.825275932862,5156.382061769307
2021.9418206707735,312.6644283989692,4727.589215494232,5081.722843137563,10519.738786978574,47354.93150800159,12616.011446345672,4640.765044898781
2021.9445585215606,338.39256216336423,4726.089940872409,5002.047460286911,10575.613210686653,42619.33567045771,11354.44449580791,4176.678477932988
2021.9472963723476,367.76960221681736,4726.081283286843,4918.688408541229,10630.031779964449,38349.282103346006,10216.836870974636,3758.2148732626993
2021.950034223135,397.3013353523392,4726.081246142136,4836.529111584232,10683.087280930627,34458.63715381847,9180.316403715193,3376.933166958681
2021.952772073922,412.7897124577157,4720.02953054049,4776.180218501406,10734.427412509727,31012.93375487408,9274.537531954495,3039.2387092157633
2021.955509924709,442.62689168573974,4720.029490196236,4696.577338519419,10784.62105360795,71817.28975984135,8347.090023982395,2735.314915207643
2021.9582477754961,460.3907534667865,4715.333069014772,4635.208412213715,10833.35043931407,64635.61475194655,9940.089919121521,2743.054608325903
2021.9609856262834,463.6549651519407,4707.292698856011,4592.839378296663,10880.92353170472,58172.034013149096,13300.026341772838,3690.28719197001
2021.9637234770705,493.89345263044044,4707.292706160749,4516.292209140235,10927.660106077903,52354.829990958635,11970.037648949607,3321.262899275582
2021.9664613278576,501.72139533697725,4708.078875830017,4462.773252569329,10972.992850273004,47119.346085495934,12461.053287507342,3593.98992836713
2021.9691991786447,504.44159316156606,4712.8512578457685,4411.391667077985,11017.309755924007,42407.23344473087,12864.98406337818,3819.6407989691934
2021.971937029432,501.7187580984798,4721.366443039536,4362.68360873735,11060.653364133956,38164.185287294735,13206.548089328333,4006.3725062834988
2021.974674880219,459.70351473623975,4743.45270611955,4340.632067576356,11103.061785577183,34347.68109696198,15561.98868713185,4879.411344002501
2021.977412731006,437.2864599726344,4764.332643065615,4300.672523630212,11144.986347340877,30912.88037902479,15659.97985819999,4999.734147188747
2021.9801505817934,462.80499289750793,4766.541927061767,4232.228814103685,11186.13013994638,27821.53674834429,14094.028268263672,4499.788192200412
2021.9828884325805,493.8778465127571,4766.542687056604,4161.69072414088,11226.022517327203,25038.849775785144,12684.35613322575,4049.7254900978596
2021.9856262833675,449.7613849446712,4795.27986799464,4138.892617537291,11264.627810088996,22534.963332582927,12004.126666834853,5933.522986063189
2021.9883641341546,416.3306663575921,4823.947977614626,4105.963405108193,11302.747531485193,20281.378454467063,10885.886186853022,6399.081144870541
2021.991101984942,391.3663516252709,4844.819451435809,4073.017346932213,11340.214529524976,18252.996981746444,9804.364308031463,6462.369167198995
2021.993839835729,352.22986003794915,4872.393054858384,4063.896291428363,11377.029125682675,16427.70144004409,9139.714051980049,7021.23244128013
2021.996577686516,375.30327048079505,4874.489285330865,4002.5929462631266,11413.590795192948,23724.990526335954,8225.742376996626,6319.1154755046655
2021.9993155373031,401.2896094065073,4875.460049965146,3940.623869312209,11449.030668583868,21352.766365244694,7403.159770933036,5687.197499341095
2022.0020533880904,422.2077022258635,4876.173193177891,3885.107699951107,11483.34350191287,19610.47282590645,6662.666094412255,5118.331490710934
2022.0047912388775,391.3356265981335,4874.600770143409,3884.693768386877,11516.63415347975,17649.415037188108,6935.934047710178,5143.301062548195
2022.0075290896646,352.20141613153595,4869.444813842969,3908.9973396272467,11549.82664398234,15884.440149401822,7560.618099304782,5413.254908447748
2022.0102669404519,316.97933467688887,4862.917778293834,3941.1982817465273,11583.333083267766,14295.908646519985,8151.721813957606,5671.714525621637
2022.013004791239,285.275271552246,4833.964562395457,3999.07674388514,11617.28378793844,12866.041331619415,8663.33518278015,5879.061682348986
2022.015742642026,256.73462366640047,4779.501440760139,4079.080729498038,11652.102398524008,11578.700021676686,9025.268215722013,5982.817503799536
2022.018480492813,267.12554988337337,4764.333767592146,4048.224445139813,11688.16335140094,10421.06225646762,8122.746873117975,5384.537526119755
2022.0212183436004,299.5758019689062,4764.333759787868,3980.7540513968647,11723.611400862623,58772.04121477746,7310.471098032111,4846.0830524240655
2022.0239561943874,332.12316418079297,4764.333746695392,3914.4081795034067,11757.837823636666,52894.85770388497,6579.426327832269,4361.47455448199
2022.0266940451745,338.9662052843568,4748.641941662434,3890.657959908742,11790.86470716072,47605.37119349783,8865.280362533662,3985.042554512238
2022.0294318959616,320.5323127533766,4715.585181246123,3910.035787627054,11823.405432389702,42844.654806352366,13781.459650896917,3996.263958135206
2022.0321697467489,322.55731616997815,4696.2062865338185,3895.0432483252457,11856.17976298721,38560.10597841693,15199.5591881543,3716.695024879193
2022.034907597536,327.0159406371493,4678.154321499907,3876.6250985901465,11888.619153289046,34698.18309574194,15968.492951219208,3442.7350546868265
2022.037645448323,353.4784891828299,4673.928270281803,3822.7775683939944,11920.658086157615,31228.292704853593,14371.775952313035,3098.4599944138504
2022.04038329911,374.96994014882455,4667.118563388617,3777.469241564702,11951.7125689141,28105.160374198345,13180.047288397687,2788.5841230811916
2022.0431211498974,386.96604004575147,4655.748909267846,3747.0572876818323,11981.925977020814,25294.642325490888,12965.398828445082,2558.1148058810813
2022.0458590006845,420.21959784479714,4655.748200001846,3684.6084060268663,12011.549910142734,22765.095735412593,11668.92255806213,2302.308926895173
2022.0485968514715,453.5429662749175,4655.748159149572,3623.0341657984536,12040.228722793318,20448.67428348658,10481.574144842094,2068.0437013906967
2022.0513347022588,481.69016441865193,4652.857331964558,3570.808696355713,12067.625721277336,18403.801880082654,9433.41660516019,1983.526132645307
2022.054072553046,489.440049615716,4640.878360349868,3549.0141491654763,12094.077254885193,16563.41225961088,8547.182440389899,2784.7249877065647
2022.056810403833,490.9274893786519,4641.9824332438775,3520.8346004097007,12120.093190984022,14907.004250274515,7694.510624569464,3209.573614796154
2022.05954825462,524.55965951205,4641.982520747733,3462.155320105802,12145.568113650652,18884.648416908676,6925.0476909498975,2888.6523353887164
2022.0622861054073,558.2622792185809,4641.982728698368,3404.453328741079,12169.995177358192,16996.18513836126,6232.542619468886,2599.7869757331687
2022.0650239561944,586.1026790969792,4643.370442936857,3352.2543562700926,12193.393935712289,15296.50749297658,5609.2666738081925,2339.8708766356367
2022.0677618069815,606.4862938429991,4646.312476831489,3306.891260540215,12215.859282801519,13766.846723156266,5048.273288939016,2186.0574048644103
2022.0704996577686,639.8176282227757,4646.443478516889,3252.2100618273985,12237.506045449149,25035.905824189264,4543.444867054018,1967.4513657672449
2022.0732375085558,673.7729397236881,4646.443478544397,3198.0065268606327,12258.182168887493,22532.38522008509,4089.098496015933,1770.705413217238
2022.075975359343,707.7282535468364,4646.443478544397,3143.803025830176,12278.858256094802,20028.794637666164,3634.7540093105317,1573.9602766405137
2022.07871321013,741.6835673699848,4646.443478544397,3089.5995247997193,12299.53434330211,17525.204055247235,3180.4095226051295,1377.215140063789
2022.0814510609173,775.6388811931331,4646.443478544397,3035.3960237692627,12320.210430509418,15021.613472828309,2726.065035899728,1180.4700034870648
2022.0841889117044,809.5941950162814,4646.443478544397,2981.192522738806,12340.886517716726,12518.022890409382,2271.720549194326,983.7248669103401
2022.0869267624914,843.5495088394298,4646.443478544397,2926.9890217083494,12361.562604924035,10014.432307990457,1817.3760624889244,786.9797303336156
2022.0896646132785,877.5048226625781,4646.443478544397,2872.7855206778927,12382.238692131343,7510.841725571529,1363.0315757835226,590.2345937568912
2022.0924024640658,911.7827106281836,4646.443478414495,2823.7263660258777,12397.447858947655,35399.886422385134,1167.4127932777162,505.5256444744062
2022.0951403148529,945.656472256974,4645.441939257323,2778.1855443935924,12410.544358108316,31859.928456085636,1077.7253490136611,454.97304421717405
2022.09787816564,980.0858083680389,4645.4418798442275,2731.8820434349186,12422.84648236902,28673.702589667242,969.9483461000939,409.4724121266077
2022.100616016427,1014.5151997601165,4645.4418798442275,2685.5789510283585,12435.148083383503,25487.70974405868,862.1758111987277,363.9751077048903
2022.1033538672143,1048.944591152194,4645.4418798442275,2639.2758586217988,12447.449684397985,22301.716898450115,754.4032762973616,318.4778032831729
2022.1060917180014,1083.3739825442717,4645.4418798442275,2592.972766215239,12459.751285412467,19115.72405284155,646.6307413959955,272.98049886145554
2022.1088295687885,1117.8033739363493,4645.4418798442275,2546.669673808679,12472.052886426949,15929.731207232988,538.8582064946294,227.4831944397381
2022.1115674195755,1152.232765328427,4645.4418798442275,2500.366581402119,12484.354487441431,12743.738361624426,431.08567159326327,181.9858900180207
2022.1143052703628,1186.7769452172888,4645.4418798442275,2456.691855368717,12493.912933585972,10642.86261571486,360.01918365237486,151.98450960395851
2022.11704312115,1221.4314206343315,4645.4418798442275,2415.65462367049,12500.72358986716,9551.922847255306,323.11547649920897,136.40536009965442
2022.119780971937,1256.1078781955046,4645.4418798442275,2375.393705241556,12506.735950734912,11978.630813637234,290.8038854979176,122.76480578861465
2022.1225188227243,1290.8008081835983,4645.4418798442275,2335.8038095866423,12512.06081640174,25470.37197039592,261.72349421523046,110.48832405604327
2022.1252566735113,1325.508326782091,4645.4418798442275,2296.873742630109,12516.711264759779,22923.341855113915,235.55112952953823,99.43948520656778
2022.1279945242984,1360.2264717911717,4645.4418798442275,2258.484826319016,12520.80993606179,20588.73452688595,211.5616329778392,89.31215874360322
2022.1307323750855,1394.9541285975913,4645.4418798442275,2220.6250708818243,12524.369934692557,18450.217408758836,189.58681047398082,80.03534040843414
2022.1334702258728,1429.6953708687406,4645.4418798442275,2183.61465201844,12527.067011284787,35509.82092281938,170.62812589060422,72.03180487485378
2022.1362080766598,1464.4440023045113,4645.441879736261,2147.2210722830696,12529.139859692332,31958.845421457758,153.56535559420075,64.82862636410218
2022.138945927447,1497.607589875352,4643.141212853253,2115.3254441109066,12530.600467176657,28762.960770594207,1166.1050321575833,166.5971564263461
2022.141683778234,1526.1679056683731,4644.489866648504,2084.919343363098,12531.52549833619,25886.653159452548,2343.047804801147,284.5699123409231
2022.1444216290213,1553.0950011109082,4649.192585067841,2053.3017007696712,12531.941227067744,23297.97678583695,2823.953626410429,350.17839400935236
2022.1471594798084,1587.856883174148,4649.192648776996,2019.0799858868033,12531.828896178218,20968.14986698039,2541.572855447959,315.1628136131039
2022.1498973305954,1622.6185887032948,4649.192648776996,1985.3772583720827,12531.197818163791,18850.341175723992,2284.8710811127867,283.33101235465915
2022.1526351813827,1657.3788637510352,4649.192648776996,1952.1816513644442,12530.06105012369,16925.347417705932,2051.540423795885,254.39729627693833
2022.1553730321698,1692.1365927849974,4649.192648776996,1919.486361355121,12528.426511099053,15177.515426290169,1839.6837396265337,228.12641854060885
2022.1581108829569,1726.8906768211764,4649.192648776996,1887.2846722983843,12526.302016119613,13592.326435667343,1647.541196641354,204.3001546909576
2022.160848733744,1761.6400283788203,4649.192651347199,1855.5699483153192,12523.695285974827,12156.305602675498,1473.479494048844,182.716097981511
2022.1635865845312,1795.134573395932,4650.054615207564,1825.0266663777688,12520.309959034901,10940.688231341777,1326.1315049539521,210.18162194991953
2022.1663244353183,1829.542179455399,4650.230386314585,1794.7562425442602,12516.424905701928,26118.340478596358,1193.5167439263814,189.16820136176935
2022.1690622861054,1862.4436823867989,4650.255374382149,1766.6365426291081,12512.046014618112,23507.02746923049,1184.603639015966,219.58389546761313
2022.1718001368924,1897.1509790827809,4650.255326957174,1737.19265119836,12507.210556777854,21156.222992266208,1066.154603319097,197.63137275834043
2022.1745379876797,1931.8584572050222,4650.255326957174,1707.748708821208,12502.374921032766,18805.52024534316,947.6942394175003,175.67298321157912
2022.1772758384668,1966.5543045742854,4650.255326957174,1678.7355899979536,12497.120092486753,16661.194937004424,839.6332544251322,155.64210779289527
2022.1800136892539,2001.2352865497176,4650.255326957174,1650.2731115176002,12491.329488991674,14780.642912470106,744.8638304833822,138.07480947173735
2022.182751540041,2035.91626852515,4650.255326957174,1621.8106330372466,12485.538885496597,12900.09088793579,650.0944065416322,120.50751115057945
2022.1854893908283,2070.557667220927,4650.255326957174,1594.5772884097917,12478.55873142827,11526.315148966967,580.8636062565292,107.67425523862812
2022.1882272416153,2105.1754805094747,4650.255319964859,1567.951254322703,12470.994859219123,10358.620256069753,522.0186692270672,96.76635584607924
2022.1909650924024,2138.5814989384357,4649.40474397337,1543.8582960678264,12462.960275036525,9322.757094536088,496.78454824682024,116.23437496115976
2022.1937029431897,2164.04354686049,4645.254163897309,1531.3888511422813,12454.546152116081,8390.480805832447,559.1433160915798,481.78881870869577
2022.1964407939768,2194.989668158172,4647.553585739533,1507.1701002483107,12445.947259870143,7820.625260767813,503.22981320380114,434.54067199420797
2022.1991786447638,2229.5161303761274,4647.5535554851285,1482.0501197129422,12436.96870844196,8678.889651580686,452.90046885012816,391.08122789090874
2022.201916495551,2264.0179173147126,4647.5535554851285,1457.349283258845,12427.59565795747,7811.000917157882,407.6104084345794,351.9730934181852
2022.2046543463382,2298.519704187156,4647.5535554851285,1432.6484479302958,12418.222606413576,6943.111951999814,362.3203615495666,312.86497062909433
2022.2073921971253,2333.0062293380306,4647.5535554851285,1408.1922798344335,12408.620149358565,6126.80277080405,319.72196254490945,276.0810957277824
2022.2101300479123,2367.436393411441,4647.553689793877,1384.6254800828085,12398.184550728034,5494.694016741345,286.73613015616223,247.59784843934892
2022.2128678986994,2398.7034511396073,4649.4321369061545,1362.7983983855142,12387.294027584889,4945.236745555893,259.5820900008583,228.51755048483398
2022.2156057494867,2433.069127523936,4649.432146946595,1340.0850889938401,12376.069550551796,12821.02794589314,233.6238289693814,205.66577145552
2022.2183436002738,2467.404067539359,4649.432146946595,1317.7503356529407,12364.497263877274,11538.951579376288,210.2614333340084,185.09918309596955
2022.2210814510609,2501.707876548998,4649.432139459409,1295.781035075721,12352.590662932042,10382.711528130096,189.1927094787699,166.55167530519944
2022.2238193018482,2529.065052636578,4639.77883176133,1290.751429574705,12340.344300043555,9344.440142383573,333.7192073001368,187.4391242324443
2022.2265571526352,2563.3012832557197,4639.777756771296,1269.2407985199684,12328.047675469184,8409.967080836725,300.3709013776787,168.7005287529848
2022.2292950034223,2589.229234805864,4632.080991083552,1264.058971670985,12315.426216455766,7568.970153710439,408.41094852508047,188.7011416735182
2022.2320328542094,2620.018418298698,4630.215692743087,1248.2362181924584,12302.75298478193,6812.0527696518975,393.4282699926642,172.83382339284336
2022.2347707049967,2654.1523498597135,4630.215620513892,1227.4324148219655,12289.850828820609,6130.822586641861,354.08613905272955,155.54997891894243
2022.2375085557837,2688.2510740724856,4630.215620513892,1206.9752076707045,12276.637211759102,19233.705899953453,318.6775224519581,139.99497984285776
2022.2402464065708,2722.313596686913,4630.215620513892,1186.858953112719,12263.11884370266,17310.357669624034,286.8097588162349,125.99547685471528
2022.2429842573579,2756.376119184883,4630.215620513892,1166.7426996515405,12249.600474665867,15386.987079628685,254.94200657103903,111.9959788704295
2022.2457221081452,2790.4386416828534,4630.215620513892,1146.6264461903622,12236.082105629077,13463.616489633341,223.07425432584324,97.99648088614373
2022.2484599589322,2824.5011641808233,4630.215620513892,1126.510192729184,12222.563736592285,11540.245899637996,191.2065020806474,83.99698290185793
2022.2511978097193,2858.5636866787936,4630.215620513892,1106.3939392680054,12209.045367555493,9616.87530964265,159.3387498354516,69.99748491757217
2022.2539356605066,2892.6262091767635,4630.215620513892,1086.277685806827,12195.5269985187,7693.504719647305,127.47099759025579,55.997986933286384
2022.2566735112937,2926.688731674734,4630.215620513892,1066.1614323456486,12182.008629481908,5770.1341296519595,95.60324534505999,41.99848894900061
2022.2594113620808,2960.5664272519375,4630.215620513892,1047.718308748465,12167.001957501887,4806.606017725081,79.6387199277828,34.985275727068846
2022.2621492128678,2994.3285776366633,4630.215614947231,1030.2563420443391,12151.129679387948,7094.159860577568,71.67483587228105,31.486819771993872
2022.2648870636551,3027.254770025509,4627.690610305329,1016.402881436197,12135.00985224915,6384.743941067447,79.8689015891621,67.96020002382245
2022.2676249144422,3058.584247167064,4625.93461300232,1003.5638163825754,12118.703337464227,5746.255567125273,90.21233546358009,107.57310181648282
2022.2703627652293,3092.21387922326,4625.9344768427245,986.8380395802982,12102.2275183699,5806.624200508965,81.1932612744804,96.82057673894785
2022.2731006160163,3125.682512474564,4625.937061408233,970.5042065438503,12085.518033589535,5225.961839413033,73.0739263392167,87.13850856439008
2022.2758384668036,3159.22234481539,4625.937072994313,954.3228273119057,12068.587468894584,4701.987789416838,65.74738967626956,78.40179476950388
2022.2785763175907,3189.3350519073974,4626.331955951967,941.4023789487497,12051.428227208076,4231.78876157333,86.2064901718348,95.74564248686991
2022.2813141683778,3218.267121900467,4628.168342734852,928.3893701613687,12034.100679219498,3808.608088197321,106.25605479404352,105.01174383807604
2022.2840520191648,3251.6651590887154,4628.168343586166,912.9162142496249,12016.603697091683,31929.529162933617,95.6304688465838,94.51057852359325
2022.2867898699521,3285.015261116085,4628.168343586166,897.7009433798435,11998.896765934092,28736.587736743724,86.0674193567282,85.05951809654235
2022.2895277207392,3318.3253628659186,4628.168343586166,882.6947662571188,11981.020741306984,25806.90534930009,77.2928833654922,76.38773720066307
2022.2922655715263,3351.6269526356014,4628.168343586166,867.7330838674546,11963.108733926965,22933.24657562572,68.68614142981937,67.88178539100883
2022.2950034223136,3384.9285424052837,4628.168343586166,852.7714014777906,11945.196726546947,20059.587801951344,60.07939949414656,59.3758335813546
2022.2977412731007,3418.1348878183285,4628.168343586166,838.2944918980089,11926.895190713685,17747.658366481002,53.15506314892514,52.53258538052581
2022.3004791238877,3451.2893541924295,4628.168343586166,824.0816352067125,11908.38148103088,15741.699586285866,47.14712319951049,46.59500202239035
2022.3032169746748,3484.443820566531,4628.168343586166,809.8687785154159,11889.867771348076,13735.740806090731,41.13918325009583,40.65741866425489
2022.305954825462,3517.530822504657,4628.168343202415,795.9741559300102,11871.103292379095,12011.227652547395,35.97420973577191,35.55290813128427
2022.3086926762492,3548.93230444967,4625.732186285093,786.6940655652506,11851.845957716154,10810.10482129655,107.24607700894995,71.15001075189811
2022.3114305270362,3577.139610295749,4624.427891114886,779.5781894813625,11832.486723124168,9729.084330651023,131.90688846190935,174.97427577402578
2022.3141683778233,3593.0032220180487,4633.4487161059715,774.5464527380446,11813.061923154095,8756.172518226607,161.73230401514752,301.06421962117776
2022.3169062286106,3605.9032277943916,4648.440135782259,766.5383697689936,11793.60648067052,7880.54515449777,169.06080306731423,343.252381734998
2022.3196440793977,3637.837760760309,4649.0883906675535,753.9190887583484,11774.070873829956,7092.485947434484,152.15519616998904,308.9280610366176
2022.3223819301847,3662.9489244148717,4655.219317977153,742.796601273502,11754.379170350643,6382.882122919507,138.65624259228562,283.53924974965526
2022.325119780972,3681.8323212533305,4666.448442732183,732.9357755360027,11734.555374494661,5744.642435866051,136.25737188109156,280.0835371979967
2022.3278576317591,3714.409684420071,4666.448445878718,720.7201793551093,11714.621504362267,47890.3426756833,122.6316378188329,252.07518835016535
2022.3305954825462,3746.932437864375,4666.448445878718,708.7081763371548,11694.53865393592,43101.31028011382,110.36847384484582,226.8676691202703
2022.3333333333333,3779.455191300984,4666.448445878718,696.696173347903,11674.455803488563,38312.276012545495,98.10531006296254,201.6601502852538
2022.3360711841206,3811.977944737593,4666.448445878718,684.6841703586512,11654.372953041206,33523.24174497716,85.84214628107925,176.45263145023725
2022.3388090349076,3844.4519648169207,4666.448445878718,672.8494874921732,11634.161515828357,29158.379216492587,74.66514892071972,153.4777795693205
2022.3415468856947,3876.7600872954454,4666.448445878718,661.6146431877693,11613.516137654235,26196.764489027508,67.08141447489774,137.88905122131965
2022.3442847364818,3909.062402407304,4666.448445878718,650.4004850628996,11592.855880667246,23280.92656737825,59.61489958282576,122.5412732643876
2022.347022587269,3941.3647175191627,4666.448445878718,639.1863269380301,11572.195623680256,20365.08864572899,52.14838469075379,107.19349530745555
2022.3497604380561,3973.6352175061943,4666.448445878718,628.0773111020825,11551.462039529171,17614.038584022328,45.10383804372364,92.71309323115754
2022.3524982888432,4005.7230379682755,4666.448439196996,617.569982606968,11530.309454243923,15794.116555765875,40.443637183118604,83.13384627899833
2022.3552361396303,4031.249618613531,4653.760676640965,626.4561203606036,11509.01239840106,14214.704854451,76.39679626162872,217.22596636174669
2022.3579739904176,4029.7617700308833,4653.086959651028,650.1361951066671,11487.921789227586,12793.23154198276,147.26912878684763,438.7637867362028
2022.3607118412046,4026.032757800163,4672.465890912325,655.5525154372505,11467.283449866422,11513.850490154675,174.95286514375945,483.5180365486658
2022.3634496919917,4034.722021829227,4687.086194724763,653.1622435120428,11446.79205395013,10362.416430252126,177.72058248417608,463.53276921041015
2022.366187542779,4036.747893450214,4706.800202087623,652.3253036471239,11426.31701483121,9326.15790459479,188.39297923169983,456.3579141467737
2022.368925393566,4054.372276573987,4716.601676513182,645.7602528457361,11405.884108083268,8394.374583458772,175.75935628806934,411.24132661614317
2022.3716632443532,4082.3494086213445,4719.176717349053,636.1222996857597,11385.397788360013,12891.783019902594,158.18324393497252,370.11660696728893
2022.3744010951402,4113.970035812012,4719.176825492603,625.5202812678205,11364.80697144375,11602.954511830967,142.3646603929167,333.1043399128172
2022.3771389459275,4145.534395373941,4719.176825492603,615.0949366505437,11344.095856499103,12914.412529003503,128.1281353036375,299.79376775657914
2022.3798767967146,4177.042010668247,4719.176825492603,604.8433524776609,11323.267725377678,11622.972706676466,115.31530624369387,269.8143546448639
2022.3826146475017,4208.549625343587,4719.176825492603,594.5917702001519,11302.439592979848,10331.531453776117,102.50249271333013,239.834977869206
2022.3853524982887,4240.043258307518,4719.176825492603,584.3820521011153,11281.583578114954,9071.733175018462,90.00361990352538,210.5901585055135
2022.388090349076,4271.390320245086,4719.176774592574,574.6104112361111,11260.436107942425,8140.84338705869,80.76812170276379,188.98062575282754
2022.390828199863,4290.194060929768,4702.157820372663,594.5271944426123,11239.16243827115,7326.7590250913,116.91114011224344,181.28952112778504
2022.3935660506502,4299.125374093514,4671.252365321623,637.8127028028338,11218.278971798221,6594.077450579178,182.06855427911998,192.50004926067055
2022.3963039014375,4297.347480988005,4634.340913985256,697.0349453730545,11198.173973669875,5934.650983857644,239.2254131668248,241.88152001516474
2022.3990417522245,4282.488855527858,4610.000198073771,755.7266771010102,11179.10948331355,5341.071305811411,296.1313669524569,289.81610058632947
2022.4017796030116,4288.8205700659055,4606.020803049846,771.8346808101124,11161.077060090329,4806.956622990053,292.11024684927577,279.0215851156467
2022.4045174537987,4312.225449282099,4605.321477858099,767.2714163466704,11143.362670529315,26491.636159389185,262.8994348180805,251.1195677061604
2022.407255304586,4342.872618766013,4605.292188051138,754.8233398082136,11125.620767390817,23842.595367822156,236.61027934490465,226.0075436607227
2022.409993155373,4372.664297068905,4605.193395879498,743.4590465682691,11107.72007449951,21458.217604262998,217.14687304679268,203.40566854419814
2022.4127310061601,4403.522384949693,4605.1933345459465,731.0693528515327,11089.679641669007,19311.218869312233,195.4309126426133,183.05394497139932
2022.4154688569472,4434.340129453482,4605.1933345215175,718.8548922844678,11071.504257756716,17348.916550498496,175.57265297485014,164.4529864759098
2022.4182067077345,4462.577779212295,4604.974418066317,709.61603153608,11053.152285201499,15614.023682197267,186.8967610399309,148.00768287696184
2022.4209445585216,4484.973816824549,4603.1848608810005,707.8931248500236,11034.69661146062,14052.620976292194,283.9391848540846,136.0140715451881
2022.4236824093086,4515.633735787539,4603.1848540096225,696.0949397874615,11016.26278443157,35053.85028675932,255.54576283261318,122.41265861120024
2022.426420260096,4546.243177679767,4603.1848540096225,684.4933573912024,10997.682824935599,31548.46596797117,229.99118558958983,110.1713922903216
2022.429158110883,4576.852619554921,4603.1848540096225,672.8917750614113,10979.102865390234,28043.080939295236,204.4366093063285,97.93012642920158
2022.43189596167,4607.462061430077,4603.1848540096225,661.2901927316203,10960.522905844871,24537.695910619306,178.8820330230672,85.68886056808157
2022.4346338124572,4638.071503305231,4603.1848540096225,649.6886104018292,10941.942946299507,21032.310881943373,153.32745673980588,73.44759470696154
2022.4373716632444,4668.6809451803865,4603.1848540096225,638.0870280720383,10923.362986754142,17526.92585326744,127.77288045654456,61.20632884584151
2022.4401095140315,4699.290387055541,4603.1848540096225,626.4854457422473,10904.78302720878,14021.54082459151,102.21830417328323,48.965062984721484
2022.4428473648186,4729.8998289306965,4603.1848540096225,614.8838634124562,10886.203067663415,10516.155795915576,76.66372789002192,36.72379712360146
2022.4455852156057,4760.509270805851,4603.1848540096225,603.2822810826652,10867.62310811805,7010.770767239645,51.1091516067606,24.482531262481437
2022.448323066393,4790.834139947501,4603.1848540096225,592.7616531247622,10848.246766934304,5465.029379689172,39.84055646630219,19.08459910870067
2022.45106091718,4820.993760735645,4603.1848540096225,582.8476211769395,10828.429078093988,4887.9775011877055,35.63368474806235,17.069404860290827
2022.453798767967,4851.088589757425,4603.1848540096225,573.1334940335797,10808.47627621556,9216.221572266038,32.07031595823337,15.362464223358165
2022.4565366187542,4881.128753052113,4603.184851406455,563.5812721268251,10788.416237430796,8294.599758610739,28.863292675699128,13.826242836530083
2022.4592744695415,4910.653683034356,4600.769952257517,557.0634247741153,10768.251953950195,7465.139714333216,32.42110231096454,35.212517046679245
2022.4620123203285,4937.802523900121,4597.635294058938,553.6948068121133,10748.034289245008,6718.617928245357,47.84174401921859,75.68944269955492
2022.4647501711156,4962.561461674528,4598.462410984547,548.7550744095031,10727.815866947603,6046.73550799672,59.27309956038148,95.11271425931814
2022.467488021903,4989.813118428696,4599.626535818819,541.0125492401588,10707.570510528507,5442.056913866895,57.725804752805686,89.6200074888158
2022.47022587269,5019.57633773669,4599.626801147365,531.9958620567893,10687.251613075334,4897.821353142674,51.95431318617681,80.65826335853957
2022.472963723477,5049.29702703079,4599.626816232323,523.0950698907076,10666.859600862357,4395.664662249191,46.6275332313026,72.38848404858825
2022.4757015742641,5078.534980757006,4599.923158732396,514.4946952092843,10646.353579317489,4263.68603612206,41.96494057497444,65.14963533504165
2022.4784394250514,5105.813444071796,4601.632204331687,506.528264736694,10625.760400876004,3837.3171480070628,44.93328451501591,60.138381840880484
2022.4811772758385,5129.551862155222,4605.951858425403,499.5676199385419,10605.090873497023,3453.581409003782,52.471657684701746,72.24628377317973
2022.4839151266256,5156.177006925405,4608.262013824882,491.78912319767863,10584.361970068227,3108.214827697716,49.43885918905571,68.31664594047622
2022.4866529774126,5183.738622254897,4609.490936280343,484.22818790229155,10563.560267578661,2797.3872058821626,44.73785873298574,61.97225770478175
2022.4893908282,5213.107780088042,4609.49093825881,476.1577184020368,10542.689477267295,11928.209019562479,40.26406782068259,55.77502419368591
2022.492128678987,5238.315262498638,4607.626997918757,474.1901946337701,10521.741358965013,10735.393832349073,103.67208873291378,56.93537240053624
2022.494866529774,5260.364537117706,4603.728163789557,477.3911864828334,10500.81782662608,9661.788530252994,194.13602200361387,63.37035405116047
2022.4976043805614,5282.478742474309,4601.757803933414,478.48810807153853,10480.00495953692,8695.587409304551,248.434895466802,65.23505497383559
2022.5003422313484,5301.466517274741,4600.560846516711,481.8627435944664,10459.267406630255,7826.012818606809,314.6686169475785,70.60920333336136
2022.5030800821355,5324.3570826206615,4600.992458974195,479.59300378633617,10438.642868634981,7043.454946965933,317.9885773876154,67.0753580994433
2022.5058179329226,5353.384005601716,4600.992458838118,471.59978585256096,10418.037063723783,30576.578474265152,286.18971445501893,60.367820140998646
2022.5085557837099,5382.354469068636,4600.99245826479,463.73979372192537,10397.354492960805,27518.923815145616,257.57089089330196,54.33103771289478
2022.511293634497,5407.731616053311,4600.157854903363,460.3820558690617,10376.597587190421,24767.029837673002,366.0274290360519,49.52446634752581
2022.514031485284,5431.459040398774,4598.837019179742,459.1593675540045,10355.84158688363,22290.300783694493,506.7229255094053,59.68654085853045
2022.516769336071,5451.771918348355,4599.312141042715,459.5187818961014,10335.12207272899,20061.260188489483,659.095626619822,83.21396834247547
2022.5195071868584,5479.393743680791,4599.705597716851,452.5881577956727,10314.465314822846,18055.12943813927,593.189779956322,74.89307530926071
2022.5222450376455,5504.423881974137,4600.548525006615,447.858647536986,10293.749659498435,16249.5559049964,560.6387059504035,71.67764833599271
2022.5249828884325,5525.415796155728,4601.624406751873,446.95649123627726,10273.011919872302,14624.572145019221,592.4805518644533,77.95961844646999
2022.5277207392196,5541.194387852939,4603.741788501381,450.18441142336815,10252.315926238496,13161.996882851747,657.9573182649632,97.70815141306572
2022.530458590007,5557.148363125467,4607.817036399549,451.16860400720043,10231.730410483977,11845.727713599461,626.0438979933812,144.3241363106769
2022.533196440794,5582.630859515665,4609.531641488949,444.91206434902625,10211.21774866255,10661.154139547942,563.4395500868692,131.79596981742176
2022.535934291581,5597.545760010119,4617.377199631061,443.1402349040818,10190.65701947093,9595.017108784225,507.9240939732813,161.92956828514102
2022.5386721423683,5597.065892201617,4637.294765579959,444.66437714082184,10170.12307909379,8635.504711440106,478.8194352917072,217.4027503117786
2022.5414099931554,5575.236669480838,4675.223962771559,449.4446010210712,10149.670780742706,7771.930267887329,462.8534117564249,278.39850749963966
2022.5441478439425,5525.482030059701,4733.675215691172,461.4924722923426,10129.354195972961,6994.730296711359,457.7488033097975,338.5550424199737
2022.5468856947296,5463.728398133414,4802.830390088625,474.57945454676934,10109.293571247368,6295.102541566498,449.4515412580332,370.3347976286126
2022.5496235455169,5464.1612201611615,4825.013964860587,472.17803434222674,10089.5064946522,5909.633129053197,404.508193447292,333.30474882646473
2022.552361396304,5483.5383180543095,4831.7386069503755,466.27707338580456,10069.733615625682,5444.960533351693,364.0480654188368,299.96660426566945
2022.555099247091,5496.249309887245,4842.520643545211,463.0289523707562,10049.916608212963,4900.446740770072,327.6458447762091,269.9755203289215
2022.557837097878,5492.159292434284,4860.066886743541,469.8174956380471,10030.099739200305,4410.362685292311,297.96149539985896,251.53950985818716
2022.5605749486654,5467.6269288940475,4883.319104551197,491.1750385293022,10010.450242041637,3969.3078478966904,287.2460022292706,251.59997223170282
2022.5633127994524,5435.081159965946,4907.671867341797,519.0358673975521,9991.210319310887,3572.346679675839,282.94054820155395,253.93528117366813
2022.5660506502395,5407.590067678564,4920.434640242327,552.9161234736714,9972.486282621616,3215.000267109867,275.4788293237813,248.4376092512414
2022.5687885010268,5392.6511687321845,4919.128076957882,587.6979152912401,9954.377853034872,2893.3947666764134,261.45562942326285,233.79595637704287
2022.5715263518139,5385.294913440567,4906.587064068137,625.5009050873556,9936.90003142012,2604.028778024744,245.03352160526552,214.03601770830625
2022.574264202601,5369.466601705133,4876.625975679972,688.5194851869564,9920.098751444124,2343.544314447081,240.0070579919329,205.87176898487502
2022.577002053388,5397.070612598379,4876.624380687499,677.0481609217171,9904.395559808592,2109.185994888281,216.0071335739943,185.28482759660167
2022.5797399041753,5404.334456487741,4861.741612596358,700.9461783103803,9888.544366621712,1898.2672216302237,198.4958324799025,166.8357716888437
2022.5824777549624,5404.389895577104,4841.553850274091,736.9159882507237,9873.134779914264,1708.4474900797034,190.91969993611764,155.56755339183903
2022.5852156057495,5417.447425788867,4831.403692812071,749.2049044767782,9858.366390938465,1608.0034266739237,173.43596804247548,140.01163269096952
2022.5879534565365,5422.929445234125,4813.457003436889,776.6200245333683,9843.8438408118,1447.1988297632265,166.76967832994177,130.60538000862087
2022.5906913073238,5422.590097387886,4787.236601096289,817.6340766493133,9829.817438882685,1302.4584272497746,165.83839200496655,127.21893812807056
2022.593429158111,5415.376543207376,4753.564089973514,872.2523110174988,9816.513169817787,1172.2026211612554,169.69826496067378,129.10177610751595
2022.596167008898,5403.870747739855,4720.076210464319,930.0328394016856,9804.154216410314,1054.9557329739405,174.17690702065585,131.95965692623565
2022.598904859685,5391.435816079964,4692.5709453054105,981.7678036522078,9792.78734897859,949.3811426245356,177.41680545679787,133.65241036231367
2022.6016427104723,5371.430186994115,4665.780785701885,1039.4592681093905,9782.319573210778,854.4309970153025,184.40641435731155,137.24834549652718
2022.6043805612594,5341.148224528215,4641.161415443515,1104.2654770856495,9772.84259695879,768.9838522695683,194.51429441738063,144.15235590375252
2022.6071184120465,5306.880596659696,4626.711344889664,1161.7840834730837,9764.469588993727,692.065988770643,202.13224244132854,147.27704380096972
2022.6098562628338,5284.415990144563,4621.019192222042,1197.7580081522485,9757.080323497317,622.856552616463,199.74135517352926,143.95477610130033
2022.6125941136208,5264.194325989354,4618.616617133172,1227.5897715926585,9750.300699300986,560.453308508588,194.77566223739095,139.55455364332911
2022.615331964408,5262.995902610355,4618.666601928604,1235.4203487118639,9744.04646076535,504.39690145761614,178.80330829317197,126.73033117927743
2022.618069815195,5261.90062559253,4617.310553939116,1244.4053056784535,9737.940728806076,453.95518372421725,164.9075664658618,117.3335002261862
2022.6208076659823,5256.682831589244,4613.274545252216,1260.0262537010206,9732.001483473694,408.55832937606715,153.86843068708987,111.2322539975997
2022.6235455167694,5246.7120019943,4605.580438146539,1283.7818027497835,9726.33877112555,367.7003277484598,145.33949476187703,109.30663557524743
2022.6262833675564,5234.805478793636,4595.839145168591,1311.1094254751765,9721.086864578767,330.92268381803143,137.07737995000895,108.27089277294297
2022.6290212183435,5217.115985286838,4583.043517955189,1346.8081434746696,9716.301167299478,297.79592462380384,130.23146065129956,109.50959469325008
2022.6317590691308,5196.100212070669,4567.707063343561,1387.762503248867,9712.126935353086,268.0165921854486,123.59992137816874,110.92324209387542
2022.6344969199179,5193.610452363752,4557.491666012044,1404.3747812363843,9708.647714404005,444.4640606212967,112.59163291031732,102.87111287568356
2022.637234770705,5209.633677641537,4552.613502222486,1396.850448665057,9705.454885487108,489.5710959019156,103.68099626785609,92.58396377726416
2022.6399726214922,5217.09878668271,4541.857444530783,1403.8787313448381,9702.145451457862,440.6148874906023,108.11788550760038,83.97226621909546
2022.6427104722793,5222.130238973401,4528.678993754255,1415.6369176605015,9698.962163628037,396.5547991906743,114.23439365028,77.66898501784188
2022.6454483230664,5239.580894282071,4523.108544023312,1407.163167540044,9695.983608170765,674.7829696921389,105.35575124809405,69.90207455574449
2022.6481861738534,5253.775594457495,4514.904807692632,1404.711709413067,9692.872002453,607.3162419992236,117.24286770082948,62.911788445322685
2022.6509240246407,5268.751258544383,4505.874389871563,1402.3383075099714,9689.728058090275,551.8723827021859,125.18653846045068,56.69732973984113
2022.6536618754278,5284.781440506493,4495.931346360026,1399.8539471983397,9686.553179951337,496.6821854447179,129.4692791969012,51.21041372827083
2022.6563997262149,5305.274656127479,4488.7939003825395,1390.1336751449544,9683.345582361217,762.4007734308311,122.8141047699325,46.08931111832636
2022.659137577002,5324.611649150297,4478.530136118867,1384.8491398457365,9679.984788901285,686.1715501046226,131.2802366599176,43.2014621319305
2022.6618754277893,5339.159679072123,4460.995092087523,1391.7037289397529,9676.545113916782,617.5532073065243,151.59472446919003,45.756122734002524
2022.6646132785763,5349.755336743487,4443.330967866549,1402.5161771006506,9673.229032305493,555.7944876773701,172.11765812169128,48.294799881254505
2022.6673511293634,5361.679037253504,4431.606018813966,1405.8721680752976,9670.102189873412,500.2112966472369,176.60183939159867,53.27090200673152
2022.6700889801507,5373.870176274929,4424.575679315425,1404.2016327764052,9667.03982564942,450.17841537576567,171.54976726533542,57.251546548182404
2022.6728268309378,5382.193423851024,4419.84381163597,1404.1198133159476,9663.95816521324,405.15552334073305,168.33499917107267,61.48404043705371
2022.6755646817248,5383.381767857927,4418.484307630916,1407.7934759031384,9660.8835626242,364.63884866937553,167.75432873630294,68.92528259490366
2022.678302532512,5382.056418188582,4422.764241822963,1408.2720248707267,9657.878329133924,328.1584465368784,156.99984770467037,79.58781144575774
2022.6810403832992,5387.0719928712415,4430.0986465446795,1399.3386910941665,9654.88958350611,295.34143905632857,141.41744489743317,80.59116637215058
2022.6837782340863,5393.412645491436,4438.451282534983,1388.2026906982883,9651.760195291492,282.3297218083872,127.27517465145465,79.05925444789415
2022.6865160848733,5399.968641211556,4447.464556699862,1376.3651335786776,9648.456382526103,254.1329368223565,114.74943209690805,76.75365099694758
2022.6892539356604,5404.794936745927,4456.8917186628405,1366.033965026053,9644.96199358138,228.71486125240003,103.95735307565667,75.01810683385615
2022.6919917864477,5403.957576145158,4467.418857021558,1360.4289182509276,9641.305162598555,205.83572099974702,95.74060406826698,75.48493963930068
2022.6947296372348,5396.925754719132,4478.7062840085455,1360.3415741750994,9637.564801113418,185.24233039701033,89.35156894666834,76.79319124173983
2022.6974674880219,5390.243633224656,4488.230167668484,1361.6597133341538,9633.8327997889,166.70082487968807,82.86977711220415,76.66415395034218
2022.700205338809,5405.855517051402,4490.778882998048,1347.6267480970682,9630.133065869679,16205.37143837315,74.58280225328835,68.99774732542413
2022.7029431895962,5410.09507191364,4492.110796930023,1346.4066519986623,9626.209593173862,14585.07391956118,1376.6283104878933,64.32908868182693
2022.7056810403833,5410.136850861934,4488.1377446319175,1354.6988908915573,9622.27652763078,13126.55709776533,2653.956875272398,62.73041030715191
2022.7084188911704,5411.5585227586735,4481.2710130639,1364.3559970239558,9618.492381169664,11813.842781082192,3544.2790920794687,60.26348271383918
2022.7111567419577,5414.617400205325,4473.699953974884,1372.9095231214865,9614.878936714502,10631.939643668187,4134.830639211017,57.171306338414475
2022.7138945927447,5424.065354141792,4467.496218672827,1373.553557361491,9611.418583840088,9568.711424589801,4275.138042689883,52.41117897399631
2022.7166324435318,5432.002482023069,4459.177286044754,1377.8033814589396,9607.97846448943,8611.708863153266,4445.7797922300915,48.7716019480163
2022.7193702943189,5436.464812381282,4447.251891119517,1389.0542228633992,9604.618587651998,7750.492832507715,4482.00400868248,280.3500662921451
2022.7221081451062,5341.177623723224,4536.3474301972965,1398.8369786093353,9601.45538148634,6975.405745146399,4066.8863319210554,698.141134562585
2022.7248459958932,5054.236760676649,4815.204246714802,1410.340373730788,9598.46393289395,6277.846651875119,3724.589727868448,1086.9614281763747
2022.7275838466803,4644.6642938804025,5220.278803299348,1418.0577010845236,9595.672415751922,5650.052015380965,3370.75959940915,1260.9779801784023
2022.7303216974674,4180.220675866994,5682.6692491001795,1424.7534158816227,9593.017132378789,5085.016903719749,3077.7888934854823,1475.2455868575419
2022.7330595482547,3762.1495573392476,6160.792437138927,1429.2302269564277,9590.480626449953,4576.440359531412,2794.8456975059507,1572.2339350365862
2022.7357973990418,3385.933980479469,6630.43459639955,1433.4045200367686,9588.025839633247,4118.7955679890265,2552.366480132615,1655.2632177148535
2022.7385352498288,3047.3041599311605,7068.089719995674,1435.824939714578,9585.6472771577,3706.871705295815,2325.3800494162515,1661.7873764644223
2022.7412731006161,2742.296695462856,7459.891028878746,1436.2766564133187,9583.31526212699,3335.8475210978318,2104.5008440218353,1635.957340004323
2022.7440109514032,2468.03868654229,7814.272789743102,1435.442183093599,9580.997535216697,3002.2282957555944,1907.590493753838,1628.0555964259397
2022.7467488021903,2221.23476627693,8074.977443387352,1486.1602490429245,9578.67226330014,2702.0054033980377,1716.8376811452342,1465.2814764843426
2022.7494866529773,1999.1047107276258,8127.291436242399,1682.9211087974231,9577.198432591349,2431.8017685413865,1566.6217729518844,1436.176573706899
2022.7522245037646,1909.7987439741337,8056.245550751966,1841.8911478814332,9579.008177275204,8163.4626564216105,1409.9594498200865,1292.5590150961696
2022.7549623545517,1886.1897057432484,7990.688232201224,1927.0313290701376,9583.462252868127,9978.64721491981,1450.7126599247795,1163.3018479208306
2022.7577002053388,1803.2841238921062,7799.200487933473,2195.9917908814414,9589.323017175724,8981.021617329485,2090.255688271205,1058.4601104936316
2022.7604380561258,1671.3854381569408,7455.289858773907,2661.901570571593,9599.650452380298,8082.912528985694,3257.3914534820074,1018.351778204314
2022.7631759069131,1554.8154318861566,7113.576153250118,3102.5946455526887,9617.668989193782,7274.086404396109,4414.584863068851,976.557887342874
2022.7659137577002,1453.8469915620412,6792.504339348453,3499.7035121775734,9643.02827679468,6546.668394592923,4941.942072497926,878.9016146021279
2022.7686516084873,1373.0020198191921,6498.569575680774,3843.0633985006243,9674.876025882151,5891.319708264565,5329.787560658119,790.9199148201865
2022.7713894592744,1311.4745741000113,6240.763814389941,4125.28847906398,9712.412052328807,5302.0886511113595,5370.756956918454,712.4112282637078
2022.7741273100617,1259.9065079122254,6013.99467772011,4361.908349085696,9754.557285164698,4771.87687808163,5892.924920825781,1041.786754589151
2022.7768651608487,1209.761027409923,5910.9745642405205,4469.528423782248,9800.53070445003,4294.685883969678,5872.291609245905,1161.2272973026156
2022.7796030116358,1123.598204040931,5808.9947943467505,4610.457549460633,9848.172072034411,3865.304855831137,5982.239533471188,1458.2589115820938
2022.782340862423,1074.9169708738148,5776.837516544301,4641.8649135932465,9898.031118871364,4048.890511595621,5585.966699024296,1472.9642813699018
2022.7850787132102,1040.2938879875717,5758.514087187424,4644.993001381867,9948.27744332586,3644.764349637136,5196.195503845825,1453.4213231958336
2022.7878165639972,1009.7754118224819,5747.255547954298,4637.036884585724,9998.43847552021,6359.534802209623,4779.482822373009,1441.1286433075554
2022.7905544147843,987.7371144809521,5741.972827835247,4614.894830761151,10048.329446805363,5723.655806766661,4815.064569768676,1404.9486443218582
2022.7932922655716,1008.6363256204218,5741.928479186823,4545.0825336818325,10097.71478139363,9478.840640377932,4333.584286650385,1264.4584711650923
2022.7960301163587,1027.0082492296856,5742.650322884631,4478.330260980119,10145.801186788269,150719.55352175562,3919.4319694621454,1138.0133327821293
2022.7987679671457,1017.8163049241906,5747.754452230614,4436.003821983008,10192.643340744888,135648.92686632846,24724.103778304485,1119.626481799435
2022.8015058179328,1024.4493135927598,5748.009203696579,4383.535311370247,10238.651991223122,122083.48524812529,32087.368815214835,1026.8966552593304
2022.8042436687201,1008.1132745645821,5734.904908306258,4368.395665518524,10283.659871493348,109875.05569909129,49468.221983064934,1062.0061780386945
2022.8069815195072,986.781453586588,5713.669450211918,4366.75855519285,10328.292160891351,98887.20698885374,63592.051471925806,1113.9151031423623
2022.8097193702943,963.2591177614154,5689.334175676779,4370.560915719395,10372.775310725116,88994.58211358072,73155.02756548984,1190.874042709209
2022.8124572210816,931.2270648043617,5668.0824613355135,4379.848442881767,10417.19945086106,80094.77380817321,81505.69617154307,1401.444136684926
2022.8151950718686,904.7791636845257,5660.500899855808,4369.848616534697,10461.656639807687,72084.95656355526,82811.74322127823,1519.264699887161
2022.8179329226557,870.7528226683153,5658.352713962065,4362.282111643962,10505.825571608368,64875.92080714379,80654.176518469,4436.79713290379
2022.8206707734428,783.6776336018552,5834.1828330929175,4382.103649260901,10549.747190679003,58388.32590355045,74984.6987817144,15169.9069846147
2022.82340862423,705.3076111393725,6581.856244929543,4394.778767558465,10593.878780049477,52549.32499727549,69688.57818002324,23754.323758382165
2022.8261464750171,634.7756627350327,7387.757275627896,4381.15863063271,10638.100753730445,47294.304037834445,63163.256592774385,27024.92011485384
2022.8288843258042,571.2956141664106,8497.550425020047,4383.874244933468,10681.974705254517,42564.68868931071,58458.65230800278,31392.115899037082
2022.8316221765913,514.1639831862665,9917.052117812804,4400.1070524350835,10725.77361631202,38308.06562643163,54801.46676178241,36146.091068216694
2022.8343600273786,462.7469048524839,10691.927584454603,4374.819057610959,10769.72300887742,34477.13512635815,49321.409795166874,34679.0175075261
2022.8370978781657,492.6794052532886,10691.941583517091,4301.9062121917295,10813.130665141385,31029.353928561824,44389.17199360253,31211.12461514173
2022.8398357289527,522.6294681483005,10691.941583517091,4229.156794701978,10856.357919736123,27628.236408836096,39523.68910647855,27790.090662360104
2022.8425735797398,552.7926119688594,10691.942684120864,4158.590703715752,10897.18851882502,24842.899443126815,35539.11366487837,24988.43643665168
2022.845311430527,497.51340486677776,10904.35235493527,4139.363839825595,10936.643075974891,22358.604503577655,31985.19515243412,22489.688242401367
2022.8480492813142,447.7644141300926,11078.01105656472,4511.937424959151,10975.669328535387,20122.736586311377,28786.459257202998,21980.322801688824
2022.8507871321012,478.2476058906897,11078.00393851736,4436.869542239327,11020.788059351376,26792.14351289971,25907.294451475973,19782.497967352956
2022.8535249828885,430.42286966705166,11000.1594292718,4538.549519061924,11064.541956155157,24112.93449251379,23316.583859060083,17804.257279198893
2022.8562628336756,387.37517706051443,10506.725762732536,5337.367211367187,11109.86885456962,21701.338211712406,22814.026289534486,17064.45452635608
2022.8590006844627,348.63513926061495,9762.651290403674,6413.143714735502,11168.37925654524,19531.063211105447,23989.282301581843,16777.90260360588
2022.8617385352497,313.76645024546133,8991.480540877885,7471.364986237992,11244.64294865883,17577.666973744927,26205.572974352297,16369.112911301105
2022.864476386037,282.37623596769396,8310.893506220413,8357.738960473196,11338.290635588304,15819.140106460545,28439.427558436808,15655.267723092864
2022.867214236824,254.13636908968382,7480.994019544342,9429.817326602502,11446.512100967859,14237.100423836031,32253.889865724006,15375.06379049865
2022.8699520876112,228.72117004733465,6732.856736055624,10465.847713901849,11572.30569600899,12813.302868398332,35662.83907563103,15520.42291133422
2022.8726899383983,205.84851426490658,6113.407285490298,11164.472140634425,11715.027956714783,11531.942398424262,36967.4080818698,15280.264019451333
2022.8754277891856,185.26307929618127,5716.7939914908175,11544.386697640186,11869.003654519052,10378.715467670947,36214.62585049847,14474.44332377189
2022.8781656399726,166.71771926769023,5368.43720526032,11834.509760836887,12028.837582860391,9339.77659376012,34803.25463500313,13632.34579655774
2022.8809034907597,150.0329612795206,5066.379331107833,12048.974728125258,12193.092900201695,8405.071435754402,32930.2425488555,12958.455474854298
2022.883641341547,135.02770912632118,4761.023755310779,12267.994346678091,12360.499748828604,7564.454712711934,31421.61917445216,12971.321826527754
2022.886379192334,121.52474133462516,4387.604055678808,12583.056139585371,12531.101519629978,6807.998211980396,30703.57208103676,14216.010492559055
2022.8891170431211,109.37100775266494,4071.039340712444,12835.255724495895,12706.482875187243,6127.127834589219,29286.150817475544,15540.967769908519
2022.8918548939082,98.43460033176416,3833.881654426198,12989.593892945957,12885.587329410153,5514.338371177749,27538.23205286548,16069.873184847418
2022.8945927446955,110.61056245038958,3795.450891840178,12835.086928565013,13066.777139267082,4962.891501507491,24784.37376897581,14462.90059153994
2022.8973305954826,146.83704158168078,3795.449910996436,12621.170190106795,13244.896298230267,4466.594579114242,22305.897578448905,13016.588406852983
2022.9000684462696,132.15334018904804,3751.481995058956,12513.331435360662,13418.961750708015,4019.93508331499,20075.30763139454,11818.484437758309
2022.9028062970567,120.79496467327337,3709.630674057058,12395.210021731686,13590.766108944614,3617.6840306959616,18066.490707982928,10756.495362698737
2022.905544147844,129.9752490200215,3683.8731529490146,12242.862285370606,13760.118982066995,3255.99372595368,16259.758047116182,9680.801961407391
2022.908281998631,153.5166688228719,3674.0394804313387,12063.23367599021,13926.46774416221,45383.24719438178,14633.781432951593,8712.721283334138
2022.9110198494182,186.21245130470248,3671.793400588976,11870.312473146789,14089.367145082393,40845.51655584825,14576.214511413837,7841.443224127224
2022.9137577002055,167.5917396587562,3658.1054425894436,11756.993952301464,14248.604763293879,36760.98222133656,34741.40248286515,7552.759184621652
2022.9164955509925,171.79795308112986,3645.5571933897945,11608.85184667465,14405.518079216798,33086.04263878637,40639.12060667106,6821.799436780019
2022.9192334017796,193.98801917878623,3638.461851956468,11440.171238738647,14559.531862488471,29777.426714711302,39600.2246103343,6139.617173843677
2022.9219712525667,220.45746569038886,3633.7784310347756,11268.0262168212,14710.31875881601,26799.018485338223,36964.90777057921,5525.518229532739
2022.924709103354,219.94337470277551,3615.2870628088303,11139.960625333115,14857.81770951766,24119.047949767264,40752.86659781795,5056.46470899596
2022.927446954141,254.2720299639135,3611.4824563519683,10964.904538535478,15002.777647511017,21707.113862824466,36677.94447947775,4550.81591402787
2022.930184804928,252.20190987993809,3601.2545564781394,10835.985254292635,15144.422851711674,19536.380965487908,38339.99665410681,5156.888604624975
2022.9329226557152,232.50882286258087,3602.2081079299887,10716.044305413563,15283.53123615625,17582.72578332649,35583.518519844096,10873.204658597944
2022.9356605065025,209.2615127495248,3657.5858536843743,10596.247276978233,15420.260591543698,15824.346065198863,32746.46292541054,14533.780151978786
2022.9383983572895,188.33386575330692,3715.9812245578646,10469.695212109445,15554.618949165488,14241.798325334757,29552.558126527598,16061.213407925308
2022.9411362080766,169.4988509422325,3766.610130532252,10336.671798710933,15686.500402406975,12817.495365686385,26597.06931967786,16384.54723095561
2022.9438740588637,152.54637113307783,3828.384902758262,10212.736117423674,15815.805104262738,11535.549616893159,24106.91258481278,17144.66079306103
2022.946611909651,137.29137537317905,3873.3534442242517,10079.71998121667,15942.687177739748,10381.998354515814,21696.169555275483,16742.25159491175
2022.949349760438,152.9267427473359,3886.8705702191355,9926.678626773786,16067.003939885415,20132.753260621776,19526.550331192007,15068.040671542143
2022.9520876112251,153.53592516119247,3908.5434592125603,9783.399075685067,16188.42977620264,18119.703824027605,19033.37760557888,13740.777408611468
2022.9548254620124,138.18268563458824,3950.157084915875,9669.033790680955,16307.134866233404,16307.711157743555,21221.855212106377,13813.96458916162
2022.9575633127995,124.29036592806789,3979.783071836584,9560.59929125836,16423.716839790726,14668.145859757433,22545.18035294745,13630.278910866942
2022.9603011635866,150.20086362927395,3977.0308387203363,9423.522252683475,16538.06388191578,14975.900394215929,20290.73094179004,12267.266455988733
2022.9630390143736,175.90440532669038,3966.632690020807,9296.894296522072,16649.814345079296,13478.56580357723,18261.52568093548,11040.459904039328
2022.965776865161,210.01343311791504,3959.894629967,9160.617861314424,16759.14771254952,12130.643613773718,16435.34989646372,9936.364577785354
2022.968514715948,204.6903934970233,3939.708593433801,9079.792324312857,16865.910225705178,10917.529401828275,15789.024534801565,9048.187955571431
2022.971252566735,251.32604838289095,3939.7085234906463,8928.46270169302,16971.0321633823,14317.281214380075,14210.124802730605,8143.367316980808
2022.9739904175221,298.2499259281307,3939.7085233773073,8779.654990472869,17073.343897170555,47302.36864139347,12789.112299692477,7329.030572106614
2022.9767282683094,309.64485160443775,3937.7440687146914,8671.101128147768,17172.89520121498,42572.138372894806,16797.45907455789,6854.541478686204
2022.9794661190965,278.6808088460675,3934.2841784987413,8616.781541671053,17270.364627639316,38314.90130740993,27517.319231938163,7376.789822759967
2022.9822039698836,250.81787306284184,3936.3602711193575,8562.96260165343,17366.664438175754,34482.375409568645,36147.114359797095,7837.897495006073
2022.9849418206709,257.55007347115605,3939.820723602911,8458.06134495366,17461.80093530261,31034.020221486036,35769.22947821087,7267.531688559556
2022.987679671458,305.8121375011659,3939.8215864501935,8317.098065569462,17554.929187809514,27930.426998290346,32192.776686639423,6540.777460429919
2022.990417522245,354.0805880088443,3939.8215864501935,8176.130376486901,17648.056326384398,24827.024976141744,28615.853738818332,5814.024291573965
2022.993155373032,402.3490385165227,3939.8215864501935,8035.16268740434,17741.18346495928,21723.622953993137,25038.930790997245,5087.271122718009
2022.9958932238194,450.99839519474847,3939.8215864501935,7897.702490275086,17830.42220541031,19083.53964305892,21995.98593410716,4469.0155277522845
2022.9986310746065,500.03227729052736,3939.8215864501935,7763.78311215168,17915.735601437937,16911.177347659606,19492.092855007435,3960.288415480484
2023.0013689253935,549.0661593863063,3939.8215864501935,7629.863734028275,18001.048997465565,14738.815052260294,16988.19977590771,3451.561303208683
2023.0041067761806,598.1000414820851,3939.8215864501935,7495.944355904869,18086.36239349319,12566.45275686098,14484.306696807986,2942.8341909368824
2023.006844626968,648.0496040705525,3939.8215864501935,7370.726714681979,18162.058372127598,13899.593479354375,13002.3769663922,2641.7445964286057
2023.009582477755,698.2365338502709,3939.8215817222367,7247.881282150044,18235.14477960776,12509.63565777594,11702.13757304376,2377.5707327660484
2023.012320328542,722.1656554840532,3935.688176849054,7157.67472903449,18305.983515962726,11258.965860307375,10531.922904516745,2905.255098860969
2023.0150581793291,772.7468711638041,3935.688181519169,7038.380193599018,18375.12473104833,44977.760060759516,9478.729608198328,2614.7310803931305
2023.0177960301164,780.3319959960995,3935.3727691767112,6964.574847485422,18442.088264672093,40479.99109372826,13764.142808356424,3093.8135696233503
2023.0205338809035,754.7919552176212,3946.637334538069,6913.727822528319,18507.638665046325,36431.85766561328,19258.002946211604,3793.9827332573336
2023.0232717316906,768.1995329203538,3957.5391104961495,6825.32325596937,18572.16177794446,32788.60283819544,19017.20643555994,3606.9989780660408
2023.0260095824779,819.4966066911172,3957.5430565256615,6711.576094878501,18635.035819235054,29509.458037238637,17116.072318638537,3246.342070628862
2023.028747433265,870.8071416991843,3957.5430565256615,6597.820707279012,18697.908571826476,26230.597753419093,15214.35167508254,2885.642172822258
2023.031485284052,922.1176767072512,3957.5430565256615,6484.065319679522,18760.7813244179,22951.73746959955,13312.631031526547,2524.942275015654
2023.034223134839,973.6096590529054,3957.5430565256615,6372.306979043361,18821.47558270841,20018.270157321123,11611.209993215702,2202.2356571857895
2023.0369609856264,1025.596124656199,3957.5430565256615,6266.022098098317,18876.20189805016,18003.881022650865,10442.802922098594,1980.6301504111993
2023.0396988364134,1077.5897111841673,3957.5430565256615,6159.816981780927,18930.841327839582,16002.054006918752,9281.681922777023,1760.4065846926205
2023.0424366872005,1129.5832977121354,3957.5430565256615,6053.6118654635375,18985.480757629,14000.226991186639,8120.560923455453,1540.1830189740415
2023.0451745379876,1181.7146597862663,3957.5430565256615,5949.035413564868,19038.35374745354,12182.94252039444,7066.4719248575375,1340.259637271681
2023.0479123887749,1234.3024330659416,3957.5430565256615,5849.884823327078,19085.34446441166,91012.57757785557,6359.824731659689,1206.233673409453
2023.050650239562,1287.0189478130092,3957.5430565256615,5752.386740063852,19130.55393292782,81911.333531895,5723.842135577549,1085.6102827556601
2023.053388090349,1339.735462784,3957.5430565256615,5654.888659675067,19175.763398345614,72810.07577410944,5087.85966241158,964.9869154147149
2023.0561259411363,1392.4519777549908,3957.5430565256615,5557.390579286282,19220.97286376341,63708.81801632389,4451.877189245612,844.3635480737696
2023.0588637919234,1445.1684927259817,3957.5430565256615,5459.892498897499,19266.182329181203,54607.56025853833,3815.8947160796424,723.7401807328243
2023.0616016427105,1497.8850076969727,3957.5430565256615,5362.394418508714,19311.391794598996,45506.30250075277,3179.9122429136733,603.116813391879
2023.0643394934975,1550.6695505030007,3957.5430565256615,5265.788810848011,19355.64075945368,36904.90823642196,2578.8595055437427,489.11838074618294
2023.0670773442848,1604.062800945881,3957.5430565256615,5177.178285726634,19391.285934132175,32761.733466067926,2289.3406688580017,434.2069036801259
2023.069815195072,1657.6057909475749,3957.5430565256615,5090.714732463821,19424.634397393296,29435.8343211808,2056.931837795126,390.1271735218056
2023.072553045859,1711.1605017260192,3957.5430565256615,5004.4284277017105,19457.79389137696,26159.660974574006,1827.9977709093255,346.7064831537931
2023.075290896646,1764.7152125044636,3957.5430565256615,4918.1421229396,19490.95338536063,22883.487627967213,1599.0637040235254,303.2857927857805
2023.0780287474333,1818.269923282908,3957.5430565256615,4831.85581817749,19524.112879344295,19607.31428136042,1370.1296371377252,259.8651024177679
2023.0807665982204,1871.8246340613523,3957.5430565256615,4745.569513415379,19557.27237332796,16331.140934753628,1141.1955702519251,216.44441204975533
2023.0835044490075,1925.3793448397967,3957.5430565256615,4659.283208653268,19590.43186731163,13054.967588146834,912.2615033661249,173.02372168174273
2023.0862422997945,1979.4715413293131,3957.5430565256615,4581.500035049929,19614.55074442545,11720.14362746575,818.9860122638793,155.33266209778316
2023.0889801505818,2033.5718574041393,3957.5430565256615,4503.845314905708,19638.533048494846,10414.646868651067,727.7598619272667,138.0302899296089
2023.091718001369,2087.6721734789658,3957.5430565256615,4426.190594761487,19662.51535256424,9109.150109836382,636.5337115906543,120.72791776143464
2023.094455852156,2141.772489553792,3957.5430565256615,4348.535874617266,19686.497656633637,7803.6533510217,545.3075612540417,103.42554559326035
2023.0971937029433,2195.8728056286186,3957.5430565256615,4270.881154473044,19710.47996070303,6498.156592207016,454.08141091742925,86.1231734250861
2023.0999315537304,2249.988858170809,3957.5430565256615,4193.536158508066,19734.136804125817,5224.031494004607,365.04746504858355,69.23658486095599
2023.1026694045174,2304.4825516117803,3957.5430565256615,4123.637230508143,19749.969938684775,4739.364873848369,328.4967285297471,62.304203696824175
2023.1054072553045,2359.0199581024244,3957.5430565256615,4054.909938212481,19764.587724489786,7423.263830898356,295.6470396113074,56.07378028009158
2023.1081451060918,2413.597412751197,3957.5430565256615,3987.3280841499277,19778.02002390356,8459.694015060068,266.0822732489751,50.466390416782936
2023.1108829568789,2468.2116682453293,3957.5430565256615,3920.8725935577236,19790.289159001655,10285.738751089326,239.4739868060504,45.419740162507104
2023.113620807666,2522.8595374018964,3957.543055240099,3855.524705690735,19801.417078997652,10317.424543864518,215.52663917496085,40.87780969564277
2023.116358658453,2577.446792506377,3957.374229372867,3791.525886253689,19811.425369197455,10180.099036406264,206.7779887037321,43.096105237997
2023.1190965092403,2630.131092803678,3954.5453174475883,3733.184171792687,19820.339595286452,10310.917550997656,719.3470357877918,192.35470818281908
2023.1218343600274,2674.2181038981093,3960.203837832083,3675.94905134083,19828.25708425939,9279.84462840897,1264.8849508257522,305.73395221280373
2023.1245722108144,2716.220195207776,3969.7491223466614,3617.8874627521936,19835.199197023772,8351.830780896573,1501.8691331247437,345.55851590384367
2023.1273100616017,2770.990960181545,3969.7492343394374,3557.5893296982754,19841.154353111157,12562.115082201733,1351.6875274772062,311.00352545992644
2023.1300479123888,2825.7781870652925,3969.7492343394374,3498.2961673612094,19846.08818856448,11305.928424414036,1216.5186724819032,279.9031493879884
2023.132785763176,2880.5710546675787,3969.7492343394374,3439.4153822269627,19850.60400609644,10102.14811841391,1086.9903302602002,250.10057278724096
2023.135523613963,2935.384171110278,3969.7492343394374,3382.0917915335604,19853.54238034715,48670.638524248534,978.2912841735183,225.09051250344965
2023.1382614647503,2990.205337903061,3969.7492343394374,3325.7235946867754,19855.517310401145,43803.57792657964,880.4621521016318,202.58146041224984
2023.1409993155373,3045.0313077708483,3969.7492343394374,3270.1893542066887,19856.653481013444,39368.55712356059,791.3171967478543,182.07051033807957
2023.1437371663244,3099.857885333591,3969.7492343394374,3214.760627628576,19857.68353002881,34988.19933090262,703.2709815376911,161.8123642968546
2023.1464750171115,3154.684462896334,3969.7492343394374,3159.331901050463,19858.713579044183,30607.84153824466,615.224766327528,141.55421825562962
2023.1492128678988,3209.51875706438,3969.7492343394374,3106.3469216340236,19857.292164292576,27390.29575766211,550.551344355509,126.67381000448997
2023.1519507186858,3264.3540915275153,3969.7492343394374,3053.691389949849,19855.540261513615,24329.511603837644,489.0288677227561,112.518388178927
2023.154688569473,3319.18942599065,3969.7492343394374,3001.0358582656745,19853.788358734655,21268.727450013175,427.50639109000326,98.36296635336404
2023.1574264202602,3374.0132460960344,3969.7491882344184,2950.625328831217,19849.803014168738,19002.61630933585,381.957792539714,87.88272420399994
2023.1601642710473,3428.659675225185,3969.4943197954935,2901.867494034236,19844.5971882755,17102.32537030184,345.3610035282218,80.85164908449829
2023.1629021218343,3479.373409120912,3963.4026964403683,2863.677575517175,19838.592896251947,15392.090652398365,491.2072027330498,596.6936325220454
2023.1656399726214,3494.1004069693377,3991.2304281724564,2828.1747979352895,19831.96884425332,13852.799470810234,645.9597413340026,1115.9370944591321
2023.1683778234087,3449.0730314380476,4076.168444147384,2795.8898936219507,19824.771008123018,12467.498468661437,823.4486022241352,1654.8578755516253
2023.1711156741958,3438.508236040873,4135.43203569113,2755.33525144912,19817.05475414927,11220.742675386098,811.7528867482106,1662.632859456885
2023.1738535249829,3425.878066261703,4197.196195486067,2714.9992238979776,19808.68469168465,10098.507511605321,796.9514305015043,1639.5998317291485
2023.17659137577,3480.5753162890455,4197.1971359943045,2669.7492811686825,19799.66434387836,29174.33819355966,717.2574506265792,1475.6416603425832
2023.1793292265572,3535.2488721221257,4197.1971359943045,2625.253456873155,19789.914512340813,26256.930696157186,645.5316744677211,1328.0774303326502
2023.1820670773443,3589.904727361849,4197.1971359943045,2581.2490514355623,19779.690962538683,23532.817553256828,578.5588052301509,1190.2915406590205
2023.1848049281314,3644.551571231276,4197.1971359943045,2537.494827154343,19769.226242950474,20907.124483641113,514.0056377833789,1057.4837976257556
2023.1875427789184,3699.1984151007027,4197.1971359943045,2493.740602873124,19758.761523362267,18281.431414025392,449.4524703366068,924.6760545924906
2023.1902806297057,3753.8452589701296,4197.1971359943045,2449.9863785919047,19748.29680377406,15655.738344409674,384.8993028898347,791.8683115592256
2023.1930184804928,3808.4921028395565,4197.1971359943045,2406.232154310685,19737.83208418585,13030.045274793956,320.34613544306256,659.0605685259605
2023.1957563312799,3863.0130091532556,4197.1971359943045,2365.6996812967886,19724.271550886046,11571.738236680634,284.49337960572586,585.2992989770186
2023.1984941820672,3917.5171614386963,4197.1971359943045,2325.5958120582773,19710.29916783912,10268.733709201239,252.45876606141962,519.3932421244226
2023.2012320328543,3972.0213137241367,4197.1971359943045,2285.491942819766,19696.32678479219,8965.729181721843,220.42415251711338,453.4871852718265
2023.2039698836413,4026.5254660095775,4197.1971359943045,2245.3880735812545,19682.35440174526,7662.724654242447,188.38953897280712,387.5811284192304
2023.2067077344284,4081.019227538269,4197.197067002892,2205.4669651793197,19668.20971760991,6396.291494667079,157.25409309214373,323.52513458395975
2023.2094455852157,4111.717449730961,4140.587737199722,2248.9336943436415,19651.081996056062,5756.661987713257,149.33483407299872,507.12411733344555
2023.2121834360028,4080.4788862254154,4059.408961723567,2378.135310556396,19634.725618825014,5180.9937441889115,197.37666465457036,881.3210626560566
2023.2149212867898,3939.9376078386,4057.1107838392913,2535.561034273728,19620.56725137877,4662.889468938035,318.92081579110464,1251.7845781462484
2023.217659137577,3732.446981004761,4149.064500122774,2663.024733925354,19609.0683622775,4196.53706837289,470.1594962095656,1472.9092887821457
2023.2203969883642,3499.710045375353,4292.820997110516,2761.7750316813804,19599.726403163142,3776.8351295513257,640.2240343028595,1547.1016269291515
2023.2231348391513,3310.309959061338,4429.022496231752,2823.070471792743,19592.05745024456,3399.135138624691,738.783806784132,1555.6734812265286
2023.2258726899383,3179.0228420513167,4537.070414055309,2853.363637626292,19585.431383597457,3059.4241196059447,778.8434853202165,1488.192837680754
2023.2286105407256,3233.110526041546,4537.0697697089445,2805.8071838129395,19579.328697766934,10360.715590003658,700.9585908184325,1339.3727167574575
2023.2313483915127,3234.046346286375,4569.571152262853,2779.6764234800116,19572.450155301132,9324.644880641039,899.1458499415153,1205.4354277636203
2023.2340862422998,3216.407960846018,4614.76147780137,2759.8475579009073,19565.154980782074,8392.171391203983,1170.3818546545535,1084.890721341303
2023.2368240930869,3265.407828710428,4617.3411040433875,2716.3016156026447,19557.549328973906,7552.938267779944,1053.3579820661464,976.3995828501003
2023.2395619438742,3318.527855587611,4617.438316543412,2671.8205595577087,19549.241045641655,6797.365383091814,947.9831761838045,878.7234571267877
2023.2422997946612,3359.6539150894055,4611.454115075427,2646.1357321413684,19540.21191502418,9642.299053095048,862.6623572145535,790.8498713202157
2023.2450376454483,3372.4936444954105,4571.7498333607,2682.860711657729,19530.779387816547,8678.091129278506,1078.536729934382,711.7640616577243
2023.2477754962354,3423.2750302968916,4567.729500879975,2645.322274250377,19521.984671903127,9444.487941917352,970.688975651038,640.5867072992412
2023.2505133470227,3477.1851301992756,4567.726061292937,2601.2384569572773,19512.58972888087,9302.940764626774,873.5978124099219,576.5133416698076
2023.2532511978097,3531.0717963916445,4567.7255378653335,2557.8853590607537,19502.48458401263,8372.646073424472,786.2401593142653,518.8623090478414
2023.2559890485968,3563.900396799982,4536.734317354187,2567.2759180699536,19491.68454510625,7535.381056897272,831.8777004248246,506.9538541922459
2023.2587268993839,3555.8101973473504,4457.646466907129,2665.4958353252964,19481.0705777506,6781.832217647466,1159.877793374578,624.3779404459525
2023.2614647501712,3609.6098553989013,4457.645950904088,2621.0725527614622,19472.122618265923,6103.644745722327,1043.8909509141542,561.9404706302337
2023.2642026009582,3660.27715676781,4455.63672313289,2582.5060257823884,19462.45897164728,5493.27155723992,939.5228459919639,505.7537860237503
2023.2669404517453,3674.676607125739,4430.090358768243,2604.360744323393,19452.179067112993,4943.931153040814,971.5658687013707,540.3780363634756
2023.2696783025326,3697.9745085699965,4417.808155795204,2603.6609854531794,19442.291027511976,4449.480539442147,924.2963158972751,539.250192154887
2023.2724161533197,3730.047515185966,4412.010533073538,2587.6857086698597,19432.41882040099,4004.512909073656,840.6843141112495,510.6210053574961
2023.2751540041068,3752.759884570454,4405.630588162002,2581.8925162112005,19422.307488386687,3604.0473955072707,779.4339437097501,520.6712989623305
2023.2778918548938,3743.691863431043,4400.964123434203,2606.2351468285315,19412.127243636565,3243.6341342863716,778.2270754134736,609.2245862650384
2023.2806297056811,3742.7458149850504,4409.5876984380575,2608.7340036770256,19402.37876023021,2919.118975715129,739.2820900708568,625.1934244292347
2023.2833675564682,3721.097026934918,4426.320333051898,2623.7563865626826,19392.70043078085,2627.2088685956815,718.9689530053666,668.6086043960053
2023.2861054072553,3736.0432702513863,4433.6818086093035,2611.2779959356094,19383.29900253405,2891.9996999613463,648.4285301637311,621.2186563869539
2023.2888432580423,3740.8314938446547,4437.800015506599,2612.3830612389715,19373.715406740124,2602.828297520872,627.6776791489265,594.229288921948
2023.2915811088296,3777.255061011316,4439.972228593597,2583.7541422300487,19364.176445495388,2342.5412341109723,564.9096248415246,534.8059747485586
2023.2943189596167,3830.73462665692,4439.972339784598,2540.692280457613,19354.18653043121,2885.1119574004238,508.41811054252787,481.32478717616056
2023.2970568104038,3843.446589982478,4436.744076904976,2542.316769801478,19343.50624064141,2596.6013468677334,530.9414715473903,456.94684069790054
2023.299794661191,3830.4469224078402,4429.443722349533,2573.668807670189,19332.88212490277,2336.8626184194354,605.6199903927286,468.466626359605
2023.3025325119781,3859.530955303206,4427.617135730712,2556.911583978305,19322.809802318123,4438.895456186271,560.8821954034066,421.6199711392739
2023.3052703627652,3912.8980602616957,4427.617135730712,2514.296390703117,19312.48579063483,3995.0171836539353,504.7939725169705,379.45797052152
2023.3080082135523,3966.2367847657924,4427.6170807446,2472.3916013139715,19301.479810505985,44514.12046772028,454.3150395621397,341.51223782985136
2023.3107460643396,3978.4646884467234,4395.481280609841,2504.401636397536,19289.805571876244,40062.71621732249,3662.7644786924143,341.5834037330149
2023.3134839151267,3992.966161191692,4365.647809256025,2531.271241928549,19278.695864954076,36055.69534881795,5883.208494844224,334.51278167161286
2023.3162217659137,4046.212282296298,4365.6477233618325,2489.083643067654,19268.06532860456,32450.08765420561,5294.916013575465,301.0614832920452
2023.3189596167008,4076.811392029787,4348.868378776061,2486.996260320141,19256.760846204343,29205.073382122737,5904.233926714131,281.968620019897
2023.321697467488,4086.516052151418,4319.2555164320365,2518.640673396202,19245.45253535066,26284.53476727139,7612.485587941729,297.17216204593194
2023.3244353182752,4081.415558733892,4291.158680536205,2563.015890913953,19234.702547146262,23656.04701071393,9447.728396951088,352.27593353703
2023.3271731690622,4080.0736373339296,4278.362468625257,2587.563377386224,19224.721093984903,21290.247668220523,10105.608457513432,399.2242206925261
2023.3299110198493,4122.452784114419,4277.821050336758,2555.698008718305,19215.176634160827,19161.341241066886,9095.096649589503,359.30440451159393
2023.3326488706366,4175.524816134125,4277.821050527953,2513.102915747776,19205.12759492047,23991.33175056208,8185.524246775759,323.3715433674433
2023.3353867214237,4211.500969509485,4276.939481292414,2489.1679675430864,19194.395858985332,21592.200982303817,7366.979299115081,576.7416493292058
2023.3381245722107,4207.2921919203,4302.199299337272,2479.646070894791,19183.294615177958,19432.97483598447,6904.677739777012,1014.2810067442781
2023.340862422998,4174.136261174724,4361.141864370178,2465.516866223917,19172.065085561506,17489.664868282416,6350.638023949844,1254.0662898679961
2023.3436002737851,4092.142893808525,4463.161469752577,2457.352732823029,19160.63088094621,15740.64775978152,5963.927610074691,1516.5851826655983
2023.3463381245722,3959.344558977273,4613.450668911987,2451.828730799425,19149.09191864166,14166.519628927683,5656.4751283408605,1765.9496847806
2023.3490759753593,3776.983796867959,4808.9338327789055,2450.7336639763475,19137.49248370713,12749.819712899705,5392.570289804931,1992.2987370389762
2023.3518138261466,3591.3811334441675,5005.367144124793,2451.9168586874357,19125.90654107394,11474.655077238016,5069.321237497893,2105.79063483355
2023.3545516769336,3536.667312940155,5091.10470294194,2432.8554933383552,19114.3720681099,10327.164805637145,4562.385020040728,1934.7494109276802
2023.3572895277207,3589.4594986740267,5091.1077268791305,2392.3087124955864,19102.551539281612,9294.43939329017,4106.142572169285,1741.2781342385754
2023.3600273785078,3498.832845652685,5202.0118901660335,2384.9230429486583,19090.08759856298,8364.994643645561,3695.5377475794226,1764.5889118353596
2023.362765229295,3366.07527104813,5330.773749432499,2401.8995193404603,19077.534737509275,7528.462344072667,3334.2510102995675,1840.4821715783978
2023.3655030800821,3165.063496590008,5447.353529170593,2498.994981909867,19065.29916965989,6775.614815647182,3084.5050069755025,1974.2346578540285
2023.3682409308692,3106.2603289229246,5474.044283514673,2542.1190947563127,19054.715370136448,22310.785416487197,2776.054569536102,1823.1697717561858
2023.3709787816565,3139.497914203995,5473.841932872629,2519.3480230898326,19044.879107163903,20084.19907226116,2498.4402473269433,1640.8514948049433
2023.3737166324436,3185.613781545203,5472.0141545144525,2485.67516463614,19034.69177663457,18074.966553558937,2248.4985215811043,1476.6998067307225
2023.3764544832306,3187.4625490562235,5444.40168365774,2522.5884459214526,19023.97009869495,16267.378297108344,2293.932546537045,1329.022677705192
2023.3791923340177,3113.5574207599166,5345.563830838897,2705.836658260057,19013.892767471498,14640.638794684615,2956.116482124773,1292.119007665739
2023.381930184805,3007.13023497339,5220.016824972268,2945.237174178187,19006.894343206528,13176.424737921134,3817.7247008589347,1305.3147635782354
2023.384668035592,2898.4262710397693,5112.305931172337,3165.0706893197075,19003.903585798565,11858.623011624011,4582.242523108538,1302.1363106219758
2023.3874058863792,2835.254983819782,5037.582019810924,3302.709379475491,19004.587994224174,10672.71475881677,4827.872357719349,1215.174043629027
2023.3901437371662,2839.121459275835,4998.895406106713,3334.979704794045,19007.56570715379,9605.43919415661,4483.6481713858775,1093.6564355202029
2023.3928815879535,2878.8380971094066,4986.051025821734,3305.028879742929,19011.072174656314,8644.69275456625,4035.2836154932666,984.2749423148058
2023.3956194387406,2851.935249318713,4898.589265883267,3416.8224665273465,19014.071095601063,7780.179004191343,3825.800864748901,1178.7321221128877
2023.3983572895277,2788.1553724042597,4827.780167824137,3546.9857574273888,19018.924679674616,7002.1559042335275,3728.5240793368216,1367.3662567811525
2023.401095140315,2657.1322152862617,4774.013412612045,3725.194034046565,19025.93421538553,6301.931270158239,3796.5034425630724,1667.0458401470062
2023.403832991102,2476.5032510624674,4771.8291089497725,3898.4783799609995,19035.89103735716,5671.645645519838,3853.3436835352945,1958.4997620980548
2023.406570841889,2307.626002117623,4804.743094811999,4022.0493946421943,19048.7111857586,5104.451004527945,3772.210844980791,2104.7608368487404
2023.4093086926762,2198.410226735004,4834.151001630388,4087.4399147827025,19063.55643418233,4593.987458990505,3529.4360055185625,2076.4948921295463
2023.4120465434635,2007.6056233274946,4872.306487603647,4224.62221407827,19079.45115232102,4134.571260716973,3468.2507677822996,2228.0607161757944
2023.4147843942505,1836.7114909239347,4915.538000908544,4334.594622123277,19097.569263374673,3720.7087542457484,3366.9719696796506,2277.243811852361
2023.4175222450376,1699.9110985826503,4956.657397559866,4410.782523138226,19117.490258049675,3348.634595831568,3213.18578305203,2227.72020374563
2023.4202600958247,1613.6056531713293,4986.683549745864,4446.3552230734995,19138.624751339717,3013.732450886957,2985.5505367162787,2113.614146408333
2023.422997946612,1666.4679784284801,4986.683554971361,4372.249462630712,19160.296081299868,12581.70564578307,2686.995404121222,1902.2526965218108
2023.425735797399,1694.3696189370683,4983.376444683957,4327.70595028772,19180.672963421664,13661.64486006231,2641.2507697643377,1712.027319859579
2023.4284736481861,1655.805838621609,4944.664601111397,4385.830800084743,19200.251637512658,12295.491250828265,3903.175037817755,1608.378077332115
2023.4312114989732,1668.1943796493665,4914.366263857713,4383.674970693275,19220.745163130057,11065.908499896557,4016.383779177303,1447.5419226119973
2023.4339493497605,1673.5166828917481,4866.055878657655,4406.689173673273,19241.14694210774,9959.314935395323,4222.505289221943,1302.7693447920415
2023.4366872005476,1683.903892882962,4816.438305845916,4425.618211501926,19261.87616709961,10012.618754824443,4303.075449990797,1172.4871942063423
2023.4394250513346,1689.1113485221158,4754.468409122847,4461.820560510486,19282.864159174962,9011.390699354228,4584.157119641814,1078.6372220865057
2023.442162902122,1677.457081999327,4665.141808823861,4541.695560568894,19304.39792593833,8110.225139130725,5138.806887713533,1036.1910960365778
2023.444900752909,1663.6940473414757,4578.486252759517,4619.73639431855,19327.203582910857,7299.166671056837,5492.206204948165,1082.284183105152
2023.447638603696,1663.037870721813,4524.572763081961,4650.689842785603,19351.24770074101,6569.283709719874,5232.492262835493,1246.0511680237723
2023.4503764544831,1716.4815806868542,4524.5715993819595,4573.180853908015,19375.742043353548,20089.158280131316,4709.246467850044,1121.4553377642947
2023.4531143052704,1769.993705073891,4524.5715993819595,4496.961165516042,19398.877507358487,18080.259567595862,4238.321517543227,1009.3097317129377
2023.4558521560575,1823.527519051612,4524.5715993819595,4421.1761690932935,19421.556589803513,16140.084803901254,3783.511113898626,901.0016280023012
2023.4585900068446,1877.1321670056004,4524.5715993819595,4346.819147040056,19442.736863902755,14423.044541456356,3381.0075770358544,805.1498302745919
2023.4613278576317,1930.804015623899,4524.5715993819595,4273.8633700150185,19462.448692309492,12910.246539677464,3026.3819288745517,720.69962603151
2023.464065708419,1984.5359047891818,4524.570710159743,4202.282631960005,19480.72633042144,11575.341434995584,2713.457410081184,646.1800878599561
2023.466803559206,2036.6630193716617,4523.767537663022,4134.719881667268,19497.393038628412,10417.751740498252,2442.105342227051,581.5602904813555
2023.469541409993,2076.496783783099,4516.722833994062,4086.864119403775,19512.887640149445,9375.96484268023,2458.739853812194,583.0781281632115
2023.4722792607804,2099.706576994552,4502.565776374651,4063.5847208789583,19527.54220308222,8438.352598533042,2811.7918191634344,679.2593983351762
2023.4750171115675,2118.029560040302,4489.788732392195,4044.2380105347893,19541.770874363083,7593.997244843586,2755.0801090349314,1005.3663521381151
2023.4777549623545,2090.9437612557754,4494.714070451808,4052.961329084941,19555.635916537838,6834.556960211989,2735.32822708166,1538.121233602601
2023.4804928131416,2002.5148487584613,4554.898096375288,4067.661930751037,19569.608101445585,6151.040542648592,2736.5033530837645,2044.0337819568915
2023.483230663929,1873.443464162534,4661.249449027788,4076.6309848237247,19583.786979316326,5535.895827129801,2738.0799402915454,2313.3966934918412
2023.485968514716,1729.532917478847,4787.148401671931,4080.7809453439427,19598.07651283565,4982.247683684772,2689.5055475123954,2557.031122614712
2023.488706365503,1590.7443668834565,4916.70964742905,4076.1165651442584,19612.396097873603,4483.8930485155815,2604.5084351857026,2660.828170048929
2023.4914442162901,1450.980133891346,5049.352310031243,4069.4632894321658,19626.598843975622,4035.4773008710517,2529.576162508992,2654.2633941643503
2023.4941820670774,1340.3166905104888,5161.394571049447,4054.4594388246746,19640.65177694578,3631.915054081135,2415.189872714716,2520.323545790767
2023.4969199178645,1297.354923485026,5224.136477008577,4021.342775660578,19654.416201176216,3268.7088477379484,2198.515747312819,2343.767990121952
2023.4996577686516,1351.619964166577,5224.143251296331,3954.323974837235,19667.591087030272,2941.827340293475,1978.6601216853826,2109.3913336140727
2023.5023956194386,1387.9991192174703,5230.899758772368,3899.5946235322463,19679.612675808337,7990.305190285313,1780.7941019895686,1898.4521922282286
2023.505133470226,1417.8047939229577,5230.527171327186,3859.5123574075415,19690.68975467273,10548.86126243656,1725.1749696564484,1708.5942376432977
2023.507871321013,1398.410966351636,5192.776749691841,3906.706381505067,19701.067879781884,9493.985561738227,2511.5356800940726,1593.6826631597426
2023.5106091718,1380.6541671789469,5128.332892392781,3978.199634837246,19712.203182921447,8544.45601149489,3139.0614097187695,1500.049335916895
2023.5133470225874,1358.17653437037,5042.437720019892,4074.7033315588315,19724.500191381318,7689.987292984042,3686.5497689473336,1377.4705898977484
2023.5160848733744,1331.2429574539767,4935.45451820143,4195.176957273045,19738.371244401966,6920.937415069757,4254.965105569361,1319.055856150763
2023.5188227241615,1314.970331511774,4843.328736946948,4288.163186884691,19754.211321987008,6228.773052416916,4564.848580074886,1240.2317327737815
2023.5215605749486,1303.3977101976454,4763.014514218579,4363.131783577828,19771.55746933637,5605.798694051756,4770.900115677791,1173.723645361819
2023.5242984257359,1288.2761949954697,4686.538959098929,4436.607481445186,19790.106741790834,5045.170104058391,4890.388501938718,1202.7882038277971
2023.527036276523,1278.1268944003018,4628.0583018090965,4485.941602731176,19809.83047838985,4540.641109969215,4616.783522853796,1294.2156489673703
2023.52977412731,1250.332761754338,4573.6896517310015,4548.040130231141,19830.32263361394,4086.5750290050114,4353.187614516173,1577.5173896491644
2023.532511978097,1222.1974556048622,4550.262283441516,4578.5601343779,19851.79320390614,3677.8967675129347,4007.6735696771552,1651.4053022478636
2023.5352498288844,1185.3288077099364,4536.323165244142,4607.875127666138,19873.713876710197,3310.089989552521,3722.8293126923077,1781.4931972345469
2023.5379876796715,1154.6903706632586,4534.785805137755,4618.129696630707,19896.063004898697,2979.0587229848747,3403.848766681417,1790.6032788477469
2023.5407255304585,1105.4470685875322,4539.68176159063,4640.446028146018,19918.52191900623,2681.106819657913,3148.6757502526525,1785.7455937311768
2023.5434633812458,1048.1857219608346,4548.847600178577,4666.200999418208,19941.290355772795,2412.8965565732015,2942.514290689044,1838.2245671873848
2023.546201232033,982.9425986508239,4563.435412747727,4694.148331719492,19964.426234212373,2171.572832027288,2762.8038198347804,1929.6537394275408
2023.54893908282,928.674671513541,4581.693704519728,4707.048094843944,19987.9640064532,1954.357070707687,2562.8178953178667,1940.9530517316907
2023.551676933607,881.3529895408301,4596.652702906793,4716.149920700901,20011.652764181887,1758.8494011333241,2361.631498473676,1879.3583603427755
2023.5544147843943,833.4001470939223,4600.056838764874,4737.350644178766,20035.42864729285,1582.926250274108,2189.9578278759736,1878.5196590930523
2023.5571526351814,780.3925369295516,4582.831841453603,4783.947152975337,20059.492645971928,1424.6177512581557,2043.7776934937633,1870.1575604389757
2023.5598904859685,734.9831005784927,4545.800765663438,4842.04102381526,20084.26718727322,1282.1471293651905,1901.9725919541515,1787.8432467178893
2023.5626283367556,706.7410485047635,4497.9196111264255,4892.916912893576,20109.942404805657,1153.931203633567,1711.776806306864,1609.0599834948307
2023.5653661875428,678.8347090425661,4428.044651304013,4964.673352128434,20136.39516485542,1038.536062565668,1589.1997861277887,1449.6779411431035
2023.56810403833,654.2836444938658,4343.624069492186,5046.497011148857,20163.97105219553,934.6777048121392,1504.0180103772725,1424.3876176743174
2023.570841889117,648.4813635380848,4276.412255768115,5091.074823615113,20192.835234409136,841.2071528080711,1353.6251067840928,1281.9608654078534
2023.573579739904,636.5252596642982,4188.347555231769,5161.995499415799,20222.363263018582,757.0810565061942,1279.1452168786657,1245.241769875277
2023.5763175906914,626.19991532768,4100.130860392453,5230.337992100015,20252.99070951029,681.3570834023633,1208.8685826851652,1223.8577796865602
2023.5790554414784,626.1963165333896,4029.9010439766844,5269.315990699177,20284.67402612119,613.2117763324044,1125.905470100274,1171.4799697053938
2023.5817932922655,622.833548964491,3958.918072028323,5311.844057288141,20316.919599049485,551.8674763207009,1053.907937327408,1110.9073118262975
2023.5845311430528,642.1161632696843,3915.2679809792367,5303.771504191003,20349.78752889051,2911.256003595964,952.6449921108679,1016.2922279358752
2023.5872689938399,676.9655447350648,3891.289983939032,5260.684669188561,20382.430879467778,17995.372715601316,1256.1115250431687,914.6629524504215
2023.590006844627,715.4731797117887,3873.9182818350355,5208.14078763203,20414.266728151582,16196.314698637092,3730.6083305332336,823.1960727043057
2023.592744695414,730.3372301340225,3840.7415850728244,5196.008481882196,20445.1395802414,14576.682572145372,8978.35493210277,778.0285204726872
2023.5954825462013,744.4926279604271,3811.742024108339,5180.694356749341,20475.72576851232,13118.942056507325,12995.0848673177,725.0239395044132
2023.5982203969884,756.1943693942316,3783.3648639080056,5167.550577079868,20505.97286694832,11807.017190562628,16401.848417871686,691.4846791788342
2023.6009582477755,770.9218350129923,3760.217620025956,5146.453035345801,20535.918086945676,10626.261319911213,18259.577521186715,635.3294638769669
2023.6036960985625,789.3693446027769,3737.606711293073,5121.532133945622,20565.430287488944,9563.424839431485,18951.703821575997,633.5850285015421
2023.6064339493498,810.1447738235756,3719.6183709232314,5090.154886636877,20594.448345946726,8606.47529191538,18745.865877606153,949.9924871000964
2023.609171800137,813.4911611650083,3723.574141932068,5054.867809466768,20622.86116476658,7745.819789545214,17122.566220462755,2310.926413129665
2023.611909650924,733.7802718689916,3811.3273119235155,5019.507004509537,20650.60806488744,6971.22581900283,15410.290341840748,3105.4372711540327
2023.6146475017113,660.399402978548,3942.8483350247707,4986.824074124513,20677.68975414252,6274.07510804833,13877.181389556139,4139.613741115187
2023.6173853524983,594.3597054590215,4045.1465662584096,4932.763258512694,20704.15230303821,15087.94731694134,12489.458946400087,4401.308888009663
2023.6201232032854,534.9224420237647,4149.500158282093,4880.1928228584875,20729.64150966282,13580.034515806272,13357.120010860406,4549.606854956133
2023.6228610540725,481.4287597916208,4256.518259470324,4830.405914809807,20754.184747205578,12221.994581666222,13934.016395627266,4513.723652572086
2023.6255989048598,433.2822797449602,4353.581823182104,4781.3149808423805,20777.83133668107,10999.703627319415,14296.549270621666,4588.281111446986
2023.6283367556468,389.9513592340304,4469.257739150139,4741.1680634755085,20800.594848178498,9899.664909373889,14851.605196277162,4560.623306136354
2023.631074606434,350.9433798407585,4568.645354805193,4700.456994814166,20822.628552953312,8909.372362263177,14880.405102493394,4428.936492989216
2023.633812457221,315.84575399145547,4636.809569251555,4669.039904881357,20843.92182824471,8018.3516572573735,14285.074717969188,4118.002039201872
2023.6365503080083,284.26306759298916,4635.050517039356,4691.910154806078,20864.632984253272,7216.446152762875,12856.741599913956,3706.256521778452
2023.6392881587954,287.25115499403523,4581.346145751404,4722.018919445455,20885.66803324086,6494.782862545815,11571.034176606327,3335.6212807860784
2023.6420260095824,275.2492250596109,4467.89937846115,4826.4163920911005,20907.147157819887,5845.2749361110455,10413.888096146942,3002.1292129932276
2023.6447638603697,268.43967895591186,4323.353497916898,4955.039610012473,20930.30726654647,5260.735494505843,9466.208815844251,3609.8038808487686
2023.6475017111568,251.85195910444347,4203.848841398006,5066.319473629626,20955.54767929968,4734.654269257093,8519.626114107683,3249.4776492720935
2023.6502395619439,250.1788191444435,4095.950508395007,5149.296462805605,20982.570063086703,4261.076446143509,7696.719753865038,3304.2063066992437
2023.652977412731,240.21585799811928,3992.942341845553,5234.36060120816,21010.904952379933,3834.9606573218034,7190.356480538687,3725.3583333643423
2023.6557152635182,227.1408695784272,3914.4588412580706,5296.673168415474,21040.57877417979,3451.420126531543,6656.3945099453795,3850.4336413904757
2023.6584531143053,215.75010464451745,3851.6415848761544,5340.676785900128,21071.211078010958,3106.2716626686765,5990.747935572744,3465.3961765066992
2023.6611909650924,212.45489237717482,3796.026343947589,5368.736905633801,21102.48931147319,2795.447819843199,5391.297716648468,3118.645091691314
2023.6639288158794,218.96675581160306,3756.0249516410277,5370.990495604671,21134.153150374466,2515.8973160116716,4953.658755659022,3115.207196526428
2023.6666666666667,229.08983346335143,3733.1326483488047,5352.572870134113,21165.7679014855,2264.289225927459,4458.293269243844,2803.752702257629
2023.6694045174538,255.07225669627445,3720.547390598978,5308.3820656992375,21196.989440437275,2037.8349667477928,4012.4140596996276,2523.3460689947583
2023.6721423682409,272.42218593396285,3704.262257247833,5277.345013638025,21227.389596611945,1834.0221205113812,3611.1148656386467,2270.975120046363
2023.674880219028,299.77250936168366,3690.41124915594,5234.474109461087,21257.189085453057,1650.5869770379927,3249.9385384454863,2043.8368307578746
2023.6776180698153,327.4999182369035,3679.824327805617,5188.738459262991,21286.212148126255,1485.0513104725915,2924.005552336764,1838.8625417097703
2023.6803559206023,349.35964255567023,3663.9484006080415,5155.020844958578,21314.37386530947,1336.5239125129758,2631.562624468691,1654.9730301652492
2023.6830937713894,363.4301684146035,3640.2019587429654,5137.60276028178,21341.895765992398,1202.861494878908,2368.796090397411,1636.9947801634337
2023.6858316221767,373.8798507329575,3622.653580711675,5117.973331128342,21369.05179085877,1082.5658608653584,2141.7649536070985,1669.384238460323
2023.6885694729638,386.650218070887,3616.673078154104,5084.857057965588,21395.806099241163,974.306271986624,1927.5831273303627,1502.448929661494
2023.6913073237508,416.3711280700701,3612.0591878311834,5034.0485878237205,21421.935449706783,876.873293503768,1734.8118648665102,1352.194162294624
2023.694045174538,429.2595080152223,3603.8722036975973,5004.564366382293,21447.14617533667,3009.906814087349,1572.477937700385,1347.5740259778424
2023.6967830253252,450.7540690204738,3599.5892966804345,4963.130510845229,21471.796276885645,23364.78713990562,2132.6697057945703,1285.5878049540013
2023.6995208761123,463.5959827062578,3595.392752376589,4931.021026147477,21495.688292201452,21028.402534130906,10869.840113349508,1219.0475142311584
2023.7022587268993,478.409139335574,3591.332259685917,4897.404674981076,21518.97987942922,18925.48442286619,15821.860408064218,1097.1433949167586
2023.7049965776864,498.9276873756945,3585.1538444080497,4860.824308963121,21541.648012684927,17032.655877486046,17185.957596450673,987.4133606623485
2023.7077344284737,517.9204165988767,3577.0912442442386,4828.32614662709,21563.64394596159,15329.275181311974,20908.00616826797,946.5289956862977
2023.7104722792608,551.4797117070694,3571.9904568679904,4778.901783519854,21585.037701336896,13796.311015723299,21169.129696649674,854.7719809018216
2023.7132101300479,572.3382204909597,3560.6516043467273,4749.298563294678,21605.549165299446,12416.646818032767,22763.911258335236,896.2751268632549
2023.7159479808352,589.8378997045048,3553.268224034181,4719.648467162274,21625.510862530853,11174.980489201378,21408.98105019679,3035.2636453229516
2023.7186858316222,530.9102289612882,3655.6261557257776,4689.16932824447,21644.924097806765,10057.391393819591,19370.524258843223,5547.474046601095
2023.7214236824093,477.819267837272,3804.6085731795138,4646.830053440506,21663.77585213627,9051.633513411572,17433.442595818175,6258.098509069078
2023.7241615331964,430.0335988458111,3967.2994691887757,4608.465302614075,21681.870742938034,8146.399269495884,15690.610745248468,7075.172892326606
2023.7268993839837,386.9971332955022,4137.045345799964,4570.998204784927,21699.280885654858,7331.132200917501,14120.675612506442,7539.54202812335
2023.7296372347707,348.2964880723794,4335.051462237823,4540.325999513808,21716.014249994376,6598.0013273746345,12757.9079853618,8124.665500864487
2023.7323750855578,313.4665631299827,4503.743332059827,4501.663428650612,21732.190460280497,5938.195963633681,11482.10848952061,7440.235841214249
2023.7351129363449,282.1151964607464,4641.312307189669,4463.359100438149,21747.678867637023,5344.287136003916,10333.725103012877,6968.703759325216
2023.7378507871322,253.90148361004444,4754.251290964724,4425.57749306659,21762.485980434063,4809.816875136933,9300.272256827555,6597.757362064013
2023.7405886379192,228.50558754433916,4846.670091085363,4390.232149543987,21776.623721514203,4328.7263052068365,8370.034717780918,6326.478363179788
2023.7433264887063,205.65477291783296,4871.120087142338,4410.344687814579,21790.13233779647,3895.8488275391637,7533.041743269869,6198.458974726047
2023.7460643394934,185.08855185339144,4789.117530656841,4512.37303155321,21803.93899282611,3506.2498550279465,6779.710325259253,5578.608748597566
2023.7488021902807,166.57132610591353,4632.40777733214,4677.346949035936,21819.401623802183,3155.4663006564037,6101.432682810883,5020.49559137547
2023.7515400410678,161.39789112933008,4463.69938153417,4833.726402592822,21837.454260394385,2838.3134251158554,5488.183566549365,4515.890420031756
2023.7542778918548,161.31002794719626,4277.066642978454,5000.143969399877,21858.18519532517,2554.450700924263,4939.304530048791,4064.251448296774
2023.7570157426421,168.60150678531122,4097.669337735053,5149.258796716997,21881.604094413346,2298.67760776501,4444.739809246395,3657.3044033090946
2023.7597535934292,181.65194099148883,3947.2476279153943,5261.195020572934,21907.467046170885,2068.7208110058914,4000.09366769555,3291.4323025338585
2023.7624914442163,193.80883079495678,3822.1772499628105,5346.877365982614,21935.126088910318,1861.7579734871847,3599.908813653145,2962.1446745421863
2023.7652292950033,212.58255956517627,3731.7029775711085,5389.999326936454,21964.132571577968,1675.399982374176,3239.565641094668,2665.64032822277
2023.7679671457906,239.22801945843761,3672.2227232547743,5393.6068643816325,21993.78772855587,1507.788282126741,2915.470433455004,2398.9622141234686
2023.7707049965777,265.15603723349125,3624.609380805589,5386.08308262552,22023.42473498612,1356.6036478301776,2623.1387205021606,2158.420336107306
2023.7734428473648,288.5591557497707,3586.7907243555833,5371.496124418528,22052.855131126842,1220.9070793994372,2360.7548448143184,1942.5207007868864
2023.7761806981518,312.65953269762275,3562.623653903426,5342.827089766089,22082.018759283586,1096.407388344174,2120.0213329886906,1744.435825044022
2023.7789185489391,330.63688712823915,3543.9843369762225,5315.3678472060865,22110.56786434017,986.7517281867047,1907.9929688306581,1569.9794016685373
2023.7816563997262,348.31855657374535,3529.53537941075,5284.550404827128,22138.58049483909,888.0752326897751,1739.5890682054899,1600.4475987377782
2023.7843942505133,362.938357020495,3522.8656798528464,5249.59398916461,22166.014709612748,799.0668052199843,1582.8189412907816,1596.5298726947792
2023.7871321013006,375.35555574011016,3520.45342790575,5213.250698445203,22192.78095355963,719.1355208225876,1446.2743313701244,1569.2803624038515
2023.7898699520877,399.20006007899184,3520.6052975323696,5163.596502595513,22218.866675443816,647.2178507540222,1302.4572437263332,1464.6369365856133
2023.7926078028747,424.8510630452371,3521.4222565200275,5112.365350633908,22244.057765451522,582.4585438609072,1172.1464880068502,1356.0259631318836
2023.7953456536618,452.4393990876836,3521.694399675444,5060.669298553619,22268.321238333963,1199.566220543931,1054.9317579585093,1240.525508313494
2023.798083504449,477.8354443744769,3520.867208502855,5013.192829476305,22291.656753297077,1079.628012127759,1162.5994208890093,1142.684152670413
2023.8008213552362,493.40128245964934,3519.081885283145,4977.359755595148,22314.137212312766,971.661320643683,1295.455550055702,1090.4942238635738
2023.8035592060232,510.05271357063106,3517.775305582631,4940.6162690864085,22335.963747411042,874.4105981689045,1368.1713647425422,1026.9811570506927
2023.8062970568103,527.6018104460862,3517.0259730960656,4903.093110409166,22357.115041699413,786.9571046747338,1403.2995153531917,966.1918106161231
2023.8090349075976,575.0736913883474,3516.233675915371,4836.3755776547605,22377.58089069227,19185.302688205004,1262.9721143999573,869.5726256190081
2023.8117727583847,611.668917134107,3512.79519747696,4784.348638724255,22396.878982315422,17267.75116855073,5667.8678570565025,782.6134185833088
2023.8145106091717,634.4729345344097,3504.1955790103634,4752.194279737067,22415.2568423689,15540.970141580705,11298.817612980616,754.1028933384259
2023.817248459959,657.6687668556375,3495.407090587437,4720.422184612492,22433.049493595172,13986.556253617666,15125.676333930413,755.7049491935041
2023.8199863107461,679.0921680820252,3488.5669413865535,4689.049339401065,22450.26698678109,12586.771759849515,17745.36493140535,750.6411151754899
2023.8227241615332,698.839660652355,3483.634939411176,4658.012830582806,22466.915905004404,11326.700651908935,19482.85430539166,739.7040793346316
2023.8254620123203,719.0669322164242,3480.6368094881554,4625.131223562997,22482.99627038317,10194.027796854885,17544.167028835167,825.5127114843281
2023.8281998631076,731.1521738534161,3484.963422794631,4593.658972292814,22498.484566709874,9174.620045228072,16372.309465211869,2978.591690865632
2023.8309377138946,658.0657652929483,3620.1344950533976,4560.708580240576,22513.406054842482,8257.124057736248,14893.255550388823,4599.433912014794
2023.8336755646817,592.2542250304012,3824.4835290896694,4526.798428441606,22527.737700720125,7431.349339346203,13434.38879280524,5747.82981991237
2023.8364134154688,533.0136804816464,4062.416190679188,4492.8726510535835,22541.46590073357,6688.02466052806,12121.911645116761,6552.765351057984
2023.839151266256,479.68853666701085,4312.993020740992,4458.875616604789,22554.59209102274,6018.923866461725,10937.62985302374,7173.976433951511
2023.8418891170431,431.69955061611375,4560.263006903585,4424.509560646614,22567.11555662307,5416.7788673838095,9874.161358359992,7493.858238946712
2023.8446269678302,388.5018484502922,4789.65461724509,4391.4693165384,22579.033178891637,4874.752822007084,8927.898635412355,7571.102071894718
2023.8473648186173,349.62305846916996,4993.288954114467,4360.287296992247,22590.36784503782,4386.938660302105,8079.659019148014,7477.362532251887
2023.8501026694046,410.2582859691316,4994.642496078897,4287.946585802793,22601.14788527133,25961.443867812035,7271.692641711035,6729.627034463782
2023.8528405201916,408.04068803640376,5046.2307969108415,4229.459768843007,22610.692708593604,138974.89654004294,8448.51853284052,6056.666805251854
2023.8555783709787,367.2366142676116,5122.231963088184,4255.307850658788,22619.236617244933,125077.58109935539,47364.33874786495,5728.653660726175
2023.858316221766,330.5072503272827,5079.378060413718,4401.437362857158,22628.187334129125,112567.88079045447,82738.35466907914,5483.260204446719
2023.861054072553,297.4064437433578,4963.444925962951,4593.192684309683,22639.516715452643,101294.03537283129,108732.61450291405,5168.239972855887
2023.8637919233402,267.6392247829443,4804.740280887454,4802.796390249546,22654.018444783735,91155.58076379506,128400.85732688678,4875.756134271661
2023.8665297741272,240.86223934730515,4626.83670670184,5007.906647696229,22671.98409137225,82035.5735583157,141782.38496279126,4609.533223990315
2023.8692676249145,216.77072782288434,4443.71849534805,5198.764262465472,22693.327524013035,73830.21529564974,147533.55436980622,7491.869556871659
2023.8720054757016,195.09307565922407,4325.403570710756,5361.5903803263045,22717.79934405589,66446.99643385338,139212.821763354,19293.950909225725
2023.8747433264887,175.58340575772775,4405.746775827731,5498.405457188663,22744.918195188002,59802.173382138426,130106.32198727076,29751.9284532021
2023.8774811772757,158.02331481258153,4608.183270091534,5622.629403429519,22774.241462632883,53821.359883414436,120949.32209267218,36389.686973613476
2023.880219028063,142.212231058706,4856.926745209193,5736.687825839332,22805.54685176831,48436.242947515355,111869.28379701762,40638.918016167205
2023.88295687885,127.98419711733618,5136.771555826647,5824.1294589928175,22838.669546013272,43590.29894172023,103058.90906499498,44180.41360362582
2023.8856947296372,115.18417161488048,5442.91458597296,5889.034038093649,22873.165130569312,39230.722129263064,95521.21678370699,47924.00992906854
2023.8884325804245,103.6594946763413,5766.627614407461,5931.629938990739,22908.64466402142,35305.517890984316,88884.49383330662,50689.39368903682
2023.8911704312115,93.29113854177503,6072.189866733186,5945.865319903993,22944.74047342406,31774.146412163333,82025.9106376931,51550.963599484014
2023.8939082819986,83.96075922184784,6269.045921660096,5912.676382309695,22980.97575721497,28596.300764372983,73823.6104743743,48700.35205265939
2023.8966461327857,75.56315508769207,6369.5622862593245,5865.236843198394,23016.559854766994,25736.150192295107,66439.9059817382,44134.64849691971
2023.899383983573,68.00645712361866,6404.245029027361,5926.045226089589,23051.255138551787,23162.40491213168,59795.57910468021,41990.92419495192
2023.90212183436,61.20529233582191,6360.141533308039,5946.720084124699,23086.86780445131,20845.987628362178,53815.5647902538,37791.95496701219
2023.9048596851471,55.08341893677787,6248.773545036453,6039.702337235465,23122.727625049953,18760.931054517812,48432.82643592416,34095.517494834996
2023.9075975359342,49.57227406632193,6102.220836101893,6156.323314449502,23160.032746287998,16883.883279673737,43587.07923783567,30685.761008358983
2023.9103353867215,44.61391513586063,5886.268366245376,6347.862662144099,23199.1822095126,15195.109564579805,39227.39162782614,28447.38960626632
2023.9130732375086,40.151803913899606,5580.000665419026,6638.219345741378,23241.4160392487,13675.353481739647,35611.65289103142,27081.304896523114
2023.9158110882956,36.136323060858395,5229.406390497285,6966.7485839921965,23288.37342845077,12307.673754581292,33024.97934181179,26119.49047995992
2023.9185489390827,49.71977119501263,5009.966797026483,7120.72454341222,23340.68160272688,11076.892584091434,29918.337997061906,24215.069649061497
2023.92128678987,85.16520291291053,4932.0693905957905,7108.874842255987,23395.411178595907,9969.096975875598,26926.311324925886,21793.530932031445
2023.924024640657,95.09895321495483,4877.633931077553,7099.419853199502,23449.79577686858,8972.06999732377,24233.363430233992,19613.92147349011
2023.9267624914442,95.41889124299189,4835.283242963053,7087.812565523604,23503.873493513187,8074.84080166915,21810.077946738602,17652.642716040973
2023.9295003422314,85.87709150191834,4784.864203122844,7114.97626204116,23557.60963564389,7267.328707751689,19784.904517166848,16369.468176619255
2023.9322381930185,83.9404282483186,4752.233272640172,7095.9402121463045,23611.650785708236,6540.492389160819,17806.188044761715,14914.828210122467
2023.9349760438056,142.0145458428765,4749.732634479586,6987.218392326278,23665.22702609429,21553.180105504784,16025.558868402837,13423.340998796964
2023.9377138945927,136.85452762665705,4768.684557095332,6922.238620618358,23716.844478399533,19397.87590777234,18131.51017359254,12095.969426399948
2023.94045174538,127.48814639551253,4790.3234851091565,6860.021756119764,23767.242795364724,17457.150197603052,20224.415438112304,11066.887835185995
2023.943189596167,132.0432432215367,4807.439656704109,6789.560163317633,23816.46101974587,15711.391882954173,21244.651044970007,10137.900995000391
2023.945927446954,152.52372729834926,4816.238000911372,6712.800194776067,23864.370227816566,14140.192669183314,20791.130435140793,9124.108154121805
2023.9486652977412,137.2714374103422,4806.652136110548,6697.881450504475,23910.868450050275,12726.167250641372,22324.854768919435,8688.267691378567
2023.9514031485285,123.53702369729032,4761.1510464767625,6712.727848303285,23956.992371306238,11452.876533324235,23456.99748208597,8302.785327173735
2023.9541409993155,112.39967420002215,4704.8244204124285,6734.411631712182,24003.235063031767,10307.05230843171,24119.965457573395,8266.509757214068
2023.9568788501026,130.21441983953792,4672.870315416865,6702.501187331135,24049.712766768866,9276.248324152422,22458.916441468562,8278.10102213756
2023.95961670089,144.28021767704303,4660.715332447617,6655.198546036837,24095.5324931949,8348.4675330189,20212.842887789073,8794.408001378893
2023.962354551677,141.34988767525084,4642.94359627566,6631.422310169134,24140.438695236357,7513.480300633471,18191.218511828585,9190.691355837509
2023.965092402464,137.3849150819743,4616.813620650652,6617.550903811365,24184.8329498124,6760.876184267547,16368.69513418977,9374.86936860205
2023.9678302532511,170.2137328692204,4610.410491122979,6547.520415139556,24228.86565022465,29989.765172746615,14731.824768676843,8551.037230905922
2023.9705681040384,189.1465329432438,4613.042617380188,6483.638433804013,24271.610605228954,26991.011094892216,18009.77225747662,7947.738037794781
2023.9733059548255,194.40496580415922,4618.571623971838,6431.715555312952,24313.17394426746,24291.843561378064,21371.319250093176,7546.68906851551
2023.9760438056126,222.27098405317633,4623.27323988029,6358.991726996124,24353.758052201978,21862.580885398394,21558.707883098014,6831.553486353371
2023.9787816563996,200.04761148410475,4647.58684960729,6318.707102210825,24393.01878747433,19676.292574943043,25226.00200286772,6791.623002727363
2023.981519507187,208.59065532387822,4664.065297886191,6255.631766071522,24431.500531072023,17708.62205453755,25814.546629694585,6372.6824256767395
2023.984257357974,229.17336305329403,4675.5302662025115,6186.686604919068,24468.825916178746,15937.679289470409,25024.349186338986,5830.606127086577
2023.986995208761,233.72538418250224,4683.251468269201,6138.767149803106,24504.900048098803,14343.831014137702,24998.307162321827,5484.777644570175
2023.9897330595481,264.11364221879717,4683.186822162223,6073.695072661869,24540.07641331071,12909.396084607944,23076.605336229513,5013.169030346409
2023.9924709103354,297.38770166726323,4683.974189961076,6006.064293000835,24574.073665724427,11618.202938406135,20768.87872013444,5209.759208373719
2023.9952087611225,348.7059454500117,4685.812140142062,5920.56101868628,24606.84864607524,10456.368040803043,18691.96474707526,4813.083820165579
2023.9979466119096,373.91704457883566,4690.81973732911,5859.509965124021,24638.10890332162,9410.71099223123,16822.732083002644,5019.36833870353
