date,geocodigo,epiweek,temp_min,temp_med,temp_max,precip_min,precip_med,precip_max,precip_tot,pressao_min,pressao_med,pressao_max,umid_min,umid_med,umid_max
2012-01-01,1302603,201201,23.5776,26.4358,29.4713,0.0034,2.4919,14.1971,19.9353,0.9863,0.9893,0.9915,71.9257,84.9614,96.8463
2012-01-02,1302603,201201,24.4484,26.1401,28.0239,0.0708,2.3304,5.7423,18.6432,0.9871,0.9891,0.991,78.7056,87.9689,96.3509
2012-01-03,1302603,201201,24.0368,25.4864,27.2661,0.3982,5.1823,12.5032,41.4585,0.9879,0.9896,0.9914,78.5467,89.9032,97.3886
2012-01-04,1302603,201201,23.7427,25.242,26.4635,0.0107,7.439,16.2924,59.5116,0.9891,0.9908,0.9928,83.7411,90.3928,97.3329
2012-01-05,1302603,201201,23.5689,25.3387,28.7727,0.0793,3.2862,16.7249,26.2898,0.9874,0.9901,0.9922,78.2364,89.3147,96.7769
2012-01-06,1302603,201201,23.6578,25.8453,28.9634,0.2074,2.7988,8.4697,22.3907,0.988,0.9898,0.9915,73.5888,86.5641,95.9129
2012-01-07,1302603,201201,23.2882,24.7194,27.2457,1.0043,6.1899,15.8139,49.5189,0.9879,0.9904,0.9922,77.0271,90.9442,97.6877
2012-01-08,1302603,201202,23.4402,25.2221,27.5879,0.1312,6.2894,12.5604,50.3152,0.987,0.9901,0.9924,78.4691,89.4602,97.5346
2012-01-09,1302603,201202,23.2455,25.7842,29.6836,2.2036,5.7368,15.0556,45.8944,0.987,0.9899,0.992,69.0099,87.4792,97.2715
2012-01-10,1302603,201202,23.3524,25.1779,27.355,3.5489,7.6593,14.0518,61.2742,0.9871,0.9894,0.9912,81.429,89.9166,97.2851
2012-01-11,1302603,201202,23.4528,25.6339,28.3237,0.0022,2.9106,14.0571,23.2848,0.9862,0.9886,0.9903,76.4427,87.6557,97.4143
2012-01-12,1302603,201202,23.4288,26.1158,30.4227,0.0,1.5955,7.3081,12.7642,0.9858,0.9885,0.9903,67.6697,84.466,95.4035
2012-01-13,1302603,201202,24.1448,26.0548,29.1619,0.0001,2.733,7.347,21.8637,0.9867,0.9889,0.9914,71.8248,86.1888,94.762
2012-01-14,1302603,201202,24.2438,25.3735,26.7458,1.5189,6.506,12.1643,52.0482,0.9884,0.9901,0.9923,79.8322,89.0169,95.8506
2012-01-15,1302603,201203,22.8874,24.6898,26.9621,2.8503,9.4726,12.804,75.7804,0.9902,0.9917,0.9935,79.1812,90.8297,96.9874
2012-01-16,1302603,201203,22.7727,24.7164,27.8714,1.2792,6.6352,15.8275,53.0818,0.9896,0.9919,0.9936,77.9512,90.3982,97.6507
2012-01-17,1302603,201203,23.0446,24.3849,26.3811,0.4731,5.7147,14.2329,45.7174,0.9877,0.9909,0.9928,82.0188,91.1536,96.3764
2012-01-18,1302603,201203,22.8185,24.1841,25.6056,0.8262,6.0684,13.062,48.5472,0.9873,0.9896,0.9916,86.938,92.8974,98.0129
2012-01-19,1302603,201203,22.5633,24.4845,27.0753,1.2248,6.4385,13.7128,51.5078,0.9866,0.9892,0.9914,77.4915,89.8619,97.9893
2012-01-20,1302603,201203,22.5959,24.9308,28.5868,1.0894,4.6774,12.4726,37.4191,0.9864,0.9892,0.9912,75.3345,88.5255,97.0811
2012-01-21,1302603,201203,23.4095,25.2938,27.1175,0.1808,3.8141,10.655,30.5126,0.9863,0.9892,0.9911,79.242,87.3726,95.8296
2012-01-22,1302603,201204,22.9535,24.6044,26.3318,0.4797,5.3183,11.3248,42.5468,0.9874,0.9892,0.9915,87.8528,92.797,98.3783
2012-01-23,1302603,201204,22.8062,24.8284,27.5708,1.2342,6.8289,11.3627,54.6314,0.9863,0.989,0.9909,76.2148,90.1275,98.49
2012-01-24,1302603,201204,22.9253,24.5318,26.2009,0.1208,8.0638,15.158,64.51,0.9859,0.9885,0.9911,82.4466,90.7565,97.0356
2012-01-25,1302603,201204,23.259,25.0536,27.1372,0.3331,6.0542,15.3005,48.4337,0.9857,0.9889,0.9912,79.6293,90.0985,97.1327
2012-01-26,1302603,201204,23.3267,25.0219,27.0128,1.0863,7.3569,17.8084,58.8555,0.987,0.9891,0.9911,81.9054,90.4499,96.3284
2012-01-27,1302603,201204,23.1585,25.0306,27.3275,1.2804,5.438,18.8204,43.5041,0.9865,0.989,0.9909,77.3918,89.4373,97.859
2012-01-28,1302603,201204,22.9833,25.4766,28.1755,0.1519,3.1467,8.7446,25.1736,0.9862,0.9895,0.9917,74.3464,87.02,97.3917
2012-01-29,1302603,201205,23.3599,26.1657,29.98,0.3954,2.3246,9.384,18.5971,0.9855,0.989,0.9912,67.2858,85.8742,97.4048
2012-01-30,1302603,201205,23.5348,25.1187,26.6909,1.4132,9.3685,22.009,74.9481,0.9865,0.9888,0.9911,84.6078,91.0244,97.1118
2012-01-31,1302603,201205,23.1867,24.4514,27.3431,2.6144,15.894,24.6771,127.1524,0.9848,0.9884,0.9909,78.2376,93.3008,98.3577
2012-02-01,1302603,201205,23.4888,25.4539,28.0441,0.6505,8.5415,24.5445,68.3317,0.9847,0.9881,0.9902,77.8681,88.1248,96.055
2012-02-02,1302603,201205,23.4366,25.2569,27.4533,0.9072,6.0034,16.3754,48.027,0.9839,0.9874,0.9894,79.0293,89.1108,97.6062
2012-02-03,1302603,201205,23.555,24.9664,26.8525,2.7092,9.7909,16.6786,78.3271,0.9852,0.9872,0.9892,82.087,91.0524,97.2786
2012-02-04,1302603,201205,23.7923,26.2112,30.2346,0.0104,2.3487,16.7184,18.7897,0.9851,0.9876,0.9894,64.4671,85.6628,97.0721
2012-02-05,1302603,201206,23.8742,25.7186,28.4968,0.7221,3.7884,13.0168,30.3069,0.9863,0.9883,0.9902,73.961,87.015,94.7122
2012-02-06,1302603,201206,23.531,25.5246,27.9268,0.0533,3.9695,13.0503,31.7562,0.9869,0.9892,0.9913,78.6335,88.7669,96.8694
2012-02-07,1302603,201206,23.5543,25.3418,26.9161,0.2639,4.8289,10.3277,38.6316,0.986,0.9889,0.9909,83.1286,90.0663,97.7361
2012-02-08,1302603,201206,23.3118,25.3421,28.0687,0.1509,4.0288,10.4335,32.2307,0.9861,0.9887,0.9907,76.3907,88.7386,97.2108
2012-02-09,1302603,201206,23.4311,25.6561,28.6961,0.044,3.6584,13.2935,29.2674,0.987,0.9891,0.9911,77.4045,87.8624,96.2727
2012-02-10,1302603,201206,22.9255,23.8513,24.7281,1.4968,9.9829,19.9832,79.8635,0.9881,0.9905,0.9924,91.8399,94.3102,96.2679
2012-02-11,1302603,201206,22.6409,24.5249,27.0725,0.288,4.9985,20.9732,39.988,0.9864,0.9898,0.9922,78.1838,89.7691,98.0001
2012-02-12,1302603,201207,23.3611,25.2723,27.5891,0.0108,4.577,16.7838,36.6156,0.9871,0.9893,0.9914,79.815,88.3666,95.1682
2012-02-13,1302603,201207,23.18,25.6917,29.0674,0.0345,2.9194,18.434,23.3551,0.9853,0.9886,0.9909,69.5525,85.4639,96.193
2012-02-14,1302603,201207,22.9021,24.8122,27.7617,1.7309,11.7612,20.693,94.0896,0.9874,0.9892,0.9916,77.1784,90.2947,97.2169
2012-02-15,1302603,201207,22.7806,24.2484,26.3301,1.5861,8.261,21.2696,66.0882,0.9884,0.9906,0.9926,81.869,91.0257,97.285
2012-02-16,1302603,201207,22.6461,24.4339,26.695,0.2774,4.5805,9.9213,36.6442,0.989,0.9908,0.9926,74.6539,88.5862,96.5919
2012-02-17,1302603,201207,22.504,24.2576,26.649,0.0065,2.603,6.3283,20.8241,0.9874,0.9901,0.9927,72.4674,88.244,97.9796
2012-02-18,1302603,201207,22.1355,24.6061,27.1269,0.2948,3.3989,9.7453,27.1911,0.9871,0.99,0.9919,80.3588,87.6594,96.2774
2012-02-19,1302603,201208,22.988,25.2537,28.9914,0.0,3.9262,11.2513,31.4095,0.9873,0.9897,0.9917,70.2889,87.1214,96.1679
2012-02-20,1302603,201208,23.1548,25.108,27.4355,0.0458,4.7713,12.643,38.1706,0.9877,0.9896,0.9914,81.2264,89.5419,96.5235
2012-02-21,1302603,201208,22.9148,24.3594,26.8749,0.0017,5.0005,12.7176,40.004,0.9874,0.9903,0.993,86.0269,92.1812,96.9159
2012-02-22,1302603,201208,22.9097,23.8315,25.1232,1.6651,9.873,18.1445,78.9843,0.9867,0.9902,0.9927,88.8222,94.3202,97.4822
2012-02-23,1302603,201208,22.3561,24.3101,27.267,1.1872,8.1441,19.1903,65.1528,0.9863,0.9893,0.9916,80.492,91.2171,97.9783
2012-02-24,1302603,201208,22.8861,24.5458,27.0122,0.0713,4.5146,14.0743,36.117,0.9865,0.9893,0.9919,77.9688,89.856,96.9193
2012-02-25,1302603,201208,22.6865,24.2454,26.6558,0.9815,7.1699,20.8293,57.3595,0.987,0.9894,0.9916,81.7498,91.2359,97.5869
2012-02-26,1302603,201209,22.5315,24.4251,27.2623,0.4924,5.0142,22.4705,40.1135,0.9866,0.9897,0.9923,72.8088,88.9137,97.7563
2012-02-27,1302603,201209,23.3553,24.8217,27.904,0.0091,3.0827,9.3413,24.6619,0.9882,0.9897,0.9924,74.1885,86.5851,92.6655
2012-02-28,1302603,201209,22.6052,23.8308,25.3914,1.6532,13.6585,27.3022,109.2678,0.9875,0.9899,0.9918,85.3241,92.992,97.6802
2012-02-29,1302603,201209,22.4605,23.8994,26.362,0.5405,10.5347,27.9244,84.2773,0.9876,0.9904,0.9924,83.2116,92.6224,97.9745
2012-03-01,1302603,201209,22.2998,23.2762,24.9223,3.9061,13.3205,24.6959,106.5639,0.9888,0.9911,0.9942,85.3235,95.4265,98.6847
2012-03-02,1302603,201209,22.1111,24.1405,26.6913,0.2174,6.8292,23.2415,54.6335,0.9878,0.9909,0.9932,80.0574,91.0187,98.6746
2012-03-03,1302603,201209,22.7659,25.188,28.301,0.0009,3.9303,11.0535,31.4428,0.9867,0.9901,0.9922,72.1834,86.7506,96.8635
2012-03-04,1302603,201210,22.8972,25.0736,27.4791,2.0855,6.9094,13.3481,55.2753,0.9869,0.9902,0.9924,76.0093,88.6666,96.7327
2012-03-05,1302603,201210,23.0551,24.8213,26.7738,0.5019,6.8665,15.0129,54.9319,0.9878,0.9903,0.993,79.6481,89.3167,96.2175
2012-03-06,1302603,201210,23.1926,24.3441,26.079,0.4482,9.702,25.1038,77.6159,0.9883,0.9902,0.9925,87.0868,92.1911,96.2759
2012-03-07,1302603,201210,22.6266,24.3231,27.1749,2.7223,12.2399,27.189,97.9189,0.9863,0.9898,0.9923,78.8347,91.2164,97.528
2012-03-08,1302603,201210,22.9319,24.5609,27.0704,0.3736,4.0898,14.5438,32.7185,0.9872,0.9897,0.9924,80.6885,89.5195,95.1463
2012-03-09,1302603,201210,22.6308,23.6319,24.6313,0.9649,8.7444,24.3458,69.9556,0.9888,0.9906,0.9929,90.9599,94.0702,97.8095
2012-03-10,1302603,201210,22.0234,23.6776,26.8373,1.8547,7.7696,25.8961,62.1572,0.9888,0.9913,0.994,78.9248,92.5386,98.6235
2012-03-11,1302603,201211,22.4908,24.568,27.8505,0.0813,3.9476,11.3696,31.581,0.9881,0.9912,0.9931,76.4412,90.1815,97.6534
2012-03-12,1302603,201211,22.5268,24.9188,28.6982,0.0712,3.8054,12.2799,30.443,0.9878,0.9903,0.9922,73.877,88.9804,98.5749
2012-03-13,1302603,201211,22.9871,25.337,27.6485,0.0151,3.2134,10.4287,25.707,0.9864,0.9898,0.992,76.6115,88.0586,98.4169
2012-03-14,1302603,201211,22.9767,25.3789,28.5984,0.2914,9.6264,16.4654,77.0116,0.9882,0.9905,0.993,71.9465,87.7175,97.1472
2012-03-15,1302603,201211,23.4169,25.0492,27.7537,0.0,8.0545,16.9337,64.4358,0.9887,0.9908,0.9937,79.8304,90.1728,97.3717
2012-03-16,1302603,201211,23.2078,24.7976,26.6045,0.0025,4.8797,14.7379,39.0379,0.9877,0.9908,0.9931,83.1073,91.6068,97.6081
2012-03-17,1302603,201211,23.0535,25.5004,29.3895,0.0061,2.637,7.8708,21.0956,0.9868,0.9903,0.9927,73.5314,88.4946,97.1786
2012-03-18,1302603,201212,23.1931,24.5323,26.212,2.2708,5.9864,10.9691,47.8916,0.9874,0.9902,0.9924,86.8632,92.4401,96.9302
2012-03-19,1302603,201212,22.4634,25.165,29.1062,1.0843,4.8379,13.9082,38.7032,0.9868,0.9893,0.9913,71.0688,89.114,98.2034
2012-03-20,1302603,201212,23.3442,25.5863,29.2367,0.0695,2.9085,14.4898,23.2678,0.9854,0.9889,0.9915,70.076,86.7788,96.7718
2012-03-21,1302603,201212,23.3639,25.9931,29.3504,0.1149,2.6277,7.7626,21.0214,0.9852,0.9888,0.9909,70.8145,84.8594,95.4463
2012-03-22,1302603,201212,23.6034,25.0995,26.7158,0.2432,5.0226,9.527,40.1809,0.9856,0.9889,0.9917,78.4842,88.6519,95.5176
2012-03-23,1302603,201212,23.3524,25.6162,29.0144,0.0012,3.2937,9.5925,26.3493,0.9858,0.9884,0.9909,73.7056,87.4747,96.8158
2012-03-24,1302603,201212,23.7117,24.8799,26.6304,0.571,4.7339,12.6177,37.8713,0.9879,0.9898,0.9925,84.2688,92.9094,97.3859
2012-03-25,1302603,201213,22.8821,24.7915,27.8933,0.1416,4.6507,14.672,37.2055,0.9879,0.9901,0.9923,81.7449,91.3372,98.4262
2012-03-26,1302603,201213,23.5527,25.9414,29.0053,0.0083,2.7862,8.1955,22.2896,0.9867,0.9898,0.9922,71.0543,85.8509,96.0062
2012-03-27,1302603,201213,23.0032,24.5179,26.8099,1.7702,11.3411,26.32,90.7285,0.9885,0.9905,0.9927,83.8823,91.7392,97.5768
2012-03-28,1302603,201213,23.0163,24.9434,27.9198,0.2851,6.522,26.4525,52.176,0.9875,0.991,0.9934,84.0274,90.7832,96.4492
2012-03-29,1302603,201213,23.3545,25.7516,28.9991,0.0195,2.2748,9.435,18.1988,0.9879,0.9901,0.9921,71.9162,87.0782,97.1833
2012-03-30,1302603,201213,23.1745,25.6826,28.5285,0.3936,3.7241,10.0825,29.793,0.9891,0.9914,0.9936,75.4397,88.5877,97.6666
2012-03-31,1302603,201213,23.5295,25.2145,27.7192,0.282,8.98,14.856,71.8396,0.9891,0.9923,0.9945,77.186,90.469,97.218
2012-04-01,1302603,201214,23.429,26.0818,29.1072,0.0062,3.5246,14.8896,28.1968,0.9868,0.9908,0.9928,70.6756,85.5653,97.1366
2012-04-02,1302603,201214,23.4182,25.687,27.5837,0.8844,5.0266,10.6484,40.2128,0.9863,0.9895,0.9913,79.19,87.9524,97.2838
2012-04-03,1302603,201214,23.5047,25.1893,27.5482,0.4655,4.6955,13.579,37.5641,0.9871,0.9894,0.9915,79.5985,90.1935,96.4779
2012-04-04,1302603,201214,23.4894,24.8356,26.7681,0.0365,8.6214,16.8331,68.9714,0.987,0.9894,0.9917,81.9708,91.9745,96.5756
2012-04-05,1302603,201214,23.1865,25.4383,28.3564,0.0015,3.3535,17.0986,26.8279,0.986,0.989,0.9912,76.5769,89.4555,98.3057
2012-04-06,1302603,201214,23.3769,25.9959,28.7345,0.4733,2.8838,7.3829,23.0701,0.9869,0.9892,0.9913,74.8657,87.7585,97.6601
2012-04-07,1302603,201214,23.8079,25.0115,26.7959,1.6947,6.3741,11.1195,50.9931,0.9875,0.9901,0.9927,84.8552,91.4637,95.8678
2012-04-08,1302603,201215,23.0245,24.755,28.0266,0.3568,3.8168,12.0069,30.5346,0.9871,0.9901,0.9922,75.7495,90.0247,97.4592
2012-04-09,1302603,201215,23.2801,25.198,28.0346,0.235,3.5633,6.9367,28.5061,0.986,0.9891,0.9913,77.6013,88.6594,96.7987
2012-04-10,1302603,201215,23.4343,25.754,29.1327,0.2645,3.1564,7.5592,25.2509,0.9862,0.989,0.9915,76.0741,87.6219,96.1771
2012-04-11,1302603,201215,23.8664,26.1791,28.6389,0.0001,3.7047,8.6319,29.6377,0.9874,0.9897,0.9925,76.6081,86.7,95.4402
2012-04-12,1302603,201215,23.0975,24.2771,25.8412,0.3984,26.5734,52.1893,212.5875,0.9893,0.9915,0.9941,87.0772,93.8969,98.2004
2012-04-13,1302603,201215,22.4872,24.8694,27.9882,0.0036,7.3833,52.4676,59.0663,0.9883,0.9908,0.9927,73.7887,88.6713,98.5229
2012-04-14,1302603,201215,23.1878,25.3959,27.7677,0.5431,2.6705,6.0623,21.3641,0.9872,0.9906,0.9928,76.3803,87.9758,96.9128
2012-04-15,1302603,201216,23.7434,25.9002,29.5203,0.5169,3.0107,6.0789,24.0854,0.9876,0.9901,0.9922,67.9704,86.5265,96.4568
2012-04-16,1302603,201216,23.354,24.8504,26.8141,0.2954,6.0752,10.1638,48.6017,0.988,0.9904,0.9927,83.5581,91.1875,97.6106
2012-04-17,1302603,201216,23.2207,26.0354,29.8027,0.1067,1.9654,10.2206,15.7234,0.9865,0.9899,0.9923,66.9932,84.2128,95.6929
2012-04-18,1302603,201216,23.1664,25.8145,28.4124,1.6498,4.5753,10.7586,36.6027,0.9878,0.9908,0.9929,76.5515,86.2116,94.8756
2012-04-19,1302603,201216,23.2408,25.1222,27.1084,0.2132,4.7144,10.9529,37.7148,0.9865,0.9899,0.9928,81.1523,90.0709,96.5387
2012-04-20,1302603,201216,23.2368,25.5267,28.612,0.0591,5.3529,13.9684,42.823,0.9868,0.9891,0.9908,75.7589,88.4559,96.9118
2012-04-21,1302603,201216,23.3516,25.6766,28.5534,0.0349,3.5605,13.987,28.4844,0.9871,0.99,0.9923,76.2837,88.165,97.525
2012-04-22,1302603,201217,23.494,26.0456,28.7793,0.0001,1.9294,7.821,15.4355,0.9867,0.99,0.9926,72.807,86.5711,95.9964
2012-04-23,1302603,201217,23.8664,25.5565,26.8119,0.2626,4.6428,13.0412,37.1425,0.9887,0.9903,0.9919,82.6671,89.4431,96.1759
2012-04-24,1302603,201217,23.5887,24.422,25.1013,0.094,7.7064,15.8532,61.6515,0.9883,0.9905,0.9928,92.0405,95.1754,97.7514
2012-04-25,1302603,201217,22.9775,25.2764,28.9915,0.8899,3.6681,16.9994,29.3451,0.9865,0.9901,0.9921,69.9994,88.6544,98.6904
2012-04-26,1302603,201217,23.7184,25.8609,28.8732,0.0004,1.6543,5.3435,13.2341,0.9873,0.9898,0.9923,73.3184,87.3736,95.8368
2012-04-27,1302603,201217,23.414,25.5435,28.2164,0.0311,4.4364,13.1041,35.4912,0.9863,0.9891,0.9907,78.3397,90.1463,98.863
2012-04-28,1302603,201217,23.9877,25.5201,27.6928,0.1419,5.5421,13.1973,44.3369,0.9877,0.9895,0.9911,79.9222,89.5196,96.4393
2012-04-29,1302603,201218,23.2521,25.5984,28.4837,0.0006,2.0049,13.0585,16.0388,0.9872,0.9895,0.9915,73.4143,87.9244,98.0921
2012-04-30,1302603,201218,23.2722,25.6208,28.2606,0.0049,0.7288,1.5536,5.8307,0.9881,0.9904,0.9926,74.4832,87.1373,97.2272
2012-05-01,1302603,201218,23.5995,25.5789,28.8366,0.3341,1.9038,5.0722,15.2305,0.9876,0.9903,0.9921,71.6046,86.9346,96.1019
2012-05-02,1302603,201218,23.2282,24.7978,26.3253,0.1972,6.382,14.4942,51.0558,0.9886,0.9901,0.9924,84.7284,91.7235,97.2049
2012-05-03,1302603,201218,22.985,24.7614,26.3184,0.0574,6.5032,14.6806,52.0258,0.9894,0.9913,0.9933,85.6288,91.852,97.9623
2012-05-04,1302603,201218,23.1734,24.7859,27.447,0.1856,6.7368,18.24,53.8946,0.9886,0.9912,0.9931,83.0408,91.93,97.5413
2012-05-05,1302603,201218,22.7464,24.905,28.5022,3.6387,11.7095,22.4269,93.6764,0.9883,0.9911,0.9929,71.5017,89.7251,98.3821
2012-05-06,1302603,201219,23.5535,25.0939,27.9746,0.4726,3.1912,16.0249,25.5293,0.9886,0.9911,0.9929,80.5411,90.9422,96.3167
2012-05-07,1302603,201219,23.0317,25.4535,28.9504,0.1201,2.4665,6.1297,19.7323,0.9888,0.9911,0.9927,71.5952,88.6206,97.8465
2012-05-08,1302603,201219,23.2823,25.4963,28.9031,0.2143,3.9631,12.0261,31.7049,0.9889,0.9912,0.9929,73.7538,89.5613,97.6252
2012-05-09,1302603,201219,23.0921,24.9489,26.6466,0.5795,5.7307,12.3718,45.8454,0.9878,0.9909,0.9929,81.419,90.1367,97.1023
2012-05-10,1302603,201219,23.031,25.6922,29.1322,0.0129,2.4921,12.3072,19.9372,0.9864,0.9894,0.9911,71.016,86.8976,97.843
2012-05-11,1302603,201219,23.3907,26.1829,29.7212,0.026,1.099,4.2313,8.7917,0.9871,0.9897,0.9922,67.8135,84.4496,96.3543
2012-05-12,1302603,201219,23.9391,26.0317,28.6293,0.0,1.8309,6.9323,14.6471,0.9873,0.9899,0.9918,76.0223,86.1156,94.5459
2012-05-13,1302603,201220,23.1723,24.9975,26.4451,0.0317,7.5063,12.8693,60.0503,0.9869,0.9899,0.9921,81.3664,89.6996,96.9765
2012-05-14,1302603,201220,23.2525,24.6905,26.7657,0.0071,8.725,17.7241,69.7998,0.9873,0.9899,0.9923,79.8659,90.6857,96.7894
2012-05-15,1302603,201220,23.0415,25.2758,27.6168,0.0514,5.415,17.7572,43.3197,0.9886,0.9906,0.9922,76.6922,88.6984,97.6947
2012-05-16,1302603,201220,23.3068,25.5624,29.1494,0.0104,4.2569,12.9477,34.055,0.9875,0.9907,0.9926,69.2441,87.9892,97.92
2012-05-17,1302603,201220,23.1638,25.6974,28.5141,0.0012,1.5816,5.4932,12.6525,0.9868,0.99,0.9922,73.9454,87.3765,97.8637
2012-05-18,1302603,201220,23.714,24.9801,26.3831,0.1045,5.6033,12.8661,44.8262,0.9868,0.9898,0.9916,84.3992,89.9284,95.7233
2012-05-19,1302603,201220,23.2264,26.0344,30.5084,0.0,2.239,12.8748,17.9116,0.9857,0.9888,0.991,61.665,85.3224,97.4724
2012-05-20,1302603,201221,23.0066,24.9815,27.4668,2.4419,9.2508,16.1317,74.0064,0.9884,0.9902,0.9923,78.3197,90.4118,97.7665
2012-05-21,1302603,201221,23.3007,25.5597,28.927,0.0028,2.7789,16.7481,22.2309,0.9882,0.9912,0.9929,72.5529,87.7551,96.0163
2012-05-22,1302603,201221,23.3004,26.0244,29.6336,0.1871,1.318,2.3705,10.5438,0.9881,0.9913,0.9933,69.8785,85.2062,95.0822
2012-05-23,1302603,201221,23.7166,25.9148,28.2688,0.4835,2.2999,5.7369,18.399,0.9885,0.9914,0.9933,74.9671,85.6598,93.3071
2012-05-24,1302603,201221,23.6358,26.1077,29.2876,0.1188,2.3508,7.0933,18.8067,0.9883,0.9914,0.9932,71.3107,85.9252,96.3027
2012-05-25,1302603,201221,23.4368,25.4858,27.1564,0.1566,3.5728,8.5666,28.5827,0.9893,0.9917,0.9937,79.3544,88.4803,96.4225
2012-05-26,1302603,201221,22.9761,24.9574,26.8997,0.0118,4.8966,11.0038,39.1727,0.9889,0.9916,0.9936,79.9843,89.7439,97.1151
2012-05-27,1302603,201222,22.6789,25.499,29.0373,0.0003,1.6342,11.0803,13.0732,0.9885,0.9911,0.9926,70.6698,87.148,97.9991
2012-05-28,1302603,201222,23.8157,26.6322,30.2486,0.0003,0.797,1.5185,6.3763,0.9886,0.9911,0.993,65.6742,82.6297,93.1656
2012-05-29,1302603,201222,23.2705,26.6011,30.1805,0.0,0.4849,1.7431,3.8789,0.9886,0.9909,0.9931,66.2208,82.2857,94.3025
2012-05-30,1302603,201222,23.4001,24.9269,26.5623,0.0014,8.5808,18.2333,68.6468,0.9898,0.9915,0.994,82.3689,90.1612,95.212
2012-05-31,1302603,201222,22.9957,25.4044,27.9656,0.0,3.2249,18.504,25.7988,0.9898,0.9922,0.9942,75.2824,88.2237,98.5923
2012-06-01,1302603,201222,22.9237,26.379,30.4576,0.0212,0.6191,3.5198,4.9528,0.9899,0.993,0.9951,63.2244,83.6378,97.5132
2012-06-02,1302603,201222,23.2652,26.2913,29.7535,0.1009,0.6326,1.2458,5.0609,0.9895,0.9927,0.9947,68.136,84.1979,96.939
2012-06-03,1302603,201223,23.2556,25.6732,28.1195,0.1304,2.2103,4.2481,17.6824,0.9882,0.992,0.9942,73.1417,86.3368,96.0213
2012-06-04,1302603,201223,23.5779,25.5552,27.969,0.7693,3.5452,8.2242,28.3618,0.9892,0.9916,0.9935,75.6174,87.7933,95.668
2012-06-05,1302603,201223,23.1663,25.6646,28.8392,0.0,1.5401,8.2735,12.3207,0.9889,0.9914,0.993,72.2732,86.7962,96.4053
2012-06-06,1302603,201223,23.6702,26.4439,30.1,0.0026,0.4849,2.8639,3.8788,0.9891,0.9915,0.9934,70.0888,84.2919,95.417
2012-06-07,1302603,201223,23.9172,26.6794,29.7377,0.0219,0.2799,1.2629,2.2394,0.9888,0.9919,0.9939,66.8002,82.7698,94.3195
2012-06-08,1302603,201223,23.5774,25.4692,28.2181,0.7037,4.5952,8.0468,36.7613,0.9884,0.9913,0.9933,74.4241,86.7857,94.2881
2012-06-09,1302603,201223,23.3463,24.7454,26.7495,1.0624,5.1957,8.186,41.5656,0.9893,0.9915,0.9932,82.7162,89.4755,94.822
2012-06-10,1302603,201224,22.628,23.9236,24.8996,0.0228,9.3334,35.7381,74.6671,0.9908,0.9917,0.9931,90.6761,94.1358,97.7167
2012-06-11,1302603,201224,22.6013,24.6123,27.348,3.98,12.615,47.2348,100.9198,0.9889,0.9918,0.9935,79.9058,90.3767,98.5009
2012-06-12,1302603,201224,22.4729,25.2455,29.1104,0.1366,3.4891,11.5017,27.9129,0.9876,0.9908,0.9924,72.1399,88.4257,97.969
2012-06-13,1302603,201224,23.2669,25.6845,29.4257,0.0119,0.965,5.1916,7.72,0.9886,0.9906,0.9926,67.9869,86.6486,97.9914
2012-06-14,1302603,201224,22.8451,25.5982,28.9916,0.0115,1.4835,3.8207,11.8681,0.9897,0.9913,0.993,71.1476,86.979,97.7131
2012-06-15,1302603,201224,23.0134,25.8107,29.1319,0.0511,1.1257,4.2813,9.0056,0.9892,0.9917,0.9932,70.1156,86.0694,96.6086
2012-06-16,1302603,201224,23.2287,26.1534,29.7525,0.0222,0.9912,3.0489,7.93,0.9887,0.9918,0.994,67.6467,85.5758,97.0585
2012-06-17,1302603,201225,23.4681,25.898,28.3788,0.063,1.3541,4.6529,10.8327,0.9895,0.9915,0.9934,75.5531,85.4253,94.7861
2012-06-18,1302603,201225,23.0579,25.3876,28.036,0.0,1.3629,4.8034,10.9033,0.9897,0.9913,0.9932,76.4009,87.0381,95.7225
2012-06-19,1302603,201225,22.926,25.7239,29.6099,0.3643,1.0343,3.3888,8.2748,0.9894,0.9917,0.9933,71.39,87.3115,97.2269
2012-06-20,1302603,201225,23.2333,26.4345,30.1039,0.0464,0.3497,1.7556,2.7978,0.989,0.9916,0.9931,60.5141,81.7728,95.322
2012-06-21,1302603,201225,23.3958,26.7511,30.4413,0.0,0.1287,0.3106,1.0292,0.9885,0.9907,0.9925,59.0396,77.7583,90.9956
2012-06-22,1302603,201225,24.2025,27.1046,30.7047,0.0031,0.1617,0.7529,1.2939,0.9892,0.9909,0.9926,65.2981,78.9948,88.7355
2012-06-23,1302603,201225,23.213,25.2383,27.1794,1.5683,7.9009,14.7467,63.2072,0.9907,0.9934,0.9955,79.0539,87.5589,96.3121
2012-06-24,1302603,201226,23.1686,25.3056,27.558,0.048,3.6483,14.7479,29.1862,0.9911,0.9936,0.9953,75.4136,87.5122,97.0596
2012-06-25,1302603,201226,23.0008,25.5616,29.042,0.0101,1.3211,5.2937,10.5689,0.9903,0.993,0.9945,70.4523,87.1433,96.9514
2012-06-26,1302603,201226,22.4795,24.7379,27.5219,0.0012,5.3579,10.573,42.8632,0.9904,0.9931,0.9951,77.9183,89.217,96.8596
2012-06-27,1302603,201226,22.5863,24.7429,27.3903,0.507,4.2374,11.1281,33.8992,0.9922,0.9935,0.995,77.7294,89.0144,97.6548
2012-06-28,1302603,201226,22.5208,24.6873,27.6885,0.7646,3.216,11.9921,25.7282,0.9916,0.9941,0.9958,74.5462,87.983,97.0667
2012-06-29,1302603,201226,22.6492,25.0407,28.6487,0.0382,1.6712,5.6834,13.3696,0.9893,0.9929,0.9948,69.4766,86.7885,97.153
2012-06-30,1302603,201226,22.6395,25.6058,29.1729,0.0113,0.8186,3.2615,6.5487,0.9889,0.9913,0.9931,67.9755,85.3215,96.7718
2012-07-01,1302603,201227,22.5571,24.7825,28.0732,0.0991,2.3108,6.3772,18.4865,0.9895,0.9919,0.9942,75.3165,88.7657,96.9756
2012-07-02,1302603,201227,22.6528,25.0242,28.1917,0.039,1.552,6.5254,12.4159,0.9894,0.9918,0.994,72.9349,87.4111,96.1038
2012-07-03,1302603,201227,22.854,25.0544,27.8465,0.1139,0.6846,3.2799,5.477,0.9879,0.9914,0.9933,75.5123,87.4464,95.2359
2012-07-04,1302603,201227,22.7699,25.4071,28.6228,0.055,1.4828,6.3005,11.8623,0.9877,0.9903,0.9919,73.4653,86.1138,96.9745
2012-07-05,1302603,201227,22.4643,24.6769,27.7411,0.0,2.6888,8.5056,21.51,0.9879,0.9898,0.9912,75.9836,90.0136,98.6022
2012-07-06,1302603,201227,23.1175,25.0884,28.3143,0.0444,2.0043,8.7077,16.0345,0.9881,0.99,0.9915,72.8982,87.9492,96.5284
2012-07-07,1302603,201227,22.8605,25.2975,28.4486,0.0001,1.2616,5.0024,10.0926,0.9893,0.991,0.9932,75.3961,88.9684,98.2859
2012-07-08,1302603,201228,23.2105,25.9771,29.7129,0.3138,0.7189,2.5643,5.7514,0.989,0.9917,0.9935,66.5588,84.4903,96.0504
2012-07-09,1302603,201228,23.5896,25.9005,28.5203,0.0034,1.0808,4.7357,8.6466,0.9888,0.9913,0.993,73.2019,84.6451,95.5362
2012-07-10,1302603,201228,23.0596,25.5323,28.749,0.0197,0.8645,4.9765,6.9156,0.9882,0.991,0.9927,69.2725,85.0182,96.2268
2012-07-11,1302603,201228,23.5561,25.8146,29.515,0.0435,0.522,1.7856,4.1759,0.9864,0.9897,0.9917,68.8891,84.9192,94.6005
2012-07-12,1302603,201228,22.9588,25.1544,27.7298,0.7565,2.9737,5.7442,23.79,0.9882,0.9897,0.9913,77.9799,87.8782,96.1324
2012-07-13,1302603,201228,23.0915,25.7909,29.6491,0.106,1.2078,5.8614,9.662,0.9885,0.9913,0.9936,69.0317,86.0508,96.5529
2012-07-14,1302603,201228,22.7458,24.9076,28.0455,3.3541,6.114,12.3542,48.9118,0.9903,0.9923,0.994,76.3917,88.9096,95.9379
2012-07-15,1302603,201229,22.8547,24.8634,28.2708,0.1656,1.9395,13.2537,15.516,0.9903,0.9926,0.9944,73.6165,88.8016,97.3232
2012-07-16,1302603,201229,22.8931,24.5864,26.6939,0.0404,2.9037,13.7647,23.2299,0.9901,0.9924,0.9943,82.3465,91.4008,97.2834
2012-07-17,1302603,201229,22.5307,24.7304,28.9366,1.454,4.5636,15.7114,36.5092,0.9906,0.9929,0.9949,72.7268,89.5705,98.2914
2012-07-18,1302603,201229,22.4194,24.9021,27.5815,1.1071,4.1363,7.4473,33.0907,0.991,0.9938,0.9957,76.1799,87.8209,97.4175
2012-07-19,1302603,201229,23.0323,25.61,28.8829,0.7254,3.4082,7.5358,27.2657,0.9908,0.9933,0.9952,68.2257,85.4182,96.1615
2012-07-20,1302603,201229,22.9666,24.7183,27.2474,0.8821,2.7108,5.2628,21.6862,0.9903,0.9928,0.9945,77.4172,88.1523,95.5289
2012-07-21,1302603,201229,22.1827,24.5527,27.9452,0.1754,1.2974,6.0849,10.3794,0.9907,0.9925,0.9944,72.5009,88.2041,98.1514
2012-07-22,1302603,201230,22.577,25.3991,29.0809,0.0216,0.5749,1.8759,4.5988,0.9912,0.9931,0.9948,68.4101,87.0727,98.3675
2012-07-23,1302603,201230,22.6214,25.6946,29.5225,0.0009,0.3654,1.4056,2.9235,0.9901,0.9933,0.995,69.2952,85.5553,97.5906
2012-07-24,1302603,201230,22.1513,26.0181,30.1193,0.0038,0.2855,1.1735,2.2838,0.9898,0.9924,0.994,59.8992,83.6386,98.7475
2012-07-25,1302603,201230,22.7239,26.0748,30.0629,0.0008,0.3133,1.8242,2.5065,0.9901,0.9922,0.9945,64.9805,84.3509,96.6558
2012-07-26,1302603,201230,23.0471,25.7061,30.1188,0.5959,1.2324,5.1158,9.8591,0.9898,0.9924,0.9943,67.4225,85.4998,95.8535
2012-07-27,1302603,201230,23.1377,26.4219,30.0445,0.0001,0.2823,1.1399,2.2583,0.989,0.992,0.9937,63.8619,83.2216,96.8871
2012-07-28,1302603,201230,23.1809,26.8096,30.652,0.0001,0.1079,0.5794,0.8629,0.9883,0.9915,0.9934,57.0332,80.7759,96.3587
2012-07-29,1302603,201231,23.5133,27.0004,30.9276,0.0,0.0375,0.1248,0.3003,0.9883,0.9902,0.9921,61.0519,79.1676,92.5792
2012-07-30,1302603,201231,24.1638,26.9877,30.5046,0.0645,0.4505,2.1999,3.604,0.9895,0.9911,0.9929,64.8757,82.8881,95.9856
2012-07-31,1302603,201231,23.2969,26.5774,30.6034,0.0051,0.3474,2.3884,2.779,0.9902,0.992,0.9935,63.0938,82.5944,95.8505
2012-08-01,1302603,201231,23.5714,27.0478,30.9257,0.0,0.0523,0.2177,0.4185,0.9899,0.992,0.9939,53.4652,75.4967,92.7655
2012-08-02,1302603,201231,22.8768,26.7174,30.5514,0.0,0.0469,0.1332,0.3753,0.9891,0.9919,0.9935,55.3951,74.9572,90.018
2012-08-03,1302603,201231,23.0007,26.9499,31.6368,0.0,0.0168,0.1332,0.134,0.9888,0.9909,0.9925,46.5939,73.1359,91.3162
2012-08-04,1302603,201231,22.6031,26.9768,31.8734,0.0,0.0003,0.0009,0.0023,0.9895,0.9915,0.9935,43.6162,68.8547,86.4261
2012-08-05,1302603,201232,22.8107,27.2692,31.9217,0.0,0.0005,0.0014,0.0043,0.9898,0.9922,0.9943,43.067,69.0432,89.2884
2012-08-06,1302603,201232,21.6386,26.8904,32.3414,0.0,0.0002,0.0014,0.0014,0.9894,0.9915,0.9935,39.5559,66.562,87.3412
2012-08-07,1302603,201232,23.1744,27.2559,31.9243,0.0,0.0408,0.324,0.326,0.9891,0.9908,0.9923,44.146,67.1742,83.9032
2012-08-08,1302603,201232,24.2619,26.6391,30.3177,0.0001,1.0006,4.3064,8.0049,0.9895,0.9916,0.9936,66.1822,77.6328,85.6248
2012-08-09,1302603,201232,23.197,25.2509,27.8016,5.4942,9.5042,14.9162,76.0338,0.9901,0.9923,0.9941,79.5833,89.6576,96.6402
2012-08-10,1302603,201232,23.2323,25.3049,28.7625,0.264,3.1695,14.9305,25.3563,0.9901,0.9918,0.9935,71.6389,88.0063,96.5525
2012-08-11,1302603,201232,23.4829,25.6864,29.8067,0.0163,1.4983,7.5986,11.9862,0.9882,0.9912,0.9929,67.6908,86.7974,96.4038
2012-08-12,1302603,201233,23.2713,25.7512,28.7073,0.3488,1.5731,4.476,12.5851,0.9882,0.9909,0.9927,71.7418,86.193,96.2096
2012-08-13,1302603,201233,23.5691,25.6907,28.0062,0.0002,2.3738,6.8761,18.9906,0.9891,0.992,0.9944,76.709,87.8478,96.6873
2012-08-14,1302603,201233,22.9595,26.0858,30.1113,0.0024,0.9444,6.8834,7.5552,0.9882,0.9913,0.993,69.4743,85.4853,97.4934
2012-08-15,1302603,201233,23.0074,26.5423,30.5621,0.0,0.3245,1.2096,2.5963,0.9887,0.991,0.9928,64.8197,83.3887,95.055
2012-08-16,1302603,201233,24.0165,25.9202,27.81,0.0036,2.1525,7.2123,17.22,0.9885,0.9914,0.9935,79.3789,86.385,93.3778
2012-08-17,1302603,201233,23.3847,26.5291,30.9276,0.0307,1.0857,7.3738,8.6858,0.9887,0.9915,0.9935,64.0175,84.3297,96.7397
2012-08-18,1302603,201233,23.0382,26.6526,30.3346,0.0,0.1856,0.697,1.4844,0.9895,0.9912,0.9935,63.006,81.3353,96.2867
2012-08-19,1302603,201234,23.372,26.58,31.118,0.0002,0.382,2.5649,3.0562,0.9904,0.9923,0.9944,58.2693,82.8805,97.5492
2012-08-20,1302603,201234,23.4299,26.6477,31.5974,0.0,0.3385,2.5712,2.7079,0.9892,0.9924,0.9942,56.8796,82.0857,96.3697
2012-08-21,1302603,201234,23.6425,27.3488,31.2913,0.0,0.0439,0.1768,0.3509,0.9886,0.9918,0.9938,58.3185,77.2708,94.4074
2012-08-22,1302603,201234,23.5359,27.3592,31.4781,0.0,0.0855,0.543,0.6836,0.9889,0.9916,0.9934,49.0011,72.6168,89.8825
2012-08-23,1302603,201234,23.8327,27.41,31.637,0.0,0.1547,0.5741,1.2377,0.9882,0.9908,0.9924,55.259,75.4868,88.9834
2012-08-24,1302603,201234,24.2521,27.5043,31.9203,0.0003,0.2834,1.3253,2.2671,0.9878,0.9898,0.9915,56.6386,76.0842,88.26
2012-08-25,1302603,201234,24.325,27.6092,32.3158,0.0,0.2675,1.7915,2.14,0.9877,0.9902,0.9924,53.9331,75.6632,88.8511
2012-08-26,1302603,201235,24.1641,28.1042,33.0251,0.0,0.038,0.2926,0.3043,0.9895,0.991,0.9931,43.4759,68.1623,84.3234
2012-08-27,1302603,201235,23.8058,27.8617,32.2169,0.0,0.0348,0.2139,0.2786,0.9899,0.9924,0.9946,49.685,66.8681,82.2375
2012-08-28,1302603,201235,24.4217,27.6183,32.1034,0.0352,0.645,4.2912,5.1597,0.9905,0.9929,0.9947,52.8558,75.6411,88.5223
2012-08-29,1302603,201235,23.5159,26.7272,31.1737,0.9234,2.063,4.5383,16.5042,0.9894,0.9929,0.9952,61.0426,81.6018,94.9906
2012-08-30,1302603,201235,23.9582,27.2762,30.8856,0.0072,0.7526,2.3933,6.0211,0.9892,0.9918,0.9938,62.1733,79.4556,94.4088
2012-08-31,1302603,201235,23.6565,26.3788,29.2987,0.0022,1.7101,7.2527,13.6809,0.9902,0.9917,0.9938,68.8062,85.0567,96.6691
2012-09-01,1302603,201235,22.849,25.9314,30.3011,0.1277,1.8081,9.1641,14.4649,0.9891,0.9921,0.9941,66.0608,85.7879,97.9363
2012-09-02,1302603,201236,23.2111,25.9642,30.2319,0.0027,0.9413,3.8965,7.5301,0.9909,0.9929,0.9955,63.8228,85.0753,97.3536
2012-09-03,1302603,201236,23.0667,26.4789,30.7602,0.0,0.6264,3.9103,5.0113,0.9899,0.9932,0.9953,62.5399,83.5206,97.172
2012-09-04,1302603,201236,23.3933,26.8231,29.9324,0.0009,0.8143,2.8143,6.5146,0.9897,0.9925,0.9944,65.7559,81.7873,97.1664
2012-09-05,1302603,201236,23.6361,26.653,30.5165,0.0,1.436,5.9957,11.488,0.9903,0.9923,0.9947,64.2163,83.5308,96.5544
2012-09-06,1302603,201236,23.6738,26.3502,30.2289,0.0,1.1244,6.4352,8.995,0.9897,0.9924,0.9943,67.0026,84.1125,95.136
2012-09-07,1302603,201236,23.8944,27.1606,31.4361,0.0391,0.4421,1.3644,3.5366,0.9892,0.9918,0.9939,60.2814,80.0077,95.1414
2012-09-08,1302603,201236,23.839,27.6886,32.3679,0.0145,0.2711,1.0612,2.1688,0.9896,0.9922,0.9943,53.4534,78.0347,95.392
2012-09-09,1302603,201237,24.6752,28.9532,34.3171,0.0,0.0545,0.4354,0.4357,0.9887,0.9918,0.9941,38.5265,66.7705,82.9219
2012-09-10,1302603,201237,24.7764,28.5466,33.6575,0.0,0.2903,2.2837,2.3224,0.9888,0.9908,0.9928,48.0058,70.2167,84.8872
2012-09-11,1302603,201237,24.7181,27.6377,32.997,0.0,0.5244,2.2852,4.1955,0.9876,0.9903,0.9921,53.8911,80.6186,92.9075
2012-09-12,1302603,201237,24.3484,27.7746,32.463,0.0,0.2753,1.7802,2.2024,0.9872,0.9898,0.9921,55.2344,80.3437,95.619
2012-09-13,1302603,201237,24.8889,28.8068,33.3696,0.0,0.1182,0.2655,0.9452,0.9876,0.99,0.9926,45.1718,71.5934,91.8375
2012-09-14,1302603,201237,24.5844,28.8513,33.8214,0.0,0.0384,0.1672,0.3074,0.9881,0.9901,0.9924,45.4538,68.2774,88.7183
2012-09-15,1302603,201237,25.0741,28.7872,32.8842,0.0,0.2288,1.4936,1.8304,0.9881,0.991,0.9936,51.0578,72.1007,91.1871
2012-09-16,1302603,201238,24.7354,27.098,29.1996,0.0024,1.8243,4.7659,14.5944,0.9888,0.991,0.9937,70.0418,82.6713,93.7905
2012-09-17,1302603,201238,24.0979,27.1322,30.9208,0.0006,0.8143,4.7867,6.514,0.9883,0.9911,0.9933,62.3175,81.0679,95.4671
2012-09-18,1302603,201238,24.5846,27.9549,31.6257,0.0,0.2831,0.7125,2.2644,0.988,0.9907,0.9933,56.4344,76.1,92.5851
2012-09-19,1302603,201238,24.8055,28.1957,31.9025,0.0129,0.7528,1.4226,6.0226,0.9872,0.9905,0.9927,55.6745,75.3308,93.0681
2012-09-20,1302603,201238,25.099,29.4196,34.2005,0.0,0.2108,1.4293,1.6863,0.9852,0.9886,0.9907,42.1079,67.9546,90.3906
2012-09-21,1302603,201238,25.0991,29.531,34.1501,0.0,0.0314,0.0902,0.2511,0.9852,0.9875,0.9902,43.0948,62.6671,78.2854
2012-09-22,1302603,201238,26.1511,29.903,33.7111,0.0,0.1782,0.6785,1.4259,0.9858,0.9883,0.9912,46.1167,63.3212,76.2407
2012-09-23,1302603,201239,24.9734,28.0607,30.5018,0.0096,1.774,4.6207,14.1916,0.9864,0.9893,0.9918,66.6772,76.5243,89.3016
2012-09-24,1302603,201239,24.8185,26.7871,28.1315,0.3414,6.9933,17.7323,55.946,0.9874,0.9896,0.9915,77.4711,83.7525,92.4126
2012-09-25,1302603,201239,23.8946,26.6133,29.4436,0.0,3.6189,17.7331,28.9512,0.9879,0.9898,0.9925,70.8383,85.2263,97.3814
2012-09-26,1302603,201239,24.3759,26.5786,29.4199,0.009,3.8433,11.341,30.7461,0.9887,0.991,0.9933,70.9953,84.3231,93.8203
2012-09-27,1302603,201239,23.8526,25.7158,27.9074,0.0003,5.8101,13.9176,46.4808,0.9896,0.9919,0.9941,81.5283,87.3284,94.5602
2012-09-28,1302603,201239,23.6723,25.3625,27.6445,0.0002,5.2894,14.1463,42.3152,0.9891,0.9918,0.9944,80.5538,89.8427,96.563
2012-09-29,1302603,201239,23.5601,25.3268,28.233,0.1399,4.9624,14.3014,39.6993,0.9891,0.992,0.9951,78.5034,89.9008,96.5225
2012-09-30,1302603,201240,22.9643,26.4831,31.0835,0.0243,1.3951,8.3449,11.1606,0.9874,0.9909,0.9931,61.424,83.4799,96.0564
2012-10-01,1302603,201240,23.7154,26.1884,29.2786,0.029,2.4958,6.0892,19.9667,0.9874,0.9897,0.9918,71.145,86.0762,95.5124
2012-10-02,1302603,201240,24.2197,26.8774,30.4129,0.0028,1.117,6.1227,8.936,0.9875,0.9897,0.992,66.7501,84.3534,97.4003
2012-10-03,1302603,201240,24.5352,27.3244,30.7977,0.0,0.675,2.0036,5.3999,0.9878,0.99,0.9922,65.285,83.0926,95.4614
2012-10-04,1302603,201240,24.8004,27.2067,29.6779,0.0003,1.8379,5.622,14.7033,0.9866,0.9899,0.9921,72.8427,83.8968,94.3157
2012-10-05,1302603,201240,24.5024,27.2915,31.2703,0.0828,1.6557,5.6266,13.2453,0.9848,0.9885,0.9908,63.4127,83.6681,96.1271
2012-10-06,1302603,201240,24.3208,28.0463,31.5801,0.0,0.5171,2.097,4.1368,0.9843,0.9873,0.9894,59.2245,79.3927,95.8509
2012-10-07,1302603,201241,25.5471,28.4647,32.5967,0.0,0.4793,1.1652,3.834,0.9854,0.9875,0.9902,61.6301,78.3539,91.0326
2012-10-08,1302603,201241,25.357,28.6829,32.9729,0.3628,0.5937,1.4028,4.7498,0.9874,0.9895,0.9917,51.5114,74.4363,91.2008
2012-10-09,1302603,201241,25.2982,27.7814,30.3059,0.0936,1.6409,5.3387,13.127,0.9865,0.9898,0.9924,69.4744,80.9775,93.7406
2012-10-10,1302603,201241,24.8394,27.4115,30.8922,0.0268,1.6305,5.4862,13.0436,0.9865,0.9889,0.9914,64.7267,82.971,94.8694
2012-10-11,1302603,201241,24.4471,27.3321,31.9084,0.2041,1.428,3.8797,11.4239,0.9859,0.9885,0.9906,61.4108,82.5484,94.5348
2012-10-12,1302603,201241,24.4224,27.3622,31.5038,0.0002,1.5023,4.1605,12.0185,0.9859,0.9888,0.9912,61.7874,82.0579,95.6775
2012-10-13,1302603,201241,24.4899,26.2806,27.9955,0.0039,6.025,15.1293,48.2002,0.9861,0.9893,0.9918,81.4477,88.0942,94.0059
2012-10-14,1302603,201242,23.8941,25.9223,28.7372,0.0,2.7731,15.1479,22.1846,0.9868,0.9893,0.9916,74.7807,87.4691,96.2503
2012-10-15,1302603,201242,23.6317,26.2273,29.7039,0.0003,1.7959,4.8427,14.3673,0.9859,0.9885,0.9908,70.5314,86.1009,95.5721
2012-10-16,1302603,201242,23.9915,27.2412,31.1515,0.0,0.8476,4.8515,6.7809,0.9846,0.9876,0.9899,63.2202,81.4138,94.5209
2012-10-17,1302603,201242,24.5721,28.5034,32.3665,0.007,0.1799,1.0558,1.4396,0.9839,0.9879,0.9906,56.6278,76.0893,91.639
2012-10-18,1302603,201242,25.115,27.3507,29.2189,0.0,3.1409,11.9595,25.1268,0.9862,0.9883,0.9905,74.4185,83.1362,90.4546
2012-10-19,1302603,201242,23.3465,25.3479,28.1225,1.4377,8.487,12.6427,67.8959,0.9863,0.9891,0.9916,78.8056,89.5461,96.1235
2012-10-20,1302603,201242,23.8629,26.7543,30.2055,0.0166,2.2765,12.7475,18.2119,0.9857,0.9882,0.9904,67.9911,85.0401,98.1885
2012-10-21,1302603,201243,23.9066,27.0897,30.7219,0.0015,0.737,4.0293,5.8963,0.9843,0.9877,0.9902,63.7559,82.5235,96.9525
2012-10-22,1302603,201243,24.2951,28.0211,31.8286,0.0,0.3829,1.0442,3.0629,0.9839,0.9864,0.9888,60.184,79.8828,96.3134
2012-10-23,1302603,201243,24.4385,28.3799,31.4692,0.0,0.172,0.6292,1.376,0.9838,0.9857,0.9881,59.7689,75.3116,93.2603
2012-10-24,1302603,201243,25.0594,28.8258,32.8282,0.0,0.1493,0.333,1.1945,0.9841,0.9866,0.9894,52.7963,71.7649,86.8249
2012-10-25,1302603,201243,24.3443,28.8919,33.174,0.0,0.084,0.3279,0.6722,0.9848,0.9868,0.9895,46.617,71.2126,93.5121
2012-10-26,1302603,201243,24.7182,28.7303,32.1575,0.0,0.1408,0.4567,1.1263,0.9859,0.9879,0.9907,53.8392,71.2643,89.6546
2012-10-27,1302603,201243,24.8658,27.556,30.2535,0.0,2.2825,9.8645,18.2598,0.9876,0.9891,0.991,65.9394,80.621,92.0782
2012-10-28,1302603,201244,23.9447,27.5262,32.0063,0.0,1.6699,11.4782,13.3594,0.9862,0.9891,0.9916,59.1039,80.7981,96.0451
2012-10-29,1302603,201244,24.7745,28.6699,33.3318,0.0,0.2215,0.976,1.7724,0.9859,0.9889,0.9915,53.6189,76.1254,92.5654
2012-10-30,1302603,201244,25.3723,28.8261,33.1998,0.0,0.423,1.3597,3.3843,0.9855,0.9881,0.9908,56.056,74.7778,85.869
2012-10-31,1302603,201244,24.0767,26.7789,29.618,1.6791,7.2807,11.0999,58.2459,0.9867,0.9894,0.9916,72.1359,83.874,95.2845
2012-11-01,1302603,201244,24.4051,27.2857,31.561,0.0,1.4941,11.2218,11.9525,0.9855,0.989,0.9916,61.0239,80.6229,95.7346
2012-11-02,1302603,201244,24.7903,27.8818,31.6696,0.0,0.3442,1.2297,2.7532,0.9864,0.9882,0.9906,60.5572,78.889,91.7598
2012-11-03,1302603,201244,24.5711,27.9525,32.211,0.0,0.364,1.2297,2.9118,0.985,0.9885,0.9911,56.3201,79.2263,95.4274
2012-11-04,1302603,201245,24.8713,28.288,32.7198,0.0,0.6516,2.0866,5.213,0.9853,0.9882,0.9909,54.6878,76.4882,91.1788
2012-11-05,1302603,201245,24.7363,28.6127,33.3739,0.0021,0.3784,2.3841,3.0268,0.9844,0.9877,0.9901,47.5945,75.1526,95.6466
2012-11-06,1302603,201245,25.1388,29.3714,33.7114,0.0,0.0683,0.2084,0.5461,0.9838,0.987,0.9898,47.4175,68.9135,90.1461
2012-11-07,1302603,201245,25.4008,29.2093,32.7349,0.0,0.0968,0.2982,0.7741,0.9834,0.9867,0.9893,52.3781,69.6414,88.1638
2012-11-08,1302603,201245,25.936,28.2962,31.0698,0.0232,2.1884,4.8849,17.5069,0.9845,0.9868,0.9894,63.3159,76.7985,86.4921
2012-11-09,1302603,201245,24.642,27.4489,30.6697,0.2296,2.0929,5.0317,16.743,0.9836,0.9868,0.9891,64.1386,81.3761,94.3618
2012-11-10,1302603,201245,25.2493,28.944,33.2141,0.0485,0.6228,3.9866,4.9827,0.9832,0.9857,0.9881,51.8678,74.2649,91.7034
2012-11-11,1302603,201246,25.0657,27.4493,30.164,0.1733,2.7597,5.6783,22.0773,0.9859,0.9875,0.9899,70.0049,81.6115,93.9045
2012-11-12,1302603,201246,24.9998,27.7858,32.599,0.0632,1.1601,5.7191,9.2807,0.9849,0.9878,0.9902,56.6386,79.0512,92.086
2012-11-13,1302603,201246,24.0509,26.6789,30.421,0.0666,6.9012,18.3822,55.2093,0.9859,0.9884,0.9907,69.0522,85.3661,95.3722
2012-11-14,1302603,201246,24.1964,27.0618,31.5121,0.423,3.978,20.3086,31.8239,0.9842,0.988,0.9902,58.6157,82.243,96.6938
2012-11-15,1302603,201246,25.2554,27.7362,30.9153,0.1006,1.2814,3.5203,10.2515,0.9845,0.9875,0.9895,67.527,80.3109,90.8252
2012-11-16,1302603,201246,24.9088,27.1475,30.3401,0.0781,2.1972,7.1056,17.5776,0.9854,0.9877,0.9896,71.1042,83.2955,92.3263
2012-11-17,1302603,201246,25.2463,27.4131,31.2073,0.0211,2.1784,7.7382,17.4271,0.9867,0.9887,0.9909,65.2775,84.6302,95.8869
2012-11-18,1302603,201247,24.9828,26.4827,28.3705,0.0186,4.4232,13.808,35.3854,0.9865,0.9892,0.9912,80.8754,89.4057,95.146
2012-11-19,1302603,201247,25.2238,27.3433,30.2672,0.0362,4.0149,14.7514,32.1191,0.9851,0.9884,0.9906,69.7173,85.0747,94.7385
2012-11-20,1302603,201247,25.4142,28.1328,30.4627,0.1115,1.7745,6.5568,14.1958,0.9842,0.9873,0.9895,69.3862,81.6627,94.7803
2012-11-21,1302603,201247,25.6876,28.6367,32.3916,0.0005,0.7526,2.8092,6.0207,0.9843,0.987,0.9895,59.4816,80.1672,93.9246
2012-11-22,1302603,201247,26.184,27.7976,30.0928,0.0002,4.5622,11.0788,36.4975,0.9849,0.9875,0.9902,69.9126,83.9818,93.8834
2012-11-23,1302603,201247,25.5554,27.3367,29.8287,0.0007,4.8837,11.5102,39.0692,0.985,0.988,0.9909,71.6386,84.2699,94.1496
2012-11-24,1302603,201247,25.4192,28.1246,31.4952,0.0,1.7171,9.0111,13.7369,0.9852,0.9876,0.9901,64.3033,81.1291,93.8174
2012-11-25,1302603,201248,25.6813,28.5381,31.28,0.0,0.7518,2.0441,6.0141,0.9844,0.9872,0.9899,64.5951,79.4348,90.9914
2012-11-26,1302603,201248,25.4658,28.3352,30.9989,0.0043,1.4798,3.4869,11.8383,0.985,0.9881,0.991,66.3184,80.3827,93.5985
2012-11-27,1302603,201248,25.3073,27.1813,28.9918,0.1854,5.7373,16.8092,45.8985,0.9852,0.9883,0.991,77.4154,85.4501,95.3731
2012-11-28,1302603,201248,25.0186,26.3763,28.5914,0.0661,6.1502,16.8836,49.2013,0.9868,0.9881,0.9902,78.9389,88.0336,94.1897
2012-11-29,1302603,201248,24.3541,26.528,29.444,0.0191,2.3647,12.0972,18.918,0.9851,0.9881,0.9905,74.5796,85.8982,95.2425
2012-11-30,1302603,201248,24.2678,26.7658,30.1238,0.1521,3.2131,11.2541,25.705,0.9858,0.9879,0.9899,71.7661,86.1121,95.5057
2012-12-01,1302603,201248,24.5993,26.3388,29.0579,0.0212,3.6174,11.4829,28.9393,0.9858,0.9882,0.9902,77.5913,88.6846,95.1129
2012-12-02,1302603,201249,24.1096,25.5793,28.3805,0.6836,3.7716,11.6396,30.173,0.9863,0.9885,0.9905,74.327,90.2413,97.2286
2012-12-03,1302603,201249,23.4969,26.7014,30.9245,0.0512,0.7245,3.8861,5.7958,0.9851,0.9881,0.9904,58.7683,81.0033,96.0202
2012-12-04,1302603,201249,24.5427,27.6704,31.7412,0.0,0.2293,1.4186,1.8346,0.9858,0.9883,0.9905,57.2495,77.789,92.0573
2012-12-05,1302603,201249,25.2294,28.0281,31.4857,0.0,0.1455,0.662,1.164,0.9841,0.9875,0.9896,60.1806,75.9591,87.2735
2012-12-06,1302603,201249,24.576,26.2033,28.0503,0.1245,3.4829,10.6315,27.8634,0.9859,0.9875,0.9894,78.3072,87.9497,94.7346
2012-12-07,1302603,201249,23.6136,26.5186,30.929,0.0,1.4462,10.7773,11.5695,0.9853,0.9869,0.9884,59.2416,82.2016,95.2084
2012-12-08,1302603,201249,25.2037,27.8146,30.9705,0.0,0.5898,2.7259,4.7184,0.9861,0.9879,0.9906,66.5422,79.5459,89.9793
2012-12-09,1302603,201250,24.9606,27.4326,30.7594,0.3053,3.5856,7.7534,28.6849,0.9856,0.9888,0.9906,67.6732,81.9821,92.8848
2012-12-10,1302603,201250,23.743,26.6832,29.4031,0.2644,5.7386,8.3215,45.9091,0.9846,0.988,0.9898,71.3719,85.5442,96.5215
2012-12-11,1302603,201250,24.6419,26.3062,29.0579,0.0231,4.1848,10.563,33.4785,0.9854,0.9873,0.9893,74.5461,87.4969,94.6338
2012-12-12,1302603,201250,23.9564,26.0784,28.2272,0.562,4.2001,10.9794,33.6011,0.985,0.9877,0.9897,80.2487,88.1167,96.7447
2012-12-13,1302603,201250,23.4355,26.4898,29.9489,0.0001,1.491,9.0904,11.9283,0.9844,0.9869,0.989,67.1941,85.4558,98.0369
2012-12-14,1302603,201250,24.5019,25.4038,26.6984,0.0016,9.758,25.1759,78.0641,0.9862,0.9879,0.9905,86.3857,91.7718,95.7206
2012-12-15,1302603,201250,23.5809,25.0853,27.5257,0.1826,6.2397,26.4587,49.9175,0.9869,0.9886,0.9904,80.8645,91.7731,97.984
2012-12-16,1302603,201251,23.5992,25.8794,29.0226,0.0,1.168,5.933,9.3439,0.9854,0.9882,0.9906,69.2089,85.8799,97.0158
2012-12-17,1302603,201251,24.2982,26.8481,29.702,0.0001,0.4402,1.4022,3.5214,0.985,0.988,0.9905,67.0794,80.7133,92.5711
2012-12-18,1302603,201251,24.5473,26.8336,29.1527,0.0,1.2243,3.6038,9.7945,0.9844,0.9874,0.9895,72.4544,82.4174,91.8407
2012-12-19,1302603,201251,24.6902,27.1524,30.8026,3.5601,4.4543,7.8885,35.6342,0.984,0.987,0.9892,71.0026,84.4978,94.8085
2012-12-20,1302603,201251,23.606,24.6163,26.0659,2.4198,12.5747,19.8348,100.5973,0.9861,0.988,0.9907,85.0445,94.067,97.7711
2012-12-21,1302603,201251,23.2799,25.7254,28.383,0.9463,5.3418,20.1109,42.7347,0.9852,0.9882,0.9904,73.9322,87.0711,97.3268
2012-12-22,1302603,201251,23.9577,25.645,27.7012,0.2001,7.1144,15.2858,56.9152,0.9864,0.9889,0.9915,78.7876,88.38,95.1524
2012-12-23,1302603,201252,23.5396,25.5127,27.835,0.1566,4.3233,15.3148,34.5864,0.9861,0.9887,0.9907,78.5385,88.17,95.6342
2012-12-24,1302603,201252,23.4223,24.9261,26.8259,0.3194,7.0325,15.2877,56.2601,0.9872,0.9896,0.9921,83.6904,91.4275,97.1971
2012-12-25,1302603,201252,22.6829,25.29,28.3465,0.0003,2.816,15.6167,22.5277,0.9864,0.9892,0.9914,76.1697,88.1126,97.5779
2012-12-26,1302603,201252,23.993,26.4708,30.3151,0.282,1.7696,3.4694,14.1567,0.9858,0.9888,0.9916,66.091,83.527,93.6086
2012-12-27,1302603,201252,24.3201,26.0328,27.9137,0.1034,2.9734,7.4327,23.7875,0.986,0.9887,0.9908,76.1282,85.9186,94.2035
2012-12-28,1302603,201252,24.0537,25.7049,27.4342,0.3434,4.3119,8.1895,34.4954,0.9865,0.9888,0.9909,77.8812,87.9045,95.6838
2012-12-29,1302603,201252,23.5945,25.3943,27.6973,0.0778,4.7799,9.6409,38.2393,0.9869,0.9889,0.9911,76.8809,88.3951,95.3723
2012-12-30,1302603,201301,23.3134,24.5258,25.5589,0.0599,17.1836,47.8165,137.4689,0.9882,0.9901,0.9923,88.8661,93.3444,97.4371
2012-12-31,1302603,201301,22.661,24.6675,27.5086,1.4724,10.3463,50.0549,82.7703,0.9871,0.9903,0.9925,81.0441,90.9181,98.1266
2013-01-01,1302603,201301,23.0771,24.638,26.0188,0.9113,8.6594,15.8101,69.2749,0.9872,0.9901,0.9928,83.5121,92.3594,97.5101
2013-01-02,1302603,201301,23.2033,25.3738,27.9042,0.7222,5.1129,16.3312,40.903,0.9869,0.9895,0.9912,77.4123,88.7703,97.0953
2013-01-03,1302603,201301,23.1433,24.9462,27.3695,2.2267,8.8998,16.6376,71.1986,0.9887,0.9908,0.9926,80.2202,91.0473,98.0228
2013-01-04,1302603,201301,23.9208,26.0137,29.3271,0.0456,2.6028,16.7914,20.8226,0.9897,0.9917,0.9937,67.7668,83.4043,93.1357
2013-01-05,1302603,201301,24.1211,25.485,27.9944,0.0758,2.4577,8.0007,19.6619,0.9889,0.9914,0.9935,75.9543,88.2217,94.9052
2013-01-06,1302603,201302,23.5912,25.1028,26.8036,0.0663,3.8908,8.111,31.1261,0.9874,0.9906,0.9927,80.308,90.1001,96.0911
2013-01-07,1302603,201302,23.4847,25.0647,27.5736,0.4607,4.5707,10.0177,36.5657,0.9866,0.9895,0.9916,79.5702,90.0347,95.626
2013-01-08,1302603,201302,23.3415,25.8544,29.218,3.3946,8.3335,10.3947,66.6682,0.9868,0.9898,0.9921,71.5604,87.3116,97.4441
2013-01-09,1302603,201302,24.5645,26.5209,29.2443,0.2212,2.4175,9.7385,19.3402,0.9876,0.9902,0.9926,69.4831,83.6524,94.2356
2013-01-10,1302603,201302,24.7676,26.6247,28.7232,0.0218,1.3572,2.7556,10.8576,0.9871,0.9896,0.9915,69.2255,82.0214,92.7827
2013-01-11,1302603,201302,24.7791,26.8672,29.8588,0.0657,0.8934,2.764,7.1471,0.9852,0.9881,0.9904,68.9175,81.1928,91.846
2013-01-12,1302603,201302,24.8308,27.1459,30.8461,0.1054,0.4804,1.0706,3.8433,0.9854,0.9871,0.9887,60.215,78.9527,90.6557
2013-01-13,1302603,201303,25.2217,27.1722,30.0087,0.0327,0.5251,1.3969,4.2009,0.9868,0.9884,0.9901,66.5411,80.0303,89.5023
2013-01-14,1302603,201303,24.8312,26.9455,30.8287,0.0481,1.3294,2.9984,10.6351,0.9863,0.9889,0.9908,65.7909,83.1056,92.0345
2013-01-15,1302603,201303,23.7418,25.501,28.2882,1.3614,5.0878,9.6883,40.7021,0.9858,0.9889,0.9906,74.812,88.6484,96.9792
2013-01-16,1302603,201303,23.8262,25.6483,27.5518,0.0008,4.4993,10.7598,35.994,0.9863,0.9884,0.9907,76.5867,88.2849,96.0261
2013-01-17,1302603,201303,24.4909,26.3868,29.5153,0.1477,2.471,11.1835,19.768,0.9874,0.9892,0.9914,73.2126,85.3851,93.0056
2013-01-18,1302603,201303,24.3956,26.4093,29.0573,0.1052,4.1143,13.0835,32.9146,0.9876,0.9898,0.9917,75.8011,86.6648,95.8595
2013-01-19,1302603,201303,23.7658,25.169,27.2771,0.0062,9.0994,15.8143,72.7954,0.9884,0.9906,0.9926,85.2086,91.7844,96.064
2013-01-20,1302603,201304,23.491,25.7089,28.1628,0.4104,4.8439,16.5874,38.7514,0.987,0.9897,0.9917,77.7539,88.3305,96.588
2013-01-21,1302603,201304,23.8799,26.8612,30.9649,1.7842,3.6189,14.2062,28.9516,0.9866,0.9895,0.9922,65.3108,84.0769,97.1462
2013-01-22,1302603,201304,25.1582,27.8852,30.9309,0.0049,0.4818,2.6502,3.854,0.9873,0.9896,0.9918,64.1367,79.232,92.1119
2013-01-23,1302603,201304,24.7191,28.0107,31.1843,0.0104,0.1827,0.6296,1.4614,0.9877,0.99,0.992,59.3397,78.1386,94.117
2013-01-24,1302603,201304,24.8921,26.2759,27.8464,0.3502,3.0769,6.0241,24.615,0.9895,0.9911,0.9933,77.0143,85.9084,91.9905
2013-01-25,1302603,201304,23.8826,26.6775,31.0308,0.019,0.8044,6.0242,6.4352,0.9878,0.9904,0.9925,57.3318,79.5187,92.1784
2013-01-26,1302603,201304,25.0141,27.9275,31.4667,0.0001,0.1103,0.2542,0.8823,0.9877,0.9899,0.9917,55.4869,73.8913,88.5152
2013-01-27,1302603,201305,25.8296,27.7298,30.0875,0.0,0.5517,2.0394,4.4135,0.989,0.9903,0.9924,69.2372,79.0627,89.7999
2013-01-28,1302603,201305,25.491,26.4625,28.4894,0.0038,1.7749,5.9741,14.1989,0.9899,0.9914,0.9936,80.2864,85.5346,89.9262
2013-01-29,1302603,201305,23.9842,24.9227,26.5788,0.2308,4.8295,10.6825,38.6361,0.9891,0.9913,0.9929,87.1378,92.8783,97.2948
2013-01-30,1302603,201305,23.9595,25.5719,28.5997,0.3991,2.8914,12.9173,23.1309,0.9866,0.9904,0.9925,75.4492,88.7542,95.7795
2013-01-31,1302603,201305,24.0752,26.7107,30.976,0.8272,2.0883,4.2653,16.7064,0.9849,0.9888,0.9911,65.4648,85.1478,95.9662
2013-02-01,1302603,201305,24.9763,27.04,30.2589,0.1354,2.1265,8.554,17.0118,0.9861,0.9879,0.9898,68.4911,84.3611,93.8208
2013-02-02,1302603,201305,23.8591,25.0681,26.6495,5.9638,11.5847,15.3068,92.678,0.9867,0.9895,0.992,83.4133,92.8082,97.6903
2013-02-03,1302603,201306,24.0163,25.7484,27.5702,0.2308,5.1903,15.3379,41.5222,0.9859,0.9891,0.991,77.6769,88.5428,96.5808
2013-02-04,1302603,201306,23.7575,26.2118,29.1694,0.0245,1.8407,9.1851,14.7259,0.9849,0.9882,0.9902,70.1565,85.7402,96.6036
2013-02-05,1302603,201306,23.5709,25.6347,27.1923,0.0185,6.4812,11.935,51.85,0.9862,0.9883,0.9907,81.1131,89.0424,97.2452
2013-02-06,1302603,201306,23.8832,25.1167,26.9843,1.8401,10.3172,27.8024,82.5375,0.9875,0.9894,0.9913,85.0654,93.051,97.6013
2013-02-07,1302603,201306,23.406,24.7338,26.5508,12.7784,36.0008,50.6279,288.0061,0.9864,0.9891,0.9911,81.8582,93.59,98.1113
2013-02-08,1302603,201306,22.8674,24.6188,26.6877,1.1267,12.0721,52.8402,96.577,0.9863,0.9889,0.991,80.4423,90.7688,97.3435
2013-02-09,1302603,201306,23.5845,25.7947,29.5673,0.32,2.8828,11.3355,23.0626,0.986,0.9885,0.9905,72.709,87.5049,95.5538
2013-02-10,1302603,201307,23.6216,25.3453,28.5101,2.1545,7.4527,11.9083,59.6214,0.9863,0.9888,0.9909,74.7104,89.473,97.2673
2013-02-11,1302603,201307,23.277,24.3229,25.4874,1.5385,33.8212,58.6021,270.57,0.9876,0.9898,0.9923,88.0166,93.9879,98.1913
2013-02-12,1302603,201307,23.201,24.3836,25.7878,0.0931,11.397,58.6117,91.1762,0.9885,0.9899,0.992,83.9381,92.5393,97.3144
2013-02-13,1302603,201307,22.6557,24.6408,27.3746,0.1916,2.9927,11.6541,23.9414,0.9867,0.9899,0.992,75.3721,88.7404,97.9237
2013-02-14,1302603,201307,23.5909,25.2585,27.2589,0.0391,5.9419,17.4297,47.5355,0.9871,0.9902,0.9928,78.0134,88.3043,94.5416
2013-02-15,1302603,201307,23.013,23.9597,25.2578,0.894,14.0502,29.9504,112.4017,0.9887,0.991,0.9937,91.3895,94.723,98.0216
2013-02-16,1302603,201307,22.159,24.6876,29.8104,0.3176,5.6925,30.6017,45.5403,0.987,0.9899,0.9923,65.7355,88.8672,98.759
2013-02-17,1302603,201308,22.8289,25.1055,27.5947,0.1759,4.1615,9.0887,33.2917,0.987,0.9898,0.9924,76.8256,88.5371,96.3363
2013-02-18,1302603,201308,23.364,25.4632,28.4406,0.4599,4.2392,10.2606,33.9135,0.9867,0.9896,0.9919,74.618,86.9068,95.1933
2013-02-19,1302603,201308,24.0512,25.5295,27.6426,0.1225,4.9349,14.0118,39.4794,0.9864,0.9895,0.9915,81.1171,88.0055,94.281
2013-02-20,1302603,201308,23.1946,24.6304,27.0322,4.2781,16.2557,26.7517,130.0453,0.9855,0.9892,0.9918,81.227,92.1923,97.8676
2013-02-21,1302603,201308,23.4281,24.9291,28.0993,0.0589,10.4861,26.8865,83.889,0.9863,0.9885,0.9908,78.7344,91.461,96.9995
2013-02-22,1302603,201308,23.1739,25.104,27.4511,1.1785,6.5273,20.1128,52.2186,0.987,0.9894,0.9917,80.2508,90.2135,97.6148
2013-02-23,1302603,201308,23.4406,25.1153,27.3231,0.18,4.7989,11.1819,38.3915,0.9867,0.9897,0.9919,83.3413,91.7063,98.1662
2013-02-24,1302603,201309,23.4546,25.7168,29.572,0.892,3.3579,11.4599,26.8632,0.9862,0.9891,0.9916,68.6821,87.6272,97.512
2013-02-25,1302603,201309,23.6957,24.968,26.3638,1.2728,8.646,17.9854,69.1677,0.986,0.9893,0.9916,84.7981,91.78,96.9426
2013-02-26,1302603,201309,23.5048,26.0653,29.4999,0.2634,3.7607,18.0518,30.0857,0.9857,0.989,0.9917,71.9206,85.8173,96.2864
2013-02-27,1302603,201309,24.5453,27.117,29.9913,0.0,1.1069,3.4585,8.8554,0.9855,0.989,0.9917,68.7983,82.1311,92.7506
2013-02-28,1302603,201309,24.4164,26.0725,28.7032,3.4075,9.2204,15.4817,73.7632,0.9851,0.9892,0.9919,71.9893,87.9028,96.8039
2013-03-01,1302603,201309,23.9136,25.9517,28.0308,4.2599,10.1884,18.2068,81.507,0.9859,0.9885,0.9905,78.0609,87.9893,97.0422
2013-03-02,1302603,201309,24.0075,25.5025,27.03,0.0002,7.8514,18.4517,62.8108,0.9868,0.9885,0.9909,81.4508,89.8705,95.5764
2013-03-03,1302603,201310,23.5862,24.703,25.8253,0.098,8.7596,25.9269,70.0772,0.9882,0.9904,0.9931,89.0704,93.302,96.2259
2013-03-04,1302603,201310,23.1338,24.8208,28.0569,0.5809,6.5189,27.099,52.151,0.9883,0.9909,0.9929,77.6728,92.7426,98.2943
2013-03-05,1302603,201310,23.1155,25.423,28.2899,3.5889,7.9001,26.9415,63.2006,0.9877,0.9907,0.9928,74.0325,88.8667,98.0174
2013-03-06,1302603,201310,23.667,25.1479,28.6331,3.9962,13.1604,24.1964,105.2832,0.9888,0.9909,0.9931,75.7507,91.9959,97.1524
2013-03-07,1302603,201310,23.5854,24.3357,25.4559,0.8582,15.5031,27.1203,124.0244,0.9904,0.9921,0.9945,92.8916,95.6459,97.5185
2013-03-08,1302603,201310,22.7813,24.6217,27.7262,0.2931,6.0574,28.0263,48.4596,0.9896,0.9919,0.9945,76.4156,91.3274,98.7175
2013-03-09,1302603,201310,23.4652,26.1342,29.3182,0.0177,1.5632,7.7169,12.506,0.9874,0.9908,0.9932,70.5698,83.3292,93.4768
2013-03-10,1302603,201311,24.264,27.306,31.0614,0.0206,1.5306,2.7269,12.2445,0.9854,0.9896,0.9922,62.7957,81.9848,94.4799
2013-03-11,1302603,201311,24.5678,27.6412,32.0581,0.0001,0.724,2.7384,5.7921,0.9848,0.9878,0.9899,62.8286,82.2236,95.3232
2013-03-12,1302603,201311,25.539,27.2416,29.8409,0.0,1.8866,4.2264,15.0926,0.9853,0.9882,0.9911,75.7487,85.6828,93.1531
2013-03-13,1302603,201311,24.5748,27.1828,30.3418,0.0371,3.0598,4.3208,24.4786,0.9847,0.9883,0.9912,69.0313,84.1735,94.972
2013-03-14,1302603,201311,25.1405,27.0007,29.0104,0.0251,3.9965,12.2586,31.9721,0.9852,0.9879,0.9904,75.4108,85.4746,93.5961
2013-03-15,1302603,201311,24.3338,25.7861,27.6867,0.2082,6.0853,13.3607,48.6824,0.9864,0.9886,0.9908,81.5912,90.0665,97.0426
2013-03-16,1302603,201311,23.7006,25.4509,28.6728,1.9536,12.3294,23.5432,98.6349,0.9863,0.9888,0.9914,77.0755,90.9009,97.4728
2013-03-17,1302603,201312,24.046,24.9173,25.9299,0.7965,10.7526,23.918,86.0206,0.9882,0.99,0.9924,87.7886,93.9753,97.7364
2013-03-18,1302603,201312,23.6609,25.0015,27.1719,2.0662,9.7332,21.1907,77.8658,0.9885,0.9904,0.9925,84.0419,92.6963,98.2832
2013-03-19,1302603,201312,23.2186,24.7922,28.0431,1.0308,5.4114,16.2492,43.2908,0.9871,0.9898,0.9917,76.6297,91.7494,98.6795
2013-03-20,1302603,201312,23.2247,25.0443,28.787,1.297,5.4063,11.4554,43.2506,0.9863,0.989,0.9911,76.2408,90.4609,98.1744
2013-03-21,1302603,201312,23.7043,26.4673,31.1778,0.5529,2.8641,11.7464,22.913,0.9851,0.9883,0.9902,67.4501,84.9689,95.9695
2013-03-22,1302603,201312,24.7175,26.5586,28.9855,0.019,3.0235,8.7656,24.1878,0.9867,0.9892,0.9913,74.222,84.7565,91.2513
2013-03-23,1302603,201312,23.5224,25.0958,27.2849,0.7889,12.5855,30.4071,100.6843,0.9874,0.9901,0.9923,81.7214,92.2558,97.7378
2013-03-24,1302603,201313,23.0981,24.1876,25.4367,9.7347,26.8707,42.1706,214.9657,0.9877,0.9902,0.9922,88.6608,94.4436,98.007
2013-03-25,1302603,201313,23.0526,25.4259,29.2946,0.572,5.5388,34.3243,44.3107,0.9872,0.9888,0.9907,64.0861,84.5776,96.4546
2013-03-26,1302603,201313,24.1532,27.2098,31.4382,0.0001,0.5106,1.909,4.0848,0.9877,0.9897,0.9917,63.2734,79.5776,92.0837
2013-03-27,1302603,201313,24.4716,26.6266,29.7915,0.0,2.0128,7.0861,16.1022,0.9872,0.9901,0.9918,71.9984,84.1575,92.6715
2013-03-28,1302603,201313,24.0176,26.1403,28.2619,0.0401,4.5672,11.1396,36.5373,0.9875,0.9899,0.9923,76.9152,88.1479,95.9801
2013-03-29,1302603,201313,23.777,24.6991,25.6714,0.049,20.0911,40.8756,160.7285,0.9902,0.9913,0.994,88.5095,93.9609,97.9502
2013-03-30,1302603,201313,23.025,25.5977,29.2811,0.9802,7.9559,41.1173,63.6475,0.9887,0.9919,0.9941,67.9486,86.1,97.7925
2013-03-31,1302603,201314,24.3636,26.5149,29.3873,0.0029,1.4887,4.1409,11.9094,0.9885,0.9916,0.9939,75.3562,83.871,91.993
2013-04-01,1302603,201314,24.9243,26.8299,29.8425,0.0004,1.6321,6.1647,13.0565,0.9884,0.9911,0.9933,67.6168,82.0746,87.8463
2013-04-02,1302603,201314,24.3383,25.9737,27.861,0.0448,2.5545,8.3743,20.4359,0.9881,0.9904,0.9923,78.3929,86.7962,92.695
2013-04-03,1302603,201314,23.5326,24.9013,26.7304,0.0921,10.174,22.4254,81.3922,0.9875,0.9908,0.9929,82.1613,91.4277,95.8823
2013-04-04,1302603,201314,23.2945,25.2412,28.2164,0.0001,7.5612,22.4279,60.4893,0.9889,0.9907,0.993,76.4617,90.2625,97.792
2013-04-05,1302603,201314,23.0616,26.0522,29.1869,0.0,2.4492,11.7032,19.5935,0.9874,0.9908,0.993,74.7348,86.0104,97.2954
2013-04-06,1302603,201314,23.9595,26.7947,29.521,0.0631,2.4145,6.6755,19.316,0.988,0.991,0.9933,69.7536,83.4147,95.8254
2013-04-07,1302603,201315,24.7983,27.4579,30.6175,0.0074,1.1475,6.6758,9.18,0.9873,0.9903,0.9924,64.6549,79.9939,90.4133
2013-04-08,1302603,201315,25.1259,27.4238,31.3914,0.0006,0.7215,2.813,5.7718,0.9864,0.9894,0.9919,63.7558,81.908,91.4016
2013-04-09,1302603,201315,24.9979,26.3025,28.1798,0.1266,4.4055,13.0667,35.244,0.9878,0.9899,0.9926,82.1152,87.8724,93.6602
2013-04-10,1302603,201315,23.7428,25.7756,28.8963,0.723,3.4695,13.1764,27.7557,0.9866,0.9898,0.9926,79.893,88.8526,95.9141
2013-04-11,1302603,201315,23.5557,26.4275,29.2974,0.0944,1.1731,5.0015,9.3847,0.9854,0.9893,0.9917,73.714,84.9838,95.8872
2013-04-12,1302603,201315,23.8501,26.2671,29.8427,1.216,8.0067,13.2332,64.0533,0.9863,0.9895,0.992,67.0514,85.8155,96.1704
2013-04-13,1302603,201315,24.8332,26.951,29.9226,0.0,2.7287,13.2578,21.8294,0.9857,0.9893,0.9915,70.6003,83.9195,93.6979
2013-04-14,1302603,201316,24.7359,26.9882,30.8896,0.0435,1.5918,5.1167,12.7343,0.9863,0.989,0.9913,66.1307,83.6607,94.0421
2013-04-15,1302603,201316,24.3817,26.1748,28.4787,0.0001,4.8245,15.0763,38.5956,0.9877,0.9899,0.9917,80.5858,89.3148,96.6928
2013-04-16,1302603,201316,23.5916,24.9417,26.4514,1.1192,8.4721,16.9108,67.7768,0.9886,0.9909,0.9928,85.2094,92.5592,97.7123
2013-04-17,1302603,201316,23.3218,25.4151,28.4388,10.91,19.2425,33.3643,153.9402,0.9872,0.9903,0.9922,73.9635,89.6423,97.9547
2013-04-18,1302603,201316,23.0938,24.5109,26.3398,0.9973,9.1139,26.7889,72.9114,0.9874,0.9903,0.9924,83.243,92.7326,97.4778
2013-04-19,1302603,201316,23.2988,25.6198,29.0498,2.13,5.8995,11.6998,47.1961,0.9877,0.9903,0.9924,70.7626,87.5422,98.0027
2013-04-20,1302603,201316,23.8127,25.1857,26.6086,2.1826,10.736,21.4597,85.8883,0.9882,0.9909,0.993,85.9656,91.5883,97.1202
2013-04-21,1302603,201317,23.0793,24.4202,26.3812,2.1552,8.735,23.6104,69.8799,0.9891,0.9911,0.9929,88.4821,93.7634,97.6595
2013-04-22,1302603,201317,23.0459,24.6452,27.7059,3.4023,11.8473,18.0731,94.7787,0.9887,0.9911,0.9931,76.3943,92.1647,98.3026
2013-04-23,1302603,201317,22.6881,25.3528,28.9866,2.7936,6.5752,16.8311,52.6019,0.9886,0.991,0.9929,67.2687,86.6735,98.9268
2013-04-24,1302603,201317,23.4499,25.0653,28.0519,0.6433,8.2622,15.9481,66.0975,0.9881,0.9915,0.9937,72.1911,87.5589,95.5089
2013-04-25,1302603,201317,23.5969,25.5146,27.7842,0.0406,4.4765,15.9516,35.8121,0.989,0.9912,0.9932,81.9232,89.3133,96.1622
2013-04-26,1302603,201317,23.3711,25.2067,28.095,4.2962,10.8531,18.8306,86.8249,0.9888,0.9913,0.9933,80.9373,91.7458,98.6274
2013-04-27,1302603,201317,23.6234,25.6242,28.6969,0.4852,5.2433,20.5175,41.9467,0.9877,0.9904,0.9924,74.9268,88.8237,96.6759
2013-04-28,1302603,201318,23.4509,25.0934,27.1066,0.4509,7.1213,13.5851,56.9708,0.9879,0.9902,0.9923,83.4972,91.5018,97.3856
2013-04-29,1302603,201318,23.0274,25.4561,29.1764,0.8079,3.5674,13.6983,28.5394,0.9876,0.9899,0.992,71.6006,88.8626,98.3445
2013-04-30,1302603,201318,23.4904,25.7833,28.903,1.3711,4.9311,11.7268,39.4488,0.9886,0.9901,0.9919,74.7686,88.2839,97.6687
2013-05-01,1302603,201318,23.3814,25.7845,29.099,1.0703,5.5284,13.3153,44.2276,0.9884,0.9906,0.9925,74.0468,88.1759,97.3632
2013-05-02,1302603,201318,23.7733,25.5254,28.5339,1.2465,6.1363,12.4571,49.0901,0.9884,0.9909,0.9928,77.207,89.5802,96.9767
2013-05-03,1302603,201318,23.6753,25.7707,28.5542,1.7482,4.8723,12.4041,38.9782,0.9872,0.9904,0.9921,74.43,88.2935,98.0113
2013-05-04,1302603,201318,23.8864,26.6734,30.6783,0.0381,4.2687,9.1179,34.1496,0.9876,0.99,0.992,67.5899,84.9811,95.2759
2013-05-05,1302603,201319,23.9645,26.5894,30.6689,1.0335,3.2051,9.6885,25.6405,0.987,0.9901,0.9921,68.3386,83.7097,92.7516
2013-05-06,1302603,201319,24.8405,26.0745,27.0686,0.0034,6.7959,18.2507,54.3671,0.9892,0.9912,0.9938,84.3921,89.1803,94.5879
2013-05-07,1302603,201319,23.6413,25.2794,27.2229,0.5004,6.0494,19.8463,48.3955,0.9904,0.9924,0.995,83.7492,91.7366,98.2572
2013-05-08,1302603,201319,23.4732,25.0196,27.4582,2.1274,11.2891,18.2479,90.3125,0.9914,0.9936,0.9956,84.8523,92.706,97.4389
2013-05-09,1302603,201319,23.1885,25.3253,28.3949,1.4826,5.8924,20.5025,47.1396,0.9909,0.9935,0.9954,74.8266,90.0081,98.3878
2013-05-10,1302603,201319,23.3528,25.2296,28.2596,0.1502,3.0512,9.7169,24.4094,0.989,0.9925,0.9949,79.4921,90.7955,97.0973
2013-05-11,1302603,201319,23.2227,25.2469,27.6635,2.8856,7.9475,13.5606,63.5802,0.9879,0.9917,0.9943,77.8235,88.9799,97.4075
2013-05-12,1302603,201320,23.6513,25.7035,27.5564,0.1525,5.0927,13.6478,40.7414,0.9875,0.9908,0.9931,79.1324,88.4669,96.5884
2013-05-13,1302603,201320,23.4203,25.4676,27.612,0.0498,7.6971,14.3799,61.577,0.9875,0.9906,0.9927,78.5825,89.4922,97.1631
2013-05-14,1302603,201320,23.5526,25.8851,28.9879,0.523,3.2827,14.8828,26.2617,0.9871,0.9907,0.9929,72.1993,88.0149,97.9747
2013-05-15,1302603,201320,23.7377,26.3447,30.1238,0.0011,1.6799,4.3211,13.4396,0.9866,0.9899,0.992,67.7924,85.9062,96.4181
2013-05-16,1302603,201320,23.9166,26.3965,29.0918,0.1378,1.8596,5.4955,14.8764,0.9875,0.9895,0.9911,74.2963,86.3414,96.3226
2013-05-17,1302603,201320,23.5178,25.2542,27.992,1.2194,3.8863,8.1763,31.0902,0.9894,0.9911,0.9932,77.3321,91.0435,97.3981
2013-05-18,1302603,201320,23.6028,25.6687,29.0312,1.414,4.1417,10.234,33.1333,0.9898,0.9919,0.9939,73.2177,89.5198,98.5546
2013-05-19,1302603,201321,23.5755,25.7969,28.3016,0.0123,3.3533,10.1174,26.8263,0.9897,0.992,0.9938,77.3028,88.7176,97.8738
2013-05-20,1302603,201321,23.5969,26.2573,29.879,0.0193,2.1973,10.5384,17.5786,0.9875,0.9907,0.9926,69.2024,85.9502,96.4383
2013-05-21,1302603,201321,23.9028,25.6619,27.1129,0.0682,4.6426,11.7063,37.1407,0.9866,0.9895,0.9913,80.558,89.2548,96.5259
2013-05-22,1302603,201321,23.2379,24.6569,26.0385,0.9584,8.9275,16.749,71.4203,0.9877,0.9898,0.9914,85.7579,92.6081,97.7005
2013-05-23,1302603,201321,23.1938,25.085,28.0786,0.2172,4.8433,17.6756,38.7465,0.9884,0.9906,0.9926,77.7233,90.0817,97.4221
2013-05-24,1302603,201321,23.4092,24.8016,27.697,0.2553,5.5155,11.1668,44.1239,0.9895,0.9916,0.9936,84.5367,92.5162,96.6842
2013-05-25,1302603,201321,23.2926,25.2352,27.8775,0.5396,4.0524,12.5754,32.4193,0.989,0.992,0.9939,76.5953,89.5247,97.9888
2013-05-26,1302603,201322,23.0131,25.2946,28.3026,1.2288,3.64,7.2791,29.1203,0.9889,0.9915,0.9934,76.249,88.9643,98.1006
2013-05-27,1302603,201322,23.7744,24.92,26.0298,0.0972,4.0695,10.7131,32.5561,0.9888,0.9913,0.9932,85.434,91.1045,96.0268
2013-05-28,1302603,201322,23.1368,25.4346,28.6544,0.264,3.3884,10.865,27.107,0.9876,0.9906,0.9925,72.7714,88.2005,97.3403
2013-05-29,1302603,201322,23.0895,25.7114,28.7112,0.0001,1.5015,8.224,12.0118,0.9872,0.9898,0.9918,71.7853,85.9364,96.8104
2013-05-30,1302603,201322,23.6132,26.699,30.5989,0.0022,0.4828,1.9172,3.8624,0.9871,0.9905,0.9924,58.5713,80.8071,95.4104
2013-05-31,1302603,201322,23.9482,27.2531,30.7839,0.0031,0.1185,0.388,0.9479,0.9871,0.9903,0.9927,61.5584,78.0008,90.8763
2013-06-01,1302603,201322,23.9602,26.6877,29.386,0.0245,0.7452,2.4606,5.9618,0.9883,0.9904,0.9925,70.677,84.5405,96.2868
2013-06-02,1302603,201323,23.5747,26.2685,29.5721,0.1314,1.3153,2.694,10.5225,0.9901,0.9917,0.9934,68.0075,84.9394,96.3594
2013-06-03,1302603,201323,23.4464,26.4044,29.4832,0.5365,1.4261,2.9825,11.4092,0.989,0.9921,0.9939,67.9797,84.2546,96.7697
2013-06-04,1302603,201323,23.5799,26.6621,30.0358,0.034,0.5526,1.8819,4.421,0.9884,0.9916,0.9934,67.0883,83.2591,96.2367
2013-06-05,1302603,201323,24.0393,26.4441,29.7509,0.0474,1.0442,4.7094,8.3536,0.9882,0.9911,0.9931,67.0243,84.616,95.8336
2013-06-06,1302603,201323,23.8328,25.7375,28.1998,0.0793,1.9246,4.8171,15.3971,0.9886,0.9911,0.9933,75.5135,86.2922,94.1927
2013-06-07,1302603,201323,23.9003,25.391,27.1989,0.0013,4.9048,18.2348,39.2381,0.9899,0.9917,0.9932,82.8829,88.3776,93.4328
2013-06-08,1302603,201323,22.9352,24.7766,28.1862,0.528,4.962,19.1146,39.6964,0.99,0.9927,0.9951,75.9219,90.4399,97.2366
2013-06-09,1302603,201324,23.386,25.0913,27.5879,0.1871,4.0436,9.8236,32.349,0.9891,0.9919,0.9939,78.7337,89.9012,97.1506
2013-06-10,1302603,201324,22.9766,24.9413,27.8743,0.0402,2.8662,9.9756,22.9295,0.9886,0.9913,0.9932,77.1007,89.2969,97.1774
2013-06-11,1302603,201324,22.724,25.3445,28.3024,0.0296,1.8011,5.8995,14.4085,0.9889,0.9919,0.9938,74.6833,88.275,98.3022
2013-06-12,1302603,201324,23.2752,25.6962,29.366,0.2151,2.3224,6.1232,18.5789,0.9899,0.9925,0.9944,71.4408,88.2287,97.2281
2013-06-13,1302603,201324,23.7321,25.2402,27.7017,3.3504,8.8475,21.0194,70.7799,0.9898,0.9921,0.994,82.4492,91.1852,97.2126
2013-06-14,1302603,201324,23.2483,25.2008,28.6366,0.4796,6.0926,22.1934,48.7404,0.9888,0.9916,0.9933,75.2684,90.1516,97.9402
2013-06-15,1302603,201324,23.0596,25.0958,27.4412,0.0514,3.7946,8.7146,30.3565,0.9887,0.9914,0.9933,80.9292,89.9421,97.1234
2013-06-16,1302603,201325,23.1251,25.6754,28.465,0.0149,1.3681,8.4649,10.9447,0.9881,0.9909,0.993,73.6862,88.3116,97.6997
2013-06-17,1302603,201325,23.4239,26.3401,29.9869,0.0188,0.357,1.4076,2.8561,0.9872,0.9905,0.9926,66.3063,85.2314,97.947
2013-06-18,1302603,201325,24.1473,26.5533,28.9895,0.0363,0.6821,2.1631,5.4568,0.9877,0.9902,0.9916,72.0214,83.4162,93.6582
2013-06-19,1302603,201325,23.7202,26.2156,29.2996,0.0048,1.1404,3.2464,9.1234,0.9875,0.9903,0.9921,70.2236,85.0058,95.2506
2013-06-20,1302603,201325,23.7076,26.376,30.3553,0.0355,0.7452,3.2553,5.9618,0.9877,0.9902,0.9922,65.6097,84.8327,95.9869
2013-06-21,1302603,201325,23.3918,26.2024,29.5665,0.0016,1.4194,5.9875,11.3554,0.9885,0.9905,0.9925,71.0494,85.1021,96.3062
2013-06-22,1302603,201325,23.1585,25.643,28.0954,0.0218,4.6841,9.5681,37.4726,0.9889,0.991,0.9929,76.9016,87.9937,96.612
2013-06-23,1302603,201326,23.5654,26.1057,29.492,0.0071,2.1221,9.636,16.9771,0.9885,0.9911,0.9931,71.5446,87.0304,97.4035
2013-06-24,1302603,201326,23.3908,26.3722,29.9388,0.0167,1.2304,3.6971,9.8429,0.9882,0.9913,0.993,68.9895,85.2582,96.3407
2013-06-25,1302603,201326,23.6936,25.8639,28.7789,0.0139,1.4507,5.1257,11.6056,0.9897,0.9915,0.9939,72.9209,86.681,96.7014
2013-06-26,1302603,201326,22.937,25.6865,28.9625,0.5222,2.9717,5.148,23.7737,0.9892,0.9919,0.9935,72.3891,87.2766,97.5969
2013-06-27,1302603,201326,23.5803,26.7567,30.5394,0.0101,0.8108,4.0711,6.4865,0.9883,0.9921,0.9939,67.4329,84.9115,97.4109
2013-06-28,1302603,201326,24.2029,26.909,30.5197,0.105,0.8667,1.9919,6.9336,0.9872,0.9905,0.9921,66.8085,85.4996,95.6752
2013-06-29,1302603,201326,24.2687,26.3411,29.2211,0.2769,1.8477,3.9786,14.7812,0.9877,0.99,0.9925,75.2658,86.8526,95.4941
2013-06-30,1302603,201327,23.1862,25.3263,27.555,0.0009,3.7562,8.4356,30.0498,0.9884,0.9907,0.9929,80.5928,88.5574,95.8803
2013-07-01,1302603,201327,23.2401,24.9134,27.5483,0.4989,3.4292,10.0565,27.4337,0.9897,0.9918,0.9942,73.9204,88.2582,96.3663
2013-07-02,1302603,201327,23.2658,25.2352,27.3903,0.2795,5.4188,13.8417,43.3503,0.9894,0.9922,0.9937,80.8837,88.9104,96.3952
2013-07-03,1302603,201327,22.92,24.6708,26.5614,0.2824,3.4116,15.8284,27.2928,0.9901,0.9923,0.994,79.8105,88.9276,97.0469
2013-07-04,1302603,201327,22.9206,24.4305,26.6774,0.7837,6.2558,18.8704,50.0465,0.991,0.9926,0.9943,83.2303,90.9971,97.2067
2013-07-05,1302603,201327,22.2958,24.7271,28.0783,0.3054,3.6978,20.24,29.5821,0.99,0.993,0.9952,77.2822,89.243,98.03
2013-07-06,1302603,201327,22.6235,25.0495,27.6861,0.0152,1.6586,4.5629,13.2685,0.9892,0.992,0.9936,77.5843,87.6264,95.9905
2013-07-07,1302603,201328,22.9628,24.9228,27.3448,0.1022,1.9993,4.8268,15.9946,0.9891,0.9918,0.9939,80.7211,90.4764,97.5288
2013-07-08,1302603,201328,22.8696,25.1386,27.8623,0.0066,2.1732,7.0861,17.3859,0.99,0.9923,0.9947,78.319,89.2372,97.7136
2013-07-09,1302603,201328,23.1941,25.3926,28.9813,0.0162,2.1853,7.3204,17.4827,0.9903,0.9929,0.995,71.952,88.1514,96.9874
2013-07-10,1302603,201328,22.8346,24.5613,26.3144,0.0038,3.3684,11.0458,26.947,0.9905,0.9927,0.9948,82.9035,91.439,98.6712
2013-07-11,1302603,201328,22.6431,24.4323,27.2106,0.0002,4.7448,11.8458,37.9581,0.9892,0.9922,0.9943,82.5339,91.0416,97.3075
2013-07-12,1302603,201328,22.6199,24.8931,27.8198,1.8494,4.2358,12.8647,33.8865,0.9897,0.9922,0.9937,74.6992,88.3948,97.8717
2013-07-13,1302603,201328,22.4587,25.4014,29.1286,0.0115,1.0109,6.1848,8.0872,0.9894,0.9924,0.9939,71.5511,86.1284,96.9329
2013-07-14,1302603,201329,23.3919,25.7147,28.6849,0.0714,2.0129,8.8246,16.1033,0.9896,0.9918,0.9936,74.1428,86.5929,95.7183
2013-07-15,1302603,201329,23.1997,25.5952,29.4458,0.2762,2.4168,10.607,19.334,0.9892,0.9923,0.994,66.2327,85.4905,96.0383
2013-07-16,1302603,201329,23.1666,25.8948,28.8648,0.0127,0.8906,3.2749,7.1247,0.9892,0.9921,0.9939,70.564,85.9884,96.9241
2013-07-17,1302603,201329,23.7367,25.5967,27.6904,0.0782,1.9546,6.2712,15.6368,0.9897,0.9922,0.9939,78.5097,86.7173,94.5238
2013-07-18,1302603,201329,22.4778,25.5187,29.2824,0.0005,1.0185,6.3804,8.1476,0.9887,0.9916,0.9932,64.3296,85.124,98.1289
2013-07-19,1302603,201329,22.7459,26.2519,29.9799,0.0001,0.2054,0.8032,1.6434,0.9883,0.9913,0.9934,62.8486,82.4504,96.4292
2013-07-20,1302603,201329,23.3039,26.4946,29.9552,0.0001,0.2214,0.7746,1.7715,0.9877,0.9907,0.9928,64.4876,83.3413,96.1082
2013-07-21,1302603,201330,24.0474,25.4419,27.7397,0.1361,2.91,7.6706,23.2804,0.9894,0.9911,0.9931,80.6632,88.4855,94.4979
2013-07-22,1302603,201330,21.5993,25.4004,29.4656,0.0119,1.1163,7.8952,8.9307,0.989,0.9916,0.9937,64.2082,84.8214,97.5541
2013-07-23,1302603,201330,23.1391,26.2305,29.6382,0.0,0.1689,0.5305,1.3515,0.9887,0.9916,0.9933,61.0916,81.8907,96.224
2013-07-24,1302603,201330,23.484,25.462,27.1262,0.0,1.6941,5.2706,13.5528,0.9899,0.9915,0.9936,77.6582,85.5326,92.9567
2013-07-25,1302603,201330,22.9295,24.4879,26.7946,0.573,2.3514,6.0909,18.8112,0.9931,0.9945,0.997,65.2622,82.8042,92.356
2013-07-26,1302603,201330,23.4119,24.5884,25.6869,0.4532,1.5405,2.537,12.3242,0.9936,0.9957,0.9977,74.867,80.8176,86.8428
2013-07-27,1302603,201330,22.4633,24.1604,26.3836,0.0601,4.8116,9.2748,38.4932,0.9921,0.995,0.9966,76.0928,85.471,94.3476
2013-07-28,1302603,201331,22.0084,23.9342,27.4403,0.6348,3.8493,10.5203,30.7944,0.9922,0.9946,0.9963,79.7653,90.1928,97.3157
2013-07-29,1302603,201331,22.0444,25.0004,29.3865,0.0085,0.9489,5.5421,7.591,0.9911,0.994,0.9955,70.7797,87.5303,98.6925
2013-07-30,1302603,201331,22.3965,24.6009,27.3582,0.5113,3.9324,9.2845,31.4593,0.9915,0.9945,0.9965,80.9763,90.0199,98.3685
2013-07-31,1302603,201331,23.0159,25.5171,29.6599,0.0006,1.9243,9.3176,15.3943,0.9903,0.9934,0.9952,68.0904,87.2238,96.6963
2013-08-01,1302603,201331,22.4899,25.7678,29.7143,0.0001,0.7025,4.5486,5.6198,0.9889,0.9922,0.994,66.5957,85.9303,98.4661
2013-08-02,1302603,201331,23.3801,26.5226,30.2955,0.0012,0.1645,0.5651,1.3164,0.9889,0.9916,0.9932,66.1555,83.9287,96.8124
2013-08-03,1302603,201331,23.3505,26.8089,30.9999,0.0289,0.2655,0.5864,2.1239,0.9884,0.9918,0.9936,65.2572,83.5751,96.3045
2013-08-04,1302603,201332,24.3021,26.8669,30.3714,0.0042,0.4935,1.9911,3.948,0.989,0.9915,0.9933,65.7182,82.477,92.95
2013-08-05,1302603,201332,23.5227,26.6621,30.9818,0.0001,0.3589,2.4256,2.8715,0.9875,0.9909,0.9931,61.2811,82.0962,95.0787
2013-08-06,1302603,201332,24.0043,26.6214,30.3144,0.0009,0.6714,4.1212,5.3713,0.989,0.991,0.9928,67.0774,83.8177,95.1724
2013-08-07,1302603,201332,23.2459,25.7941,29.7733,0.0025,1.0734,5.1702,8.5872,0.9867,0.9905,0.9923,69.8464,86.7003,96.6067
2013-08-08,1302603,201332,23.6893,26.2145,30.2067,0.1693,1.0508,3.8092,8.406,0.9856,0.9888,0.9909,70.0758,85.4905,96.3076
2013-08-09,1302603,201332,23.7362,26.2651,29.585,0.0238,1.8307,5.0398,14.6457,0.9872,0.9894,0.9917,71.282,86.6278,95.9743
2013-08-10,1302603,201332,23.4687,26.2038,29.7399,0.4641,1.815,6.3457,14.5196,0.9874,0.99,0.9918,71.4391,85.7898,96.1625
2013-08-11,1302603,201333,23.3301,25.8925,28.9067,0.0338,1.5429,4.2206,12.3436,0.9884,0.9903,0.9921,73.4977,87.5367,97.284
2013-08-12,1302603,201333,23.4912,25.482,29.1753,0.0688,3.097,5.9642,24.7757,0.9877,0.9903,0.9921,71.3174,88.0335,95.5758
2013-08-13,1302603,201333,23.2799,25.5828,29.355,0.1739,1.8592,6.1218,14.8736,0.9887,0.9906,0.9926,70.6318,87.6487,97.6823
2013-08-14,1302603,201333,23.1276,25.5069,28.0176,0.0017,3.0778,9.4285,24.622,0.9884,0.9909,0.993,81.0067,89.594,97.4827
2013-08-15,1302603,201333,23.4482,25.3543,28.2097,0.442,5.2723,11.9815,42.1783,0.9883,0.9909,0.9932,78.3403,89.9027,97.844
2013-08-16,1302603,201333,23.2691,25.2371,27.7408,0.4491,3.164,12.3593,25.3123,0.9897,0.9916,0.9933,74.188,86.9951,96.4859
2013-08-17,1302603,201333,23.236,25.6696,29.3961,0.0023,0.7183,4.2406,5.7461,0.9893,0.9919,0.9939,67.3695,83.654,94.5526
2013-08-18,1302603,201334,23.3432,25.4472,27.7751,0.4136,1.0716,2.6858,8.5727,0.9893,0.9918,0.9937,73.5222,86.1761,95.6142
2013-08-19,1302603,201334,23.1325,25.2713,28.2582,0.5191,2.6717,6.0869,21.3736,0.988,0.9913,0.9934,75.0552,88.9014,97.2254
2013-08-20,1302603,201334,22.744,25.3138,27.868,0.3723,2.9074,7.1745,23.2596,0.9885,0.9912,0.9929,78.1664,88.5818,97.3966
2013-08-21,1302603,201334,23.0403,25.9271,29.5439,0.0011,1.3478,7.5202,10.7822,0.9881,0.9909,0.9927,69.4986,87.2602,97.8393
2013-08-22,1302603,201334,23.3026,26.5266,29.8298,0.0,0.5298,1.4868,4.238,0.9861,0.9895,0.9912,68.2161,84.1965,96.8329
2013-08-23,1302603,201334,23.5273,26.773,30.9659,0.0105,0.4513,1.4123,3.6106,0.9857,0.9886,0.9908,63.8405,83.6258,96.2344
2013-08-24,1302603,201334,23.7327,26.6593,30.0676,0.0,1.5843,6.2412,12.6742,0.9874,0.9893,0.9914,68.8857,84.1822,95.5254
2013-08-25,1302603,201335,23.5763,25.6487,28.8674,0.0,3.2062,7.5356,25.6497,0.989,0.9911,0.9935,73.8969,88.1744,95.9249
2013-08-26,1302603,201335,23.6373,25.3511,27.8148,0.0006,2.479,7.8706,19.832,0.9893,0.9915,0.9938,80.7596,89.017,95.51
2013-08-27,1302603,201335,23.5949,24.9788,26.4254,0.0141,4.7787,14.4673,38.2298,0.9907,0.992,0.9937,84.1995,89.7655,95.7315
2013-08-28,1302603,201335,22.6011,24.9977,28.5108,0.0,1.9596,14.578,15.6767,0.991,0.9929,0.9952,70.9093,87.4713,97.8245
2013-08-29,1302603,201335,22.8307,24.9592,27.6096,0.0207,0.9693,4.5304,7.7543,0.992,0.994,0.9962,77.398,86.8206,94.0476
2013-08-30,1302603,201335,22.13,24.7029,29.2031,0.0039,1.1245,4.8763,8.9961,0.9907,0.9933,0.9951,71.5139,88.1871,98.1322
2013-08-31,1302603,201335,22.2055,24.9252,28.7797,0.0,0.6978,3.6562,5.5826,0.9896,0.9924,0.9942,69.9567,86.9865,97.235
2013-09-01,1302603,201336,22.4131,25.6143,29.0484,0.0,0.5318,1.6057,4.2542,0.9873,0.9909,0.993,69.328,86.5772,98.1163
2013-09-02,1302603,201336,23.1664,25.6525,28.4539,0.1227,2.0725,6.2967,16.5798,0.9872,0.9904,0.9929,74.3273,87.1755,96.492
2013-09-03,1302603,201336,23.2487,25.6676,29.2899,0.0008,1.8418,6.365,14.7341,0.9885,0.9903,0.9928,72.146,88.233,98.7046
2013-09-04,1302603,201336,22.9569,25.7894,29.3326,0.002,1.1798,5.0297,9.4386,0.9884,0.9911,0.9939,69.1539,85.5428,97.18
2013-09-05,1302603,201336,23.1909,26.3708,29.9113,0.0,0.9942,3.1929,7.9539,0.9878,0.991,0.9933,69.315,85.2024,97.5811
2013-09-06,1302603,201336,23.8709,25.3043,26.5123,0.2882,2.9784,7.5791,23.8271,0.9891,0.9918,0.9953,82.5092,90.1593,95.3282
2013-09-07,1302603,201336,23.46,25.2276,27.9416,0.1467,3.484,8.4076,27.8719,0.9893,0.9916,0.9938,76.0793,89.2231,97.2893
2013-09-08,1302603,201337,22.7543,25.0376,28.7286,0.0011,3.9924,8.8278,31.9395,0.9894,0.9919,0.9944,72.3827,88.4993,96.7213
2013-09-09,1302603,201337,23.2009,24.8117,26.0833,0.0037,4.4827,11.2508,35.8616,0.9898,0.9922,0.9946,83.0041,90.4089,97.7779
2013-09-10,1302603,201337,22.3145,24.8987,27.4028,0.0006,2.5141,11.2516,20.113,0.9893,0.9922,0.9945,77.7698,88.577,98.5257
2013-09-11,1302603,201337,22.9317,25.6328,28.6426,0.0025,1.1284,4.0535,9.0274,0.9873,0.991,0.9935,73.3515,86.5897,97.5188
2013-09-12,1302603,201337,23.1463,26.1373,30.0055,0.0546,1.101,2.838,8.8084,0.9855,0.989,0.9912,67.999,85.2878,96.5862
2013-09-13,1302603,201337,23.0954,25.8896,29.5584,1.0009,2.598,3.744,20.7841,0.9849,0.9882,0.991,66.9069,85.3196,97.2842
2013-09-14,1302603,201337,23.6649,26.8109,30.7177,0.0,0.6991,3.4145,5.5926,0.9867,0.9888,0.9911,69.9138,83.348,95.1192
2013-09-15,1302603,201338,23.5026,27.227,31.2078,0.0,0.42,1.8732,3.3599,0.9871,0.9895,0.9913,60.0911,81.013,96.2552
2013-09-16,1302603,201338,23.6202,27.5824,31.3436,0.0,0.1557,0.5546,1.2454,0.9853,0.989,0.9911,60.8026,78.064,93.5687
2013-09-17,1302603,201338,24.7897,27.6617,31.0937,0.0257,0.2718,0.9037,2.1743,0.985,0.9883,0.9908,65.0924,82.1006,93.5464
2013-09-18,1302603,201338,24.3972,27.6408,31.7314,0.3467,0.7957,1.5439,6.3658,0.988,0.9894,0.9916,66.5389,83.8166,97.2165
2013-09-19,1302603,201338,24.3281,27.497,31.0156,0.0,0.3998,1.5568,3.1984,0.9893,0.9911,0.9937,61.3977,80.2628,93.755
2013-09-20,1302603,201338,24.1847,26.8892,29.7695,0.0001,1.3315,4.8641,10.6519,0.9875,0.991,0.9931,68.0868,82.9503,95.7991
2013-09-21,1302603,201338,23.733,25.9164,27.5994,0.0209,5.2356,11.3169,41.8851,0.9884,0.9907,0.9934,76.8541,87.4042,94.7966
2013-09-22,1302603,201339,23.0984,26.591,30.9701,0.0011,1.6157,12.0391,12.9253,0.9889,0.9907,0.9926,58.0751,82.5289,98.1059
2013-09-23,1302603,201339,23.8496,27.9598,32.3415,0.0,0.0812,0.3452,0.6497,0.9886,0.9912,0.9933,52.581,74.9339,92.044
2013-09-24,1302603,201339,24.9287,28.1171,31.9842,0.0,0.1168,0.4511,0.9344,0.9878,0.9911,0.9936,61.1454,76.005,89.9311
2013-09-25,1302603,201339,24.3976,26.8147,30.0423,0.1064,1.7478,3.8736,13.9828,0.9883,0.9906,0.9928,66.7359,82.7891,92.0922
2013-09-26,1302603,201339,23.5332,26.202,29.3895,0.1315,1.6515,4.208,13.2124,0.9886,0.9908,0.9928,71.033,84.8543,94.706
2013-09-27,1302603,201339,23.3811,26.5167,30.3939,0.0,1.046,4.4408,8.3678,0.988,0.9904,0.993,64.2306,83.5868,95.8168
2013-09-28,1302603,201339,24.1795,26.3278,29.7388,0.0009,2.3493,5.7092,18.7944,0.9882,0.9908,0.9937,69.4261,85.7895,94.0229
2013-09-29,1302603,201340,23.8373,26.8615,31.0899,0.0022,1.1618,5.7477,9.2941,0.9873,0.9901,0.9921,63.492,85.1847,97.9089
2013-09-30,1302603,201340,24.3599,26.1595,28.0332,0.0722,4.2742,13.1741,34.1939,0.9872,0.9898,0.9923,82.0268,87.9835,94.7428
2013-10-01,1302603,201340,23.7685,26.5323,29.8247,0.0007,2.0025,13.2082,16.0202,0.9857,0.9891,0.9917,68.6249,85.4531,97.6779
2013-10-02,1302603,201340,23.8232,26.5437,29.7794,0.0298,1.1952,2.6316,9.5616,0.987,0.9898,0.9925,69.2833,83.7294,93.9617
2013-10-03,1302603,201340,23.5024,26.5277,29.6041,0.0002,1.0818,3.4708,8.6542,0.9883,0.9899,0.9921,70.1838,84.2901,96.3995
2013-10-04,1302603,201340,23.7385,27.1992,31.6015,0.0,0.6253,3.8565,5.0023,0.9867,0.9898,0.9923,57.389,79.7471,95.0615
2013-10-05,1302603,201340,23.9876,27.8997,31.3503,0.0,0.1377,0.4449,1.102,0.9876,0.9903,0.9932,56.1955,74.8823,93.7703
2013-10-06,1302603,201341,23.9165,28.1318,32.4119,0.0,0.0704,0.2724,0.5631,0.9875,0.9904,0.9929,50.4099,74.3924,94.614
2013-10-07,1302603,201341,24.7884,27.9403,31.1006,0.0,1.0842,5.5518,8.674,0.9888,0.9909,0.9933,61.6251,76.3166,89.6406
2013-10-08,1302603,201341,24.0201,26.5503,29.7081,0.0,2.0864,5.7896,16.6911,0.9879,0.991,0.9933,70.7134,84.5188,94.7194
2013-10-09,1302603,201341,23.2388,25.665,27.8562,0.0,6.372,16.6799,50.9756,0.9875,0.9902,0.9925,78.4154,88.0075,95.9266
2013-10-10,1302603,201341,23.7058,25.683,28.3054,0.0,4.7328,16.7185,37.8624,0.987,0.9896,0.9922,77.5147,89.328,96.7781
2013-10-11,1302603,201341,23.6197,26.4381,29.9175,0.0559,2.005,10.2935,16.0397,0.9853,0.9887,0.9906,69.9531,85.4207,97.1709
2013-10-12,1302603,201341,23.826,27.4715,31.4023,0.0044,0.453,2.6939,3.6236,0.9855,0.9885,0.9905,62.7943,80.8137,96.4694
2013-10-13,1302603,201342,24.7303,27.8631,30.8208,0.0,0.5124,1.6382,4.0996,0.9853,0.9883,0.9904,65.5582,79.8363,95.3505
2013-10-14,1302603,201342,24.9355,26.7783,28.4313,0.0,2.1162,7.1843,16.9293,0.9866,0.9883,0.991,74.9883,83.9988,92.4842
2013-10-15,1302603,201342,23.6854,26.647,30.5135,0.0,1.8231,7.3503,14.5848,0.9863,0.9891,0.9919,65.9864,84.1424,95.8552
2013-10-16,1302603,201342,24.0957,27.2925,30.7318,0.1297,1.1785,2.3614,9.428,0.987,0.9897,0.9921,63.5481,82.4169,96.3514
2013-10-17,1302603,201342,24.2988,27.237,30.8734,0.0169,0.8465,1.7852,6.7719,0.9869,0.99,0.9928,63.9778,83.2886,95.1671
2013-10-18,1302603,201342,24.539,27.1629,30.5111,0.0026,1.0393,2.156,8.3146,0.9872,0.9895,0.9919,64.0515,81.4693,94.1914
2013-10-19,1302603,201342,23.873,27.1143,31.1605,0.0626,0.7808,2.9127,6.2465,0.9861,0.9901,0.9927,62.5844,80.3797,94.464
2013-10-20,1302603,201343,24.2015,27.4054,30.5212,0.074,1.3574,3.3939,10.8592,0.9868,0.9893,0.9916,67.7743,79.1694,92.4139
2013-10-21,1302603,201343,24.2971,28.1356,32.2462,0.0,0.5344,3.4371,4.2749,0.9857,0.9892,0.9914,53.4968,75.1858,93.4942
2013-10-22,1302603,201343,23.7975,28.5724,33.4852,0.0,0.037,0.2847,0.2959,0.9848,0.988,0.9901,42.2181,67.7761,88.8421
2013-10-23,1302603,201343,24.7213,28.5702,31.7735,0.0,0.0476,0.1795,0.3807,0.9854,0.9881,0.9905,52.7362,68.1667,85.2012
2013-10-24,1302603,201343,24.9361,28.65,32.7241,0.0,0.119,0.3154,0.9517,0.9872,0.9894,0.9918,51.556,71.2196,89.6623
2013-10-25,1302603,201343,25.5243,29.1258,32.8825,0.0,0.1315,0.3566,1.0521,0.9865,0.9899,0.9924,52.129,69.3976,85.7281
2013-10-26,1302603,201343,25.3986,29.2337,32.8673,0.0038,0.1769,0.3671,1.4155,0.9855,0.989,0.9913,51.4275,69.4717,89.1918
2013-10-27,1302603,201344,25.7202,28.7866,32.1979,0.0236,0.6718,2.2248,5.3743,0.9852,0.9885,0.9907,57.3076,73.7205,85.6816
2013-10-28,1302603,201344,24.7674,26.8302,28.5194,0.4149,5.39,11.5575,43.1198,0.9869,0.989,0.9918,75.5055,83.8632,93.5196
2013-10-29,1302603,201344,24.0467,26.2447,29.3458,1.5153,4.7241,14.5906,37.793,0.986,0.9892,0.9913,75.3508,86.5934,95.7119
2013-10-30,1302603,201344,24.0245,27.0562,31.2623,0.2296,1.3849,7.5711,11.0789,0.983,0.9878,0.9904,60.0496,79.9648,95.2659
2013-10-31,1302603,201344,25.2168,27.4704,31.3671,0.0175,1.9333,8.3006,15.4662,0.9843,0.9869,0.9887,60.2236,78.2896,87.7971
2013-11-01,1302603,201344,24.2507,26.8211,30.5806,0.0237,2.1939,8.3639,17.5515,0.9856,0.9875,0.9897,63.9465,82.9762,93.972
2013-11-02,1302603,201344,23.9237,26.8482,30.7866,0.0001,0.7988,4.9818,6.3902,0.9858,0.9884,0.9908,59.8004,81.4437,95.3122
2013-11-03,1302603,201345,24.8463,28.0477,31.3601,0.0,0.1377,0.465,1.1018,0.9849,0.9879,0.9898,58.6148,75.3979,89.4137
2013-11-04,1302603,201345,24.1502,25.5275,27.8535,0.4807,12.1467,26.3231,97.1739,0.9867,0.9887,0.9909,79.1166,90.0173,96.2447
2013-11-05,1302603,201345,23.4591,25.0213,27.8654,0.5728,6.2978,28.2515,50.3825,0.9865,0.9888,0.9913,69.9028,87.9606,97.5348
2013-11-06,1302603,201345,23.4055,26.1003,29.7481,0.0,2.3581,7.8306,18.8647,0.9858,0.9889,0.9911,70.4174,82.5801,92.2513
2013-11-07,1302603,201345,24.0822,26.3842,30.2894,0.115,2.416,7.9603,19.3281,0.9857,0.9886,0.9906,67.2951,86.2105,96.1195
2013-11-08,1302603,201345,23.878,25.5763,27.7343,0.3875,5.3718,12.7828,42.9741,0.9854,0.9888,0.9913,80.1192,90.0708,97.4104
2013-11-09,1302603,201345,23.8554,26.3755,29.5737,0.2847,4.0929,12.8922,32.7431,0.9856,0.988,0.9901,71.7496,86.1291,96.5607
2013-11-10,1302603,201346,23.418,26.2294,28.887,0.4572,4.6064,9.3108,36.851,0.9851,0.9884,0.9904,74.7798,85.5436,96.5557
2013-11-11,1302603,201346,24.1449,26.6539,29.2767,0.001,2.3825,9.3461,19.0599,0.9847,0.9879,0.9902,69.9308,85.0847,96.7077
2013-11-12,1302603,201346,23.7116,25.6904,27.726,0.0512,7.7678,15.7548,62.1424,0.9857,0.9883,0.9906,83.1492,89.5484,95.9462
2013-11-13,1302603,201346,23.9297,25.9768,28.7099,0.0377,5.6354,15.7606,45.0835,0.9857,0.9884,0.9902,75.0784,87.0775,95.84
2013-11-14,1302603,201346,23.6807,25.4482,27.7781,0.109,5.2548,13.2937,42.0381,0.9863,0.9889,0.9915,79.2135,90.2921,96.4653
2013-11-15,1302603,201346,23.8681,25.7079,28.9401,0.1014,4.7707,15.5877,38.1658,0.9866,0.9887,0.9904,74.6539,89.004,96.8624
2013-11-16,1302603,201346,23.9261,25.8024,28.4377,0.0442,2.3554,15.7242,18.8432,0.9859,0.9887,0.991,77.856,89.3263,96.9835
2013-11-17,1302603,201347,23.679,25.403,27.2014,1.1063,9.53,17.2588,76.2402,0.9848,0.9884,0.9904,84.4015,91.129,97.6306
2013-11-18,1302603,201347,23.8144,26.0176,29.0849,0.1665,3.9873,17.5891,31.8985,0.9841,0.9867,0.9887,71.818,87.2641,97.6358
2013-11-19,1302603,201347,23.8797,25.9834,30.4787,0.0553,2.6793,9.257,21.4342,0.9849,0.9874,0.9892,70.9997,88.3686,96.7539
2013-11-20,1302603,201347,23.7038,26.2013,29.5788,0.0107,1.3357,6.6002,10.6858,0.986,0.9882,0.9913,70.1796,85.7935,96.9392
2013-11-21,1302603,201347,23.994,26.6348,29.7388,0.0553,1.2839,4.1568,10.271,0.9864,0.9891,0.991,67.9086,82.7171,93.6373
2013-11-22,1302603,201347,24.5961,25.4623,26.6437,0.253,4.1663,9.323,33.3301,0.9865,0.9889,0.9907,86.0764,90.4167,94.9965
2013-11-23,1302603,201347,23.0577,25.8681,29.9786,0.3075,1.7282,9.9867,13.8254,0.9842,0.9879,0.9898,62.4398,83.8508,97.2587
2013-11-24,1302603,201348,24.1472,26.7461,30.1218,0.0082,1.1921,4.1265,9.5365,0.9845,0.9873,0.9893,68.4246,83.083,93.4073
2013-11-25,1302603,201348,24.2398,27.0367,30.5178,0.0,1.0381,4.1378,8.3046,0.9847,0.9873,0.9893,67.1502,82.6931,94.5787
2013-11-26,1302603,201348,24.8495,26.1817,28.3732,0.0001,4.2554,13.0409,34.0436,0.9838,0.987,0.9889,77.2618,87.3811,93.7623
2013-11-27,1302603,201348,23.7648,25.7571,27.8411,0.0088,2.3757,13.056,19.0055,0.9839,0.9867,0.989,74.1301,86.5207,95.5342
2013-11-28,1302603,201348,23.6221,26.7661,31.1275,0.0002,0.6925,2.2988,5.5399,0.9836,0.9865,0.9892,66.9387,84.5805,97.3488
2013-11-29,1302603,201348,23.3664,25.353,27.4629,1.8787,19.2623,34.9996,154.0988,0.9854,0.9874,0.9899,81.6208,90.8261,97.9181
2013-11-30,1302603,201348,23.8862,26.4269,29.9439,0.0004,4.9358,35.1966,39.4865,0.984,0.9874,0.9897,70.7808,84.6979,95.6875
2013-12-01,1302603,201349,23.3783,25.5906,28.5811,1.2186,9.3873,17.8688,75.0982,0.9861,0.9882,0.9901,74.2556,88.7598,97.537
2013-12-02,1302603,201349,23.7609,26.1498,29.0239,0.1694,3.3036,18.0879,26.4291,0.9868,0.989,0.991,73.6176,88.108,97.9803
2013-12-03,1302603,201349,24.4806,27.4745,30.66,0.0504,0.9902,4.7553,7.9215,0.9874,0.9898,0.992,65.2391,81.2519,95.7723
2013-12-04,1302603,201349,24.7176,27.6315,31.1712,0.0275,0.455,1.3936,3.6404,0.9869,0.99,0.9922,62.122,81.0195,94.6911
2013-12-05,1302603,201349,24.1646,27.2642,31.0466,0.0008,0.7967,2.6127,6.3735,0.9866,0.9891,0.9909,64.1655,82.0933,94.2271
2013-12-06,1302603,201349,24.2629,26.734,29.9408,0.0065,1.7356,4.8074,13.8847,0.9855,0.9889,0.9911,69.2486,83.3018,93.9364
2013-12-07,1302603,201349,24.2984,27.4754,30.4665,0.0205,0.8868,4.8211,7.0947,0.9852,0.9887,0.9908,64.2763,80.4631,94.1303
2013-12-08,1302603,201350,24.4763,27.3561,30.5095,0.0233,0.8529,2.4963,6.8229,0.9861,0.9887,0.991,64.7628,80.542,93.1308
2013-12-09,1302603,201350,24.1947,27.6755,31.1343,0.0003,0.4231,2.5051,3.3849,0.9867,0.9893,0.9915,57.2879,78.366,95.5246
2013-12-10,1302603,201350,25.0671,27.8835,30.6586,0.0023,0.3052,1.0453,2.4412,0.9866,0.9896,0.9921,64.7022,75.324,86.7556
2013-12-11,1302603,201350,24.5408,27.1388,30.1616,0.052,4.0524,9.9508,32.4191,0.986,0.9895,0.9917,66.8905,83.0108,94.0499
2013-12-12,1302603,201350,23.9837,26.1546,29.0962,2.3861,7.6727,10.3967,61.3813,0.9859,0.9896,0.9922,71.0474,85.7795,95.1051
2013-12-13,1302603,201350,24.0908,26.642,29.2215,0.0239,2.3124,10.4854,18.4993,0.9845,0.988,0.9902,70.5294,84.1659,94.6002
2013-12-14,1302603,201350,24.3815,27.1706,30.4858,0.0903,1.7008,3.3411,13.6066,0.9844,0.9877,0.9906,66.2258,82.1359,94.4208
2013-12-15,1302603,201351,24.9488,27.4015,29.6194,0.0736,1.3,3.3962,10.4001,0.9843,0.9881,0.9905,69.9375,81.5368,93.1733
2013-12-16,1302603,201351,24.4459,26.4193,27.9809,2.313,6.9359,13.6491,55.4871,0.9845,0.9882,0.9905,78.4379,86.3299,95.3859
2013-12-17,1302603,201351,23.8084,26.1336,29.096,1.5322,12.1733,16.1436,97.3864,0.9848,0.9879,0.9901,71.7783,86.6253,96.5834
2013-12-18,1302603,201351,23.9229,25.6294,28.3638,0.1423,12.5879,22.2761,100.7032,0.9858,0.9879,0.9902,78.3767,89.9567,96.5453
2013-12-19,1302603,201351,23.7019,25.5574,28.1184,0.192,9.2117,23.0146,73.6936,0.9847,0.9876,0.9895,75.8286,88.9758,97.0962
2013-12-20,1302603,201351,23.3493,25.6978,27.8601,1.3219,9.8214,15.1251,78.5708,0.9844,0.9872,0.9892,76.4821,87.4012,97.3694
2013-12-21,1302603,201351,24.351,26.8031,29.4798,0.1344,2.1184,15.2911,16.947,0.9857,0.9872,0.9888,63.2996,79.6488,91.38
2013-12-22,1302603,201352,24.2663,26.3684,29.4767,0.0,1.5587,5.1442,12.4698,0.986,0.9882,0.9904,74.014,83.7551,92.6993
2013-12-23,1302603,201352,23.9207,25.5861,28.1507,0.2994,4.01,6.4194,32.0801,0.9864,0.9891,0.9907,72.6263,87.043,96.3533
2013-12-24,1302603,201352,23.7082,25.8128,29.2672,0.0129,5.091,10.7859,40.7284,0.9862,0.9884,0.9907,69.2659,85.7624,92.8359
2013-12-25,1302603,201352,23.5148,26.2009,29.3213,0.0412,2.5942,10.8089,20.7537,0.9864,0.9887,0.9908,72.4323,86.4276,96.8132
2013-12-26,1302603,201352,24.4639,26.3122,28.5813,0.0107,2.8863,7.035,23.0907,0.9876,0.9896,0.992,76.5146,86.5181,94.0164
2013-12-27,1302603,201352,23.6323,25.8585,28.2747,4.3289,9.7389,16.8206,77.9108,0.9881,0.9909,0.9931,79.4288,88.3408,96.7652
2013-12-28,1302603,201352,24.0543,25.9118,28.3065,0.5181,4.6643,17.0853,37.3143,0.9879,0.9907,0.9927,79.9993,89.0633,96.4742
2013-12-29,1302603,201401,23.9055,25.806,28.8744,0.8069,3.19,8.3437,25.5198,0.9872,0.9898,0.992,75.4477,87.9897,96.0735
2013-12-30,1302603,201401,23.8224,25.8323,28.3604,0.0004,2.7541,7.5219,22.0332,0.9859,0.9888,0.9906,74.6205,86.2395,95.0857
2013-12-31,1302603,201401,24.4412,27.3259,31.2718,0.0938,1.2691,7.5777,10.153,0.9859,0.9885,0.9904,56.8378,79.9159,94.8646
2014-01-01,1302603,201401,24.7404,27.5288,30.6043,0.0002,0.2397,0.7211,1.9172,0.9858,0.9885,0.9905,61.0279,76.0137,88.0868
2014-01-02,1302603,201401,24.3115,27.5546,31.1039,0.0002,0.2567,0.6967,2.0536,0.9841,0.9873,0.9892,61.6333,79.011,93.6209
2014-01-03,1302603,201401,24.3344,27.297,30.1597,0.0023,0.325,0.7828,2.6,0.9856,0.9876,0.9899,64.2113,79.7881,94.0881
2014-01-04,1302603,201401,24.9174,27.4961,30.1379,0.0001,0.3781,1.0946,3.0248,0.9864,0.9889,0.991,64.6048,77.1014,88.4656
2014-01-05,1302603,201402,24.7279,26.9457,28.8943,0.0183,1.7184,5.0856,13.7469,0.987,0.9891,0.9912,71.2543,80.8858,91.3491
2014-01-06,1302603,201402,24.4079,25.9068,27.4144,0.0464,6.1976,15.06,49.5811,0.9862,0.9893,0.9912,80.6665,88.1741,95.1742
2014-01-07,1302603,201402,23.3216,24.5351,26.0122,0.387,7.179,15.2221,57.4324,0.9875,0.9895,0.992,83.2291,91.9153,96.9162
2014-01-08,1302603,201402,23.0327,24.7147,27.3209,0.6616,5.2786,15.0124,42.2287,0.9882,0.9898,0.9921,80.3429,91.7257,97.4693
2014-01-09,1302603,201402,22.9559,24.3782,26.9593,1.6441,6.2146,14.3623,49.717,0.9857,0.9898,0.9925,77.7954,91.0409,97.0269
2014-01-10,1302603,201402,23.7965,25.726,28.5122,0.2372,2.5165,7.1325,20.1317,0.9867,0.9892,0.9913,70.4769,85.243,94.2622
2014-01-11,1302603,201402,22.9649,24.6807,27.3312,3.9106,9.1775,11.6262,73.4202,0.9881,0.9905,0.9934,71.8062,89.0146,98.1701
2014-01-12,1302603,201403,23.0777,25.6642,29.777,0.0616,2.7173,10.9134,21.7383,0.9892,0.9912,0.9933,66.1524,83.1371,93.0896
2014-01-13,1302603,201403,22.8838,24.1307,25.4763,3.2326,29.304,54.7786,234.4324,0.9903,0.9924,0.9945,88.7303,94.5072,97.3401
2014-01-14,1302603,201403,22.6357,24.8539,27.7375,1.3576,10.9403,55.9195,87.5224,0.9882,0.9917,0.9938,74.6255,88.6886,97.9724
2014-01-15,1302603,201403,23.3015,25.9385,28.956,0.3681,2.7084,10.2035,21.6669,0.9874,0.9907,0.9928,70.3319,85.1892,94.965
2014-01-16,1302603,201403,23.3474,25.9734,28.6658,1.8579,5.0567,9.1912,40.4537,0.9869,0.99,0.9921,73.2191,85.9639,96.6999
2014-01-17,1302603,201403,23.7685,26.3874,29.3209,0.0179,1.8498,9.327,14.7981,0.9868,0.9899,0.9921,69.8999,84.4395,94.852
2014-01-18,1302603,201403,23.7448,25.6955,27.7084,2.6385,12.5101,20.9076,100.0809,0.9881,0.9905,0.9929,80.2048,89.1404,97.065
2014-01-19,1302603,201404,23.559,25.2884,27.7953,0.3666,10.3932,22.4621,83.1456,0.9874,0.9904,0.9923,77.2675,89.8103,97.3722
2014-01-20,1302603,201404,23.5286,26.3338,30.2046,2.0914,5.1774,13.6278,41.4195,0.987,0.9902,0.9922,69.5328,84.8487,96.5329
2014-01-21,1302603,201404,24.4763,27.0215,30.1764,0.0029,1.5006,5.0537,12.0047,0.9867,0.9895,0.9916,58.3713,80.6297,94.426
2014-01-22,1302603,201404,24.4163,27.0614,29.7693,0.0,0.4841,2.9982,3.8725,0.988,0.9896,0.9918,61.6129,74.5826,86.6358
2014-01-23,1302603,201404,24.4515,27.108,30.6596,0.095,0.4411,1.5594,3.5288,0.9873,0.99,0.9922,64.0137,79.0297,89.2067
2014-01-24,1302603,201404,24.1017,26.3484,28.5582,0.0012,1.1508,3.317,9.2068,0.987,0.9893,0.9913,73.6074,84.4837,94.5986
2014-01-25,1302603,201404,24.1504,26.5996,29.8438,0.0156,2.0181,6.5126,16.1448,0.9858,0.9887,0.9909,69.5726,84.0342,95.4863
2014-01-26,1302603,201405,24.0654,25.9516,28.4702,0.4599,3.2323,9.2575,25.858,0.9865,0.9887,0.9905,75.2869,86.5702,94.1593
2014-01-27,1302603,201405,23.7215,25.7009,28.9892,0.1443,2.7228,11.4973,21.7825,0.9869,0.9893,0.9912,69.9019,85.8793,94.0942
2014-01-28,1302603,201405,23.3651,25.333,27.5188,0.2198,5.3664,13.304,42.931,0.9876,0.9895,0.9913,82.1965,88.3496,94.3664
2014-01-29,1302603,201405,23.237,24.3839,26.9561,0.1205,7.395,14.9033,59.1601,0.9868,0.9902,0.9922,76.4978,91.2439,95.8273
2014-01-30,1302603,201405,23.3703,25.7551,29.7491,0.002,1.7547,12.7518,14.0379,0.9871,0.9895,0.9915,63.7198,81.8006,93.3176
2014-01-31,1302603,201405,23.8046,26.0046,28.2779,0.0008,1.3566,5.8313,10.853,0.9866,0.9892,0.9911,72.5992,82.8018,92.662
2014-02-01,1302603,201405,23.8834,25.3968,27.4245,0.0055,5.0046,14.6168,40.0369,0.9863,0.9891,0.9909,80.9757,88.7795,95.1937
2014-02-02,1302603,201406,23.3811,25.645,28.785,0.1301,3.1057,14.9379,24.8455,0.9854,0.9888,0.9911,71.9022,85.9751,96.5835
2014-02-03,1302603,201406,23.6808,26.5252,29.0804,0.1333,1.1556,3.157,9.2447,0.9863,0.9881,0.9903,68.2459,83.459,96.6569
2014-02-04,1302603,201406,23.6127,25.2434,26.7627,0.0812,5.9873,10.824,47.8984,0.9866,0.9891,0.9919,78.8205,89.1771,96.3582
2014-02-05,1302603,201406,23.389,25.1377,28.368,0.1205,5.9836,13.6318,47.869,0.9873,0.9891,0.9917,75.8885,88.7619,95.0558
2014-02-06,1302603,201406,22.9238,25.5827,29.7286,0.0317,2.3075,14.1036,18.4597,0.9858,0.9891,0.9918,67.2427,86.4624,97.0826
2014-02-07,1302603,201406,22.9952,24.653,27.7927,2.6949,12.7024,24.2828,101.6189,0.9887,0.9905,0.9926,76.6635,90.6249,97.3549
2014-02-08,1302603,201406,22.8505,24.6488,27.961,0.4507,6.6099,25.5431,52.879,0.9879,0.9905,0.9924,79.1286,90.3554,96.9007
2014-02-09,1302603,201407,23.2672,25.3432,29.1241,0.3315,4.3606,12.7804,34.8849,0.9858,0.9891,0.9913,71.4249,87.2978,96.4427
2014-02-10,1302603,201407,23.6656,25.1482,27.1259,0.0302,4.7196,15.8332,37.7569,0.9872,0.9888,0.9913,81.2922,90.6546,96.4604
2014-02-11,1302603,201407,23.0846,24.6793,27.0833,1.2526,6.7181,17.461,53.7451,0.9874,0.9894,0.9916,81.0412,92.1818,98.0775
2014-02-12,1302603,201407,23.0386,24.7085,27.1216,2.1458,7.3087,12.552,58.4699,0.9868,0.9895,0.9915,78.6839,91.885,97.7007
2014-02-13,1302603,201407,23.6461,25.3895,27.6974,0.045,3.1727,11.8395,25.382,0.9861,0.9891,0.9913,77.1211,87.4331,95.1759
2014-02-14,1302603,201407,23.4301,25.2074,27.1758,0.3119,5.3425,16.0757,42.7404,0.9882,0.9898,0.9922,80.4177,88.9636,95.5748
2014-02-15,1302603,201407,23.5063,24.7136,26.5362,0.307,12.9265,21.784,103.4118,0.9883,0.9906,0.9929,82.0984,92.0149,96.7278
2014-02-16,1302603,201408,23.3893,24.5992,26.5787,0.9949,6.835,23.3891,54.6798,0.987,0.9903,0.9923,79.7779,92.679,97.4908
2014-02-17,1302603,201408,23.2324,25.1629,27.8434,0.0967,3.217,8.2637,25.7357,0.9858,0.9893,0.9917,73.3981,86.0788,94.1651
2014-02-18,1302603,201408,23.3674,25.9416,28.9355,0.1115,1.7797,4.5196,14.2372,0.9858,0.9886,0.9909,72.1794,86.3823,96.7673
2014-02-19,1302603,201408,23.9746,25.8222,28.3472,0.1619,3.2927,5.2754,26.3412,0.9845,0.9884,0.9906,73.2332,85.9493,94.6485
2014-02-20,1302603,201408,24.2005,25.9983,28.0279,0.5262,2.7231,5.6646,21.7849,0.9858,0.9884,0.9905,76.2048,84.8398,93.247
2014-02-21,1302603,201408,22.9592,24.6307,26.4087,0.1104,9.4249,18.6298,75.3996,0.9864,0.9892,0.9916,82.0549,90.5042,97.2154
2014-02-22,1302603,201408,23.2695,25.2432,27.4877,0.0418,4.3885,18.8298,35.1077,0.9869,0.9891,0.9908,78.6446,88.6964,96.6195
2014-02-23,1302603,201409,23.0802,24.7312,27.4549,0.312,7.1447,15.3925,57.1575,0.987,0.9897,0.9914,78.3862,91.1231,96.8891
2014-02-24,1302603,201409,23.3574,25.2269,28.3188,0.5179,5.1955,15.4452,41.5636,0.9859,0.9895,0.9918,74.3829,88.534,96.9315
2014-02-25,1302603,201409,23.3848,25.6577,28.0645,0.2278,4.0689,8.6206,32.5512,0.9853,0.9888,0.9909,77.2788,88.7562,97.1841
2014-02-26,1302603,201409,23.1324,24.8185,27.3033,4.1728,11.7872,19.2257,94.2977,0.9873,0.9891,0.9916,79.721,91.7547,97.9439
2014-02-27,1302603,201409,23.2222,24.8918,27.3418,1.0446,6.9181,19.8057,55.3449,0.9866,0.9895,0.9924,79.9393,91.9058,99.1799
2014-02-28,1302603,201409,23.2891,25.693,28.2759,0.2834,4.3926,11.1525,35.141,0.9863,0.9896,0.9921,79.4638,87.46,95.2665
2014-03-01,1302603,201409,23.3327,25.1343,26.9019,0.0354,7.5188,17.2234,60.1506,0.9866,0.9895,0.9918,81.9058,90.6902,97.6834
2014-03-02,1302603,201410,23.4089,24.6072,26.5719,1.473,14.9276,23.4596,119.4208,0.9865,0.9889,0.9914,83.4979,93.0687,97.5082
2014-03-03,1302603,201410,23.346,25.6151,29.3287,0.0674,3.9505,23.6116,31.6039,0.9849,0.9881,0.9899,70.1591,85.657,94.2511
2014-03-04,1302603,201410,23.1269,25.6312,29.9896,4.6878,15.0767,24.7821,120.6136,0.9867,0.9892,0.9914,69.9703,88.7187,97.6777
2014-03-05,1302603,201410,23.9258,25.8657,28.8262,0.445,6.7766,25.9687,54.2127,0.988,0.9901,0.9925,72.876,88.1467,96.6582
2014-03-06,1302603,201410,23.9298,25.5358,28.2998,0.3799,3.9147,12.3996,31.3175,0.9886,0.9907,0.9925,75.8194,88.0375,95.3632
2014-03-07,1302603,201410,23.5085,25.487,28.6992,0.3292,2.7495,9.2059,21.9957,0.9881,0.9904,0.9924,70.7643,86.6896,95.6186
2014-03-08,1302603,201410,22.9938,24.4597,25.9893,0.9932,8.4761,17.5934,67.8092,0.9895,0.9911,0.9935,84.7015,92.4631,97.6902
2014-03-09,1302603,201411,22.3096,24.9957,29.1527,0.286,3.4361,18.2178,27.4889,0.9877,0.9905,0.9925,65.4997,84.6794,94.9572
2014-03-10,1302603,201411,24.3313,27.0743,30.0932,0.0061,0.9408,2.4919,7.5267,0.9859,0.989,0.9911,69.0902,79.9437,89.1774
2014-03-11,1302603,201411,24.8153,26.2242,27.6715,0.7397,5.3089,16.2764,42.4712,0.9864,0.9887,0.9911,79.3197,86.4522,91.7834
2014-03-12,1302603,201411,23.4869,24.7579,26.7703,0.557,12.2965,21.4445,98.3718,0.9873,0.9894,0.9915,85.7815,92.7065,97.4118
2014-03-13,1302603,201411,23.2674,25.6172,28.9601,0.6421,4.8769,22.1303,39.015,0.986,0.9896,0.9924,71.1894,84.9489,95.666
2014-03-14,1302603,201411,24.4563,26.3655,28.9372,0.0594,2.3067,7.4079,18.4536,0.9869,0.9895,0.9917,73.5275,85.1272,92.5509
2014-03-15,1302603,201411,23.8952,25.2989,27.3782,0.06,5.5894,15.5189,44.7154,0.9867,0.9891,0.9915,82.3864,90.7196,96.8201
2014-03-16,1302603,201412,23.2014,26.1569,30.4,0.0042,2.0911,15.555,16.7287,0.9853,0.9887,0.991,66.3439,83.0827,94.7908
2014-03-17,1302603,201412,24.4513,26.4225,28.4752,0.0,1.8355,8.5777,14.684,0.9855,0.988,0.9902,74.4866,83.0516,89.2851
2014-03-18,1302603,201412,24.1852,26.2826,29.3635,0.005,3.7448,8.8764,29.9584,0.9862,0.9889,0.9916,70.0211,84.6379,93.0968
2014-03-19,1302603,201412,24.2418,26.0618,28.2028,0.1424,3.4259,7.791,27.4074,0.9861,0.9893,0.9916,77.1865,86.0884,92.5265
2014-03-20,1302603,201412,23.6781,24.7247,25.9607,0.2231,11.0058,23.6819,88.0465,0.9864,0.9892,0.9913,87.8568,93.0076,97.1645
2014-03-21,1302603,201412,23.6351,24.9673,26.7781,0.1221,8.8981,24.2666,71.1849,0.9869,0.9894,0.9918,81.4492,91.3162,97.323
2014-03-22,1302603,201412,23.8129,25.259,27.7711,0.0424,8.0592,14.2216,64.4734,0.9886,0.9907,0.9932,79.8175,90.8822,96.9543
2014-03-23,1302603,201413,23.1838,24.7197,26.812,4.7682,15.4588,24.3093,123.6701,0.9895,0.9916,0.994,84.407,92.0805,97.7952
2014-03-24,1302603,201413,23.2519,24.1821,25.0055,0.3272,8.9591,24.4984,71.6731,0.9897,0.9912,0.9933,92.4847,95.0715,96.5952
2014-03-25,1302603,201413,22.5935,24.5227,27.4718,1.6576,6.0764,18.7881,48.6109,0.9888,0.9916,0.9939,77.2693,90.5428,98.6898
2014-03-26,1302603,201413,22.9197,25.5417,28.8283,0.0181,2.5733,8.1179,20.5863,0.989,0.9917,0.9938,71.4411,86.759,97.3107
2014-03-27,1302603,201413,23.3587,24.2593,25.1127,0.2171,8.677,20.7127,69.4161,0.9891,0.9917,0.994,90.8922,94.2552,97.4028
2014-03-28,1302603,201413,22.9418,24.1351,25.969,2.6256,15.3596,25.4123,122.8768,0.9879,0.991,0.9933,89.2948,95.1939,98.7097
2014-03-29,1302603,201413,22.5393,25.7216,30.4123,0.2366,3.7077,25.5644,29.6615,0.9859,0.9896,0.9917,67.75,85.0763,96.3118
2014-03-30,1302603,201414,24.696,27.1784,30.4856,0.0596,0.5437,1.7959,4.3497,0.985,0.9881,0.9903,66.1624,78.2012,85.1873
2014-03-31,1302603,201414,24.3165,26.542,29.8585,0.6009,5.8082,13.8229,46.4659,0.9872,0.9895,0.992,68.4083,82.5764,92.8537
2014-04-01,1302603,201414,23.8177,24.8779,25.9494,0.3188,11.0789,22.0613,88.6316,0.9903,0.9917,0.9941,87.8576,93.1418,96.672
2014-04-02,1302603,201414,22.9362,24.9321,28.9699,0.0415,3.4166,22.6194,27.3324,0.9894,0.9919,0.994,70.9686,89.2178,98.4675
2014-04-03,1302603,201414,22.7253,25.5271,29.5551,0.3898,4.4666,9.4912,35.7328,0.9872,0.9908,0.9929,69.5962,86.4899,97.2096
2014-04-04,1302603,201414,23.6831,25.856,28.7447,0.0067,3.6398,10.0477,29.1182,0.9886,0.9904,0.9927,74.1456,86.6086,95.304
2014-04-05,1302603,201414,24.1622,26.6766,30.6267,0.0002,2.4193,10.1057,19.354,0.9884,0.991,0.9929,66.9058,84.6064,94.3416
2014-04-06,1302603,201415,24.3153,26.3849,28.5973,0.0,2.5224,6.8419,20.1789,0.9875,0.991,0.9936,75.8506,87.0384,95.1105
2014-04-07,1302603,201415,24.0124,26.3063,29.1858,0.189,5.5842,10.7148,44.6732,0.9872,0.9904,0.9927,72.8697,86.759,95.3438
2014-04-08,1302603,201415,24.0034,26.1766,28.8474,0.4204,4.6349,11.9044,37.0791,0.9878,0.9901,0.9919,74.1276,86.8744,96.1369
2014-04-09,1302603,201415,23.7719,25.7302,28.4435,0.7569,4.6096,11.2178,36.8769,0.9886,0.991,0.9929,74.7224,87.5511,95.0112
2014-04-10,1302603,201415,23.7192,26.262,30.2938,0.0018,2.5905,11.9941,20.7242,0.9889,0.991,0.9929,67.0511,85.2837,95.9722
2014-04-11,1302603,201415,24.0709,26.8741,30.0986,0.0026,0.4536,2.2711,3.6286,0.9872,0.991,0.9933,62.2417,80.3191,94.6851
2014-04-12,1302603,201415,24.7345,27.2172,30.3257,0.0011,0.8537,2.8057,6.8295,0.9869,0.9899,0.992,67.6517,79.2204,88.6895
2014-04-13,1302603,201416,23.7397,26.1702,28.2698,0.5885,5.7286,9.9887,45.8287,0.9865,0.9898,0.9922,76.5293,86.3649,95.9732
2014-04-14,1302603,201416,23.5978,24.8879,26.4981,0.5139,21.6858,41.0845,173.4863,0.9876,0.9899,0.9917,86.5255,92.2231,98.0924
2014-04-15,1302603,201416,23.1,24.8848,27.6503,3.0124,11.9955,43.5675,95.9637,0.9872,0.99,0.9919,77.4548,91.1411,98.5729
2014-04-16,1302603,201416,22.9502,25.0504,28.1057,1.0519,5.6792,16.7521,45.4336,0.9871,0.9901,0.992,74.7549,89.0535,97.0904
2014-04-17,1302603,201416,23.4367,25.2996,28.04,0.0744,2.619,9.5215,20.9517,0.9883,0.9901,0.9924,74.9509,88.8044,95.9281
2014-04-18,1302603,201416,22.7746,25.2935,28.6784,0.4122,2.0518,10.8243,16.4142,0.9868,0.9902,0.9923,74.4613,87.7558,97.6879
2014-04-19,1302603,201416,24.0176,26.0385,29.2458,0.0331,1.7117,7.5338,13.6934,0.9877,0.9903,0.9925,72.4287,86.1552,94.3033
2014-04-20,1302603,201417,24.1438,25.9721,28.1158,0.0206,3.5748,9.1038,28.5983,0.9879,0.9908,0.9929,78.3949,87.6935,95.6062
2014-04-21,1302603,201417,23.3275,24.7484,27.1855,1.0422,13.0852,27.3302,104.6818,0.9879,0.9906,0.9924,81.2765,92.7061,97.6952
2014-04-22,1302603,201417,23.0072,24.9269,28.0381,0.0888,7.1891,28.0947,57.513,0.9869,0.9898,0.9917,76.056,91.48,98.3636
2014-04-23,1302603,201417,23.4656,24.729,26.3666,4.1735,12.9428,25.5782,103.5423,0.9885,0.9904,0.9926,86.7341,93.2571,97.9249
2014-04-24,1302603,201417,23.1724,24.585,26.2481,2.1011,11.0343,26.4273,88.2742,0.9885,0.991,0.9931,86.8923,93.2857,97.9246
2014-04-25,1302603,201417,23.2981,24.3515,26.053,0.4316,14.0233,29.227,112.1868,0.9883,0.9908,0.9933,87.7998,94.3911,98.4771
2014-04-26,1302603,201417,23.0555,24.1022,25.8017,2.029,24.4671,45.117,195.7368,0.9881,0.9909,0.993,87.8162,94.5969,97.8401
2014-04-27,1302603,201418,23.2723,25.2344,28.5758,0.0993,7.7656,45.1491,62.125,0.9881,0.9906,0.9926,75.2873,91.0524,99.1007
2014-04-28,1302603,201418,23.412,25.0231,27.4953,0.1401,3.8285,10.9918,30.6279,0.9879,0.9906,0.9928,80.6023,90.794,96.5211
2014-04-29,1302603,201418,23.2238,25.4002,28.6931,1.564,8.3776,14.1451,67.0205,0.9863,0.9902,0.9925,74.8808,89.2751,97.6807
2014-04-30,1302603,201418,24.0291,25.601,28.0915,0.0007,4.7715,14.7328,38.1721,0.9859,0.989,0.9916,77.7166,88.5878,95.7159
2014-05-01,1302603,201418,23.5559,24.8396,26.7524,3.4678,16.6501,30.2767,133.2005,0.987,0.9893,0.9911,85.2011,92.9984,97.8973
2014-05-02,1302603,201418,23.3874,25.0917,27.8377,0.2375,5.8356,31.2392,46.6846,0.9876,0.9902,0.9928,78.834,90.1155,96.6337
2014-05-03,1302603,201418,23.9893,26.4213,29.8497,0.0148,1.4894,4.5867,11.9155,0.9886,0.9908,0.9927,70.4401,85.17,94.2833
2014-05-04,1302603,201419,23.5648,25.0057,27.6397,0.0019,11.0163,25.6685,88.1307,0.9896,0.9917,0.994,82.3318,92.2176,97.0565
2014-05-05,1302603,201419,23.2535,24.6398,26.4557,0.9272,19.859,30.6008,158.8723,0.9889,0.9919,0.9937,81.9234,92.3239,97.9037
2014-05-06,1302603,201419,23.1975,25.5887,28.7093,0.0128,5.6045,30.6242,44.8358,0.9877,0.9911,0.9934,74.1626,88.4595,96.9495
2014-05-07,1302603,201419,24.2058,26.697,29.5764,0.021,1.2476,3.8298,9.9808,0.9887,0.9909,0.9927,70.6071,83.1353,92.7932
2014-05-08,1302603,201419,24.264,26.3219,29.4671,0.2068,6.3938,11.7313,51.1507,0.9883,0.9911,0.9928,72.8902,87.4468,95.9956
2014-05-09,1302603,201419,24.1081,25.2784,26.7689,0.0001,5.1245,11.7681,40.9961,0.9887,0.9911,0.9929,84.397,91.0556,95.3913
2014-05-10,1302603,201419,23.1344,25.2925,28.8725,0.1218,2.7235,11.1231,21.7878,0.9875,0.9907,0.9927,74.0475,89.6595,98.0422
2014-05-11,1302603,201420,23.8841,25.4016,28.4268,1.5908,7.0579,15.802,56.4634,0.9874,0.9904,0.9922,77.5482,90.696,97.1072
2014-05-12,1302603,201420,23.1257,25.3012,28.7951,1.4214,6.4695,21.6294,51.7561,0.9871,0.9905,0.9925,75.737,89.433,98.05
2014-05-13,1302603,201420,24.0769,26.169,29.3388,0.0088,2.8736,8.0058,22.9884,0.9873,0.9899,0.9917,72.6483,85.6803,93.8835
2014-05-14,1302603,201420,23.8454,26.2947,29.9215,0.052,2.0005,8.9659,16.0041,0.9869,0.99,0.9925,68.2266,84.7739,94.1988
2014-05-15,1302603,201420,24.6163,26.6194,29.8449,0.0253,1.8672,5.4831,14.9379,0.9869,0.9896,0.9915,73.8719,85.0866,93.588
2014-05-16,1302603,201420,23.9928,26.0881,28.6834,0.0072,2.0962,5.4968,16.7698,0.9867,0.9896,0.9921,73.6791,87.122,96.3636
2014-05-17,1302603,201420,23.5334,25.5353,28.2424,0.0276,2.87,5.4981,22.9604,0.9873,0.9898,0.992,75.8207,89.123,97.3763
2014-05-18,1302603,201421,23.7422,25.9066,28.3105,0.0031,2.379,6.6718,19.0324,0.9878,0.9902,0.9924,77.2809,87.2037,96.3202
2014-05-19,1302603,201421,23.5344,25.4058,28.3396,0.2918,4.9444,10.7745,39.5553,0.9889,0.9908,0.9928,75.6746,89.9531,98.2278
2014-05-20,1302603,201421,23.5481,25.946,30.1381,0.2516,2.3012,11.101,18.4096,0.9877,0.9906,0.9927,68.308,87.8211,97.4675
2014-05-21,1302603,201421,23.7,25.4793,27.3955,1.1732,6.4426,15.849,51.5406,0.9875,0.9899,0.9918,80.0539,89.8939,97.3769
2014-05-22,1302603,201421,23.5156,24.7407,26.9126,0.1835,13.9368,22.747,111.4947,0.9883,0.9908,0.9935,80.6696,91.8618,97.0854
2014-05-23,1302603,201421,23.6316,25.2494,27.7992,3.0448,9.0444,23.5164,72.355,0.989,0.9915,0.9932,74.556,88.0494,97.6569
2014-05-24,1302603,201421,23.1563,25.3928,28.4346,0.1932,3.5114,9.3849,28.0915,0.9899,0.9919,0.9943,72.7864,86.7502,96.2323
2014-05-25,1302603,201422,23.4788,25.9892,30.1295,0.0172,2.1903,7.8312,17.5224,0.9884,0.9911,0.9931,67.8469,85.9732,96.8079
2014-05-26,1302603,201422,23.7113,25.3663,27.2095,0.2139,5.3924,11.2978,43.139,0.99,0.9919,0.9938,80.1622,90.3648,97.2949
2014-05-27,1302603,201422,23.1957,25.5378,29.1908,0.5461,4.4212,11.7868,35.3694,0.9887,0.9922,0.9943,71.7042,88.0131,97.1217
2014-05-28,1302603,201422,23.3911,25.7658,28.6431,0.0265,2.239,6.0561,17.9124,0.9888,0.9916,0.9937,75.1404,88.217,97.561
2014-05-29,1302603,201422,23.1859,25.1329,27.5382,0.1783,3.6602,7.6267,29.2813,0.9877,0.9909,0.9933,81.1379,90.4768,97.0374
2014-05-30,1302603,201422,23.788,25.073,26.7041,0.7153,5.8902,13.4383,47.122,0.9885,0.9904,0.9919,84.0664,91.0215,96.9909
2014-05-31,1302603,201422,23.0054,24.9303,27.9094,0.0087,2.7842,13.4975,22.2737,0.9883,0.9907,0.9924,77.1256,90.5816,98.3081
2014-06-01,1302603,201423,23.3453,25.9002,29.4786,0.5215,1.9778,5.2633,15.8221,0.9868,0.9901,0.9919,69.7752,87.2359,97.285
2014-06-02,1302603,201423,23.84,26.6653,30.7089,0.0862,0.7274,3.4067,5.819,0.9862,0.9889,0.9907,66.0899,83.6379,95.1565
2014-06-03,1302603,201423,24.0399,26.7097,30.0985,0.0159,0.7323,1.6008,5.8584,0.9861,0.9885,0.9902,67.8136,83.8943,95.0774
2014-06-04,1302603,201423,23.9072,26.5023,30.0869,0.6698,2.5473,6.1937,20.3783,0.9865,0.9889,0.9904,69.6108,85.2262,94.278
2014-06-05,1302603,201423,24.3959,26.4272,28.9744,0.0127,2.0378,6.8073,16.3023,0.9862,0.9882,0.9896,76.4883,87.1786,95.6427
2014-06-06,1302603,201423,24.0674,26.3758,29.2539,0.6336,2.2558,6.3708,18.0462,0.9864,0.9886,0.9903,72.1253,86.0415,95.3906
2014-06-07,1302603,201423,24.3198,26.5003,30.1681,0.146,1.2473,6.8717,9.9783,0.9859,0.9885,0.9903,72.3465,87.0451,95.8239
2014-06-08,1302603,201424,24.2186,27.2062,30.432,0.0483,0.3984,1.2996,3.1872,0.9873,0.989,0.9909,67.287,82.6009,94.4546
2014-06-09,1302603,201424,24.6829,27.0591,29.7226,0.0514,1.912,4.1654,15.2956,0.9879,0.9904,0.9925,71.1004,83.1034,92.9163
2014-06-10,1302603,201424,24.3527,26.4235,28.9275,0.7166,3.2503,10.6029,26.0027,0.9891,0.9913,0.9933,75.7753,85.8578,94.1801
2014-06-11,1302603,201424,24.2528,25.7621,28.431,0.0047,4.8184,12.0646,38.5472,0.9893,0.9913,0.9928,77.3269,88.9187,94.9168
2014-06-12,1302603,201424,22.865,25.5727,28.7055,0.0955,2.4048,12.5271,19.2381,0.9897,0.992,0.9941,72.1815,87.3986,97.4722
2014-06-13,1302603,201424,23.4929,26.2502,30.1323,0.0142,0.6234,4.2095,4.9869,0.9896,0.9921,0.9937,68.7938,84.5302,95.1913
2014-06-14,1302603,201424,23.6264,26.6833,30.1976,0.0,0.1248,0.5223,0.9987,0.9887,0.9915,0.9932,57.7788,79.1656,94.0251
2014-06-15,1302603,201425,23.5198,26.9695,30.6894,0.0,0.0262,0.1708,0.2093,0.989,0.9915,0.9936,55.2911,76.11,91.4774
2014-06-16,1302603,201425,24.1003,25.9034,27.6611,0.0148,1.3047,5.684,10.4377,0.991,0.9923,0.994,78.4822,84.8985,91.0579
2014-06-17,1302603,201425,23.5292,25.0415,27.6528,0.7469,3.5498,6.5369,28.3987,0.9911,0.993,0.9946,79.9848,90.3149,96.8261
2014-06-18,1302603,201425,23.2204,24.1343,25.2912,1.5054,12.6752,30.1756,101.4013,0.9929,0.9941,0.9961,89.1038,94.5966,98.318
2014-06-19,1302603,201425,23.0213,24.5298,27.2583,0.0334,6.4037,31.2036,51.2292,0.9926,0.9947,0.9963,79.8719,92.193,97.8988
2014-06-20,1302603,201425,22.3288,24.5676,27.197,0.0236,2.1356,7.748,17.0846,0.9904,0.9933,0.9954,79.0767,91.1199,98.6769
2014-06-21,1302603,201425,23.1559,25.4177,28.1014,2.3052,4.5131,7.179,36.105,0.9893,0.9923,0.9942,74.7555,87.8116,97.6017
2014-06-22,1302603,201426,23.3931,25.3925,27.397,0.4246,7.0901,13.4947,56.7211,0.9895,0.992,0.9939,79.6733,88.7585,96.9883
2014-06-23,1302603,201426,23.2741,25.842,28.7351,0.518,3.1097,13.5664,24.8777,0.9897,0.9924,0.9941,73.1792,87.3544,97.1835
2014-06-24,1302603,201426,23.8411,26.7845,30.4343,0.0122,0.485,2.8567,3.8797,0.9894,0.9922,0.994,64.0115,83.4814,95.7544
2014-06-25,1302603,201426,23.8575,26.0728,28.8898,0.1633,0.7057,2.0386,5.6459,0.9885,0.9915,0.9939,71.2822,84.1092,92.5778
2014-06-26,1302603,201426,23.5505,25.1068,26.979,0.0971,3.2213,8.8714,25.7706,0.9893,0.9913,0.9934,85.1177,91.3597,96.4484
2014-06-27,1302603,201426,22.9663,25.2954,28.8443,0.0531,2.0356,9.6754,16.2846,0.99,0.9919,0.994,72.3242,89.2991,98.6066
2014-06-28,1302603,201426,23.8805,25.5674,28.6757,0.1416,3.9046,7.4738,31.2366,0.9904,0.993,0.9949,77.2642,88.1774,96.7497
2014-06-29,1302603,201427,23.5867,25.3271,27.2648,0.5183,3.4194,8.1541,27.3553,0.9919,0.9937,0.995,83.0976,90.6366,96.3846
2014-06-30,1302603,201427,23.203,23.9846,24.926,0.3564,7.0204,17.3961,56.1635,0.9917,0.9936,0.9949,90.6072,93.6622,96.1377
2014-07-01,1302603,201427,22.3664,24.2222,27.5858,0.0401,2.659,17.8255,21.2719,0.9899,0.9925,0.9944,74.9813,90.0849,98.1766
2014-07-02,1302603,201427,22.8003,25.1794,28.9122,0.0518,1.8236,5.122,14.5885,0.9902,0.9923,0.9942,72.3944,88.3669,97.8152
2014-07-03,1302603,201427,23.2309,25.7131,29.4625,0.024,1.8204,5.351,14.5629,0.9907,0.9927,0.9946,69.5446,86.5579,96.5299
2014-07-04,1302603,201427,23.0309,25.512,28.3346,0.4394,3.055,6.6132,24.4396,0.9903,0.9931,0.9948,75.4913,87.8161,97.2831
2014-07-05,1302603,201427,23.1429,25.7263,29.1361,0.0003,1.2374,6.6762,9.8993,0.9899,0.9925,0.9941,71.8602,87.9346,98.4317
2014-07-06,1302603,201428,23.2232,26.151,29.9469,0.0008,0.4925,2.5098,3.9404,0.9893,0.9924,0.9942,69.4415,85.1496,95.596
2014-07-07,1302603,201428,23.6105,26.5938,30.2678,0.0015,0.1846,0.7817,1.4769,0.9898,0.9927,0.9945,66.8554,82.2077,93.471
2014-07-08,1302603,201428,23.868,26.7663,30.192,0.0528,0.2326,0.6251,1.8607,0.9908,0.9934,0.9954,67.8392,82.2553,94.1664
2014-07-09,1302603,201428,23.759,26.3399,29.7782,0.0,0.6823,4.0445,5.4584,0.9906,0.9929,0.9946,66.5984,82.7752,93.5241
2014-07-10,1302603,201428,23.5072,25.4413,28.552,0.0662,2.1152,6.9223,16.9218,0.9904,0.9927,0.9944,74.8072,88.789,96.8472
2014-07-11,1302603,201428,22.939,25.0363,28.4951,1.034,3.3583,7.8222,26.8667,0.9902,0.9926,0.9942,74.2931,89.0051,97.1699
2014-07-12,1302603,201428,22.9798,24.7409,26.7458,0.3124,3.4108,8.0855,27.2864,0.9914,0.993,0.9946,82.4133,90.1993,96.5594
2014-07-13,1302603,201429,23.0422,25.5539,29.3776,0.028,1.3021,6.7428,10.4167,0.991,0.9935,0.9956,70.4939,86.9457,96.7239
2014-07-14,1302603,201429,23.0222,25.8204,29.0266,0.4461,1.1418,3.0142,9.1341,0.9904,0.9934,0.9951,75.9735,86.4269,96.5737
2014-07-15,1302603,201429,23.5312,25.9318,29.0488,0.0517,1.3541,5.9666,10.8328,0.991,0.9933,0.995,73.2802,86.7671,96.1998
2014-07-16,1302603,201429,23.4579,25.8345,28.8805,0.0037,1.4081,5.9755,11.2651,0.9914,0.9937,0.9955,72.846,87.0183,96.9206
2014-07-17,1302603,201429,22.7738,25.7878,28.5944,0.0357,0.841,2.8286,6.7277,0.9916,0.9943,0.9958,74.0229,85.392,96.0237
2014-07-18,1302603,201429,23.6851,26.2796,29.7241,0.0965,0.5913,2.0728,4.7301,0.9913,0.9941,0.9958,68.7008,83.6355,93.1354
2014-07-19,1302603,201429,23.3885,26.0388,29.0582,0.1075,0.9814,2.0574,7.8513,0.9913,0.994,0.996,70.2242,84.9667,95.7074
2014-07-20,1302603,201430,23.235,26.4604,30.1758,0.1013,0.5161,2.1671,4.1287,0.9903,0.9933,0.995,64.9891,83.2664,95.2138
2014-07-21,1302603,201430,23.7199,26.2806,29.1276,0.0336,1.4293,4.856,11.4347,0.9903,0.9924,0.9943,71.7156,84.9794,96.3723
2014-07-22,1302603,201430,23.2039,25.6401,29.1217,0.0617,1.3941,5.1812,11.1531,0.9898,0.9923,0.9943,69.6069,87.1438,96.3097
2014-07-23,1302603,201430,23.0974,26.089,29.7252,0.0035,0.6311,2.7818,5.0485,0.9891,0.9919,0.9938,65.2743,83.2234,95.2274
2014-07-24,1302603,201430,23.239,26.263,30.1635,0.0011,0.3294,1.1428,2.6352,0.9894,0.9915,0.9934,64.7824,82.1879,95.2552
2014-07-25,1302603,201430,23.6544,25.6163,28.3286,0.0058,1.937,7.533,15.4959,0.9893,0.9916,0.9935,73.942,86.2588,94.4431
2014-07-26,1302603,201430,22.017,25.4816,28.4023,1.4332,2.6679,8.8943,21.3434,0.9898,0.9917,0.9933,72.5887,85.7709,97.5383
2014-07-27,1302603,201431,22.8969,26.1606,30.1348,0.0206,0.603,2.7069,4.8241,0.9913,0.9928,0.9946,65.4012,84.8339,98.2303
2014-07-28,1302603,201431,23.8061,25.9927,28.8429,0.0964,1.9813,6.7677,15.8503,0.9919,0.9942,0.996,73.0505,85.3909,95.9565
2014-07-29,1302603,201431,22.9016,25.4575,28.107,0.0855,1.749,6.8019,13.9921,0.9913,0.9942,0.996,76.7067,87.4025,97.4122
2014-07-30,1302603,201431,22.6901,25.828,29.8885,0.0,0.5308,3.4678,4.246,0.9908,0.9936,0.9956,64.707,85.895,98.636
2014-07-31,1302603,201431,23.5664,26.4592,30.7323,0.0079,0.662,3.4703,5.2959,0.9899,0.9924,0.9942,64.7095,84.7129,96.2973
2014-08-01,1302603,201431,23.1637,25.9808,29.6117,0.3951,1.3531,3.9922,10.8246,0.9892,0.9921,0.9939,66.8917,85.2234,97.0704
2014-08-02,1302603,201431,23.878,26.8343,30.6975,0.1017,0.5161,2.7639,4.1291,0.9893,0.992,0.9935,62.5869,81.2837,92.9268
2014-08-03,1302603,201432,23.5937,26.5581,29.9304,0.0014,0.1983,0.6065,1.5865,0.9886,0.9914,0.993,67.5138,83.3431,95.1296
2014-08-04,1302603,201432,23.6115,26.2275,29.4677,0.0994,0.9228,3.0615,7.3822,0.99,0.9915,0.9938,68.8244,85.8919,95.2231
2014-08-05,1302603,201432,23.5379,26.1695,29.5281,0.0007,2.8385,7.0907,22.7078,0.9895,0.9927,0.9947,72.2819,86.7907,95.6421
2014-08-06,1302603,201432,23.4696,25.7315,28.9808,1.4083,5.191,8.4498,41.5283,0.9893,0.9922,0.994,73.726,87.8275,95.7629
2014-08-07,1302603,201432,23.4268,25.26,27.959,0.0243,2.834,9.6104,22.672,0.99,0.9922,0.9941,75.3938,87.9389,95.8048
2014-08-08,1302603,201432,23.1372,25.6448,28.4995,0.0308,2.9431,10.4975,23.5445,0.9897,0.9925,0.9944,75.4217,87.6358,96.4885
2014-08-09,1302603,201432,23.0126,25.5584,29.0,0.0816,2.3853,10.5474,19.0823,0.9896,0.9922,0.9943,71.6589,88.377,98.3169
2014-08-10,1302603,201433,23.3728,25.4186,28.823,0.0117,2.2061,6.1995,17.6486,0.9893,0.9918,0.9937,74.4857,88.4826,97.6181
2014-08-11,1302603,201433,22.9647,25.2637,28.2735,0.0002,2.6579,7.2624,21.263,0.99,0.9921,0.9939,76.19,88.2958,97.2129
2014-08-12,1302603,201433,22.9632,26.2459,30.4956,0.0003,1.0392,7.2752,8.3136,0.9895,0.9921,0.9941,70.5218,86.0821,96.884
2014-08-13,1302603,201433,23.3968,26.7042,30.8245,0.0007,0.1592,0.5877,1.2734,0.9885,0.9916,0.9938,66.5123,84.3207,97.4492
2014-08-14,1302603,201433,24.1146,27.014,30.5595,0.0004,0.3313,1.1213,2.6502,0.9889,0.9914,0.9932,66.7979,84.1174,95.7198
2014-08-15,1302603,201433,24.4234,26.0502,28.8783,0.1992,1.4694,5.243,11.7548,0.9909,0.9926,0.9951,72.1295,87.9095,97.6283
2014-08-16,1302603,201433,23.4414,25.4799,28.2897,0.0031,2.0552,7.8428,16.442,0.9917,0.9935,0.9953,74.6381,88.1967,96.551
2014-08-17,1302603,201434,22.7973,25.5794,29.6435,0.0,1.118,7.8958,8.9443,0.9898,0.9928,0.9947,71.1218,87.8068,97.6237
2014-08-18,1302603,201434,23.3391,26.7632,31.063,0.0005,0.1534,0.9038,1.2272,0.9884,0.9914,0.9931,57.3915,81.1808,96.5139
2014-08-19,1302603,201434,22.8832,26.8655,31.7479,0.0,0.0245,0.1721,0.1961,0.9889,0.9907,0.9925,47.2529,75.7916,94.4175
2014-08-20,1302603,201434,22.3946,27.2802,32.1833,0.0,0.0013,0.0063,0.0105,0.9892,0.991,0.9928,44.0344,71.2555,91.4365
2014-08-21,1302603,201434,23.2532,27.5178,31.5174,0.0,0.02,0.0914,0.1599,0.9889,0.9911,0.9927,51.1183,72.5066,89.6586
2014-08-22,1302603,201434,24.8771,27.1808,30.2609,0.0,0.522,2.447,4.1757,0.9884,0.991,0.9928,66.8047,78.7211,86.758
2014-08-23,1302603,201434,23.4707,26.517,30.4792,0.4479,1.9841,3.8151,15.8725,0.9872,0.9905,0.9923,63.688,83.3257,96.399
2014-08-24,1302603,201435,23.8543,27.4251,30.9977,0.0003,0.4114,2.5537,3.2909,0.9865,0.9892,0.9913,61.4149,79.1137,93.5273
2014-08-25,1302603,201435,24.2452,27.5056,31.2667,0.0002,0.4172,1.3635,3.3373,0.9861,0.9891,0.9914,62.156,80.1628,92.4199
2014-08-26,1302603,201435,24.5217,27.5244,31.2928,0.0115,0.6444,2.0292,5.1555,0.987,0.9893,0.9918,64.7822,79.1202,90.0672
2014-08-27,1302603,201435,23.8742,26.6697,30.204,0.2213,3.6826,8.8138,29.4607,0.9883,0.9903,0.9925,67.5599,84.8838,95.2393
2014-08-28,1302603,201435,23.2707,25.1757,27.7642,0.0132,5.3986,11.1966,43.1887,0.9891,0.9914,0.9936,77.1568,89.575,97.3099
2014-08-29,1302603,201435,23.1845,26.1876,29.737,0.029,1.2186,7.473,9.7491,0.9902,0.9923,0.9948,66.2327,84.9215,96.2422
2014-08-30,1302603,201435,23.702,26.3478,29.4726,0.0073,1.1861,4.4804,9.4887,0.9904,0.9924,0.9949,69.6571,83.8629,94.5262
2014-08-31,1302603,201436,23.7537,25.3139,27.7565,0.0,4.6669,10.4729,37.3352,0.9909,0.9928,0.9956,81.3345,89.3066,95.9277
2014-09-01,1302603,201436,22.7709,25.6707,29.9543,0.0263,1.7024,10.5019,13.6193,0.9891,0.9919,0.9937,66.0221,86.2652,97.987
2014-09-02,1302603,201436,23.5813,26.7499,30.6652,0.0,0.4936,2.8768,3.9485,0.9873,0.9903,0.992,61.1635,81.1793,94.8017
2014-09-03,1302603,201436,24.2687,27.7138,31.7628,0.0,0.134,0.4614,1.0718,0.9879,0.9897,0.9922,57.169,76.0854,88.9954
2014-09-04,1302603,201436,24.0972,27.9483,32.3307,0.0,0.0546,0.305,0.4364,0.9876,0.9905,0.993,48.1967,71.6344,86.2134
2014-09-05,1302603,201436,24.287,28.2934,32.5675,0.0,0.0077,0.0474,0.0618,0.9882,0.9904,0.993,46.1587,69.7444,86.4355
2014-09-06,1302603,201436,24.1944,28.4382,33.184,0.0,0.0223,0.1282,0.1784,0.9875,0.9899,0.992,46.9052,70.6226,87.6334
2014-09-07,1302603,201437,24.6058,27.7476,31.5949,0.0077,0.9119,4.4341,7.2952,0.9878,0.9906,0.9931,61.2916,78.1319,89.4466
2014-09-08,1302603,201437,24.1257,26.6604,29.993,0.4372,2.6779,7.177,21.4234,0.989,0.9911,0.9931,68.0299,83.7757,94.7107
2014-09-09,1302603,201437,23.6391,26.4904,30.0796,0.0649,5.0958,8.1249,40.7664,0.988,0.991,0.9931,66.5647,84.8307,96.6993
2014-09-10,1302603,201437,24.0673,27.3789,30.9472,0.0,1.6653,8.451,13.3223,0.9857,0.9891,0.9909,60.3908,81.3099,95.9613
2014-09-11,1302603,201437,24.7065,27.8711,31.8148,0.0029,0.451,1.4233,3.608,0.9851,0.9882,0.9906,57.52,77.6255,91.2008
2014-09-12,1302603,201437,24.2456,27.2655,30.9832,0.0,0.9296,2.6358,7.4367,0.9852,0.9881,0.991,65.631,81.1138,92.241
2014-09-13,1302603,201437,24.3429,27.1087,30.7989,0.0001,1.2466,2.7566,9.9727,0.9868,0.9888,0.9913,65.4368,84.3138,96.9928
2014-09-14,1302603,201438,24.8873,28.0683,31.8181,0.0058,0.593,2.9326,4.744,0.9873,0.99,0.992,60.2493,79.4349,94.5528
2014-09-15,1302603,201438,24.5697,28.629,32.7216,0.0046,0.1853,0.5693,1.4825,0.9871,0.9903,0.9926,55.1277,76.1332,94.9905
2014-09-16,1302603,201438,25.4774,27.898,29.9287,0.0132,0.7505,2.6217,6.0043,0.988,0.9907,0.9931,69.0961,80.0775,92.7303
2014-09-17,1302603,201438,24.1815,26.6674,30.1013,0.0036,3.1035,9.49,24.8279,0.9884,0.9905,0.9925,68.4216,84.2556,93.5376
2014-09-18,1302603,201438,23.4767,26.1954,30.0094,0.0,2.3203,9.5061,18.5624,0.9881,0.9904,0.9927,69.5646,86.2265,96.8024
2014-09-19,1302603,201438,24.0603,26.7509,30.8529,0.0,0.9527,6.2378,7.6215,0.9872,0.9898,0.9926,62.2811,82.7442,94.4131
2014-09-20,1302603,201438,24.4359,27.1925,31.5595,0.0,1.5414,9.3691,12.3314,0.9876,0.9899,0.9925,60.5814,82.198,94.9401
2014-09-21,1302603,201439,23.7731,27.5148,32.2505,0.0004,1.5937,11.8649,12.7497,0.9871,0.9903,0.9926,55.4102,79.4877,96.5012
2014-09-22,1302603,201439,24.7921,28.2498,31.713,0.0,0.3688,0.9137,2.9503,0.9873,0.9902,0.9929,60.4964,77.6698,93.4832
2014-09-23,1302603,201439,24.9891,28.0272,31.7137,0.0,0.3966,1.086,3.1729,0.9871,0.9895,0.9921,59.542,79.562,93.8274
2014-09-24,1302603,201439,25.0637,28.0905,31.7897,0.0025,0.766,2.0195,6.1283,0.988,0.9902,0.9928,59.0218,78.8057,94.2555
2014-09-25,1302603,201439,24.307,28.1844,32.5991,0.0,0.456,2.0322,3.648,0.9867,0.9896,0.9918,53.1033,76.5547,93.6293
2014-09-26,1302603,201439,25.0475,28.8857,33.9913,0.0077,0.3273,1.2663,2.6182,0.9863,0.989,0.9911,42.1113,70.6848,90.1394
2014-09-27,1302603,201439,24.4005,29.2418,34.3326,0.0,0.0352,0.2483,0.2818,0.9868,0.9893,0.9925,39.6999,63.6918,82.5011
2014-09-28,1302603,201440,25.5567,29.4257,34.3275,0.0,0.0986,0.6291,0.7885,0.9877,0.9896,0.9924,44.4618,64.1516,76.6977
2014-09-29,1302603,201440,24.9858,29.2542,34.2155,0.0,0.0981,0.6487,0.785,0.9875,0.99,0.9923,40.6628,67.3138,85.8929
2014-09-30,1302603,201440,25.3262,29.6962,34.8107,0.0,0.113,0.8442,0.9039,0.9881,0.9902,0.9929,40.789,62.875,79.7019
2014-10-01,1302603,201440,25.1791,29.3805,35.0563,0.0,0.1719,1.0343,1.375,0.987,0.99,0.9923,41.3788,68.2792,88.0885
2014-10-02,1302603,201440,25.3855,28.2967,31.9618,0.0,2.3758,5.1497,19.0061,0.9877,0.9899,0.9925,57.8948,75.2887,86.1381
2014-10-03,1302603,201440,25.2788,26.8357,28.75,0.0,6.3129,21.5403,50.5035,0.9874,0.9897,0.992,75.854,85.5406,93.6056
2014-10-04,1302603,201440,23.7877,24.9215,25.9449,0.0,13.7318,45.0542,109.8544,0.9875,0.9896,0.9917,89.1375,93.2659,96.1983
2014-10-05,1302603,201441,23.2197,25.5402,28.9318,0.7457,8.8339,52.659,70.6712,0.9867,0.9895,0.9917,74.1897,88.9203,97.3294
2014-10-06,1302603,201441,23.9426,26.3427,29.334,0.0,2.9935,10.7388,23.9481,0.9871,0.9896,0.9921,73.172,86.7294,97.3273
2014-10-07,1302603,201441,24.3683,26.0422,27.96,0.0074,4.1419,10.8456,33.1351,0.9867,0.9894,0.9919,78.3192,88.4134,96.4627
2014-10-08,1302603,201441,24.2285,27.3325,31.3548,0.0001,1.2419,7.608,9.935,0.9844,0.9882,0.9908,61.8884,82.5675,97.0725
2014-10-09,1302603,201441,24.7237,27.2354,30.1832,0.0282,1.4531,3.6933,11.6245,0.9843,0.9875,0.9904,70.3068,84.7667,95.257
2014-10-10,1302603,201441,24.7912,26.0628,28.1089,0.2231,7.0016,18.3778,56.0132,0.9867,0.9884,0.9909,80.2353,89.4447,95.7363
2014-10-11,1302603,201441,23.8397,25.875,28.6558,0.0191,5.8866,19.8016,47.093,0.9878,0.9903,0.9929,75.3251,88.4238,97.1387
2014-10-12,1302603,201442,23.3267,25.6056,27.3498,0.0128,6.486,11.5538,51.8883,0.9892,0.9911,0.994,79.6684,89.3069,96.3763
2014-10-13,1302603,201442,23.7711,25.4083,27.2789,0.0086,6.3068,11.7281,50.4543,0.9894,0.9911,0.9934,81.333,91.1248,97.3784
2014-10-14,1302603,201442,23.526,25.4318,27.7218,0.0421,4.0952,11.9519,32.7617,0.9894,0.9914,0.9936,78.733,90.1965,98.3762
2014-10-15,1302603,201442,23.6535,25.4887,28.6315,0.0009,3.7511,12.3357,30.0089,0.9889,0.9921,0.9947,77.7839,88.9728,95.6296
2014-10-16,1302603,201442,23.9701,26.252,29.2521,0.0036,3.1626,11.4969,25.3009,0.9891,0.9915,0.9932,74.0828,87.2966,95.8065
2014-10-17,1302603,201442,23.2315,26.0916,29.6673,0.0003,2.0852,11.5357,16.6814,0.9883,0.9908,0.9933,70.5507,87.3008,97.6062
2014-10-18,1302603,201442,23.829,26.0102,29.5876,0.0,2.346,9.6021,18.7681,0.9875,0.9901,0.9925,71.2379,87.8912,97.5429
2014-10-19,1302603,201443,23.7681,26.2372,29.0133,0.0129,2.5419,9.7327,20.3355,0.9874,0.9902,0.9924,72.6112,87.1576,97.4325
2014-10-20,1302603,201443,24.1777,25.8728,27.797,0.2946,7.0994,15.5685,56.7951,0.9869,0.99,0.9928,81.0121,88.779,96.6842
2014-10-21,1302603,201443,23.5514,26.0673,28.9909,0.0,3.6264,15.5685,29.0109,0.9875,0.9899,0.9924,77.509,89.1802,97.474
2014-10-22,1302603,201443,24.0197,26.0557,28.5478,0.1042,3.3945,9.2368,27.1556,0.9878,0.9903,0.9924,75.8494,88.8834,97.68
2014-10-23,1302603,201443,23.4021,25.7734,29.5252,0.4447,4.6868,12.4689,37.4941,0.9872,0.9901,0.9919,72.3073,87.9329,96.4416
2014-10-24,1302603,201443,23.7207,25.5824,28.2731,0.6721,7.1807,18.326,57.4454,0.9866,0.9893,0.9918,78.8839,90.0883,97.5752
2014-10-25,1302603,201443,24.0666,26.1491,29.6781,0.6283,5.4945,18.6755,43.9558,0.9855,0.9886,0.9904,72.1432,87.499,96.1596
2014-10-26,1302603,201444,24.3263,26.1221,29.458,0.0287,3.2926,16.8415,26.3408,0.9852,0.9884,0.9902,68.1806,87.4366,96.3187
2014-10-27,1302603,201444,24.4863,27.0187,30.7419,0.0185,0.9623,2.5962,7.6983,0.9866,0.9889,0.9909,69.4358,83.8877,93.7572
2014-10-28,1302603,201444,23.9991,27.2903,30.6496,0.0,0.6417,3.464,5.1339,0.9865,0.9897,0.9924,65.8635,83.6798,96.9569
2014-10-29,1302603,201444,24.7138,27.825,31.1211,0.1343,0.8073,2.4881,6.4586,0.9844,0.9885,0.9908,63.5867,81.0918,94.8174
2014-10-30,1302603,201444,25.047,28.1801,30.789,0.0174,1.1867,3.005,9.4934,0.984,0.9869,0.9892,67.212,80.0035,95.2412
2014-10-31,1302603,201444,25.2422,28.541,31.9002,0.0,0.4764,3.005,3.8115,0.9841,0.9868,0.9895,57.029,74.7409,89.2471
2014-11-01,1302603,201444,25.7312,28.8018,32.8332,0.0,0.0796,0.3074,0.6367,0.9856,0.9879,0.9902,49.8825,70.0878,82.9442
2014-11-02,1302603,201445,25.1597,28.012,30.7326,0.0,0.3723,1.4293,2.978,0.9871,0.9896,0.9922,62.4166,78.2377,92.8967
2014-11-03,1302603,201445,25.2497,27.7314,31.3818,0.0011,0.8195,1.7212,6.5556,0.9847,0.9882,0.9906,63.7649,81.8771,94.6539
2014-11-04,1302603,201445,25.1445,27.0096,28.659,0.029,2.7767,6.5833,22.2133,0.9839,0.9872,0.9896,75.537,85.6823,94.9928
2014-11-05,1302603,201445,24.6066,26.233,29.2444,0.0649,4.7169,16.3735,37.7349,0.9862,0.988,0.9905,76.2964,89.0947,95.6468
2014-11-06,1302603,201445,23.9528,25.7257,28.4138,0.0107,8.8852,16.4092,71.0816,0.9874,0.9896,0.9926,78.6821,90.3999,96.7592
2014-11-07,1302603,201445,23.9232,26.6576,30.2613,0.0011,2.3548,16.083,18.8381,0.9867,0.9895,0.9911,72.0071,88.0614,97.9608
2014-11-08,1302603,201445,24.126,27.5246,31.7727,0.0,0.344,1.9381,2.7521,0.9844,0.9882,0.9903,58.8976,82.0093,96.8982
2014-11-09,1302603,201446,25.4903,26.8839,28.4075,0.0,4.9406,13.9747,39.5248,0.9866,0.9881,0.99,80.7827,86.1431,92.6957
2014-11-10,1302603,201446,23.7192,26.0696,29.9245,0.7816,3.6169,14.5,28.9355,0.986,0.9883,0.99,67.9154,86.3551,96.8104
2014-11-11,1302603,201446,25.0054,27.222,30.3146,0.0,1.2668,4.5936,10.1343,0.9843,0.9875,0.9894,69.0817,84.0828,94.0936
2014-11-12,1302603,201446,24.9182,27.0865,29.9145,0.0,1.7936,4.3052,14.3491,0.9837,0.9866,0.9893,70.9694,85.2958,94.6059
2014-11-13,1302603,201446,24.6818,25.8842,27.0419,0.2536,8.1022,20.1701,64.8177,0.9849,0.987,0.9901,87.2679,91.6634,96.6829
2014-11-14,1302603,201446,24.2177,25.9182,29.1448,0.2088,3.7673,20.1957,30.1386,0.9857,0.9879,0.99,75.1816,89.5229,96.9383
2014-11-15,1302603,201446,24.2529,25.6496,27.4966,0.4334,5.2906,9.9923,42.325,0.988,0.9898,0.9927,85.7486,91.5968,96.8836
2014-11-16,1302603,201447,23.4407,25.7612,29.0206,0.031,1.7198,10.1629,13.7583,0.988,0.9911,0.9932,69.1502,86.6345,97.8235
2014-11-17,1302603,201447,24.172,25.8705,27.8031,0.0,3.5163,11.5632,28.1301,0.9878,0.9901,0.9919,79.7368,88.3508,95.4398
2014-11-18,1302603,201447,23.1182,26.1848,30.4888,0.1919,2.434,11.6523,19.4723,0.9856,0.9891,0.9913,65.0162,86.4238,97.7305
2014-11-19,1302603,201447,23.9398,26.2848,29.5951,0.0654,3.5547,12.7581,28.4376,0.9849,0.9882,0.9904,71.6197,87.7069,97.0722
2014-11-20,1302603,201447,24.1393,25.7175,28.3702,0.2272,4.1554,13.0855,33.2434,0.9861,0.9883,0.9903,79.1806,89.7099,96.7094
2014-11-21,1302603,201447,23.6017,26.0277,30.081,0.0868,2.002,6.415,16.0156,0.9852,0.9879,0.9901,70.629,87.3502,96.579
2014-11-22,1302603,201447,23.7408,25.5516,27.7763,0.0669,3.4924,6.045,27.9388,0.986,0.989,0.9918,81.2924,90.5029,97.1495
2014-11-23,1302603,201448,23.5895,26.0372,29.263,0.0007,2.2091,6.9811,17.6732,0.9862,0.9887,0.9904,73.1454,87.7555,98.2857
2014-11-24,1302603,201448,23.999,26.1372,28.4963,0.0011,2.8101,6.9844,22.4807,0.9851,0.9884,0.9907,76.1257,88.5289,96.7983
2014-11-25,1302603,201448,24.3952,27.3429,30.4654,0.101,1.3515,5.1997,10.8119,0.9848,0.988,0.9902,66.4885,83.4361,96.4447
2014-11-26,1302603,201448,24.927,27.4349,30.1593,0.0489,1.6136,4.9055,12.909,0.9838,0.9871,0.9896,69.2182,82.5799,94.6169
2014-11-27,1302603,201448,24.645,26.2996,28.0519,0.0274,4.1296,13.5901,33.0365,0.9873,0.9886,0.9905,78.3262,88.5763,94.9376
2014-11-28,1302603,201448,23.8374,25.3782,27.8221,0.086,2.931,14.0471,23.448,0.9873,0.9897,0.9915,76.0452,89.9485,97.8065
2014-11-29,1302603,201448,23.3165,26.7475,30.9323,0.0425,0.6314,3.7761,5.0515,0.9857,0.9887,0.9912,60.891,83.8499,99.0192
2014-11-30,1302603,201449,23.8651,27.7768,31.4439,0.0,0.1009,0.389,0.8075,0.9861,0.9884,0.9909,57.191,77.1649,94.6142
2014-12-01,1302603,201449,25.0104,27.7877,31.2771,0.0,0.8287,3.245,6.63,0.9857,0.988,0.9905,64.4986,80.0386,92.7257
2014-12-02,1302603,201449,24.3386,26.9724,29.524,0.0029,1.3969,3.8282,11.1755,0.9846,0.9876,0.9897,74.1048,84.1752,92.8556
2014-12-03,1302603,201449,24.7373,27.5019,30.8011,0.0181,0.7813,3.4365,6.2502,0.9838,0.9869,0.9892,64.8147,82.9087,96.026
2014-12-04,1302603,201449,25.2811,28.0391,31.0411,0.0095,0.6788,1.61,5.4305,0.9851,0.9874,0.99,65.1631,80.7575,94.8596
2014-12-05,1302603,201449,25.1892,26.8139,28.1099,0.018,3.6019,10.9198,28.8155,0.987,0.9886,0.9912,80.1318,86.6904,96.1436
2014-12-06,1302603,201449,24.009,25.5196,27.8747,0.1652,4.9286,12.0046,39.4287,0.9861,0.9895,0.9921,77.6564,88.7108,94.5678
2014-12-07,1302603,201450,24.0733,25.649,27.5887,0.0002,3.4248,9.5437,27.3988,0.9864,0.9888,0.991,78.686,89.9893,97.0777
2014-12-08,1302603,201450,23.8984,26.5667,29.3489,0.0885,2.075,6.2911,16.6004,0.9852,0.9883,0.9903,72.3343,85.352,97.8757
2014-12-09,1302603,201450,24.53,27.1622,29.9827,0.0189,1.3142,3.6738,10.5138,0.9835,0.9874,0.9894,68.8439,81.7361,92.6125
2014-12-10,1302603,201450,24.5262,26.1058,27.9761,0.2321,7.02,12.9442,56.1603,0.985,0.9874,0.9899,76.8892,87.5125,94.2273
2014-12-11,1302603,201450,23.6017,24.7222,26.3318,0.403,15.8784,31.4788,127.0276,0.9882,0.9897,0.9922,86.503,93.8192,97.6196
2014-12-12,1302603,201450,23.1649,25.2297,28.6405,0.2408,5.2894,33.1441,42.3149,0.9874,0.9905,0.993,72.2494,88.7947,98.1825
2014-12-13,1302603,201450,23.524,26.198,30.5577,0.0011,1.9215,5.0922,15.3719,0.9853,0.9891,0.9913,69.1105,85.3599,96.2595
2014-12-14,1302603,201451,24.3345,26.1664,29.192,0.0715,3.0965,7.9525,24.7717,0.9862,0.9882,0.9907,72.5502,87.7785,95.6144
2014-12-15,1302603,201451,23.7855,26.0542,28.5961,0.0,3.2264,8.386,25.811,0.9868,0.9885,0.991,75.4505,88.1419,96.4651
2014-12-16,1302603,201451,23.9502,26.3559,29.366,0.0358,2.4286,8.8374,19.4288,0.9886,0.9904,0.9925,71.2664,87.0286,97.4998
2014-12-17,1302603,201451,23.416,26.2528,29.3481,0.0,2.1438,8.2425,17.1503,0.9869,0.9901,0.9922,72.1376,87.2854,98.076
2014-12-18,1302603,201451,23.9932,25.5564,27.957,0.0174,9.5564,19.1824,76.451,0.9862,0.9892,0.9917,79.4249,91.2513,98.4085
2014-12-19,1302603,201451,23.2586,25.9577,29.3641,0.0,9.1249,19.2012,72.9996,0.986,0.9884,0.9903,71.1743,87.8134,96.7394
2014-12-20,1302603,201451,23.7567,26.3214,29.5407,0.2665,3.568,13.4572,28.5436,0.986,0.9886,0.9907,70.7632,86.3505,95.4221
2014-12-21,1302603,201452,23.9682,27.0064,30.1938,0.0,0.8144,3.4961,6.5154,0.9854,0.9884,0.991,66.9628,82.6706,95.9846
2014-12-22,1302603,201452,24.3514,26.7783,30.339,0.0,3.473,6.176,27.7841,0.9851,0.9889,0.9921,69.8483,85.0646,94.4762
2014-12-23,1302603,201452,24.6117,26.5584,29.013,1.4337,4.9432,10.236,39.5457,0.9862,0.9885,0.9906,73.8613,87.5004,96.5449
2014-12-24,1302603,201452,23.807,25.9354,29.0159,0.0333,4.2937,11.3364,34.35,0.9863,0.9889,0.9906,74.3289,87.8083,96.9827
2014-12-25,1302603,201452,24.3258,25.9395,27.96,0.0104,4.3974,12.1539,35.1791,0.9874,0.9895,0.9916,80.1023,89.6455,97.0099
2014-12-26,1302603,201452,24.0577,25.9817,28.3304,0.0003,3.6194,12.176,28.9554,0.9872,0.99,0.9922,76.1214,89.2282,97.6129
2014-12-27,1302603,201452,24.4804,27.1068,30.6553,0.0065,1.1663,5.8958,9.3305,0.9874,0.9892,0.9909,65.1596,82.9791,94.1331
2014-12-28,1302603,201453,24.4453,27.0517,29.8449,0.0,0.9904,2.8107,7.9229,0.9863,0.9894,0.9916,68.6274,84.0354,96.2466
2014-12-29,1302603,201453,24.9429,26.5114,28.2409,0.0602,3.1793,7.6829,25.4342,0.9883,0.9904,0.9928,76.6978,87.2325,95.3934
2014-12-30,1302603,201453,24.2258,26.8807,30.8039,0.0362,2.2782,8.1739,18.2257,0.9876,0.9905,0.9925,65.1429,84.9726,98.3337
2014-12-31,1302603,201453,24.2711,26.1971,27.619,0.012,4.2106,10.3093,33.6847,0.9877,0.99,0.9922,77.4631,87.3316,95.9605
2015-01-01,1302603,201453,24.795,26.3565,28.4141,0.1499,4.2684,11.4052,34.147,0.9877,0.99,0.9921,71.8608,84.757,94.6584
2015-01-02,1302603,201453,23.7986,25.5884,27.7589,0.0603,3.4954,13.1092,27.9636,0.9885,0.9904,0.9926,76.1337,86.8256,94.0819
2015-01-03,1302603,201453,23.3716,25.818,29.4022,0.0575,4.4124,9.4422,35.2996,0.9884,0.9907,0.9926,67.9537,86.2405,96.8383
2015-01-04,1302603,201501,24.4445,25.9348,28.7521,0.004,3.6217,9.1674,28.974,0.9891,0.9912,0.9936,73.0601,87.7964,95.7372
2015-01-05,1302603,201501,23.3883,25.3264,27.7261,0.0,4.3437,11.1139,34.7498,0.9891,0.9911,0.9933,78.154,88.8118,96.4202
2015-01-06,1302603,201501,23.5941,25.3535,27.9527,0.9737,5.7024,11.8607,45.6193,0.9893,0.9917,0.9937,78.4703,88.6739,95.9671
2015-01-07,1302603,201501,23.1682,25.8172,28.8696,0.1171,2.312,10.5982,18.4959,0.9867,0.9904,0.9926,70.5321,83.1945,92.7996
2015-01-08,1302603,201501,23.5984,26.0551,28.9195,0.008,3.3812,8.6221,27.0494,0.9876,0.9898,0.9925,72.4021,85.1104,94.6956
2015-01-09,1302603,201501,23.165,24.4258,26.2426,0.0762,18.5992,46.8894,148.794,0.989,0.9909,0.9938,83.0184,92.7968,97.6477
2015-01-10,1302603,201501,23.386,25.2063,27.5098,0.046,8.3583,46.8903,66.8668,0.9893,0.9912,0.9934,78.1282,90.2459,98.8026
2015-01-11,1302603,201502,23.5431,24.775,26.7251,0.002,7.3577,23.5919,58.8618,0.9897,0.9916,0.9939,85.5635,93.2594,97.9769
2015-01-12,1302603,201502,22.4215,24.8254,27.9137,2.147,8.3707,31.5451,66.9654,0.9875,0.9909,0.9928,76.6796,89.6746,98.1307
2015-01-13,1302603,201502,23.1184,25.3874,28.7692,0.0072,4.0519,12.9773,32.4151,0.9873,0.9901,0.9922,73.8424,87.999,96.2004
2015-01-14,1302603,201502,23.1672,24.8535,26.8162,0.0024,6.0804,14.9718,48.643,0.9883,0.9903,0.9921,85.241,92.1788,97.526
2015-01-15,1302603,201502,22.8717,25.159,28.1554,0.535,5.3518,15.7087,42.8143,0.9887,0.9912,0.9935,76.5745,88.8572,97.0431
2015-01-16,1302603,201502,23.841,26.0504,28.4253,0.052,3.3091,7.4619,26.4726,0.988,0.9909,0.9927,70.8815,85.9851,95.2303
2015-01-17,1302603,201502,23.6623,25.6226,27.8924,0.0085,4.6805,16.228,37.444,0.9892,0.9908,0.9922,76.7422,86.4777,94.9949
2015-01-18,1302603,201503,23.2207,25.8013,30.0254,0.0023,2.5965,16.3887,20.7719,0.9875,0.9904,0.9924,67.1927,86.2387,96.6049
2015-01-19,1302603,201503,24.0356,25.3045,26.5679,0.6065,8.1281,23.0697,65.0246,0.9885,0.9905,0.9925,85.0836,89.7822,95.3217
2015-01-20,1302603,201503,23.1623,25.0452,28.7843,0.0031,4.8354,23.1207,38.6835,0.9875,0.9902,0.9926,73.0298,89.4057,97.4418
2015-01-21,1302603,201503,22.9571,24.9301,27.9997,0.458,4.6741,12.833,37.3925,0.9877,0.9903,0.9926,74.3113,89.439,97.6604
2015-01-22,1302603,201503,23.1313,25.4407,28.5423,0.6752,4.4754,12.1456,35.8031,0.9877,0.9901,0.992,73.8374,87.5906,97.214
2015-01-23,1302603,201503,23.3381,24.3588,25.8676,1.2564,9.8013,30.1284,78.4103,0.989,0.991,0.9936,84.8634,93.06,96.9541
2015-01-24,1302603,201503,22.6627,23.8366,25.6347,5.9696,19.5143,36.8734,156.1147,0.9891,0.9912,0.9934,85.8189,93.5469,97.6734
2015-01-25,1302603,201504,22.57,24.5162,27.8795,0.7439,5.6887,27.8497,45.5094,0.9874,0.9906,0.9926,73.2684,88.0188,96.392
2015-01-26,1302603,201504,22.9583,24.887,26.708,0.0027,2.9143,8.0436,23.3143,0.9877,0.9901,0.992,79.4502,88.3026,95.8116
2015-01-27,1302603,201504,23.0184,25.8826,29.985,0.0006,1.1903,7.2823,9.5221,0.9869,0.9898,0.9915,60.0797,81.1576,94.6425
2015-01-28,1302603,201504,23.0826,26.4689,30.4166,0.0005,0.6434,2.7919,5.1475,0.9868,0.9894,0.9916,64.7785,81.2559,94.5602
2015-01-29,1302603,201504,24.0104,26.3973,29.8348,1.4301,3.883,11.668,31.0643,0.9869,0.9891,0.9911,69.565,85.8453,96.0493
2015-01-30,1302603,201504,23.3973,25.4732,27.8717,0.1554,5.0214,16.5231,40.1714,0.9861,0.9892,0.9911,74.1392,88.4191,97.0522
2015-01-31,1302603,201504,23.4526,25.0609,27.1427,0.791,7.4472,13.831,59.5772,0.9881,0.99,0.9923,79.3836,90.0107,96.7729
2015-02-01,1302603,201505,23.343,24.2998,25.4599,0.0068,8.4552,20.3662,67.6417,0.9901,0.9913,0.9942,88.7526,93.5742,97.1038
2015-02-02,1302603,201505,22.5663,24.3457,26.9722,0.0004,5.1922,20.5576,41.5378,0.9902,0.9915,0.9935,80.1584,91.8019,98.572
2015-02-03,1302603,201505,22.4798,25.2427,29.6277,2.9156,6.0362,18.2923,48.2897,0.9882,0.9919,0.9939,66.2649,86.3113,97.817
2015-02-04,1302603,201505,23.8428,26.4476,30.3047,0.0084,1.3569,5.5719,10.855,0.9867,0.9898,0.9919,67.4941,83.2548,93.4819
2015-02-05,1302603,201505,23.7993,26.4407,30.5539,2.4693,5.7558,6.721,46.0461,0.9864,0.9894,0.992,56.3289,81.9339,96.2786
2015-02-06,1302603,201505,23.9455,27.2614,30.7614,0.0002,0.8503,6.7229,6.8027,0.9874,0.9891,0.9908,52.1629,73.5804,90.7768
2015-02-07,1302603,201505,23.8102,27.4864,31.5251,0.0,0.0575,0.1461,0.4599,0.9858,0.9886,0.9905,52.8677,72.4713,90.6518
2015-02-08,1302603,201506,24.5698,27.726,31.038,0.0,0.1141,0.5676,0.9129,0.986,0.9888,0.9912,60.8865,74.534,86.683
2015-02-09,1302603,201506,24.367,26.5534,28.4088,0.0834,5.0615,13.4985,40.4921,0.9873,0.9894,0.9914,73.7928,83.1777,92.8453
2015-02-10,1302603,201506,23.4271,26.0714,29.3427,0.0009,3.8266,13.8,30.6129,0.9866,0.9894,0.9916,67.1484,83.4374,95.4637
2015-02-11,1302603,201506,24.3969,26.5223,29.3279,0.0001,2.0461,6.0231,16.3686,0.9873,0.9899,0.9921,71.309,84.3939,92.5112
2015-02-12,1302603,201506,24.0389,26.4869,29.3768,0.0065,2.9345,6.589,23.4757,0.9876,0.9903,0.9925,75.2476,86.6198,95.9907
2015-02-13,1302603,201506,24.3133,27.3295,31.047,0.0782,1.4184,7.7875,11.347,0.9874,0.9907,0.9927,64.9686,82.1755,92.9489
2015-02-14,1302603,201506,24.982,26.9318,29.252,0.1193,2.216,5.9449,17.7283,0.9874,0.9907,0.9931,71.4495,83.6136,92.3019
2015-02-15,1302603,201507,24.4855,26.2811,28.5313,0.0951,3.0477,7.242,24.3819,0.9879,0.9903,0.9925,75.5346,86.6379,96.5208
2015-02-16,1302603,201507,24.3044,26.586,29.8881,0.0002,3.251,7.6207,26.008,0.9867,0.9898,0.9921,71.4391,84.8497,94.782
2015-02-17,1302603,201507,23.9229,25.9686,28.7347,0.0005,5.1146,13.5493,40.9169,0.9869,0.9895,0.9916,74.3027,87.0498,95.0051
2015-02-18,1302603,201507,23.4341,25.4602,29.4774,0.3027,8.4372,15.363,67.498,0.9856,0.9895,0.9919,72.4753,89.4153,97.3437
2015-02-19,1302603,201507,24.0556,27.0577,30.8198,0.0809,1.6036,11.185,12.8292,0.9852,0.9877,0.9897,60.7269,79.5033,92.5616
2015-02-20,1302603,201507,24.5794,27.447,30.6156,0.0024,0.3869,1.2872,3.0949,0.9856,0.9878,0.9895,62.7698,78.1911,90.2012
2015-02-21,1302603,201507,24.7686,25.9443,27.7145,0.0,4.268,15.4448,34.1442,0.988,0.9891,0.991,82.6119,86.7599,90.9837
2015-02-22,1302603,201508,23.6763,24.9499,26.8222,1.6503,7.9487,17.4086,63.5898,0.9887,0.9902,0.9921,85.9428,91.9862,97.2092
2015-02-23,1302603,201508,22.6888,24.7119,27.9856,4.4554,9.5862,21.0135,76.6897,0.9872,0.9908,0.9931,70.1829,88.1377,97.2555
2015-02-24,1302603,201508,24.038,25.9139,29.0144,0.0243,4.8202,10.2893,38.5615,0.9872,0.99,0.992,73.2342,85.2011,93.322
2015-02-25,1302603,201508,23.1349,25.2817,28.5701,0.2273,5.6108,11.7159,44.8861,0.9865,0.9901,0.9923,76.9806,90.0012,97.8976
2015-02-26,1302603,201508,23.5996,25.4845,26.9507,0.1211,7.5293,16.714,60.2346,0.9867,0.9898,0.992,82.9354,88.1544,94.9024
2015-02-27,1302603,201508,23.4429,25.1516,27.9658,0.0205,6.855,16.8194,54.8399,0.9867,0.99,0.992,75.6734,90.4479,97.105
2015-02-28,1302603,201508,23.6161,26.3856,29.4868,0.0567,3.1706,13.665,25.3647,0.9864,0.9899,0.992,70.5448,83.3538,94.6975
2015-03-01,1302603,201509,23.2549,25.1441,27.666,0.3401,10.3201,27.7067,82.5607,0.9879,0.9903,0.9924,80.351,90.6245,96.2146
2015-03-02,1302603,201509,23.0661,24.9542,26.8771,0.1087,6.5061,27.9553,52.0487,0.9859,0.9898,0.9923,80.9893,90.8129,98.1968
2015-03-03,1302603,201509,23.2944,25.7154,28.9156,0.0493,2.6878,8.9545,21.5022,0.9859,0.989,0.9913,72.399,86.3284,95.3651
2015-03-04,1302603,201509,23.79,25.6876,28.1427,0.0518,2.446,7.9012,19.5683,0.9865,0.9889,0.9911,75.9376,86.8054,93.9009
2015-03-05,1302603,201509,23.1857,25.2209,28.3981,0.0335,4.4337,11.2826,35.4697,0.9869,0.9895,0.9917,73.7512,88.371,96.4954
2015-03-06,1302603,201509,23.1404,24.4231,26.5706,1.3492,6.6856,13.2882,53.4845,0.9884,0.9902,0.9928,85.2425,93.6978,98.3765
2015-03-07,1302603,201509,22.4586,24.9528,29.1337,0.9597,4.7548,16.1593,38.0382,0.9867,0.9902,0.9929,71.1534,88.2491,96.6058
2015-03-08,1302603,201510,23.0594,25.9735,29.8005,0.3566,5.4785,9.417,43.8282,0.9855,0.9893,0.9915,68.6683,85.7056,96.4473
2015-03-09,1302603,201510,23.8308,26.0611,28.7603,0.1472,9.506,16.93,76.0484,0.9864,0.9887,0.9908,73.8177,87.4095,96.6368
2015-03-10,1302603,201510,24.212,26.141,29.2082,0.0006,4.9216,17.0653,39.3731,0.9859,0.989,0.9914,77.4517,88.2538,95.3729
2015-03-11,1302603,201510,24.1256,25.9313,28.6728,0.1863,5.7618,9.2896,46.0946,0.9866,0.9895,0.9919,76.2616,87.1161,95.8785
2015-03-12,1302603,201510,23.9178,26.8907,30.5116,0.0117,1.2951,9.3091,10.3604,0.9855,0.9887,0.9916,61.605,79.099,93.7663
2015-03-13,1302603,201510,25.0492,27.3965,31.3515,0.1443,1.592,4.5705,12.7359,0.984,0.9875,0.9901,63.2936,80.7609,90.4373
2015-03-14,1302603,201510,24.0511,26.6346,29.3844,6.1597,10.6614,13.4504,85.2908,0.9852,0.9877,0.9897,71.8525,85.0898,97.7001
2015-03-15,1302603,201511,23.955,25.6536,28.0981,2.1239,16.1187,26.4383,128.9498,0.9868,0.989,0.9913,78.4838,89.4643,96.9063
2015-03-16,1302603,201511,23.6362,25.5219,27.9857,3.4781,9.8657,29.7307,78.926,0.9865,0.9892,0.9912,79.815,90.0466,97.6556
2015-03-17,1302603,201511,23.7589,24.7319,28.0682,4.7232,24.375,44.1669,195.0001,0.9874,0.9898,0.9924,78.5121,93.944,97.9042
2015-03-18,1302603,201511,23.2485,24.9042,27.8004,2.482,19.5092,51.6442,156.0735,0.9863,0.9899,0.9921,74.8854,90.9171,97.9793
2015-03-19,1302603,201511,23.7581,25.2187,26.7786,0.2458,6.3267,22.2307,50.6132,0.9875,0.9897,0.9921,82.9363,89.556,95.6121
2015-03-20,1302603,201511,23.3753,24.6098,26.5181,0.9029,6.8207,18.4872,54.5652,0.9888,0.9905,0.9924,86.583,93.3484,97.8501
2015-03-21,1302603,201511,22.8317,25.1596,29.246,1.1623,7.5703,21.6066,60.5622,0.9881,0.9909,0.9933,64.2962,85.6308,97.8787
2015-03-22,1302603,201512,23.7829,26.1599,29.0179,0.1108,2.1249,8.1895,16.9989,0.9883,0.9908,0.9931,71.023,84.269,95.5826
2015-03-23,1302603,201512,23.4679,25.526,28.9012,0.001,2.3568,5.2412,18.8545,0.9891,0.9919,0.9949,69.6902,86.4212,95.5749
2015-03-24,1302603,201512,23.3714,24.7531,26.3107,1.3805,14.9702,28.5734,119.7618,0.9906,0.993,0.9963,80.9795,91.8336,97.9446
2015-03-25,1302603,201512,22.9173,25.9686,30.1532,0.0017,3.6904,28.6067,29.5229,0.9884,0.9921,0.9944,61.1712,81.9419,95.6904
2015-03-26,1302603,201512,24.3002,26.9889,30.4086,0.0,0.367,1.5871,2.936,0.9875,0.9907,0.9931,65.8364,80.2898,91.8581
2015-03-27,1302603,201512,24.2498,27.2439,31.2182,0.0027,0.5353,3.1723,4.2823,0.9873,0.9905,0.9929,61.6378,80.7994,94.2457
2015-03-28,1302603,201512,25.0456,26.6327,28.3385,0.0282,3.7637,12.203,30.1094,0.9895,0.9915,0.9941,78.6827,85.9707,92.4378
2015-03-29,1302603,201513,23.785,25.536,27.3696,0.013,5.6117,12.4704,44.8938,0.989,0.9916,0.9937,81.4685,89.9213,96.8121
2015-03-30,1302603,201513,23.3918,25.4187,27.8588,0.0597,3.7624,12.0794,30.0996,0.9886,0.991,0.9935,79.3123,89.117,97.3008
2015-03-31,1302603,201513,23.5586,24.7353,26.6058,0.4344,6.5922,17.1124,52.7374,0.9895,0.9916,0.9937,85.4404,93.1393,97.2279
2015-04-01,1302603,201513,22.9807,24.9741,29.1875,0.2003,3.6968,18.2874,29.5742,0.9897,0.9919,0.9947,72.8583,90.2393,98.71
2015-04-02,1302603,201513,23.0568,25.8936,30.4487,1.0305,3.3967,6.5394,27.1734,0.9879,0.9915,0.9938,63.8663,85.3394,97.082
2015-04-03,1302603,201513,24.34,27.1509,30.6096,0.0138,1.1486,5.1524,9.1892,0.9859,0.9894,0.9915,64.0419,81.5737,94.1664
2015-04-04,1302603,201513,24.8417,27.7687,31.4228,0.0018,0.301,1.9792,2.4079,0.9847,0.9879,0.9901,53.0375,74.9206,91.77
2015-04-05,1302603,201514,24.6558,27.9135,31.2731,0.0,0.0767,0.2081,0.6137,0.9846,0.9877,0.9901,56.6618,72.2243,85.6044
2015-04-06,1302603,201514,25.0709,27.7631,30.9375,0.0045,0.3267,1.0191,2.6135,0.9854,0.9887,0.9915,61.5493,74.9748,84.5689
2015-04-07,1302603,201514,24.9069,27.4362,30.2472,0.0152,1.5967,4.4145,12.7735,0.9862,0.989,0.9911,66.6537,79.529,90.1627
2015-04-08,1302603,201514,24.4947,26.5405,29.0851,0.1921,7.999,19.8027,63.9923,0.9866,0.9892,0.9911,73.0269,86.5407,95.1766
2015-04-09,1302603,201514,24.0727,26.2278,28.6881,0.0261,7.6911,21.6469,61.5291,0.9879,0.9899,0.9916,75.6095,85.9933,94.9918
2015-04-10,1302603,201514,23.6765,25.6781,27.8002,0.1487,5.277,17.1237,42.2157,0.9887,0.9908,0.9924,78.2941,87.6841,94.7064
2015-04-11,1302603,201514,23.5424,25.4536,28.3058,0.0469,5.5873,14.9857,44.6983,0.988,0.9908,0.9928,76.092,88.5637,95.5435
2015-04-12,1302603,201515,24.0662,25.2415,27.483,0.1986,4.476,15.0999,35.8078,0.9888,0.9911,0.9929,78.7442,90.4702,95.8931
2015-04-13,1302603,201515,23.4643,24.1317,25.1884,0.5837,12.6542,27.5061,101.2335,0.9899,0.9923,0.9953,92.5858,95.9179,98.4808
2015-04-14,1302603,201515,22.8869,25.5905,29.5904,0.0737,4.1541,28.2339,33.2328,0.9882,0.9915,0.9935,68.6508,87.4041,98.3848
2015-04-15,1302603,201515,23.665,25.8432,28.9804,0.0258,2.1234,6.2948,16.9871,0.9865,0.9904,0.9926,76.8826,88.2015,95.9721
2015-04-16,1302603,201515,23.7829,25.2246,27.3556,0.1032,9.804,19.1341,78.4317,0.987,0.9904,0.9931,83.9272,91.3588,96.1624
2015-04-17,1302603,201515,23.4477,24.9235,27.1466,1.3838,12.1697,19.196,97.3574,0.9882,0.9906,0.9935,80.6386,91.9873,97.4633
2015-04-18,1302603,201515,23.2349,25.0803,27.5942,0.0588,4.4043,18.6864,35.2348,0.9882,0.9908,0.993,79.9123,91.3293,98.7955
2015-04-19,1302603,201516,23.0448,25.8215,29.5755,0.0305,2.238,8.2849,17.9041,0.9869,0.9903,0.9925,69.0671,86.8238,97.7172
2015-04-20,1302603,201516,23.9704,26.1002,29.2445,0.0006,1.7994,5.4072,14.3952,0.9868,0.9896,0.9916,72.2899,85.4553,94.0707
2015-04-21,1302603,201516,23.7336,26.0729,28.9054,0.003,2.6369,7.9043,21.0952,0.9871,0.9899,0.9919,74.359,86.519,95.899
2015-04-22,1302603,201516,23.4047,25.6836,29.0721,0.0412,2.2011,8.0815,17.6087,0.9873,0.9902,0.9923,71.8042,88.8017,98.6728
2015-04-23,1302603,201516,23.7635,25.6936,28.9644,0.0014,3.7883,8.2374,30.306,0.988,0.9907,0.9929,72.0742,87.1046,95.3445
2015-04-24,1302603,201516,23.5948,25.35,27.6022,0.0367,4.4655,8.4338,35.7237,0.9882,0.9912,0.9936,80.6215,90.223,96.4895
2015-04-25,1302603,201516,23.6708,24.6874,25.8609,3.2168,14.1815,25.0174,113.4522,0.9896,0.9922,0.9948,88.3329,93.6747,97.5015
2015-04-26,1302603,201517,23.3374,25.7629,29.1141,0.0006,4.6639,25.9273,37.3111,0.9872,0.9907,0.9928,71.0534,87.5933,97.2068
2015-04-27,1302603,201517,23.7843,25.0284,26.4473,3.3221,12.7404,22.787,101.9233,0.9868,0.9901,0.9923,86.5534,92.5009,96.8394
2015-04-28,1302603,201517,23.5863,24.786,26.3327,0.0339,21.5498,37.4198,172.398,0.9876,0.9899,0.9918,85.7279,93.3852,97.5568
2015-04-29,1302603,201517,23.4573,24.7923,26.6132,0.145,8.253,38.2491,66.0243,0.9883,0.9898,0.9913,85.8127,93.3528,97.9336
2015-04-30,1302603,201517,22.6845,24.7614,27.0466,1.3003,4.4221,12.2255,35.3764,0.9873,0.99,0.9921,80.9088,90.9557,98.2276
2015-05-01,1302603,201517,23.2805,24.3426,25.9355,2.9892,11.4131,23.6689,91.3047,0.9881,0.9907,0.9926,88.6363,94.5344,97.6938
2015-05-02,1302603,201517,23.2166,24.8574,27.471,1.5895,7.0546,26.0748,56.4366,0.9878,0.9899,0.9918,79.5272,91.154,98.1544
2015-05-03,1302603,201518,23.0771,25.1983,27.6448,0.0118,2.0351,13.1872,16.2806,0.9875,0.9898,0.9919,74.5537,87.1021,96.4745
2015-05-04,1302603,201518,23.6266,26.2531,30.2384,0.0002,0.5354,1.838,4.2833,0.9876,0.9899,0.9917,66.4473,81.4034,92.0415
2015-05-05,1302603,201518,23.6529,25.7642,27.7634,0.1948,8.1829,17.1878,65.4635,0.9877,0.9909,0.9928,78.9233,87.5543,95.785
2015-05-06,1302603,201518,23.4243,24.9479,26.953,3.6761,19.1417,28.562,153.1337,0.9889,0.9917,0.9937,83.1,91.0492,97.415
2015-05-07,1302603,201518,23.0186,24.7416,28.0481,3.0528,11.2818,29.6915,90.2543,0.9894,0.9919,0.9939,77.7358,91.1744,97.2627
2015-05-08,1302603,201518,23.1561,24.9424,26.9847,0.0322,3.9795,14.5361,31.8361,0.9894,0.9921,0.9942,80.0238,89.3022,96.7974
2015-05-09,1302603,201518,23.4801,25.1802,27.1338,1.3801,4.377,8.9626,35.0156,0.9883,0.9916,0.9935,80.018,89.3431,96.666
2015-05-10,1302603,201519,23.664,25.4175,28.873,0.0257,4.9339,11.6134,39.4716,0.9885,0.9911,0.9932,72.7499,89.1304,95.3019
2015-05-11,1302603,201519,23.2549,25.5585,28.4551,0.0716,3.4263,11.8032,27.4102,0.9879,0.9908,0.9926,76.7416,88.7225,97.269
2015-05-12,1302603,201519,23.0747,26.1126,29.6533,0.2022,2.381,8.9643,19.048,0.9873,0.9905,0.993,69.0811,86.733,98.2737
2015-05-13,1302603,201519,23.6099,26.9563,30.5549,0.2055,0.8416,2.1785,6.7329,0.9874,0.99,0.9919,64.2744,82.5523,95.2079
2015-05-14,1302603,201519,23.8074,26.3614,29.5147,0.3909,3.9524,6.8482,31.6191,0.9869,0.9902,0.9926,69.9996,85.2969,95.2935
2015-05-15,1302603,201519,23.9536,26.8473,29.9817,0.2188,2.6999,6.9598,21.5996,0.9876,0.99,0.992,69.4521,83.8437,95.9305
2015-05-16,1302603,201519,23.9782,25.6017,26.8483,0.5566,5.3079,11.8459,42.4635,0.9893,0.9917,0.9939,84.5441,89.3449,96.1794
2015-05-17,1302603,201520,23.5389,25.3521,27.0552,2.2043,7.6412,13.2878,61.1299,0.9899,0.9925,0.9946,81.6312,89.8741,97.4046
2015-05-18,1302603,201520,23.5239,25.4652,28.362,0.0075,10.3044,18.3779,82.4355,0.9897,0.9923,0.9942,78.9101,90.701,97.5044
2015-05-19,1302603,201520,23.2538,24.9174,27.4565,1.8208,16.3542,24.5262,130.8338,0.9901,0.9925,0.9947,81.0016,91.7381,97.7654
2015-05-20,1302603,201520,23.4301,25.3899,28.4927,0.0056,4.2244,24.5821,33.7954,0.9891,0.9918,0.9935,74.4411,89.4094,97.7268
2015-05-21,1302603,201520,23.1583,26.0112,30.442,0.0001,1.685,6.6837,13.4803,0.9891,0.9915,0.9934,64.9761,86.8188,97.6845
2015-05-22,1302603,201520,23.592,25.23,26.5702,0.8396,5.2621,10.8073,42.0968,0.9899,0.9924,0.995,82.6455,90.9406,96.684
2015-05-23,1302603,201520,23.1174,25.3127,27.7361,2.379,5.6324,11.9115,45.0592,0.9891,0.9925,0.9946,78.9776,89.3698,97.775
2015-05-24,1302603,201521,23.6745,25.6461,27.4781,0.2706,4.8381,9.3378,38.7051,0.9884,0.9913,0.9935,78.5194,88.6805,97.4096
2015-05-25,1302603,201521,23.4856,25.3525,27.882,0.2945,6.1392,10.883,49.1136,0.9888,0.9915,0.9936,78.8911,89.3219,96.6733
2015-05-26,1302603,201521,23.1934,25.3,27.443,0.232,4.0046,11.0697,32.0365,0.9888,0.9915,0.9933,80.0394,88.9036,96.9335
2015-05-27,1302603,201521,23.6319,25.6275,28.6977,0.0258,2.031,8.4807,16.2482,0.9874,0.9906,0.9924,74.5463,88.6599,97.1116
2015-05-28,1302603,201521,23.8239,26.0531,28.3379,0.5929,3.1311,6.7935,25.049,0.9866,0.9904,0.9924,76.1867,86.7907,95.7518
2015-05-29,1302603,201521,24.1402,26.0146,27.781,0.8333,5.719,16.9861,45.7522,0.9864,0.9893,0.9916,78.0507,87.7635,95.3485
2015-05-30,1302603,201521,23.6016,25.2182,27.682,0.803,6.6795,17.0087,53.4362,0.9874,0.9895,0.9915,80.7507,91.2064,97.8474
2015-05-31,1302603,201522,23.2263,25.9532,29.7561,0.2342,2.7255,9.9614,21.8039,0.9886,0.9908,0.9926,71.0191,87.663,98.8571
2015-06-01,1302603,201522,23.673,25.6111,27.4955,0.2184,3.7998,9.4038,30.3987,0.9887,0.9916,0.9937,81.9211,89.1939,97.5526
2015-06-02,1302603,201522,23.5319,25.7091,28.9128,0.0613,2.5774,9.4142,20.6195,0.9884,0.9915,0.9933,75.5579,88.5688,98.3667
2015-06-03,1302603,201522,23.4336,26.272,29.8927,0.1585,1.0914,5.5759,8.7316,0.9875,0.9906,0.9925,69.6341,86.6152,96.5094
2015-06-04,1302603,201522,24.0821,26.9001,29.9687,0.0022,1.2873,3.5553,10.298,0.9888,0.9909,0.9929,69.0581,84.0447,96.081
2015-06-05,1302603,201522,23.8015,26.5691,29.3161,0.0064,1.2465,3.8334,9.9723,0.9892,0.9917,0.9933,71.3214,84.0954,94.8661
2015-06-06,1302603,201522,24.0782,25.8667,27.7612,0.0015,2.3698,6.4651,18.958,0.9882,0.9908,0.9925,79.1721,87.0001,93.9333
2015-06-07,1302603,201523,23.857,25.5345,27.8789,1.4272,5.7927,12.1689,46.3419,0.9895,0.9911,0.9924,78.2504,89.0456,96.8428
2015-06-08,1302603,201523,22.9129,25.7165,29.1527,0.0164,1.968,12.1803,15.7442,0.9885,0.9912,0.9931,71.2309,87.5013,97.9609
2015-06-09,1302603,201523,23.3459,26.1194,29.1438,0.8359,1.4909,3.829,11.9272,0.9881,0.9906,0.9926,70.5582,85.6165,97.3601
2015-06-10,1302603,201523,23.5229,25.3286,27.4937,0.0436,3.9351,9.1916,31.4809,0.9888,0.9909,0.9928,78.1445,88.678,95.1471
2015-06-11,1302603,201523,23.3591,25.3541,27.7782,0.1153,3.38,9.2795,27.0399,0.9901,0.9915,0.9928,79.6155,89.674,98.1511
2015-06-12,1302603,201523,23.2922,26.0999,30.0386,0.0777,1.886,9.3339,15.0882,0.9886,0.9917,0.9941,67.7513,85.7292,96.2315
2015-06-13,1302603,201523,23.7798,25.8942,28.2571,0.0415,2.4157,9.7971,19.3259,0.9882,0.991,0.9928,77.3111,87.3395,95.127
2015-06-14,1302603,201524,23.4768,25.5124,28.2294,0.0056,3.1131,10.5797,24.905,0.9883,0.9904,0.9921,78.6342,90.5479,98.471
2015-06-15,1302603,201524,23.6751,25.7949,28.1933,0.0065,3.4108,9.4838,27.2861,0.9887,0.991,0.9929,76.9241,87.7655,95.5936
2015-06-16,1302603,201524,23.5128,26.468,30.2873,0.0984,1.4184,9.5251,11.3473,0.9881,0.9912,0.9933,61.7018,82.9759,96.525
2015-06-17,1302603,201524,23.1245,26.669,30.2577,0.0033,0.3089,0.6983,2.4712,0.9884,0.9908,0.9926,68.2579,84.5389,97.5229
2015-06-18,1302603,201524,23.9955,25.7955,26.9519,0.0015,4.3454,15.5794,34.7634,0.9899,0.9912,0.9929,83.9191,87.7094,93.77
2015-06-19,1302603,201524,23.4796,25.7322,28.987,0.2827,2.7143,15.811,21.7142,0.9897,0.9926,0.9944,73.1321,87.3646,97.1001
2015-06-20,1302603,201524,22.7829,25.5381,28.9158,0.004,2.1723,4.8336,17.3788,0.9907,0.9924,0.9944,71.1021,87.2643,97.0511
2015-06-21,1302603,201525,22.9333,24.5254,26.9752,0.1113,7.9319,24.8028,63.4555,0.9922,0.9936,0.9957,82.1714,92.3626,97.5348
2015-06-22,1302603,201525,22.8039,24.9586,28.24,0.061,3.9051,26.1347,31.2408,0.9909,0.9935,0.9952,76.4215,89.9478,98.5163
2015-06-23,1302603,201525,23.3209,24.9253,26.7381,0.0274,3.9896,13.0764,31.9167,0.9929,0.9945,0.9966,83.3012,90.5212,94.4642
2015-06-24,1302603,201525,23.0525,25.8321,30.0028,0.1882,1.8513,13.1176,14.8103,0.9924,0.9946,0.9963,69.2188,85.9533,96.4125
2015-06-25,1302603,201525,23.3657,26.4362,29.8518,0.0,0.1619,0.5034,1.2956,0.9917,0.9942,0.9959,59.4001,80.2244,93.8109
2015-06-26,1302603,201525,23.5142,26.4035,29.6366,0.0,0.1269,0.5034,1.015,0.9919,0.9941,0.9958,64.8403,79.2752,89.4218
2015-06-27,1302603,201525,23.6062,24.9767,26.775,1.2203,4.9201,12.0442,39.361,0.9924,0.9949,0.9966,84.7119,89.762,94.3189
2015-06-28,1302603,201526,22.8919,25.6216,29.6053,0.319,2.1874,12.1913,17.499,0.9907,0.9936,0.9955,67.4749,87.1942,97.2833
2015-06-29,1302603,201526,23.578,25.4592,27.7505,0.0008,1.6679,4.8668,13.3432,0.9902,0.9925,0.9941,78.0063,88.5744,96.3889
2015-06-30,1302603,201526,23.1813,25.6632,29.041,0.0001,0.9631,4.952,7.7048,0.9903,0.9923,0.9939,67.9054,86.3076,97.566
2015-07-01,1302603,201526,23.7182,26.3961,29.2734,0.0551,0.8882,2.6675,7.1053,0.9896,0.9924,0.9944,71.0426,83.3584,94.5855
2015-07-02,1302603,201526,23.4161,26.3111,29.3973,0.0016,1.0961,3.2191,8.7685,0.9883,0.9913,0.9932,71.7747,85.3405,96.6822
2015-07-03,1302603,201526,23.574,25.6166,28.9773,1.4666,2.9178,4.975,23.3422,0.989,0.991,0.9929,72.4842,87.4782,96.0355
2015-07-04,1302603,201526,23.5728,25.9713,29.3692,0.1638,1.2255,5.5811,9.8043,0.9876,0.9909,0.9925,72.3274,85.7891,95.8895
2015-07-05,1302603,201527,23.6996,25.9029,29.1537,0.6133,2.6469,4.6695,21.1753,0.9879,0.9912,0.9931,72.7238,86.3659,94.6362
2015-07-06,1302603,201527,23.4551,25.7533,29.2124,0.7912,2.4031,4.9003,19.2251,0.9892,0.9916,0.9932,72.1783,86.1893,94.8442
2015-07-07,1302603,201527,23.3516,25.2711,27.8396,0.0852,1.932,5.1696,15.4562,0.9892,0.9917,0.9934,78.2737,88.143,95.4034
2015-07-08,1302603,201527,23.2875,25.4225,28.3338,0.0033,1.1969,5.1798,9.5754,0.9892,0.9917,0.9934,74.6069,88.1235,96.4339
2015-07-09,1302603,201527,23.2717,26.0978,29.6014,0.6377,1.4195,2.6134,11.356,0.9886,0.9917,0.9935,70.8135,86.1356,97.1087
2015-07-10,1302603,201527,24.1637,26.8268,29.3954,0.0635,0.4653,1.7906,3.7228,0.9891,0.9914,0.993,70.0786,81.8159,91.6519
2015-07-11,1302603,201527,23.921,26.8152,29.9776,0.0001,0.2164,0.6557,1.7309,0.9904,0.992,0.9937,61.2454,78.8111,91.1086
2015-07-12,1302603,201528,23.2377,26.6489,30.0593,0.002,0.1729,0.5439,1.3833,0.9893,0.9921,0.9936,64.9532,80.5413,94.9341
2015-07-13,1302603,201528,23.6002,26.759,29.7744,0.0017,0.1799,0.6105,1.439,0.9885,0.9913,0.9932,64.5157,79.1738,90.1546
2015-07-14,1302603,201528,23.5009,26.6251,30.4096,0.0326,0.2153,0.6105,1.7227,0.9899,0.9913,0.993,64.1574,82.9866,96.7751
2015-07-15,1302603,201528,23.1388,26.6472,30.0985,0.0043,0.1819,0.5959,1.4554,0.9892,0.9916,0.9934,66.3904,80.6233,94.3981
2015-07-16,1302603,201528,24.7421,26.9557,30.13,0.043,0.8528,4.3461,6.8223,0.9894,0.9917,0.9935,67.3541,84.2001,94.4772
2015-07-17,1302603,201528,23.8894,26.2148,29.7713,0.0647,0.8111,4.3679,6.4887,0.9899,0.9924,0.9944,68.4362,86.3329,96.6308
2015-07-18,1302603,201528,23.7467,26.3557,29.973,0.1341,0.4788,1.1263,3.8306,0.9899,0.9922,0.9937,65.5894,83.4163,94.8517
2015-07-19,1302603,201529,23.905,26.2272,29.4986,0.0679,1.5737,7.4032,12.5894,0.9903,0.992,0.9936,68.9693,84.0003,93.8287
2015-07-20,1302603,201529,23.2457,25.8983,29.8769,0.3041,1.6816,7.9325,13.4527,0.9899,0.9921,0.9937,67.3838,86.648,97.6953
2015-07-21,1302603,201529,23.8031,25.8331,28.8554,0.1617,3.2042,6.9625,25.6334,0.9893,0.9922,0.9941,75.8743,87.9367,97.2075
2015-07-22,1302603,201529,23.7147,25.6516,28.7753,0.0854,2.5167,7.8429,20.1339,0.9905,0.9924,0.9942,75.3124,88.1628,94.4133
2015-07-23,1302603,201529,23.085,25.7528,29.7659,0.0007,1.5579,8.9203,12.4628,0.9909,0.9929,0.9946,69.449,87.4771,98.1124
2015-07-24,1302603,201529,22.952,25.8623,29.5969,0.0597,2.5424,4.252,20.339,0.9902,0.9935,0.9956,69.9406,85.8585,96.3012
2015-07-25,1302603,201529,23.6024,25.8727,29.2041,1.1489,2.7947,4.8953,22.3575,0.9907,0.9932,0.9953,71.1159,86.6103,94.6984
2015-07-26,1302603,201530,23.0842,25.5262,29.4297,0.1586,1.3428,5.3227,10.7422,0.9898,0.9924,0.9943,73.8409,88.2939,97.5148
2015-07-27,1302603,201530,23.2296,25.8082,29.0098,0.0288,0.8676,4.0436,6.9412,0.9887,0.9916,0.9935,71.6497,86.5976,97.4113
2015-07-28,1302603,201530,23.6758,26.3484,29.4502,0.0195,0.4609,1.448,3.6875,0.9883,0.9909,0.9925,69.4644,84.7289,96.0221
2015-07-29,1302603,201530,23.7375,26.851,31.131,0.0,0.2077,1.1516,1.6613,0.9892,0.9912,0.9929,59.4599,81.4716,95.3205
2015-07-30,1302603,201530,23.4784,27.1135,31.7675,0.0,0.2368,1.5228,1.8947,0.9897,0.9915,0.9931,59.5806,79.796,93.7246
2015-07-31,1302603,201530,24.3376,26.4123,29.4262,0.0026,1.7021,4.641,13.6166,0.9893,0.9918,0.9936,71.8702,85.285,92.5699
2015-08-01,1302603,201530,23.554,26.6727,30.8211,0.0,0.7144,4.6504,5.7156,0.9884,0.9912,0.9931,63.6481,83.6654,96.2517
2015-08-02,1302603,201531,24.3377,27.1101,30.9056,0.0235,0.237,0.8072,1.8956,0.9878,0.9904,0.9925,62.4149,81.8962,94.1028
2015-08-03,1302603,201531,24.1409,27.4612,31.1835,0.0,0.1379,0.5846,1.1033,0.9886,0.9905,0.9924,57.5048,78.7764,93.4622
2015-08-04,1302603,201531,24.0866,27.5372,31.3609,0.0,0.082,0.3224,0.6556,0.9895,0.9916,0.9936,53.797,75.6431,90.5292
2015-08-05,1302603,201531,24.5445,27.6167,31.8258,0.0,0.0467,0.2301,0.3734,0.9887,0.9913,0.993,59.3462,75.2691,87.2796
2015-08-06,1302603,201531,24.8284,27.7333,31.7542,0.0004,0.0818,0.3942,0.6544,0.9871,0.9905,0.9927,56.164,77.7779,93.6983
2015-08-07,1302603,201531,24.2447,27.9881,32.6894,0.0,0.0246,0.1969,0.197,0.9876,0.9896,0.9911,45.3419,71.4838,88.6912
2015-08-08,1302603,201531,24.3047,27.9997,32.4801,0.0,0.0039,0.0105,0.0309,0.9882,0.9898,0.9912,45.9355,67.306,84.0523
2015-08-09,1302603,201532,24.8833,28.1105,32.5474,0.0,0.041,0.2293,0.3281,0.9873,0.9899,0.9917,54.0729,70.7195,83.9571
2015-08-10,1302603,201532,24.6614,28.1711,32.7735,0.0,0.048,0.2312,0.3841,0.9876,0.9898,0.9917,50.0019,72.2572,90.5738
2015-08-11,1302603,201532,24.6765,28.5903,33.3545,0.0,0.0136,0.1058,0.1092,0.9877,0.99,0.9919,41.6337,67.0599,84.1228
2015-08-12,1302603,201532,23.9053,28.2418,32.7441,0.0,0.0191,0.14,0.153,0.9878,0.9902,0.992,43.0114,65.0784,82.332
2015-08-13,1302603,201532,24.8948,28.0027,32.3391,0.0,0.1609,0.7548,1.2872,0.9884,0.9907,0.9927,53.4463,70.5926,84.726
2015-08-14,1302603,201532,25.1812,28.0526,32.3255,0.0,0.2236,0.7748,1.789,0.9886,0.9912,0.9933,53.2699,74.1267,90.2059
2015-08-15,1302603,201532,24.3348,28.7731,33.7589,0.0,0.036,0.2457,0.2876,0.9881,0.9908,0.9927,42.2281,66.4734,87.2266
2015-08-16,1302603,201533,24.7504,28.9249,33.1652,0.0,0.0105,0.0286,0.0843,0.9882,0.9909,0.9926,43.3166,64.7572,84.9726
2015-08-17,1302603,201533,24.9241,28.7167,33.3015,0.0,0.0233,0.1106,0.1867,0.9879,0.9907,0.9929,48.21,67.27,84.9224
2015-08-18,1302603,201533,25.0334,27.8752,32.2575,0.0,0.5519,3.488,4.4151,0.9885,0.9907,0.993,57.0337,77.8286,94.2681
2015-08-19,1302603,201533,24.76,27.6403,32.3935,0.0359,0.5275,3.6934,4.2198,0.9875,0.9907,0.9929,58.9701,79.581,92.9003
2015-08-20,1302603,201533,24.477,28.0888,31.7202,0.0943,0.232,0.5159,1.8561,0.9873,0.99,0.992,59.4835,76.7351,94.8759
2015-08-21,1302603,201533,24.3449,28.2162,32.6366,0.0574,0.191,0.6038,1.5283,0.9869,0.9901,0.992,56.8468,75.9541,94.8196
2015-08-22,1302603,201533,24.6196,28.6799,33.205,0.0403,0.3382,0.4877,2.7058,0.9868,0.9896,0.9914,47.3665,70.9181,90.0016
2015-08-23,1302603,201534,24.4196,29.179,34.6742,0.0,0.0709,0.4886,0.5676,0.9869,0.989,0.9907,40.8986,66.8743,88.6119
2015-08-24,1302603,201534,24.9362,29.6744,34.6076,0.0,0.0219,0.0801,0.175,0.9857,0.9886,0.9908,41.6961,63.6707,82.1885
2015-08-25,1302603,201534,26.1591,29.8949,34.7326,0.0,0.1315,0.7426,1.0524,0.986,0.9885,0.9905,45.0757,65.9026,80.3492
2015-08-26,1302603,201534,24.6246,27.8957,31.2307,0.0083,2.8682,5.5736,22.9454,0.9877,0.9893,0.9917,60.4578,78.3161,91.4171
2015-08-27,1302603,201534,24.7433,28.2902,33.2117,0.0053,0.9529,6.7341,7.6229,0.9878,0.9904,0.9922,44.9867,73.842,92.209
2015-08-28,1302603,201534,25.2528,29.4589,34.4274,0.0,0.0464,0.2548,0.3713,0.9878,0.9905,0.9925,39.6628,62.7949,81.7978
2015-08-29,1302603,201534,25.6468,28.5591,31.4365,0.0,0.7856,2.3118,6.2846,0.9887,0.9907,0.9932,57.9362,71.7124,86.9582
2015-08-30,1302603,201535,24.8323,26.818,28.5395,0.0,3.7381,11.8692,29.905,0.9894,0.9911,0.9935,75.2427,83.039,91.7248
2015-08-31,1302603,201535,24.5279,27.5552,31.738,0.0329,1.7646,12.0445,14.117,0.989,0.9915,0.9933,60.1355,81.6991,97.1943
2015-09-01,1302603,201535,24.7474,28.212,32.014,0.1143,0.5827,0.9023,4.6613,0.989,0.9922,0.9943,54.1154,77.7884,93.6472
2015-09-02,1302603,201535,24.9637,28.1063,32.0616,0.0,0.5386,1.5539,4.3088,0.9885,0.9916,0.9939,58.5087,77.5765,93.9039
2015-09-03,1302603,201535,25.0378,27.9875,32.441,0.0004,0.4162,1.7596,3.3295,0.9878,0.9909,0.9931,54.327,76.199,90.657
2015-09-04,1302603,201535,24.6148,28.1183,32.4014,0.0,1.0507,1.944,8.4057,0.9883,0.9908,0.9931,56.3122,76.8646,90.655
2015-09-05,1302603,201535,25.1035,28.591,33.0629,0.0,0.3484,1.9912,2.7871,0.987,0.9909,0.9932,52.8954,76.9265,94.2342
2015-09-06,1302603,201536,25.4095,29.3926,33.2675,0.0012,0.1484,0.4445,1.1871,0.9864,0.9899,0.9925,50.5368,71.5673,90.7483
2015-09-07,1302603,201536,25.886,29.4295,33.5441,0.0002,0.2743,0.6449,2.1941,0.986,0.989,0.9912,46.5382,69.1012,86.5344
2015-09-08,1302603,201536,25.8358,30.0095,34.9651,0.0,0.2152,0.6449,1.7212,0.9857,0.988,0.9907,39.5106,64.6356,85.664
2015-09-09,1302603,201536,25.7349,30.4728,35.0551,0.0,0.0307,0.2252,0.2458,0.985,0.9876,0.9902,36.2999,58.138,78.4995
2015-09-10,1302603,201536,26.2387,31.0125,36.6791,0.0,0.0015,0.0064,0.0116,0.9856,0.988,0.9909,25.8703,48.6805,64.1135
2015-09-11,1302603,201536,25.7058,31.0682,36.5998,0.0,0.0005,0.0026,0.0043,0.9873,0.9893,0.9922,27.3361,45.6989,64.7425
2015-09-12,1302603,201536,25.0627,30.6456,36.5566,0.0,0.0012,0.0078,0.0095,0.9874,0.9901,0.9928,29.9201,51.0656,73.4405
2015-09-13,1302603,201537,26.5264,31.3538,36.2793,0.0,0.0047,0.0248,0.0379,0.9872,0.9901,0.9925,32.7946,54.4064,74.1171
2015-09-14,1302603,201537,26.5335,29.9012,32.3094,0.0,0.4466,1.846,3.5725,0.9879,0.9902,0.9928,55.1224,64.1263,77.5156
2015-09-15,1302603,201537,25.5252,28.6737,32.2803,0.0389,0.8107,1.9802,6.4854,0.9879,0.9907,0.993,57.7011,72.9475,89.093
2015-09-16,1302603,201537,25.4115,28.4144,31.379,0.0011,1.0826,3.173,8.6609,0.9869,0.9904,0.9925,60.1621,75.3377,92.0368
2015-09-17,1302603,201537,25.1962,29.4342,34.3652,0.0751,0.6132,3.3196,4.9058,0.9853,0.9888,0.9908,43.6297,69.7453,92.8443
2015-09-18,1302603,201537,26.6196,31.3376,36.8521,0.0,0.0518,0.4045,0.4144,0.9851,0.9879,0.99,32.7924,54.5174,71.2284
2015-09-19,1302603,201537,27.3323,32.0377,37.5305,0.0,0.0038,0.024,0.0304,0.9849,0.9879,0.9904,29.614,48.4911,64.2282
2015-09-20,1302603,201538,26.8278,31.7647,36.9074,0.0,0.0049,0.024,0.0393,0.9864,0.9885,0.9914,33.0597,49.7178,66.3508
2015-09-21,1302603,201538,27.1083,32.0957,37.8073,0.0,0.0031,0.0181,0.0247,0.985,0.9881,0.9907,27.0076,49.955,69.923
2015-09-22,1302603,201538,26.6337,32.2429,38.0662,0.0,0.0005,0.0026,0.0043,0.9844,0.9875,0.9903,25.9761,44.7038,65.978
2015-09-23,1302603,201538,27.2353,32.0546,37.0969,0.0,0.0002,0.0017,0.0017,0.9844,0.9872,0.9899,30.5249,47.0693,64.9572
2015-09-24,1302603,201538,27.6323,32.0571,36.619,0.0,0.003,0.018,0.0238,0.9854,0.9876,0.9906,31.3239,47.0477,64.4676
2015-09-25,1302603,201538,27.7271,32.276,37.3506,0.0,0.0023,0.018,0.018,0.9856,0.9885,0.9916,29.603,47.4959,63.4227
2015-09-26,1302603,201538,27.2861,32.346,37.6346,0.0,0.0,0.0,0.0,0.9861,0.9887,0.9917,26.7337,46.13,66.4256
2015-09-27,1302603,201539,27.0703,32.045,37.0847,0.0,0.0015,0.0067,0.0118,0.9867,0.9887,0.9916,30.4817,46.1183,62.8125
2015-09-28,1302603,201539,27.3958,32.1747,37.3808,0.0,0.0158,0.0894,0.1261,0.9843,0.9881,0.9909,31.8572,48.0822,67.8668
2015-09-29,1302603,201539,27.3672,32.0908,37.4007,0.0,0.0217,0.0894,0.174,0.9827,0.9865,0.9891,31.514,50.9221,72.582
2015-09-30,1302603,201539,27.4323,32.1847,37.1643,0.0,0.0191,0.0771,0.1531,0.9826,0.9858,0.9884,30.8266,49.3441,70.0001
2015-10-01,1302603,201539,27.8426,31.9306,36.4554,0.0,0.0692,0.3226,0.5534,0.9834,0.986,0.9888,35.2438,51.6342,69.4568
2015-10-02,1302603,201539,27.2952,31.557,36.6245,0.0,0.0548,0.3226,0.4384,0.9845,0.9865,0.9888,34.6037,56.8829,76.7589
2015-10-03,1302603,201539,27.3312,32.1571,37.6767,0.0,0.0124,0.0795,0.0989,0.9847,0.9876,0.99,28.9233,50.071,68.2504
2015-10-04,1302603,201540,27.7773,33.1114,38.8504,0.0,0.0013,0.0101,0.0101,0.9855,0.9881,0.9909,24.5368,43.7263,62.4402
2015-10-05,1302603,201540,27.2677,33.1012,39.038,0.0,0.0026,0.0173,0.0207,0.986,0.9884,0.991,25.2323,42.047,59.4521
2015-10-06,1302603,201540,28.7763,32.2088,36.4165,0.0,0.2594,1.454,2.0748,0.9859,0.9888,0.9913,37.5204,51.8884,63.8436
2015-10-07,1302603,201540,27.4536,30.4295,33.6961,0.0004,0.5743,1.4641,4.5941,0.9857,0.9886,0.9908,47.1575,65.7013,81.685
2015-10-08,1302603,201540,26.7073,30.8001,34.7601,0.0,0.2057,0.873,1.6453,0.9845,0.9882,0.9907,40.0658,64.0064,87.3331
2015-10-09,1302603,201540,27.501,31.2899,35.512,0.0,0.1128,0.3116,0.9026,0.9846,0.9876,0.9901,42.2006,60.3791,78.0292
2015-10-10,1302603,201540,27.7255,30.0618,32.1948,0.0003,1.6481,4.4388,13.185,0.9859,0.9881,0.9916,55.536,65.8452,78.0013
2015-10-11,1302603,201541,24.9791,28.219,31.8386,0.0084,7.1961,11.2898,57.5692,0.9845,0.9883,0.9913,57.6434,76.9163,92.555
2015-10-12,1302603,201541,26.2764,28.3955,31.2891,0.1342,4.1718,11.4622,33.3743,0.9866,0.9887,0.9908,64.8024,78.0709,87.6786
2015-10-13,1302603,201541,25.25,26.9365,30.3359,1.5806,5.745,10.8283,45.9599,0.9875,0.9897,0.992,70.224,85.6332,94.4833
2015-10-14,1302603,201541,25.0804,28.3478,32.3995,0.5932,2.0588,10.0094,16.4704,0.986,0.9893,0.9913,52.2076,78.1462,94.6397
2015-10-15,1302603,201541,26.0173,30.0008,34.6997,0.0017,0.2241,1.4531,1.7926,0.9853,0.9882,0.9901,42.536,65.8166,86.212
2015-10-16,1302603,201541,26.7339,30.6447,35.022,0.0,0.0935,0.1901,0.7482,0.9852,0.9883,0.991,44.0723,63.0012,81.0794
2015-10-17,1302603,201541,27.2066,30.6418,33.8787,0.0,0.634,2.2732,5.0723,0.9867,0.9892,0.9922,44.8162,61.2779,74.6112
2015-10-18,1302603,201542,26.601,30.5539,34.3894,0.0001,0.3907,2.401,3.1254,0.9878,0.9904,0.993,42.0823,63.5397,82.7519
2015-10-19,1302603,201542,26.7756,29.9411,33.979,0.0,0.5476,3.3097,4.3809,0.9884,0.9907,0.9929,50.9016,68.6788,85.1241
2015-10-20,1302603,201542,25.1949,29.1128,33.8222,0.0,0.4558,3.4027,3.6462,0.9874,0.9901,0.9926,50.907,74.5136,93.3189
2015-10-21,1302603,201542,26.3712,30.3942,35.0676,0.0003,0.1341,0.8188,1.0724,0.9864,0.9892,0.9914,44.7254,68.3321,90.3646
2015-10-22,1302603,201542,26.8112,31.2174,36.5734,0.0,0.1109,0.8202,0.8876,0.9845,0.9877,0.9897,35.8928,63.6534,87.4998
2015-10-23,1302603,201542,27.0755,31.4605,35.8675,0.0,0.0351,0.1409,0.2808,0.9837,0.9871,0.99,42.9131,60.5661,80.3386
2015-10-24,1302603,201542,28.0201,31.3638,35.2794,0.0,1.1253,3.2387,9.0022,0.9851,0.9874,0.99,45.9749,61.4707,74.7174
2015-10-25,1302603,201543,26.6197,29.2059,32.9287,0.0749,1.692,3.2865,13.5358,0.9872,0.9889,0.9913,55.2838,73.0255,85.1598
2015-10-26,1302603,201543,25.7734,29.2466,33.1079,0.0558,0.8329,3.134,6.6629,0.9864,0.9895,0.9921,54.7742,74.792,93.708
2015-10-27,1302603,201543,26.4386,30.1588,34.4771,0.0001,0.3341,1.7207,2.6726,0.9862,0.9892,0.992,46.6951,69.7093,87.949
2015-10-28,1302603,201543,26.4794,29.5448,33.0061,0.0,0.3515,1.3176,2.8118,0.9869,0.9894,0.9918,55.8278,72.1586,87.8728
2015-10-29,1302603,201543,25.84,28.4936,32.3551,0.0,1.851,6.9907,14.8076,0.9867,0.9894,0.9911,58.8391,77.5051,90.3677
2015-10-30,1302603,201543,25.4161,28.6249,33.5895,0.0563,1.039,7.0926,8.3123,0.9855,0.9889,0.9913,51.2899,75.9462,93.9808
2015-10-31,1302603,201543,26.7593,29.4651,33.1496,0.0,1.5371,3.9271,12.2969,0.9848,0.9879,0.9906,55.1259,71.5333,85.0561
2015-11-01,1302603,201544,25.9211,28.5118,30.5718,0.0,2.0017,4.4831,16.0134,0.9832,0.9876,0.9903,65.0231,75.373,87.7003
2015-11-02,1302603,201544,25.6637,28.0187,31.0465,0.0015,3.5543,7.8857,28.4341,0.9842,0.9871,0.9897,68.3442,80.2604,89.4062
2015-11-03,1302603,201544,25.0507,26.631,29.3815,0.3947,6.1613,11.3995,49.2903,0.9861,0.988,0.9905,71.7811,86.7295,95.3
2015-11-04,1302603,201544,25.0573,26.6731,28.9149,0.0,5.5754,13.3947,44.6031,0.9862,0.9888,0.9906,76.2426,87.1801,95.0784
2015-11-05,1302603,201544,24.6117,26.573,28.7535,0.0,4.4025,13.4078,35.2201,0.9858,0.9881,0.9899,76.5979,87.2256,94.6499
2015-11-06,1302603,201544,24.3793,25.2433,26.9204,1.8953,17.2811,30.4444,138.2485,0.9888,0.99,0.9923,87.1832,94.2065,97.1444
2015-11-07,1302603,201544,23.6288,26.2417,30.0436,0.0,3.9547,30.7666,31.6377,0.9876,0.9901,0.9921,66.9319,83.7811,96.759
2015-11-08,1302603,201545,24.5234,27.9207,32.0037,0.0,0.1743,0.6755,1.3947,0.9862,0.9888,0.9912,59.0574,78.4801,93.0139
2015-11-09,1302603,201545,25.1869,27.5232,29.7319,0.005,1.4017,3.853,11.2137,0.9869,0.9894,0.9924,73.2961,83.933,94.7499
2015-11-10,1302603,201545,25.1415,27.8543,30.3429,0.0001,1.7909,4.2838,14.3271,0.9864,0.9895,0.9918,69.9344,82.556,95.7506
2015-11-11,1302603,201545,25.3046,27.2104,29.9568,0.0484,2.4819,7.9849,19.8551,0.9865,0.9891,0.9917,71.8749,84.7247,92.9619
2015-11-12,1302603,201545,24.5637,27.1066,30.4808,0.001,1.4202,8.1696,11.362,0.9858,0.9889,0.9916,65.7141,83.7421,95.1589
2015-11-13,1302603,201545,25.331,28.455,32.4631,0.0,0.3932,1.8464,3.1454,0.9851,0.988,0.9904,58.7964,79.0287,94.3296
2015-11-14,1302603,201545,25.4403,29.0381,32.7864,0.0001,0.1911,0.6497,1.5285,0.9856,0.9883,0.9906,57.7753,75.8837,91.7791
2015-11-15,1302603,201546,25.527,28.701,32.0395,0.0,0.4668,1.634,3.7344,0.9856,0.9882,0.9908,60.3806,76.8382,92.1265
2015-11-16,1302603,201546,25.7368,29.377,33.809,0.0,0.3213,1.7129,2.5707,0.9844,0.9876,0.9902,44.2824,71.0137,90.1336
2015-11-17,1302603,201546,26.2563,29.6284,33.7917,0.0,0.0776,0.2559,0.621,0.9836,0.9864,0.9891,43.3735,67.6581,87.6209
2015-11-18,1302603,201546,25.846,29.5258,32.7473,0.0,0.0721,0.1944,0.5771,0.983,0.9857,0.9882,51.9152,68.1366,87.7208
2015-11-19,1302603,201546,26.6047,29.2232,31.9823,0.0,0.5787,1.942,4.6299,0.9837,0.986,0.9887,59.107,71.6747,82.5767
2015-11-20,1302603,201546,24.3055,27.9154,31.3956,0.8981,3.5327,4.7705,28.2614,0.984,0.9868,0.9888,61.2402,78.7874,94.2496
2015-11-21,1302603,201546,26.2537,29.1584,33.8149,0.0002,1.7381,4.7758,13.9051,0.9832,0.9864,0.989,51.9039,74.2269,88.0269
2015-11-22,1302603,201547,25.2495,28.5396,32.1005,0.0,5.0913,8.5272,40.7301,0.9847,0.9867,0.9893,58.9178,78.3683,92.6163
2015-11-23,1302603,201547,25.8516,29.0544,32.6281,0.0001,1.6785,8.6826,13.4279,0.983,0.9869,0.9893,55.1046,76.5575,93.9548
2015-11-24,1302603,201547,26.6914,28.7915,30.5758,0.0656,1.9478,5.9264,15.5823,0.9844,0.9865,0.989,67.8055,76.2378,87.0257
2015-11-25,1302603,201547,25.8692,28.8772,33.3818,0.0,1.0292,5.9332,8.2332,0.9849,0.9872,0.9895,54.5587,77.9129,93.8009
2015-11-26,1302603,201547,24.6254,28.1431,31.9896,0.2902,3.6511,7.1209,29.2088,0.9857,0.988,0.9902,59.1798,79.5153,93.2907
2015-11-27,1302603,201547,25.4283,28.0019,31.6312,0.0472,1.8916,9.2792,15.133,0.9851,0.9877,0.9896,63.3524,81.2828,93.1951
2015-11-28,1302603,201547,25.3513,28.1013,31.702,0.114,1.9605,4.5544,15.6841,0.9836,0.9874,0.99,61.5591,80.7024,95.5792
2015-11-29,1302603,201548,26.2509,30.1082,34.7367,0.0713,0.4677,2.5909,3.7416,0.9838,0.9873,0.9904,41.3663,70.6065,93.2027
2015-11-30,1302603,201548,26.3518,30.7226,35.9841,0.0,0.0378,0.2654,0.302,0.9844,0.9872,0.9903,34.6088,60.2481,82.1019
2015-12-01,1302603,201548,26.8999,31.1163,35.8209,0.0,0.0039,0.0131,0.0315,0.9853,0.9875,0.9901,36.2538,55.2176,71.1984
2015-12-02,1302603,201548,26.8582,30.7685,35.057,0.0,0.0386,0.2462,0.3092,0.9857,0.9884,0.9907,44.8083,60.7787,77.6558
2015-12-03,1302603,201548,26.8547,29.1543,31.5304,0.0547,1.0912,3.024,8.7297,0.9874,0.9893,0.992,61.7538,72.0346,80.9414
2015-12-04,1302603,201548,24.4713,27.0066,29.9659,0.4045,5.115,11.8324,40.9202,0.9878,0.9902,0.9926,68.8043,83.8346,93.351
2015-12-05,1302603,201548,24.8196,27.0769,30.1322,0.0887,4.6987,12.167,37.5899,0.9878,0.9901,0.9924,69.6824,84.0734,95.4237
2015-12-06,1302603,201549,25.3598,27.5282,30.6265,0.004,3.3093,10.1292,26.4742,0.9871,0.9899,0.9914,65.2291,81.5715,92.5318
2015-12-07,1302603,201549,25.056,27.4151,31.0291,0.0184,2.9124,7.1273,23.2991,0.9862,0.9891,0.9916,64.7805,82.5118,94.1835
2015-12-08,1302603,201549,24.9677,28.1135,31.1713,0.0,1.2141,7.1357,9.7128,0.9864,0.9885,0.9909,59.0835,77.8632,95.2906
2015-12-09,1302603,201549,26.1996,29.5795,33.5694,0.0,0.1663,0.8695,1.3302,0.9871,0.9892,0.9916,48.559,71.0602,91.9335
2015-12-10,1302603,201549,25.8312,29.3501,33.0558,0.0,0.0893,0.3188,0.7142,0.9877,0.9896,0.9921,52.0502,71.3654,91.2283
2015-12-11,1302603,201549,26.9477,28.92,32.2174,0.0129,1.0553,3.8741,8.4421,0.9876,0.9899,0.9922,56.9845,74.6863,85.551
2015-12-12,1302603,201549,25.6462,28.1616,31.0695,0.0,0.8049,3.9493,6.4394,0.9863,0.9893,0.9917,61.0422,77.2075,89.7162
2015-12-13,1302603,201550,25.9575,28.5566,31.9042,0.4573,1.5294,2.3321,12.2349,0.9851,0.989,0.9914,58.4264,74.8371,88.1913
2015-12-14,1302603,201550,26.1525,29.5029,33.6898,0.0,0.6161,2.3321,4.9286,0.9844,0.9877,0.9902,49.7083,72.8623,92.4142
2015-12-15,1302603,201550,26.6286,28.1214,30.5663,0.002,4.9897,13.8234,39.9178,0.9852,0.9879,0.9913,64.3319,78.7665,86.9634
2015-12-16,1302603,201550,25.4018,27.4715,30.2931,0.0062,4.1516,13.8293,33.2131,0.9863,0.9888,0.9913,68.318,82.2773,92.9902
2015-12-17,1302603,201550,25.3766,27.5097,31.1084,0.0,2.6733,5.7177,21.386,0.9851,0.9884,0.991,59.643,80.8251,93.311
2015-12-18,1302603,201550,25.6123,29.1027,33.364,0.0,0.7412,4.8061,5.9297,0.9848,0.9879,0.9904,51.1168,71.1933,88.7432
2015-12-19,1302603,201550,26.9195,29.0668,32.2408,0.0325,0.5984,1.3579,4.7871,0.9867,0.989,0.992,54.1599,68.4931,78.947
2015-12-20,1302603,201551,24.8521,27.4403,30.0112,0.176,5.0832,9.8782,40.6655,0.9872,0.9903,0.993,67.4993,78.923,90.9957
2015-12-21,1302603,201551,24.7134,25.8341,27.1219,0.9104,13.2481,25.1223,105.9844,0.9873,0.99,0.9923,82.4715,89.3576,95.225
2015-12-22,1302603,201551,24.2508,25.4082,28.1971,0.0025,6.411,25.1496,51.2878,0.9864,0.9894,0.9913,72.9677,89.6731,95.2257
2015-12-23,1302603,201551,24.5112,26.6027,29.6903,0.4383,2.9682,8.0915,23.7452,0.9854,0.9887,0.991,69.8892,84.0528,92.1315
2015-12-24,1302603,201551,24.9929,27.164,28.8726,0.0071,3.6056,10.0473,28.8451,0.987,0.9889,0.9909,74.1531,84.2645,94.8534
2015-12-25,1302603,201551,24.0075,25.8339,27.7839,0.2225,13.7913,26.3345,110.3307,0.9883,0.9908,0.9933,81.5692,90.3916,96.6665
2015-12-26,1302603,201551,24.3784,27.0651,30.6976,0.0043,3.7992,26.7776,30.3936,0.9859,0.989,0.9909,66.3955,85.0781,97.6089
2015-12-27,1302603,201552,24.9218,27.4113,30.3556,0.0122,1.2347,2.8379,9.8775,0.9848,0.9883,0.9908,65.5195,82.0649,94.1325
2015-12-28,1302603,201552,25.4784,27.341,29.2601,0.0064,2.8136,8.2316,22.5086,0.9859,0.9883,0.9905,72.3488,81.7808,90.1505
2015-12-29,1302603,201552,25.1607,27.2963,30.593,0.8681,10.9582,15.7956,87.6653,0.9881,0.9906,0.9934,68.0563,84.557,94.2341
2015-12-30,1302603,201552,24.7802,27.3755,30.6458,3.7034,14.5861,17.7077,116.6891,0.9887,0.9918,0.9941,67.777,83.5633,95.7584
2015-12-31,1302603,201552,25.4698,27.5801,29.6531,0.0245,3.9546,17.7615,31.637,0.9866,0.99,0.9921,70.895,82.8475,94.1103
