year,week,start_date,n_days_in_week,a_weekly,b1_eff,b2_eff,beta_h_fitted,beta_m_fitted,beta_h_climate,beta_m_climate,valid,temp_mean,precip_mean,umid_min_mean,defor_clearcut_4wk,defor_degradation_4wk,defor_burnscar_4wk,defor_total_4wk,fire_counts_4wk,fire_trends_ha,sin_week,cos_week,year_2017,year_2018,year_2019,year_2020,year_2021,year_2022,year_2023
2017,0,2017-01-01,7,0.3909003456221199,0.2910701973408116,0.047677681357505795,0.018637222121110318,0.11377944074082189,0.013674733151608002,0.1012054200081689,True,25.69432857142857,6.9589,73.51767142857143,0.0,0.0,0.0,0.0,0.0,0.8,0.0,1.0,1,0,0,0,0,0,0
2017,1,2017-01-08,7,0.37604147465437787,0.22052598325936051,0.04747676642437857,0.017853233258044773,0.08292691594445657,0.013154930348428929,0.09735840811887468,True,25.32582857142857,6.426957142857143,78.09401428571428,0.0,0.0,0.0,0.0,0.0,0.8,0.12053668025532305,0.992708874098054,1,0,0,0,0,0,0
2017,2,2017-01-15,7,0.3990875576036866,0.2004053670922351,0.04253364650528024,0.01697464909977087,0.07997928848351034,0.013961143589351133,0.1033251168479649,True,25.897371428571425,4.9304,71.36022857142856,0.0,0.0,0.0,0.0,0.0,0.8,0.23931566428755774,0.970941817426052,1,0,0,0,0,0,0
2017,3,2017-01-22,7,0.39347983870967734,0.1830281198558351,0.029460345258651467,0.011592051900705587,0.07201787508020949,0.013764970676424279,0.10187325948249569,True,25.7583,7.525671428571428,74.75322857142858,0.0,0.0,0.0,0.0,0.0,0.8,0.3546048870425356,0.9350162426854148,1,0,0,0,0,0,0
2017,4,2017-01-29,7,0.3567448156682028,0.17326509902094445,0.015899645393451938,0.005672116065076801,0.06181142581195973,0.012479881924172456,0.09236243792001962,True,24.84727142857143,8.324,80.67858571428573,0.0,0.0,0.0,0.0,0.0,0.8,0.4647231720437685,0.8854560256532099,1,0,0,0,0,0,0
2017,5,2017-02-05,7,0.3774458525345622,0.16784047603985844,0.023860791968550808,0.009006156966719494,0.06335069156867112,0.013204059219688886,0.09772200629627725,True,25.360657142857143,7.754342857142857,75.90677142857143,0.0,0.0,0.0,0.0,0.0,10.0,0.5680647467311558,0.8229838658936564,1,0,0,0,0,0,0
2017,6,2017-02-12,7,0.4144867511520737,0.1665057419086975,0.02234338579074892,0.009261037386144927,0.0690144240119017,0.01449984831264581,0.10731202007868801,True,26.279271428571427,2.106542857142857,68.04901428571428,0.0,0.0,0.0,0.0,0.0,10.0,0.6631226582407952,0.7485107481711011,1,0,0,0,0,0,0
2017,7,2017-02-19,7,0.390383064516129,0.16562891625309553,0.02160518678751344,0.008434299027552876,0.06465872389936872,0.013656637283522913,0.10107149418236597,True,25.6815,4.822285714285714,75.86044285714286,0.0,0.0,0.0,0.0,0.0,10.0,0.7485107481711011,0.6631226582407953,1,0,0,0,0,0,0
2017,8,2017-02-26,7,0.3832736175115207,0.17552810810260192,0.02165248889444296,0.008298827746701182,0.0672752929674375,0.01340792992950717,0.09923083433597446,True,25.505185714285712,6.625214285714285,76.36014285714285,0.0,0.0,0.0,0.0,0.0,10.0,0.8229838658936564,0.5680647467311559,1,0,0,0,0,0,0
2017,9,2017-03-05,7,0.3730864055299538,0.1759567871137935,0.02220609084541821,0.008284790614388693,0.06564708523288451,0.013051554175515238,0.09659333073984468,True,25.252542857142856,6.835442857142857,79.90229999999998,0.0,0.0,0.0,0.0,0.0,0.3,0.8854560256532099,0.4647231720437686,1,0,0,0,0,0,0
2017,10,2017-03-12,7,0.3679959677419355,0.1793147083898338,0.022933849447979635,0.008439564121657119,0.06598708964427985,0.012873477130673468,0.09527539920017834,True,25.126299999999997,10.291771428571426,81.02198571428572,0.0,0.0,0.0,0.0,0.0,0.3,0.9350162426854148,0.35460488704253557,1,0,0,0,0,0,0
2017,11,2017-03-19,7,0.3816388248847926,0.18164942757885424,0.020632408541588508,0.007874128150354796,0.06932447408218917,0.013350740537942052,0.09880758100231225,True,25.464642857142856,13.615671428571428,77.3396,0.0,0.0,0.0,0.0,1.0,0.3,0.970941817426052,0.23931566428755804,1,0,0,0,0,0,0
2017,12,2017-03-26,7,0.40274078341013825,0.18312051079622604,0.023199732920640065,0.009343478611364555,0.07375009797653675,0.014088943138789464,0.10427094935046169,True,25.98797142857143,5.978785714285714,75.08985714285714,0.0,0.0,0.0,0.0,1.0,0.3,0.992708874098054,0.120536680255323,1,0,0,0,0,0,0
2017,13,2017-04-02,7,0.3949423963133641,0.18509616024142087,0.02304443861947949,0.00910122581007346,0.07310232107414918,0.01381613482906129,0.10225192058685383,True,25.79457142857143,4.322342857142857,75.82175714285714,0.0,0.0,0.0,0.0,1.0,0.1,1.0,-1.6081226496766366e-16,1,0,0,0,0,0,0
2017,14,2017-04-09,7,0.39106394009216594,0.18932199068725536,0.022125695737138212,0.00865256175224571,0.07403700362425043,0.013680456121024667,0.10124777516911324,True,25.698385714285717,6.851285714285715,78.70324285714287,0.0,0.0,0.0,0.0,1.0,0.1,0.992708874098054,-0.12053668025532288,1,0,0,0,0,0,0
2017,15,2017-04-16,7,0.3881152073732719,0.19315998123694358,0.023267128052569478,0.009030326229103474,0.07496832617399367,0.013577301612419367,0.10048433830688037,True,25.625257142857144,6.705571428571429,79.2962857142857,0.0,0.0,0.0,0.0,0.0,0.1,0.9709418174260521,-0.2393156642875575,1,0,0,0,0,0,0
2017,16,2017-04-23,7,0.4051169354838709,0.16548691665168086,0.02521591461508635,0.010215394054286734,0.06704155253660371,0.014172067254436437,0.10488614314938934,True,26.046899999999997,5.512214285714286,76.40348571428571,0.0,0.0,0.0,0.0,0.0,0.1,0.9350162426854148,-0.35460488704253545,1,0,0,0,0,0,0
2017,17,2017-04-30,7,0.3995040322580645,0.21783344325894538,0.026977914777424755,0.010777785735495616,0.08702533894260699,0.013975712979802714,0.10343294354290425,True,25.9077,4.296971428571428,75.17632857142857,0.0,0.0,0.0,0.0,0.0,0.1,0.8854560256532099,-0.4647231720437685,1,0,0,0,0,0,0
2017,18,2017-05-07,7,0.41000460829493085,0.21923188344518738,0.027697039880103875,0.011355913986971068,0.08988608249770398,0.014343051041409666,0.10615157815154717,True,26.168114285714285,4.0605,76.65111428571429,0.0,0.0,0.0,0.0,0.0,25.0,0.8229838658936565,-0.5680647467311557,1,0,0,0,0,0,0
2017,19,2017-05-14,7,0.44435253456221196,0.2220175952669511,0.031041636479222555,0.01379342984650136,0.09865408117427708,0.015544632803300023,0.11504437229517325,True,27.019942857142855,3.8991000000000002,67.97642857142856,0.0,0.0,0.0,0.0,0.0,25.0,0.7485107481711013,-0.663122658240795,1,0,0,0,0,0,0
2017,20,2017-05-21,7,0.4499637096774193,0.22027285752021022,0.03248343888179201,0.014616368662330853,0.09911479211103942,0.015740926624031457,0.11649712448798637,True,27.1591,1.9065857142857146,67.93207142857143,0.0,0.0,0.0,0.0,0.0,25.0,0.6631226582407952,-0.7485107481711012,1,0,0,0,0,0,0
2017,21,2017-05-28,7,0.4125293778801843,0.42359668631487135,0.024051128708504784,0.00992179716343572,0.17474607747758145,0.01443137419265347,0.10680524952626227,True,26.230728571428568,4.902142857142857,74.4646,0.0,0.0,0.0,0.0,0.0,25.0,0.5680647467311558,-0.8229838658936564,1,0,0,0,0,0,0
2017,22,2017-06-04,7,0.43298214285714287,0.4259428685350098,0.01191482489154353,0.0051589064133081425,0.18442565595300683,0.015146866277541087,0.11210053947165013,True,26.73795714285714,1.5265857142857142,69.06284285714285,0.0,0.0,0.0,0.0,0.0,4.0,0.46472317204376906,-0.8854560256532096,1,0,0,0,0,0,0
2017,23,2017-06-11,7,0.4176180875576037,0.3017900421077939,0.06300478874174775,0.026311939381299537,0.1260329802289856,0.01460939078359295,0.10812273365225668,True,26.356928571428572,2.520642857142857,72.64055714285715,0.0,0.0,0.0,0.0,1.0,4.0,0.35460488704253584,-0.9350162426854147,1,0,0,0,0,0,0
2017,24,2017-06-18,7,0.3993824884792626,0.29651380147146533,0.06433063783163517,0.02569253022265665,0.11842241990011987,0.01397146105534174,0.10340147544797727,True,25.90468571428571,2.5961142857142856,74.29741428571428,0.0,0.0,0.0,0.0,2.0,4.0,0.23931566428755768,-0.970941817426052,1,0,0,0,0,0,0
2017,25,2017-06-25,7,0.412948732718894,0.10637172822401135,0.022966927929435384,0.009484163782906514,0.043926070367224096,0.014446044339608862,0.10691382191065484,True,26.24112857142858,2.6117142857142857,70.23827142857144,0.0,0.0,0.0,0.0,3.0,4.0,0.12053668025532308,-0.992708874098054,1,0,0,0,0,0,0
2017,26,2017-07-02,7,0.39754377880184333,0.0009561807908345558,0.06141148051159136,0.024413752024393786,0.00038012372480610425,0.013907138103306557,0.10292542730102527,False,25.859085714285715,1.8480000000000003,70.50827142857143,0.0,0.0,0.0,0.0,3.0,13.0,-3.216245299353273e-16,-1.0,1,0,0,0,0,0,0
2017,27,2017-07-09,7,0.40836751152073736,0.36354672879176525,0.29536880468226,0.12061902374894924,0.14846067295819756,0.014285781044641496,0.10572772826632235,True,26.127514285714284,1.1715714285714287,66.86498571428572,0.0,0.0,0.0,0.0,3.0,13.0,-0.12053668025532283,-0.992708874098054,1,0,0,0,0,0,0
2017,28,2017-07-16,7,0.42061866359447003,0.015992175382292258,0.05916748417294264,0.02488694812107009,0.006726607437268152,0.01471435890926691,0.10889959292464797,True,26.431342857142862,0.13712857142857143,60.428228571428576,0.0,0.0,0.0,0.0,2.0,13.0,-0.23931566428755743,-0.9709418174260521,1,0,0,0,0,0,0
2017,29,2017-07-23,7,0.44334101382488483,0.26736865358773604,0.000679801369413559,0.0003013838283153523,0.11853548994658133,0.015509247119160368,0.11478248615919338,True,26.994857142857143,0.43970000000000004,59.169085714285714,0.0,0.0,0.0,0.07,4.0,13.0,-0.3546048870425356,-0.9350162426854148,1,0,0,0,0,0,0
2017,30,2017-07-30,7,0.46438652073732717,0.3612863162858751,0.03455376301666318,0.016046301785690345,0.16777649541000308,0.016245474892533012,0.1202312389940592,True,27.516785714285714,0.5162571428571429,56.46058571428572,0.0,0.0,0.0,0.07,5.0,13.0,-0.46472317204376806,-0.8854560256532101,1,0,0,0,0,0,0
2017,31,2017-08-06,7,0.45387154377880184,0.3730169376183107,0.10171893997713854,0.04616733231896716,0.16930177333246368,0.015877633048406985,0.11750887593815006,True,27.256014285714283,1.000714285714286,62.95620000000001,0.0,0.0,0.0,0.07,5.0,89.0,-0.5680647467311556,-0.8229838658936566,1,0,0,0,0,0,0
2017,32,2017-08-13,7,0.5157845622119815,0.07067516575335366,0.21905055226189585,0.11298289320069474,0.03645315942735275,0.018043515005704523,0.13353836556300877,True,28.791457142857148,0.10292857142857144,51.493199999999995,0.0,0.0,0.0,0.07,15.0,89.0,-0.663122658240795,-0.7485107481711013,1,0,0,0,0,0,0
2017,33,2017-08-20,7,0.4864976958525346,0.2657407382471198,0.05340797272301314,0.02598285566990091,0.1292822568513753,0.017018982572317033,0.1259558969266259,True,28.06514285714286,1.5102428571428572,57.904857142857146,0.0,0.0,0.0,0.0,21.0,89.0,-0.7485107481711011,-0.6631226582407952,1,0,0,0,0,0,0
2017,34,2017-08-27,7,0.49533237327188934,0.2609448535119048,0.0043996720620427,0.002179300004109638,0.1292544335831373,0.017328043072117667,0.12824322475551156,True,28.284242857142857,1.283685714285714,56.33710000000001,0.0,0.0,0.0,0.0,27.0,89.0,-0.8229838658936564,-0.5680647467311559,1,0,0,0,0,0,0
2017,35,2017-09-03,7,0.4972874423963134,0.5469053734614522,0.03291485816998899,0.016368145636191225,0.2719691744014462,0.01739643658690696,0.12874939875637467,True,28.33272857142857,0.6886857142857142,55.60672857142857,0.0,0.0,0.0,0.0,26.0,4.0,-0.8854560256532096,-0.4647231720437691,1,0,0,0,0,0,0
2017,36,2017-09-10,7,0.4830662442396313,0.4885766231169948,0.10014020288679748,0.048374351705919943,0.2360148743524085,0.01689894127367242,0.12506748251202907,True,27.98004285714286,3.946242857142857,63.07572857142858,0.0,0.0,0.0,0.0,17.0,4.0,-0.9350162426854147,-0.3546048870425359,1,0,0,0,0,0,0
2017,37,2017-09-17,7,0.4378882488479262,0.3213936165782241,0.09489572032411049,0.0415537207958873,0.14073448795434038,0.015318494906138732,0.11337074688630876,True,26.859628571428573,3.548714285714286,72.0579,0.0,0.0,0.0,0.0,8.0,4.0,-0.970941817426052,-0.23931566428755774,1,0,0,0,0,0,0
2017,38,2017-09-24,7,0.41866877880184333,0.23420099202991432,0.0044664873874299535,0.0018699788200291344,0.09805264332734447,0.014646146756184484,0.10839476116480065,True,26.38298571428572,3.581228571428571,71.71475714285714,0.0,0.0,0.0,0.0,1.0,4.0,-0.992708874098054,-0.12053668025532357,1,0,0,0,0,0,0
2017,39,2017-10-01,7,0.46186981566820273,0.23988783084431956,0.018295265976124343,0.008450031123993292,0.11079694821311087,0.01615743385949989,0.11957965554981317,True,27.454371428571427,3.5717428571428576,64.21488571428571,0.0,0.0,0.0,0.0,12.0,113.0,-1.0,-1.8369701987210297e-16,1,0,0,0,0,0,0
2017,40,2017-10-08,7,0.4199717741935484,0.23504478676064136,0.03961227855051158,0.01663603890270739,0.09871217611081082,0.01469172899851017,0.10873211107344898,True,26.415300000000002,3.1932285714285706,72.98982857142856,0.0,0.0,0.0,0.0,13.0,113.0,-0.992708874098054,0.1205366802553232,1,0,0,0,0,0,0
2017,41,2017-10-15,7,0.44286923963133645,0.2129199758098684,0.04216331685664735,0.018672836076638524,0.09429570778923897,0.01549274320383555,0.11466034222675177,True,26.98315714285714,2.499057142857143,70.51315714285714,0.0,0.0,0.0,0.0,18.0,113.0,-0.9709418174260521,0.23931566428755738,1,0,0,0,0,0,0
2017,42,2017-10-22,7,0.4342229262672811,0.20452130419256268,0.06328747380892388,0.027480872073374837,0.08880783919049531,0.015190272179384378,0.11242178248810834,True,26.76872857142857,2.726142857142857,70.37190000000001,0.0,0.0,0.0,0.0,18.0,113.0,-0.9350162426854148,0.35460488704253557,1,0,0,0,0,0,0
2017,43,2017-10-29,7,0.45474711981566823,0.1928804028199867,3.14904326181159e-05,1.432018353483758e-05,0.08771180765127484,0.015908263025566603,0.11773556553193673,False,27.27772857142857,2.2213571428571433,68.35418571428572,0.0,0.0,0.0,0.0,9.0,113.0,-0.8854560256532101,0.464723172043768,1,0,0,0,0,0,0
2017,44,2017-11-05,7,0.44262096774193554,0.18811152736282138,0.015949352999990413,0.0070595180597135,0.08326210628474559,0.015484057993206738,0.11459606379588197,True,26.977,3.287728571428572,71.01422857142856,0.0,0.0,0.0,0.0,7.0,59.0,-0.822983865893657,0.5680647467311548,1,0,0,0,0,0,0
2017,45,2017-11-12,7,0.4278104838709677,0.1872858280911416,0.01726773112992435,0.007387316410046708,0.08012284073784617,0.014965947899291749,0.11076157948940228,True,26.609700000000004,3.119957142857143,73.85455714285715,0.0,0.0,0.0,0.0,2.0,59.0,-0.7485107481711011,0.6631226582407952,1,0,0,0,0,0,0
2017,46,2017-11-19,7,0.4610126728110599,0.5956836498912703,0.030203164492908906,0.013924041590228035,0.27461771158622217,0.01612744872396469,0.11935773836852728,True,27.433114285714286,2.749685714285714,67.57324285714286,0.0,0.0,0.0,0.0,3.0,59.0,-0.6631226582407955,0.7485107481711007,1,0,0,0,0,0,0
2017,47,2017-11-26,7,0.4328427419354838,0.16806609583606313,0.024730492105022456,0.010704414012151754,0.07274618974807336,0.015141989662756468,0.11206444810211307,True,26.7345,3.603928571428572,73.97377142857144,0.0,0.0,0.0,0.0,1.0,59.0,-0.5680647467311559,0.8229838658936564,1,0,0,0,0,0,0
2017,48,2017-12-03,7,0.4670138248847926,0.1471789504752146,0.013314634414837661,0.006218118345016029,0.06873460460395943,0.016337384975312612,0.12091145691330984,True,27.581942857142856,1.9107999999999998,65.11578571428572,0.0,0.0,0.0,0.0,2.0,16.0,-0.4647231720437684,0.88545602565321,1,0,0,0,0,0,0
2017,49,2017-12-10,7,0.405229262672811,0.19020322139121718,0.00016521795001891564,6.695114806647853e-05,0.07707591116235638,0.014175996758085204,0.1049152250380659,False,26.04968571428572,5.640214285714286,76.6002,0.0,0.0,0.0,0.0,2.0,16.0,-0.35460488704253595,0.9350162426854147,1,0,0,0,0,0,0
2017,50,2017-12-17,7,0.3988271889400921,0.9917224014382884,0.0022245940368410782,0.000887228586246219,0.3955258575745501,0.013952035201406305,0.10325770652139152,True,25.890914285714285,6.864642857142857,75.35908571428571,0.0,0.0,0.0,0.0,1.0,16.0,-0.2393156642875578,0.970941817426052,1,0,0,0,0,0,0
2017,51,2017-12-24,7,0.36405702764976955,0.1783483647976338,0.0384041141989226,0.013981287664782072,0.06492897557442336,0.012735682536056739,0.09425559430391962,True,25.028614285714287,7.326828571428572,80.5855,0.0,0.0,0.0,0.0,1.0,16.0,-0.12053668025532363,0.992708874098054,1,0,0,0,0,0,0
2017,52,2017-12-31,1,0.3691048387096774,0.11449477786714575,0.0014527266292326472,0.0005362084281721696,0.042260576517753175,0.012912268384642055,0.09556248963967792,True,25.1538,2.4664,78.1374,0.0,0.0,0.0,0.0,1.0,16.0,6.432490598706546e-16,1.0,1,0,0,0,0,0,0
2018,0,2018-01-01,7,0.4043456221198157,0.420442764995585,0.006396982340537656,0.002586591804174173,0.17000419137791528,0.008765072655355786,0.19710471510951103,True,26.02777142857143,2.734957142857143,71.51022857142858,0.0,0.0,0.0,0.0,1.0,9.0,0.0,1.0,0,1,0,0,0,0,0
2018,1,2018-01-08,7,0.37506566820276493,0.48731452967698197,0.008380672267549035,0.00314330244401666,0.18277494969821337,0.00813036583676095,0.182831735115357,True,25.301628571428573,3.2071428571428564,74.09568571428574,0.0,0.0,0.0,0.0,1.0,9.0,0.12053668025532305,0.992708874098054,0,1,0,0,0,0,0
2018,2,2018-01-15,7,0.3648790322580645,0.4124329889038309,0.010469038878563708,0.003819932774682379,0.15048814986253087,0.007909548300266139,0.17786609714139243,True,25.049000000000003,5.410814285714285,78.69157142857144,0.0,0.0,0.0,0.0,1.0,9.0,0.23931566428755774,0.970941817426052,0,1,0,0,0,0,0
2018,3,2018-01-22,7,0.3753001152073733,0.4290385102242292,0.0012749352056744755,0.0004784833295715668,0.161018202315553,0.00813544798657736,0.1829460200427153,True,25.30744285714286,4.547628571428572,76.81031428571428,0.0,0.0,0.0,0.0,1.0,9.0,0.3546048870425356,0.9350162426854148,0,1,0,0,0,0,0
2018,4,2018-01-29,7,0.40427361751152074,0.640958751014574,0.031871460769499114,0.012884790740661923,0.25912271294832795,0.008763511798532565,0.19706961531609637,True,26.025985714285714,7.273914285714286,73.53182857142858,0.0,0.0,0.0,0.11,0.0,9.0,0.4647231720437685,0.8854560256532099,0,1,0,0,0,0,0
2018,5,2018-02-05,7,0.45570679723502305,0.44162098739091676,0.011610974653175123,0.0052912000719754675,0.20124968575568317,0.009878438070787058,0.2221415381513909,True,27.30152857142857,1.7243857142857144,60.725857142857144,0.0,0.0,0.0,0.11,1.0,64.0,0.5680647467311558,0.8229838658936564,0,1,0,0,0,0,0
2018,6,2018-02-12,7,0.37067281105990785,0.43904316395367965,0.022295712582716395,0.008264414457619244,0.16274136375934645,0.008035141083689844,0.18069036691871293,True,25.19268571428572,6.249185714285715,77.74057142857144,0.0,0.0,0.0,0.11,1.0,64.0,0.6631226582407952,0.7485107481711011,0,1,0,0,0,0,0
2018,7,2018-02-19,7,0.39044182027649776,0.8610844090625199,0.021654532924307596,0.00845483525220401,0.3362033640860827,0.008463677446218986,0.1903270854003059,True,25.68295714285714,3.197242857142857,70.69695714285714,0.0,0.0,0.0,0.11,1.0,64.0,0.7485107481711011,0.6631226582407953,0,1,0,0,0,0,0
2018,8,2018-02-26,7,0.4189544930875576,0.4325565807826545,0.01579844598511157,0.006618829929263578,0.18122152303348418,0.009081751774505573,0.20422604199583286,True,26.390071428571428,2.748485714285714,70.27514285714287,0.0,0.0,0.0,0.0,1.0,64.0,0.8229838658936564,0.5680647467311559,0,1,0,0,0,0,0
2018,9,2018-03-05,7,0.41298559907834104,0.5298013031843161,0.009360606914245945,0.003865795854216723,0.21880030858806057,0.008952362987287795,0.20131640952092783,True,26.24204285714286,4.440757142857143,72.17035714285714,0.0,0.0,0.0,0.0,0.0,0.3,0.8854560256532099,0.4647231720437686,0,1,0,0,0,0,0
2018,10,2018-03-12,7,0.4049043778801843,0.5394463697445633,0.017179203942915975,0.006955934884983203,0.21842419674114627,0.008777184904303985,0.1973770895064091,True,26.04162857142857,4.093271428571429,74.56895714285714,0.0,0.0,0.0,0.0,0.0,0.3,0.9350162426854148,0.35460488704253557,0,1,0,0,0,0,0
2018,11,2018-03-19,7,0.4115351382488478,0.403262029342998,0.018240283830295616,0.0075065177277989295,0.1659564949961816,0.008920921087440819,0.20060935928238208,True,26.206071428571427,6.1865999999999985,73.46117142857143,0.0,0.0,0.0,0.0,0.0,0.3,0.970941817426052,0.23931566428755804,0,1,0,0,0,0,0
2018,12,2018-03-26,7,0.38804608294930876,0.3904241117480825,0.026312617876275958,0.010210508299030845,0.15150254725280662,0.008411744617996753,0.189159245073812,True,25.62354285714286,8.291757142857142,77.22375714285715,0.0,0.0,0.0,0.0,2.0,0.3,0.992708874098054,0.120536680255323,0,1,0,0,0,0,0
2018,13,2018-04-02,7,0.38308986175115206,0.3911907541679801,0.0002286632317737617,8.759856584778201e-05,0.1498612119325404,0.008304307721140766,0.18674325609349124,True,25.500628571428567,4.706042857142857,76.06948571428572,0.0,0.0,0.0,0.0,2.0,4.0,1.0,-1.6081226496766366e-16,0,1,0,0,0,0,0
2018,14,2018-04-09,7,0.3803208525345622,0.39286670456446865,0.011290081119712731,0.004293853276633511,0.1494154000124027,0.008244283411146955,0.18539345843793553,True,25.431957142857147,6.6476999999999995,77.24289999999999,0.0,0.0,0.0,0.0,2.0,4.0,0.992708874098054,-0.12053668025532288,0,1,0,0,0,0,0
2018,15,2018-04-16,7,0.3765650921658986,0.03330389003332151,0.010852079070359615,0.0040865141553215875,0.012541082419880665,0.008162869119247716,0.18356265321342471,True,25.33881428571429,5.809742857142858,76.7915,0.0,0.0,0.0,0.0,2.0,4.0,0.9709418174260521,-0.2393156642875575,0,1,0,0,0,0,0
2018,16,2018-04-23,7,0.3946900921658987,0.3609730535520034,0.010833922229055689,0.004276041763104168,0.1424724877758461,0.00855576799878906,0.1923979732117733,True,25.788314285714286,4.680771428571428,74.35135714285714,0.0,0.0,0.0,0.0,0.0,4.0,0.9350162426854148,-0.35460488704253545,0,1,0,0,0,0,0
2018,17,2018-04-30,7,0.3818260368663594,0.35459582374652904,0.010175718930355649,0.003885354431443687,0.13539391807049928,0.008276911562179579,0.18612718451947646,True,25.469285714285714,6.850342857142857,76.79192857142857,0.0,0.0,0.0,0.0,0.0,4.0,0.8854560256532099,-0.4647231720437685,0,1,0,0,0,0,0
2018,18,2018-05-07,7,0.3829585253456221,0.37304995198264007,0.009558243655273278,0.0036604108951176027,0.14286265949152696,0.008301460718295208,0.18667923407030287,True,25.497371428571427,5.506657142857143,75.07671428571429,0.0,0.0,0.0,0.0,0.0,0.0,0.8229838658936565,-0.5680647467311557,0,1,0,0,0,0,0
2018,19,2018-05-14,7,0.3735178571428572,0.37805777875142865,0.009225829621576507,0.003446012110616354,0.14121133139542202,0.008096813658488976,0.18207722995611458,True,25.26324285714286,6.638114285714286,80.12241428571429,0.0,0.0,0.0,0.0,0.0,0.0,0.7485107481711013,-0.663122658240795,0,1,0,0,0,0,0
2018,20,2018-05-21,7,0.3700391705069124,0.3803128830676551,0.009349851061898914,0.0034598111313082483,0.14073066378344745,0.008021405543645494,0.18038148873666354,True,25.17697142857143,4.850542857142857,79.81098571428572,0.0,0.0,0.0,0.0,0.0,0.0,0.6631226582407952,-0.7485107481711012,0,1,0,0,0,0,0
2018,21,2018-05-28,7,0.41540380184331793,0.39514993687468913,0.009488619499347215,0.003941608614273473,0.16414678607589295,0.009004782802838868,0.2024952009829671,True,26.302014285714286,2.0709285714285715,70.87924285714286,0.0,0.0,0.0,0.0,1.0,0.0,0.5680647467311558,-0.8229838658936564,0,1,0,0,0,0,0
2018,22,2018-06-04,7,0.38073559907834104,0.49603466535369567,0.01451757639992454,0.0055273581477908555,0.18885805547706375,0.008253273946448711,0.18559563324800418,True,25.442242857142855,5.830114285714286,73.17219999999999,0.0,0.0,0.0,0.0,1.0,13.0,0.46472317204376906,-0.8854560256532096,0,1,0,0,0,0,0
2018,23,2018-06-11,7,0.4210397465437788,0.42341453817791924,0.01578617276566513,0.006646606180151949,0.17827434983738227,0.009126954188106069,0.2052425320131226,True,26.441785714285714,1.3378714285714286,66.93157142857142,0.0,0.0,0.0,0.0,2.0,13.0,0.35460488704253584,-0.9350162426854147,0,1,0,0,0,0,0
2018,24,2018-06-18,7,0.350227534562212,0.3799549870729411,0.00010163140733131821,3.55941172237355e-05,0.1330706983671733,0.007591945153877006,0.17072399117736906,False,24.685642857142852,4.221571428571428,77.07578571428573,0.0,0.0,0.0,0.0,2.0,13.0,0.23931566428755768,-0.970941817426052,0,1,0,0,0,0,0
2018,25,2018-06-25,7,0.4026301843317972,0.1279746739844434,0.041622955704937604,0.016758658327913258,0.0515264665761581,0.008727886802399354,0.19626849763119922,True,25.98522857142857,1.2415285714285715,67.73784285714285,0.0,0.0,0.0,0.0,2.0,13.0,0.12053668025532308,-0.992708874098054,0,1,0,0,0,0,0
2018,26,2018-07-02,7,0.41848156682027643,0.47283635858100315,0.027383751636721125,0.011459595290352365,0.19787330018857224,0.009071500066890654,0.2039955065526851,True,26.378342857142858,1.1129,65.95595714285714,0.0,0.0,0.0,0.0,2.0,4.0,-3.216245299353273e-16,-1.0,0,1,0,0,0,0,0
2018,27,2018-07-09,7,0.37891474654377877,0.11444604843782184,0.02847289650625557,0.010788800363035074,0.04336529543675429,0.008213802999103082,0.18470802967213326,True,25.397085714285716,2.4872857142857145,73.89612857142856,0.0,0.0,0.0,0.0,1.0,4.0,-0.12053668025532283,-0.992708874098054,0,1,0,0,0,0,0
2018,28,2018-07-16,7,0.4361434331797235,0.4983234620371397,0.054360187969225725,0.023708839009193208,0.2173405055668837,0.009454359515345038,0.21260506467979035,True,26.81635714285714,0.6894142857142856,64.71831428571429,0.0,0.0,0.0,0.0,1.0,4.0,-0.23931566428755743,-0.9709418174260521,0,1,0,0,0,0,0
2018,29,2018-07-23,7,0.41292684331797236,0.5838971390687464,0.04974571687289874,0.020541341836915673,0.24110680245805255,0.008951089328120044,0.2012877680895014,True,26.24058571428571,1.4789714285714284,70.18502857142859,0.0,0.0,0.0,0.0,1.0,4.0,-0.3546048870425356,-0.9350162426854148,0,1,0,0,0,0,0
2018,30,2018-07-30,7,0.4052753456221198,0.4614471914292279,0.1218592789988456,0.04938656141351948,0.18701316999283682,0.008785226438657224,0.19755792364208163,True,26.05082857142857,2.2137857142857142,67.81215714285715,0.0,0.0,0.0,0.0,1.0,4.0,-0.46472317204376806,-0.8854560256532101,0,1,0,0,0,0,0
2018,31,2018-08-06,7,0.42146486175115205,0.5755934025655746,0.09197930448533154,0.03876604484887738,0.2425923938371751,0.009136169486790371,0.20544976119344302,True,26.45232857142857,1.1929,67.90727142857143,0.1,0.0,0.0,0.1,3.0,44.0,-0.5680647467311556,-0.8229838658936566,0,1,0,0,0,0,0
2018,32,2018-08-13,7,0.4250950460829493,0.5270222878264801,0.18246676179569887,0.07756571651414915,0.22403456373033892,0.00921486164438991,0.20721935237823857,True,26.54235714285714,2.187328571428571,69.74938571428571,0.1,0.0,0.0,0.1,6.0,44.0,-0.663122658240795,-0.7485107481711013,0,1,0,0,0,0,0
2018,33,2018-08-20,7,0.4348824884792627,0.41886426344180855,0.12810170882278843,0.05570918991130016,0.18215673322060716,0.009427025790656782,0.21199039709751205,True,26.785085714285714,1.2205428571428574,65.38898571428571,0.1,0.0,0.0,0.59,7.0,44.0,-0.7485107481711011,-0.6631226582407952,0,1,0,0,0,0,0
2018,34,2018-08-27,7,0.4345120967741936,0.5917473319928533,0.07438320628292591,0.03232040292678151,0.25712137398474955,0.00941899674315813,0.21180984376018683,True,26.7759,1.3779142857142859,66.88778571428571,0.1,0.66,0.0,1.39,9.0,44.0,-0.8229838658936564,-0.5680647467311559,0,1,0,0,0,0,0
2018,35,2018-09-03,7,0.4180927419354838,0.3584213494008916,0.06235930037734131,0.026071970879941078,0.14985336473923483,0.009063071440045256,0.20380596766824574,True,26.368699999999997,3.1251285714285717,70.49438571428571,0.0,0.66,0.0,1.2899999999999998,7.0,19.0,-0.8854560256532096,-0.4647231720437691,0,1,0,0,0,0,0
2018,36,2018-09-10,7,0.42727707373271884,0.40962756083119733,0.0940140080172573,0.04017003023549807,0.17502446551222528,0.009262161849560819,0.2082830165178777,True,26.596471428571427,2.8135,68.61622857142856,0.1,0.66,0.0,1.4599999999999997,4.0,19.0,-0.9350162426854147,-0.3546048870425359,0,1,0,0,0,0,0
2018,37,2018-09-17,7,0.49939170506912445,0.6248960441011356,0.0842281073929974,0.042062818165734296,0.3120679009546169,0.010825403662008319,0.24343644241691637,True,28.384914285714284,0.3371,57.634685714285716,0.1,0.66,0.0,1.13,18.0,19.0,-0.970941817426052,-0.23931566428755774,0,1,0,0,0,0,0
2018,38,2018-09-24,7,0.492153801843318,0.518476018645036,0.10582964974349815,0.052084464469009335,0.2551699437407415,0.010668506334138081,0.23990821118287056,True,28.205414285714284,1.126457142857143,58.43047142857143,0.1,0.0,0.0,0.33,18.0,19.0,-0.992708874098054,-0.12053668025532357,0,1,0,0,0,0,0
2018,39,2018-10-01,7,0.5554827188940092,0.637266907901975,0.08124882461266553,0.04513231800278594,0.3539907546625673,0.01204129864044337,0.2707789006886211,True,29.775971428571427,0.1437142857142857,48.56362857142857,0.1,0.0,0.0,0.33,27.0,132.0,-1.0,-1.8369701987210297e-16,0,1,0,0,0,0,0
2018,40,2018-10-08,7,0.5239700460829494,0.5573455217111651,0.08778647538104666,0.04599748355086672,0.29203235869512467,0.011358192773474078,0.25541754630026403,True,28.99445714285714,1.5623142857142855,54.93581428571429,0.0,0.0,0.0,0.16,27.0,132.0,-0.992708874098054,0.1205366802553232,0,1,0,0,0,0,0
2018,41,2018-10-15,7,0.5087154377880183,0.5427500664176671,0.1004600887896653,0.051105598048857774,0.2761053376471395,0.011027515890333638,0.24798144446659914,True,28.616142857142854,2.340114285714286,59.69824285714285,0.0,0.0,0.0,0.0,18.0,132.0,-0.9709418174260521,0.23931566428755738,0,1,0,0,0,0,0
2018,42,2018-10-22,7,0.5440190092165899,0.5394211284436515,0.09579378497770566,0.052113639992678484,0.29345534784641014,0.011792797747331902,0.2651907327786534,True,29.491671428571433,0.8654857142857144,52.189571428571426,0.0,0.0,0.0,0.0,19.0,132.0,-0.9350162426854148,0.35460488704253557,0,1,0,0,0,0,0
2018,43,2018-10-29,7,0.4627309907834101,0.49500103684944435,0.08263112114784947,0.03823598055828838,0.2290523202201587,0.01003070277560597,0.2255655931985818,True,27.475728571428572,2.691885714285714,69.28344285714286,0.0,0.0,0.0,0.0,10.0,132.0,-0.8854560256532101,0.464723172043768,0,1,0,0,0,0,0
2018,44,2018-11-05,7,0.46995794930875573,0.4130255666426002,0.04144484725148042,0.01947733542372036,0.19410464831144322,0.010187362853239079,0.2290884892640285,True,27.654957142857143,2.0069000000000004,65.97948571428572,0.0,0.0,0.0,0.0,11.0,63.0,-0.822983865893657,0.5680647467311548,0,1,0,0,0,0,0
2018,45,2018-11-12,7,0.512700460829493,0.40577138977576155,0.01016261400194084,0.005210376882027327,0.2080391785294568,0.011113899950358016,0.24992400743334234,True,28.714971428571427,2.4274999999999998,61.17045714285714,0.0,0.0,0.0,0.0,17.0,63.0,-0.7485107481711011,0.6631226582407952,0,1,0,0,0,0,0
2018,46,2018-11-19,7,0.45030126728110587,0.3696776492102206,0.034916189528883694,0.015722804393483607,0.16646631392486244,0.009761261427354163,0.21950652646016247,True,27.167471428571428,5.628314285714284,73.21815714285712,0.0,0.0,0.0,0.0,18.0,63.0,-0.6631226582407955,0.7485107481711007,0,1,0,0,0,0,0
2018,47,2018-11-26,7,0.4037269585253456,0.3280815507381489,0.03197632644139708,0.01290970501899883,0.1324553666277917,0.008751661773530666,0.1968031376844919,True,26.012428571428575,6.262442857142857,75.40671428571429,0.0,0.0,0.0,0.0,18.0,63.0,-0.5680647467311559,0.8229838658936564,0,1,0,0,0,0,0
2018,48,2018-12-03,7,0.36411520737327185,0.34422841595709414,0.01889095699203472,0.006878484722634282,0.1253388010599902,0.007892990731085405,0.1774937585328493,True,25.030057142857146,6.322628571428571,78.60702857142857,0.0,0.0,0.0,0.0,17.0,35.0,-0.4647231720437684,0.88545602565321,0,1,0,0,0,0,0
2018,49,2018-12-10,7,0.3770547235023041,1.0,0.0012805949433801313,0.00048285437229464423,0.6329667990248649,0.008173482945645622,0.1838013318086447,True,25.350957142857144,5.4126,77.74555714285714,0.0,0.0,0.0,0.0,4.0,35.0,-0.35460488704253595,0.9350162426854147,0,1,0,0,0,0,0
2018,50,2018-12-17,7,0.3807269585253456,0.2829849057933966,0.00010548551501599654,4.016117930052003e-05,0.10773998249130133,0.008253086643629923,0.18559142127279446,False,25.442028571428573,6.198142857142857,76.88372857142856,0.0,0.0,0.0,0.0,0.0,35.0,-0.2393156642875578,0.970941817426052,0,1,0,0,0,0,0
2018,51,2018-12-24,7,0.3845708525345622,0.31485500516673226,0.023105423935324585,0.008885672580980254,0.1210840577617442,0.008336411424280788,0.1874651886444448,True,25.537357142857143,3.551171428571428,74.93455714285713,0.0,0.0,0.0,0.0,0.0,35.0,-0.12053668025532363,0.992708874098054,0,1,0,0,0,0,0
2018,52,2018-12-31,1,0.4201653225806452,0.2944039218385699,0.014116264678813956,0.005931164902407634,0.12369831878830977,0.009107999142844868,0.2048162801218945,True,26.4201,0.5998,71.8763,0.0,0.0,0.0,0.0,0.0,35.0,6.432490598706546e-16,1.0,0,1,0,0,0,0,0
2019,0,2019-01-01,7,0.3933997695852534,0.1628027008220473,0.0015047427413241638,0.0005919654477220086,0.06404654499125036,0.008499007083402538,0.19179770013757177,True,25.756314285714286,4.5353,76.60634285714286,0.0,0.0,0.0,0.0,0.0,16.0,0.0,1.0,0,0,1,0,0,0,0
2019,1,2019-01-08,7,0.3662223502304148,0.380845848506146,0.02110840831535869,0.00773037090287389,0.1394742617154173,0.007911866221960525,0.1785476503639591,True,25.082314285714286,7.356585714285714,74.53804285714286,0.0,0.0,0.0,0.0,0.0,16.0,0.12053668025532305,0.992708874098054,0,0,1,0,0,0,0
2019,2,2019-01-15,7,0.383846198156682,0.37657170011266367,0.018298898469698295,0.007023962608048817,0.14454561542164412,0.008292611763626874,0.1871399622084627,True,25.51938571428571,5.4897285714285715,75.02767142857144,0.0,0.0,0.0,0.0,0.0,16.0,0.23931566428755774,0.970941817426052,0,0,1,0,0,0,0
2019,3,2019-01-22,7,0.4055092165898618,0.023444445258264304,0.06031101619813517,0.024456672930244255,0.009506938630062658,0.008760619529126022,0.19770152689341938,True,26.056628571428572,3.6612999999999998,72.10048571428571,0.0,0.0,0.0,0.09,0.0,16.0,0.3546048870425356,0.9350162426854148,0,0,1,0,0,0,0
2019,4,2019-01-29,7,0.40143548387096767,0.3608441038714565,0.004445041230911124,0.0017843972773572089,0.14485562743962385,0.008672610623400759,0.19571542362934582,True,25.955600000000004,3.1191999999999998,76.20327142857143,0.0,0.0,0.0,0.09,0.0,16.0,0.4647231720437685,0.8854560256532099,0,0,1,0,0,0,0
2019,5,2019-02-05,7,0.390639400921659,0.3629724597023426,0.00017919132998209724,6.999919379456178e-05,0.14179134420918413,0.00843937208959096,0.19045191297107858,False,25.687857142857144,6.606185714285714,78.24905714285715,0.0,0.0,0.0,0.09,0.0,0.9,0.5680647467311558,0.8229838658936564,0,0,1,0,0,0,0
2019,6,2019-02-12,7,0.42072753456221196,0.4214852938909929,0.01874978074024327,0.007888549024424596,0.17733046855298676,0.009089396011076776,0.20512104925393387,True,26.43404285714286,2.9223857142857144,68.74571428571429,0.0,0.0,0.0,0.09,0.0,0.9,0.6631226582407952,0.7485107481711011,0,0,1,0,0,0,0
2019,7,2019-02-19,7,0.4020040322580645,0.5508171431971104,0.015733885646059587,0.006325085472803237,0.22143071260210612,0.008684893540531815,0.19599261309790356,True,25.9697,4.6778571428571425,71.88625714285715,0.0,0.0,0.0,0.0,0.0,0.9,0.7485107481711011,0.6631226582407953,0,0,1,0,0,0,0
2019,8,2019-02-26,7,0.42475460829493084,0.38897891653915484,0.01761791996340569,0.007483292693027826,0.1652205873295753,0.00917639689624721,0.20708440444611972,True,26.533914285714282,2.4030142857142858,68.38002857142857,0.0,0.0,0.0,0.0,0.0,0.9,0.8229838658936564,0.5680647467311559,0,0,1,0,0,0,0
2019,9,2019-03-05,7,0.4459205069124424,0.28120801054274974,0.009354058946296404,0.0041711667070213595,0.12539641860906242,0.009633664887193064,0.21740360387133434,True,27.05882857142857,2.578071428571429,70.60102857142856,0.0,0.0,0.0,0.0,2.0,19.0,0.8854560256532099,0.4647231720437686,0,0,1,0,0,0,0
2019,10,2019-03-12,7,0.42976382488479253,0.5192927987833154,0.017480538522597105,0.007512503096517293,0.22317325944024655,0.009284615991861872,0.2095265925095223,True,26.658142857142856,4.015871428571429,68.4397,0.0,0.0,0.0,0.0,2.0,19.0,0.9350162426854148,0.35460488704253557,0,0,1,0,0,0,0
2019,11,2019-03-19,7,0.4494665898617511,0.3922432067866832,0.022640884279479526,0.010176321048552192,0.17630021655084815,0.009710274449360021,0.21913245733480105,True,27.14677142857143,2.8535,69.78345714285715,0.0,0.0,0.0,0.1,2.0,19.0,0.970941817426052,0.23931566428755804,0,0,1,0,0,0,0
2019,12,2019-03-26,7,0.4350835253456221,0.33071935423717214,0.030486262171789274,0.013264070420312959,0.14389054254153646,0.009399542779810515,0.2121201535451161,True,26.790071428571427,5.947814285714286,72.09555714285713,0.0,0.0,0.0,0.91,2.0,19.0,0.992708874098054,0.120536680255323,0,0,1,0,0,0,0
2019,13,2019-04-02,7,0.4416054147465438,0.35387501684060224,0.009527116766164754,0.004207226350860937,0.15627312358033432,0.009540441652918749,0.21529982848231075,True,26.951814285714285,5.251071428571429,74.32084285714286,0.0,0.0,0.0,0.91,0.0,0.0,1.0,-1.6081226496766366e-16,0,0,1,0,0,0,0
2019,14,2019-04-09,7,0.40031451612903224,0.3404169490599856,0.01861768277546459,0.007452928671703925,0.13627384624506955,0.008648393240688463,0.19516890822325322,True,25.9278,7.500328571428571,76.52255714285715,0.0,0.0,0.0,0.91,0.0,0.0,0.992708874098054,-0.12053668025532288,0,0,1,0,0,0,0
2019,15,2019-04-16,7,0.4010967741935484,0.3481787910372299,0.015265765421895063,0.006123049266317523,0.13965338992764245,0.008665293140854596,0.1955502894778646,True,25.9472,7.266771428571428,75.6378,0.0,0.0,0.0,0.81,0.0,0.0,0.9709418174260521,-0.2393156642875575,0,0,1,0,0,0,0
2019,16,2019-04-23,7,0.3969395161290323,0.33834440085669715,0.014601286331329299,0.005795827531219305,0.1343022627610247,0.00857547975388921,0.19352346435670814,True,25.844099999999997,6.29657142857143,77.98607142857144,0.0,0.0,0.0,0.0,0.0,0.0,0.9350162426854148,-0.35460488704253545,0,0,1,0,0,0,0
2019,17,2019-04-30,7,0.4240126728110599,0.16574610743251905,0.013813336361117014,0.005857029670915425,0.07027845002049149,0.009160368124955617,0.20672268201906557,True,26.515514285714286,4.790471428571429,74.13482857142856,0.0,0.0,0.0,0.0,0.0,0.0,0.8854560256532099,-0.4647231720437685,0,0,1,0,0,0,0
2019,18,2019-05-07,7,0.41305069124423965,0.32787861936269075,0.01332177005987854,0.005502566331829647,0.13543049037196636,0.008923545518061987,0.20137828932741972,True,26.24365714285715,5.9163,74.9931,0.0,0.0,0.0,0.0,0.0,0.1,0.8229838658936565,-0.5680647467311557,0,0,1,0,0,0,0
2019,19,2019-05-14,7,0.36433813364055295,0.2593514946339148,0.01287573536207208,0.004691121391067011,0.09449163951180842,0.007871159614122948,0.17762902143624634,True,25.03558571428572,11.128742857142857,82.63821428571428,0.0,0.0,0.0,0.0,0.0,0.1,0.7485107481711013,-0.663122658240795,0,0,1,0,0,0,0
2019,20,2019-05-21,7,0.3981347926267281,0.25244610611340057,6.910386233985183e-05,2.7512651902382875e-05,0.10050757810688372,0.008601302502670308,0.1941062081735849,False,25.87374285714286,7.3069,74.25911428571429,0.0,0.0,0.0,0.0,0.0,0.1,0.6631226582407952,-0.7485107481711012,0,0,1,0,0,0,0
2019,21,2019-05-28,7,0.3979349078341014,0.3917204941236904,0.02653425742732906,0.01055890728379051,0.1558792587258394,0.008596984192392213,0.19400875655697952,True,25.868785714285714,3.700642857142857,78.64657142857143,0.0,0.0,0.0,0.0,0.0,0.1,0.5680647467311558,-0.8229838658936564,0,0,1,0,0,0,0
2019,22,2019-06-04,7,0.3940472350230415,0.4329198881076124,0.03752152867161603,0.014785254626888074,0.17059088489528917,0.008512994924188057,0.19211336474006316,True,25.77237142857143,5.461271428571429,74.41455714285713,0.0,0.0,0.0,0.0,0.0,1.0,0.46472317204376906,-0.8854560256532096,0,0,1,0,0,0,0
2019,23,2019-06-11,7,0.4008058755760368,0.45154042493040136,0.035408277870923384,0.014191845814695056,0.18098005537220524,0.00865900856825968,0.19540846507905843,True,25.93998571428571,3.3852857142857147,75.14434285714286,0.0,0.0,0.0,0.0,0.0,1.0,0.35460488704253584,-0.9350162426854147,0,0,1,0,0,0,0
2019,24,2019-06-18,7,0.43419527649769585,0.4657267051009012,0.02412390868575287,0.010474487202015634,0.20221633549364665,0.009380353055174153,0.2116870976580684,True,26.768042857142856,1.3370142857142857,68.3664857142857,0.0,0.0,0.0,0.26,0.0,1.0,0.23931566428755768,-0.970941817426052,0,0,1,0,0,0,0
2019,25,2019-06-25,7,0.4323364055299539,0.509177655014286,0.011290117908452451,0.004881128994549694,0.22013603714504734,0.00934019401405772,0.21078082570767737,True,26.721942857142857,1.2818285714285713,67.62367142857143,0.0,0.0,0.0,0.26,0.0,1.0,0.12053668025532308,-0.992708874098054,0,0,1,0,0,0,0
2019,26,2019-07-02,7,0.3991722350230415,0.36499262417571343,0.04906137774736276,0.019583939808724506,0.14569492155914454,0.008623715404142479,0.19461200172259455,True,25.899471428571424,3.2546,72.68238571428572,0.0,0.0,0.0,0.26,0.0,5.0,-3.216245299353273e-16,-1.0,0,0,1,0,0,0,0
2019,27,2019-07-09,7,0.38044066820276495,0.3430388734632254,0.0655130209854328,0.024923817479679818,0.13050593823987322,0.00821903870782261,0.18547963380105284,True,25.43492857142857,3.4770142857142856,74.73519999999999,0.0,0.0,0.0,0.55,0.0,5.0,-0.12053668025532283,-0.992708874098054,0,0,1,0,0,0,0
2019,28,2019-07-16,7,0.42780645161290315,0.5335960505144219,0.040843813953220405,0.017473247117664802,0.22827583296523427,0.009242328907351912,0.2085722968518128,True,26.609600000000004,1.5327714285714287,66.59277142857142,0.0,0.0,0.0,0.53,4.0,5.0,-0.23931566428755743,-0.9709418174260521,0,0,1,0,0,0,0
2019,29,2019-07-23,7,0.43851440092165894,0.5658483991038062,0.019589308114428834,0.008590193712268553,0.24813267174548537,0.009473663402335922,0.2137928389298477,True,26.875157142857145,0.3559285714285714,63.65555714285714,0.0,0.0,0.0,0.53,5.0,5.0,-0.3546048870425356,-0.9350162426854148,0,0,1,0,0,0,0
2019,30,2019-07-30,7,0.42654781105990786,0.5727252461077829,0.01804968666593474,0.00769905433767167,0.2442947000660218,0.009215137241767962,0.2079586605916317,True,26.578385714285712,1.1397428571428572,67.2831,0.0,0.0,0.0,0.6799999999999999,5.0,5.0,-0.46472317204376806,-0.8854560256532101,0,0,1,0,0,0,0
2019,31,2019-08-06,7,0.41473559907834096,0.5623800144717483,0.13085915209147544,0.0542719488375418,0.2332390122116266,0.008959946260319679,0.20219974747892075,True,26.285442857142858,2.056485714285714,67.23018571428572,0.0,0.0,0.0,0.39,5.0,60.0,-0.5680647467311556,-0.8229838658936566,0,0,1,0,0,0,0
2019,32,2019-08-13,7,0.42411175115207367,0.557433036069117,0.10850063884007947,0.04601639593958481,0.23641390107729027,0.009162508613047352,0.20677098656677778,True,26.51797142857143,2.257,66.74594285714286,0.0,0.0,0.0,0.15,3.0,60.0,-0.663122658240795,-0.7485107481711013,0,0,1,0,0,0,0
2019,33,2019-08-20,7,0.44650979262672813,0.3554012708138242,0.08898112884955803,0.03973094539030833,0.1586901477303563,0.009646395813459602,0.21769090359406443,True,27.073442857142858,0.7588,64.0408,0.33,0.0,0.0,1.94,2.0,60.0,-0.7485107481711011,-0.6631226582407952,0,0,1,0,0,0,0
2019,34,2019-08-27,7,0.4909187788018433,0.5790266690608152,0.01826475594184886,0.008966511682086153,0.2842550652690345,0.010605807377088482,0.2393420129040878,True,28.174785714285715,0.1698,54.943957142857144,0.33,0.0,0.0,1.79,12.0,60.0,-0.8229838658936564,-0.5680647467311559,0,0,1,0,0,0,0
2019,35,2019-09-03,7,0.4560714285714285,0.5966440876271014,0.10031013186997732,0.045748585142128935,0.27211232139278874,0.009852965359010172,0.222352573288685,True,27.31057142857143,1.7878285714285713,64.50935714285713,0.33,0.0,0.0,1.79,13.0,19.0,-0.8854560256532096,-0.4647231720437691,0,0,1,0,0,0,0
2019,36,2019-09-10,7,0.5166826036866359,0.5521515711450379,0.14233647230146582,0.07354277910829209,0.28528711140888496,0.011162408949128653,0.2519028803516207,True,28.813728571428573,0.7753428571428572,53.29461428571428,0.33,0.0,0.0,1.79,12.0,19.0,-0.9350162426854147,-0.3546048870425359,0,0,1,0,0,0,0
2019,37,2019-09-17,7,0.4800852534562212,0.4997358537537511,0.06950129968241758,0.033366549073570236,0.23991581401053072,0.010371759937895178,0.2340602476202316,True,27.906114285714285,2.2674142857142856,61.66360000000001,0.0,0.0,0.0,0.08,15.0,19.0,-0.970941817426052,-0.23931566428755774,0,0,1,0,0,0,0
2019,38,2019-09-24,7,0.43384043778801845,0.4753665517420822,0.009589997307848602,0.004160528630422956,0.20623323291756568,0.009372687121078175,0.21151409997556425,True,26.759242857142855,3.541471428571429,70.52304285714285,0.0,0.0,0.0,0.15000000000000002,7.0,19.0,-0.992708874098054,-0.12053668025532357,0,0,1,0,0,0,0
2019,39,2019-10-01,7,0.4605570276497695,0.8523851258932034,0.03506487998406365,0.01614937690035625,0.3925719599942483,0.009949872223953982,0.22453947743423655,True,27.421814285714284,2.888057142857143,66.4658,0.0,0.0,0.0,0.15000000000000002,6.0,18.0,-1.0,-1.8369701987210297e-16,0,0,1,0,0,0,0
2019,40,2019-10-08,7,0.41180702764976956,0.48215526612569237,0.0726905672554123,0.029934486439627008,0.198554927008905,0.008896677414631437,0.2007719549174742,True,26.21281428571428,3.7722857142857142,75.217,0.0,0.0,0.0,0.15000000000000002,5.0,18.0,-0.992708874098054,0.1205366802553232,0,0,1,0,0,0,0
2019,41,2019-10-15,7,0.38394470046082946,0.45220650026021286,0.06209280228589846,0.02384020237443279,0.17362228928884743,0.008294739807020399,0.18718798591578123,True,25.521828571428575,4.774857142857142,78.0921,0.0,0.0,0.0,0.07,2.0,18.0,-0.9709418174260521,0.23931566428755738,0,0,1,0,0,0,0
2019,42,2019-10-22,7,0.4342160138248848,0.602090167004805,0.04011597405625435,0.017418998345409258,0.2614371922799856,0.009380801064309632,0.2116972079122407,True,26.768557142857144,2.3082571428571432,68.38085714285714,0.0,0.0,0.0,0.0,1.0,18.0,-0.9350162426854148,0.35460488704253557,0,0,1,0,0,0,0
2019,43,2019-10-29,7,0.43640034562211977,0.44130276101354127,0.009477874055005244,0.0041361475133672105,0.19258467743030513,0.009427991359913448,0.2127621546850584,True,26.822728571428573,2.3284857142857147,70.155,0.0,0.0,0.0,0.0,1.0,18.0,-0.8854560256532101,0.464723172043768,0,0,1,0,0,0,0
2019,44,2019-11-05,7,0.43962903225806454,0.47150923157115676,0.003271606595124193,0.0014382932413435504,0.2072891471763713,0.009497743893367933,0.2143362650916099,True,26.902800000000003,2.7857571428571424,74.93038571428572,0.0,0.0,0.0,0.0,1.0,108.0,-0.822983865893657,0.5680647467311548,0,0,1,0,0,0,0
2019,45,2019-11-12,7,0.4054239631336406,0.4836672262642218,0.0365407189911775,0.014814483109155868,0.19609028370989606,0.008758777713791275,0.19765996251515539,True,26.054514285714287,5.023771428571429,78.27095714285714,0.0,0.0,0.0,0.0,1.0,108.0,-0.7485107481711011,0.6631226582407952,0,0,1,0,0,0,0
2019,46,2019-11-19,7,0.4261025345622119,0.3906533162857959,0.04607274854583721,0.0196317149296287,0.16645836820451107,0.009205517490053364,0.20774157096732052,True,26.567342857142854,2.893542857142857,72.64252857142857,0.0,0.0,0.0,0.0,0.0,108.0,-0.6631226582407955,0.7485107481711007,0,0,1,0,0,0,0
2019,47,2019-11-26,7,0.4855708525345622,0.21839048340597733,0.021387436149101244,0.010385115604447605,0.10604405321287558,0.010490270798927658,0.23673469068920389,True,28.042157142857143,0.9571428571428571,64.59255714285713,0.0,0.0,0.0,0.0,2.0,108.0,-0.5680647467311559,0.8229838658936564,0,0,1,0,0,0,0
2019,48,2019-12-03,7,0.4229890552995391,0.4726769709863131,0.017178973155184723,0.007266517625927729,0.19993718541934824,0.009138253896240433,0.2062236286395041,True,26.490128571428574,4.951342857142857,73.62602857142858,0.0,0.0,0.0,0.0,5.0,98.0,-0.4647231720437684,0.88545602565321,0,0,1,0,0,0,0
2019,49,2019-12-10,7,0.3943859447004608,0.45957789193683607,0.006862737839119506,0.0027065673459127455,0.18125106107495537,0.00852031240673422,0.19227849889154439,True,25.780771428571427,5.731414285714286,78.27502857142858,0.0,0.0,0.0,0.0,5.0,98.0,-0.35460488704253595,0.9350162426854147,0,0,1,0,0,0,0
2019,50,2019-12-17,7,0.3906152073732719,0.484538169098677,0.002108866540079183,0.0008237553408755843,0.18926797740274517,0.008438849412266237,0.1904401176745442,True,25.687257142857145,6.948685714285714,79.97615714285713,0.0,0.0,0.0,0.0,5.0,98.0,-0.2393156642875578,0.970941817426052,0,0,1,0,0,0,0
2019,51,2019-12-24,7,0.3837154377880184,0.5693829557360263,0.06320989045427927,0.024254610788196455,0.21848103012928524,0.008289786817133714,0.1870762114390984,True,25.516142857142857,5.891971428571429,82.39241428571428,0.0,0.0,0.0,0.07,3.0,98.0,-0.12053668025532363,0.992708874098054,0,0,1,0,0,0,0
2019,52,2019-12-31,1,0.394233870967742,0.061347431278025104,0.04992398321538881,0.01968172515713131,0.024185235306663368,0.008517027006407373,0.19220435702761404,True,25.777,3.4929,74.1285,0.0,0.0,0.0,0.07,0.0,98.0,6.432490598706546e-16,1.0,0,0,1,0,0,0,0
2020,0,2020-01-01,7,0.46684101382488474,0.35060150366439147,0.004929703838810493,0.0023013879379667167,0.16367516141921357,0.008979028353912481,0.2333036440113722,True,27.57765714285714,0.3700428571428572,57.875171428571434,0.0,0.0,0.0,0.07,7.0,29.0,0.0,1.0,0,0,0,1,0,0,0
2020,1,2020-01-08,7,0.41645794930875574,0.5519906258674052,0.002105443149542097,0.0008768285364444696,0.22988088408639618,0.008009981180570037,0.20812472399368456,True,26.328157142857144,2.2757571428571426,71.2214142857143,0.0,0.0,0.0,0.15000000000000002,7.0,29.0,0.12053668025532305,0.992708874098054,0,0,0,1,0,0,0
2020,2,2020-01-15,7,0.40790264976958523,0.6423744047229468,0.012395087443044364,0.005055989012143509,0.26202622183065,0.007845432062425843,0.20384921584639487,True,26.115985714285717,4.886471428571428,75.6527,0.0,0.0,0.0,0.15000000000000002,7.0,29.0,0.23931566428755774,0.970941817426052,0,0,0,1,0,0,0
2020,3,2020-01-22,7,0.46481163594470043,0.5874928470277049,0.016625415582632884,0.007727686615224105,0.27307351133275715,0.008939996133119188,0.23228946307931575,True,27.52732857142857,2.0432857142857146,65.19148571428572,0.0,0.0,0.0,0.08,8.0,29.0,0.3546048870425356,0.9350162426854148,0,0,0,1,0,0,0
2020,4,2020-01-29,7,0.4645115207373272,0.4757306895212834,0.017359972113506948,0.008063907046402705,0.2209823860509486,0.008934223840461422,0.23213948060256265,True,27.519885714285717,1.8166,65.3601,0.0,0.0,0.0,0.08,1.0,29.0,0.4647231720437685,0.8854560256532099,0,0,0,1,0,0,0
2020,5,2020-02-05,7,0.4414429723502304,0.5074985154569944,0.017441365665752856,0.007699368301337196,0.22403165312666495,0.008490532853771379,0.22061098108906196,True,26.947785714285715,0.8883285714285716,64.75928571428571,0.0,0.0,0.0,0.0,1.0,3.0,0.5680647467311558,0.8229838658936564,0,0,0,1,0,0,0
2020,6,2020-02-12,7,0.4217390552995392,0.506815814511885,0.01818280597363405,0.007668399414015243,0.21374402282310884,0.008111555804536237,0.21076395498576325,True,26.45912857142857,4.866357142857142,71.94834285714285,0.0,0.0,0.0,0.43,1.0,3.0,0.6631226582407952,0.7485107481711011,0,0,0,1,0,0,0
2020,7,2020-02-19,7,0.43444758064516126,0.28270462851739153,0.017888549438804302,0.007771637024939887,0.1228203418965698,0.008355986362339711,0.21711503637180593,True,26.774300000000004,3.2701428571428575,72.0715,0.0,0.0,0.0,0.43,0.0,3.0,0.7485107481711011,0.6631226582407953,0,0,0,1,0,0,0
2020,8,2020-02-26,7,0.4336768433179724,0.35595824992933556,0.016101163752892216,0.006982701870100054,0.15437085018234412,0.008341162317088101,0.21672986064455882,True,26.755185714285716,4.6789,71.11621428571428,0.0,0.0,0.0,0.43,0.0,3.0,0.8229838658936564,0.5680647467311559,0,0,0,1,0,0,0
2020,9,2020-03-04,7,0.4868519585253456,0.23704961136521052,0.014037268080265536,0.006834071457222594,0.11540806756082476,0.009363910646883874,0.24330410708225142,True,28.07392857142857,0.8696857142857144,59.641628571428576,0.0,0.0,0.0,0.43,0.0,6.0,0.8854560256532099,0.4647231720437686,0,0,0,1,0,0,0
2020,10,2020-03-11,7,0.47166186635944696,0.3668015428332781,0.013136661957564792,0.0061960624966381555,0.17300630027626857,0.009071750651902567,0.2357128634891979,True,27.697214285714285,2.5562,65.68544285714286,0.0,0.0,0.0,0.0,0.0,6.0,0.9350162426854148,0.35460488704253557,0,0,0,1,0,0,0
2020,11,2020-03-18,7,0.4196854838709677,0.13226557200817007,0.012225568323331115,0.005130893557374794,0.05550994058771918,0.008072058254968229,0.20973768333581116,True,26.408199999999997,9.025685714285714,73.43341428571429,0.0,0.0,0.0,0.0,0.0,6.0,0.970941817426052,0.23931566428755804,0,0,0,1,0,0,0
2020,12,2020-03-25,7,0.4353870967741935,0.3518715292319755,0.010677745840160272,0.004648952761440102,0.1532003235498056,0.008374056629757782,0.21758455925008693,True,26.7976,9.095585714285713,74.90347142857142,0.0,0.0,0.0,0.0,0.0,6.0,0.992708874098054,0.120536680255323,0,0,0,1,0,0,0
2020,13,2020-04-01,7,0.4043312211981567,0.3354254691637078,0.008507656490694383,0.0034399111384168838,0.13562298956792662,0.007776740671872789,0.20206439558560868,True,26.027414285714283,13.852871428571428,77.63942857142857,0.0,0.0,0.0,0.0,0.0,6.0,1.0,-1.6081226496766366e-16,0,0,0,1,0,0,0
2020,14,2020-04-08,7,0.3792142857142857,0.34141833156653256,0.007519263210966141,0.0028514120276442317,0.12947070873476582,0.007293651848923602,0.18951221529027645,True,25.40451428571428,9.5585,80.04267142857142,0.0,0.0,0.0,0.0,0.0,6.0,0.992708874098054,-0.12053668025532288,0,0,0,1,0,0,0
2020,15,2020-04-15,7,0.3879222350230415,0.3499375478814471,0.007837003735122914,0.0030401480048128054,0.13574855569265357,0.007461136970051113,0.19386401011000304,True,25.620471428571427,4.777042857142858,74.03198571428571,0.0,0.0,0.0,0.0,0.0,6.0,0.9709418174260521,-0.2393156642875575,0,0,0,1,0,0,0
2020,16,2020-04-22,7,0.38594470046082957,0.3636483533598767,0.00886624471673951,0.003421880161414443,0.14034815481055152,0.007423101882346493,0.19287573785915155,True,25.571428571428577,8.272928571428572,78.0049,0.0,0.0,0.0,0.0,0.0,6.0,0.9350162426854148,-0.35460488704253545,0,0,0,1,0,0,0
2020,17,2020-04-29,7,0.4011146313364055,0.34935576223330483,0.009424829461314963,0.003780436994783845,0.140131707773461,0.007714874103348873,0.2004569058539587,True,25.94764285714286,11.126514285714284,75.20614285714285,0.0,0.0,0.0,0.0,0.0,6.0,0.8854560256532099,-0.4647231720437685,0,0,0,1,0,0,0
2020,18,2020-05-06,7,0.3816405529953917,0.3512912393961218,0.009771636413983426,0.0037292527247025408,0.13406698286557245,0.007340317677473519,0.1907247415706686,True,25.464685714285718,7.576557142857142,81.0050142857143,0.0,0.0,0.0,0.0,0.0,1.0,0.8229838658936565,-0.5680647467311557,0,0,0,1,0,0,0
2020,19,2020-05-13,7,0.38733640552995396,0.03600964819884258,0.009993282213099412,0.00387076201186835,0.013947847697737867,0.007449869366149103,0.19357124201238696,True,25.605942857142853,9.649099999999999,78.56771428571429,0.0,0.0,0.0,0.0,0.0,1.0,0.7485107481711013,-0.663122658240795,0,0,0,1,0,0,0
2020,20,2020-05-20,7,0.3980057603686636,0.38206752291089885,0.001975198754996634,0.0007861404823616729,0.15206507496832408,0.00765507935579809,0.1989032486043679,True,25.87054285714286,15.096085714285715,76.28842857142857,0.0,0.0,0.0,0.0,0.0,1.0,0.6631226582407952,-0.7485107481711012,0,0,0,1,0,0,0
2020,21,2020-05-27,7,0.38296370967741933,0.4715779906394904,0.04437661449035112,0.016994632908149586,0.18059725669752258,0.007365766729747772,0.19138598868986634,True,25.4975,5.961785714285715,77.65617142857143,0.0,0.0,0.0,0.0,0.0,1.0,0.5680647467311558,-0.8229838658936564,0,0,0,1,0,0,0
2020,22,2020-06-03,7,0.39761866359447007,0.5164808780702776,0.03433182784018584,0.013650975504570116,0.20536243651040223,0.007647634095402664,0.19870979711803752,True,25.860942857142856,4.156628571428572,73.00842857142858,0.0,0.0,0.0,0.0,0.0,5.0,0.46472317204376906,-0.8854560256532096,0,0,0,1,0,0,0
2020,23,2020-06-10,7,0.4137908986175115,0.5426198618133892,0.011751093719804585,0.004862495630056535,0.22453116022747222,0.007958684222786063,0.20679186628280719,True,26.262014285714283,1.9186999999999999,68.98602857142856,0.0,0.0,0.0,0.07,1.0,5.0,0.35460488704253584,-0.9350162426854147,0,0,0,1,0,0,0
2020,24,2020-06-17,7,0.4035397465437788,0.5833676811263498,0.008463465665640834,0.0034153447895946764,0.23541204618355918,0.007761517773385707,0.20166885638587959,True,26.007785714285713,3.9753000000000003,73.09425714285715,0.0,0.0,0.0,0.07,1.0,5.0,0.23931566428755768,-0.970941817426052,0,0,0,1,0,0,0
2020,25,2020-06-24,7,0.4130426267281106,0.23942864432592753,0.026289050483978765,0.010858498466090495,0.09889423616633164,0.007944292268539543,0.20641791765074888,True,26.243457142857146,2.665714285714285,71.66032857142856,0.0,0.0,0.0,0.31,1.0,5.0,0.12053668025532308,-0.992708874098054,0,0,0,1,0,0,0
2020,26,2020-07-01,7,0.39869758064516125,0.5688217690186883,0.02063536840612907,0.008227271459245258,0.2267878631260518,0.007668385542903611,0.19924898556133627,True,25.887700000000002,2.4379999999999997,72.78522857142858,0.0,0.0,0.0,0.31,1.0,17.0,-3.216245299353273e-16,-1.0,0,0,0,1,0,0,0
2020,27,2020-07-08,7,0.413219470046083,0.45078372767425307,0.07134969210800832,0.029483081960822385,0.18627261305495266,0.007947693600297573,0.2065062950410814,True,26.247842857142853,1.1654285714285713,69.21774285714287,0.0,0.0,0.0,0.32999999999999996,0.0,17.0,-0.12053668025532283,-0.992708874098054,0,0,0,1,0,0,0
2020,28,2020-07-15,7,0.43508698156682024,0.6013536896706329,0.06905790771481023,0.03004619662095681,0.261641161692866,0.008368284337100016,0.2174345767733338,True,26.790157142857144,0.38884285714285716,60.80568571428572,0.07,0.0,0.0,0.4,0.0,17.0,-0.23931566428755743,-0.9709418174260521,0,0,0,1,0,0,0
2020,29,2020-07-22,7,0.43682085253456215,0.29481241685998477,0.05085339928013201,0.022213825227827753,0.12878021127055328,0.008401632899287872,0.2183010782225219,True,26.833157142857143,0.8015857142857142,62.85034285714285,0.07,0.0,0.0,0.16,0.0,17.0,-0.3546048870425356,-0.9350162426854148,0,0,0,1,0,0,0
2020,30,2020-07-29,7,0.47276036866359444,0.3292324004902477,0.08727380079648521,0.04125959423921945,0.1556480310317697,0.009092878794125903,0.23626183965650746,True,27.724457142857148,0.04805714285714286,44.52137142857142,0.07,0.0,0.0,0.49,4.0,17.0,-0.46472317204376806,-0.8854560256532101,0,0,0,1,0,0,0
2020,31,2020-08-05,7,0.4793502304147465,0.67668351239874,0.1380264830095092,0.06616302643394532,0.324368397586196,0.009219625488952833,0.2395551209118936,True,27.887885714285716,0.16240000000000002,49.39668571428571,0.07,0.0,0.0,0.4,7.0,78.0,-0.5680647467311556,-0.8229838658936566,0,0,0,1,0,0,0
2020,32,2020-08-12,7,0.5005011520737328,0.5626358889683951,0.21201997496307717,0.1061162417316641,0.2815999106267106,0.009626433630618504,0.2501252870950464,True,28.41242857142857,0.29144285714285717,51.05488571428572,0.0,0.0,0.0,1.01,10.0,78.0,-0.663122658240795,-0.7485107481711013,0,0,0,1,0,0,0
2020,33,2020-08-19,7,0.5016561059907835,0.6251796931487502,0.19026715817736037,0.09544868166918706,0.3136252104095149,0.009648647539982836,0.2507024749374457,True,28.441071428571426,0.12412857142857144,46.519742857142866,0.0,0.0,0.0,1.01,15.0,78.0,-0.7485107481711011,-0.6631226582407952,0,0,0,1,0,0,0
2020,34,2020-08-26,7,0.4380812211981567,0.2470399457835125,0.1856450161281091,0.08132759537475352,0.10822356113356757,0.008425874312599177,0.21893094705003807,True,26.864414285714282,2.2562714285714285,66.25507142857143,0.0,0.0,0.0,0.68,11.0,78.0,-0.8229838658936564,-0.5680647467311559,0,0,0,1,0,0,0
2020,35,2020-09-02,7,0.5039447004608295,0.5445477748683778,0.13584810658567162,0.06845993338148712,0.2744219652926559,0.009692665426219499,0.2518461992755269,True,28.497828571428574,0.36357142857142855,47.85491428571429,0.0,0.0,0.0,0.8200000000000001,15.0,139.0,-0.8854560256532096,-0.4647231720437691,0,0,0,1,0,0,0
2020,36,2020-09-09,7,0.4943231566820277,0.5598933247274243,0.12209661753627242,0.0603551854007284,0.27676823568445597,0.009507608604218256,0.24703783591812187,True,28.259214285714286,1.3228857142857142,54.931871428571434,0.0,0.0,0.0,0.2,15.0,139.0,-0.9350162426854147,-0.3546048870425359,0,0,0,1,0,0,0
2020,37,2020-09-16,7,0.509280529953917,0.5131000835519833,0.10845975192010818,0.055236439936543064,0.2613118824707532,0.009795292579557075,0.2545127783199886,True,28.630157142857144,0.9469,53.97952857142856,0.0,0.0,0.0,0.2,13.0,139.0,-0.970941817426052,-0.23931566428755774,0,0,0,1,0,0,0
2020,38,2020-09-23,7,0.46309101382488477,0.5322955281413768,0.08667825767992315,0.04013992222557022,0.24650127578144265,0.00890690239383177,0.23142958273754669,True,27.48465714285714,3.6086285714285715,61.237928571428576,0.0,0.0,0.0,0.2,16.0,139.0,-0.992708874098054,-0.12053668025532357,0,0,0,1,0,0,0
2020,39,2020-09-30,7,0.46992396313364054,0.5388618207279247,0.05899752188529371,0.027724349299400913,0.2532240823778757,0.009038324534918925,0.23484434692036052,True,27.654114285714282,1.3280857142857145,61.98311428571429,0.0,0.0,0.0,0.06,9.0,139.0,-1.0,-1.8369701987210297e-16,0,0,0,1,0,0,0
2020,40,2020-10-07,7,0.4733110599078341,0.5257408256044608,0.07460928090985726,0.03531339782640587,0.2488389474036671,0.00910347056337892,0.23653704742575124,True,27.738114285714286,0.8032714285714286,56.824785714285724,0.0,0.0,0.0,0.0,6.0,177.0,-0.992708874098054,0.1205366802553232,0,0,0,1,0,0,0
2020,41,2020-10-14,7,0.512317396313364,0.44250138025022007,0.07142186362477575,0.036590663212093276,0.2267011549948626,0.009853702420040255,0.2560304512901281,True,28.705471428571432,0.3872142857142857,53.334342857142865,0.0,0.0,0.0,0.0,9.0,177.0,-0.9709418174260521,0.23931566428755738,0,0,0,1,0,0,0
2020,42,2020-10-21,7,0.4667350230414747,0.6716429901713571,0.06319387275374948,0.02949479365580128,0.3134793064932733,0.008976989770708972,0.23325067515201983,True,27.575028571428568,3.4007571428571426,66.47435714285713,0.0,0.0,0.0,0.0,6.0,177.0,-0.9350162426854148,0.35460488704253557,0,0,0,1,0,0,0
2020,43,2020-10-28,7,0.45715841013824887,0.478703669620913,0.06070559100799563,0.027752071471718057,0.21884340853124212,0.00879279713071791,0.22846476598499238,True,27.33752857142857,5.152985714285714,67.58077142857142,0.0,0.0,0.0,0.0,6.0,177.0,-0.8854560256532101,0.464723172043768,0,0,0,1,0,0,0
2020,44,2020-11-04,7,0.44667626728110593,0.4873208714206819,0.051259134102391954,0.02289623868491808,0.21767466781436598,0.008591187899444687,0.2232263185195849,True,27.077571428571428,5.818099999999999,71.42558571428573,0.0,0.0,0.0,0.1,6.0,19.0,-0.822983865893657,0.5680647467311548,0,0,0,1,0,0,0
2020,45,2020-11-11,7,0.44628571428571423,0.6693988564410764,0.07194673232008901,0.032108798823994006,0.29874314678884606,0.008583676163510015,0.2230311397878409,True,27.067885714285715,2.9913428571428575,71.28655714285715,0.0,0.0,0.0,0.1,0.0,19.0,-0.7485107481711011,0.6631226582407952,0,0,0,1,0,0,0
2020,46,2020-11-18,7,0.40445506912442397,0.4612252876043168,0.055913449530905455,0.022614478095007357,0.18654490557993628,0.007779122712029063,0.20212628854626496,True,26.030485714285714,6.153185714285714,74.64977142857143,0.0,0.0,0.0,0.1,0.0,19.0,-0.6631226582407955,0.7485107481711007,0,0,0,1,0,0,0
2020,47,2020-11-25,7,0.40311117511520733,0.4411531789674695,1.1296277121761607e-05,4.553655544980353e-06,0.177833776379386,0.00775327480651934,0.20145467795458524,False,25.99715714285714,3.9752428571428573,71.70762857142857,0.0,0.0,0.0,0.1,1.0,19.0,-0.5680647467311559,0.8229838658936564,0,0,0,1,0,0,0
2020,48,2020-12-02,7,0.41806739631336404,0.49460846291604443,0.01772766076584836,0.007411356979104801,0.20677967228586577,0.008040936623345079,0.2089290446079808,True,26.36807142857143,4.810728571428571,71.77414285714285,0.0,0.0,0.0,0.0,5.0,3.0,-0.4647231720437684,0.88545602565321,0,0,0,1,0,0,0
2020,49,2020-12-09,7,0.41125979262672807,0.5221205029348254,0.05345334061389973,0.021983209776078264,0.21472716976313927,0.00791000196954572,0.20552694689153386,True,26.199242857142856,5.0065285714285706,71.35330000000002,0.0,0.0,0.0,0.0,5.0,3.0,-0.35460488704253595,0.9350162426854147,0,0,0,1,0,0,0
2020,50,2020-12-16,7,0.38727592165898617,0.8465094576875045,0.05176333927739311,0.020046694926799214,0.32783273041897687,0.007448706044212318,0.19354101521764783,True,25.604442857142857,5.551842857142858,72.34391428571429,0.0,0.0,0.0,0.0,5.0,3.0,-0.2393156642875578,0.970941817426052,0,0,0,1,0,0,0
2020,51,2020-12-23,7,0.39355587557603683,0.44341428379300424,0.016510702905571637,0.006497884138378061,0.17450829670107706,0.00756949209902029,0.19667942013427542,True,25.760185714285715,5.859385714285715,77.83395714285713,0.0,0.0,0.0,0.0,4.0,3.0,-0.12053668025532363,0.992708874098054,0,0,0,1,0,0,0
2020,52,2020-12-30,2,0.34165725806451613,0.41656549648343505,0.0001355589874151364,4.631471194625775e-05,0.14232262533281426,0.006571295401718962,0.17074310300269613,False,24.473100000000002,14.672799999999999,78.61965000000001,0.0,0.0,0.0,0.0,4.0,3.0,6.432490598706546e-16,1.0,0,0,0,1,0,0,0
2021,0,2021-01-01,7,0.3971532258064516,0.29330789463017787,0.010676468889342164,0.004240194059624464,0.11648817650687396,0.007629062747844572,0.1984869453338304,True,25.8494,4.4779285714285715,72.05091428571427,0.0,0.0,0.0,0.0,0.0,0.3,0.0,1.0,0,0,0,0,1,0,0
2021,1,2021-01-08,7,0.37512788018433174,0.19234265968199368,0.010616213055509685,0.003982437499098575,0.07215309419552263,0.007205969762881624,0.18747924531180682,True,25.303171428571428,5.457985714285714,75.69147142857143,0.0,0.0,0.0,0.0,0.0,0.3,0.12053668025532305,0.992708874098054,0,0,0,0,1,0,0
2021,2,2021-01-15,7,0.3754769585253456,0.1330246938519143,0.010504454999708599,0.003944180814256945,0.04994770745628202,0.007212675337441919,0.18765370566888775,True,25.311828571428574,9.233742857142857,77.30144285714286,0.0,0.0,0.0,0.0,0.0,0.3,0.23931566428755774,0.970941817426052,0,0,0,0,1,0,0
2021,3,2021-01-22,7,0.363706797235023,0.262083435744667,0.010323113617994473,0.0037545865914940207,0.0953215270230438,0.006986577969470691,0.18177128244077792,True,25.019928571428572,7.267914285714285,75.84081428571429,0.0,0.0,0.0,0.0,0.0,0.3,0.3546048870425356,0.9350162426854148,0,0,0,0,1,0,0
2021,4,2021-01-29,7,0.3965385944700461,0.05147544185185767,0.010097123725437305,0.0040038992502750646,0.020411999361660226,0.007617256067884445,0.19817976843448165,True,25.834157142857144,4.122771428571429,74.74017142857143,0.0,0.0,0.0,0.0,0.0,0.3,0.4647231720437685,0.8854560256532099,0,0,0,0,1,0,0
2021,5,2021-02-05,7,0.40166301843317964,0.2907343371961777,0.009926427294570408,0.003987078749394651,0.11677723144038658,0.007715693017205251,0.20074082344535937,True,25.961242857142857,4.635742857142857,73.38175714285715,0.0,0.0,0.0,0.14,0.0,0.0,0.5680647467311558,0.8229838658936564,0,0,0,0,1,0,0
2021,6,2021-02-12,7,0.3984193548387097,0.25189460608340475,0.009848765507709759,0.003923938799539459,0.10035968644310105,0.0076533842872563455,0.19911972398872127,True,25.880799999999997,4.530142857142857,73.42027142857144,0.0,0.0,0.0,0.14,0.0,0.0,0.6631226582407952,0.7485107481711011,0,0,0,0,1,0,0
2021,7,2021-02-19,7,0.4210725806451613,0.22170440735588862,0.009779948562206512,0.0041180681796652305,0.0933536469457501,0.008088538454184186,0.2104412223427881,True,26.442600000000002,3.0720428571428573,68.55344285714285,0.0,0.0,0.0,0.25,0.0,0.0,0.7485107481711011,0.6631226582407953,0,0,0,0,1,0,0
2021,8,2021-02-26,7,0.36213306451612903,0.35358364952397187,0.009700421157400567,0.003512843240826563,0.12804433056491285,0.006956347557426574,0.18098477139202362,True,24.980899999999995,6.8560428571428575,78.0351857142857,0.0,0.0,0.0,0.25,0.0,0.0,0.8229838658936564,0.5680647467311559,0,0,0,0,1,0,0
2021,9,2021-03-05,7,0.35601036866359437,0.26797227566550486,0.00964372628703274,0.003433266550737322,0.09540090865129873,0.006838734435312045,0.17792480582203488,True,24.829057142857142,9.611585714285713,80.60558571428571,0.0,0.0,0.0,0.11,0.0,16.0,0.8854560256532099,0.4647231720437686,0,0,0,0,1,0,0
2021,10,2021-03-12,7,0.37944930875576033,0.2678450597294177,0.0097233275063905,0.0036895099011057457,0.10163362276797287,0.007288981677652834,0.18963898392372283,True,25.41034285714286,4.556871428571428,75.20048571428572,0.0,0.0,0.0,0.11,0.0,16.0,0.9350162426854148,0.35460488704253557,0,0,0,0,1,0,0
2021,11,2021-03-19,7,0.38479550691244235,0.0013790064964934348,0.009961485984625337,0.0038331350490550965,0.0005306355038537424,0.007391678769227296,0.19231087596013877,False,25.542928571428572,5.992728571428572,71.83158571428571,0.0,0.0,0.0,0.0,0.0,16.0,0.970941817426052,0.23931566428755804,0,0,0,0,1,0,0
2021,12,2021-03-26,7,0.3719377880184332,0.40523084290208267,0.010239285250050953,0.003808377106793721,0.15072066334584583,0.007144690106256327,0.18588491947432464,True,25.22405714285714,8.386614285714286,76.64582857142857,0.0,0.0,0.0,0.0,0.0,16.0,0.992708874098054,0.120536680255323,0,0,0,0,1,0,0
2021,13,2021-04-02,7,0.420647465437788,0.3254805117029141,0.01065323492017513,0.004481256267885004,0.13691255229722513,0.008080372259422635,0.2102287607198084,True,26.43205714285714,2.9044999999999996,71.78334285714286,0.0,0.0,0.0,0.0,0.0,6.0,1.0,-1.6081226496766366e-16,0,0,0,0,1,0,0
2021,14,2021-04-09,7,0.3966774193548387,0.31554632051342785,0.011042716245518776,0.004380396182940141,0.12517010010818136,0.0076199228062821854,0.19824914953358477,True,25.837600000000002,6.155742857142857,75.20417142857143,0.0,0.0,0.0,0.0,0.0,6.0,0.992708874098054,-0.12053668025532288,0,0,0,0,1,0,0
2021,15,2021-04-16,7,0.372346198156682,0.3199669779044793,0.011625652333727367,0.004328767447554743,0.11913848775841596,0.007152535407185785,0.1860890323343418,True,25.23418571428571,7.500028571428571,77.2828,0.0,0.0,0.0,0.0,0.0,6.0,0.9709418174260521,-0.2393156642875575,0,0,0,0,1,0,0
2021,16,2021-04-23,7,0.3797776497695852,0.023912964338425952,0.012251031895940645,0.004652668100692564,0.009081609395471313,0.007295288901249154,0.189803080299195,True,25.418485714285712,7.659242857142857,79.9691142857143,0.0,0.0,0.0,0.0,0.0,6.0,0.9350162426854148,-0.35460488704253545,0,0,0,0,1,0,0
2021,17,2021-04-30,7,0.3832119815668203,0.37675584518495053,0.012790665498800102,0.004901536271353549,0.14437735400020707,0.007361260247005748,0.19151947080895818,True,25.503657142857143,3.7096714285714287,74.90357142857142,0.0,0.0,0.0,0.0,0.0,6.0,0.8854560256532099,-0.4647231720437685,0,0,0,0,1,0,0
2021,18,2021-05-07,7,0.3683018433179723,0.7657302237882715,0.012629130977110997,0.004651332218374085,0.2820198529055038,0.007074845903905501,0.18406776803225403,True,25.133885714285714,6.521257142857142,79.97824285714286,0.0,0.0,0.0,0.0,0.0,20.0,0.8229838658936565,-0.5680647467311557,0,0,0,0,1,0,0
2021,19,2021-05-14,7,0.3925408986175115,0.5939236902711812,0.010046251628212719,0.003943564641876259,0.23313933908927803,0.007540462854273111,0.1961818230910136,True,25.735014285714282,4.049785714285714,73.78468571428571,0.0,0.0,0.0,0.0,0.0,20.0,0.7485107481711013,-0.663122658240795,0,0,0,0,1,0,0
2021,20,2021-05-21,7,0.43181970046082946,0.43562775066402193,0.025935677587612015,0.011199536527131269,0.18811264480416284,0.00829498384126583,0.21581235581153208,True,26.709128571428575,3.013457142857143,69.34201428571428,0.0,0.0,0.0,0.0,0.0,20.0,0.6631226582407952,-0.7485107481711012,0,0,0,0,1,0,0
2021,21,2021-05-28,7,0.4221872119815668,0.3478213398223567,0.028408255243353792,0.011993602078452263,0.14684572172729388,0.008109949818498009,0.21099828635425938,True,26.470242857142857,3.3528571428571428,70.6120142857143,0.0,0.0,0.0,0.0,0.0,20.0,0.5680647467311558,-0.8229838658936564,0,0,0,0,1,0,0
2021,22,2021-06-04,7,0.4128565668202765,0.5032466738137534,0.03160237028452369,0.013047246099051574,0.2077686940144698,0.007930714015316979,0.20633507040706986,True,26.23884285714286,1.8848714285714288,70.02412857142858,0.0,0.0,0.0,0.0,0.0,3.0,0.46472317204376906,-0.8854560256532096,0,0,0,0,1,0,0
2021,23,2021-06-11,7,0.3758410138248848,0.38904895255080824,0.038759763636197,0.014567508860641183,0.14622055275420526,0.007219668609920646,0.18783565112379724,True,25.32085714285714,6.114400000000001,77.09365714285715,0.0,0.0,0.0,0.08,0.0,3.0,0.35460488704253584,-0.9350162426854147,0,0,0,0,1,0,0
2021,24,2021-06-18,7,0.39035311059907835,0.49339517773361324,0.10805255821875212,0.0421786522088779,0.19259834238290105,0.007498436827573424,0.1950884230312886,True,25.680757142857143,2.5972,70.47557142857143,0.0,0.0,0.0,0.08,0.0,3.0,0.23931566428755768,-0.970941817426052,0,0,0,0,1,0,0
2021,25,2021-06-25,7,0.3753312211981567,0.6528105709826283,0.00018870815993880875,7.082806411989016e-05,0.24502018881797585,0.007209875815389518,0.18758086990924833,False,25.308214285714286,2.0085142857142855,69.31787142857144,0.0,0.0,0.0,0.48000000000000004,0.0,3.0,0.12053668025532308,-0.992708874098054,0,0,0,0,1,0,0
2021,26,2021-07-02,7,0.3416831797235023,0.7171828840733098,0.05001082562350104,0.01708785791963544,0.24504932827344042,0.006563518180421405,0.17076444608388835,True,24.473742857142856,3.3888571428571432,76.73985714285713,0.0,0.0,0.0,0.48000000000000004,0.0,52.0,-3.216245299353273e-16,-1.0,0,0,0,0,1,0,0
2021,27,2021-07-09,7,0.3925120967741935,0.6475082291012041,0.05629062969944271,0.02209475309206795,0.2541548126830585,0.0075399095890453655,0.1961674286721125,True,25.734299999999998,1.6397142857142857,72.54738571428571,0.0,0.0,0.0,0.4,0.0,52.0,-0.12053668025532283,-0.992708874098054,0,0,0,0,1,0,0
2021,28,2021-07-16,7,0.40915264976958526,0.5537862597358014,0.0960317149426775,0.039291630630713975,0.22658311557689093,0.007859564107028672,0.20448394813639273,True,26.14698571428571,1.6249999999999998,69.00812857142859,0.0,0.0,0.0,0.4,1.0,52.0,-0.23931566428755743,-0.9709418174260521,0,0,0,0,1,0,0
2021,29,2021-07-23,7,0.4313122119815667,0.355175496302174,0.029246036100931252,0.012614172522385413,0.15319152895174143,0.008285235307952922,0.21555872615049526,True,26.696542857142855,1.1968714285714286,67.8428,0.0,0.0,0.0,1.08,2.0,52.0,-0.3546048870425356,-0.9350162426854148,0,0,0,0,1,0,0
2021,30,2021-07-30,7,0.3811002304147465,0.6334120244330721,0.01537105171132187,0.005857911348901748,0.24139346845891482,0.007320694840507312,0.19046407201513196,True,25.451285714285714,1.9271714285714283,71.63744285714287,0.0,0.0,0.0,1.3,2.0,52.0,-0.46472317204376806,-0.8854560256532101,0,0,0,0,1,0,0
2021,31,2021-08-06,7,0.4294919354838709,0.5625871108860878,0.0632485317248376,0.02716473430701351,0.24162662713274494,0.00825026894555929,0.21464899887594788,True,26.6514,0.8979428571428573,66.34594285714286,0.0,0.0,0.0,1.3,4.0,100.0,-0.5680647467311556,-0.8229838658936566,0,0,0,0,1,0,0
2021,32,2021-08-13,7,0.40818663594470045,0.4885988375693234,0.11238572959964663,0.045874352893470506,0.19943951583391323,0.007841007591290024,0.20400115932645096,True,26.12302857142857,1.5939571428571426,69.59317142857142,0.0,0.0,0.0,1.3,3.0,100.0,-0.663122658240795,-0.7485107481711013,0,0,0,0,1,0,0
2021,33,2021-08-20,7,0.48191359447004606,0.6881469064926782,0.04053943231921811,0.019536503546729554,0.3316273492313292,0.009257255921277675,0.240847992829401,True,27.951457142857144,0.1359142857142857,56.40624285714286,0.0,0.0,0.0,0.37,11.0,100.0,-0.7485107481711011,-0.6631226582407952,0,0,0,0,1,0,0
2021,34,2021-08-27,7,0.41149366359447004,0.5703052340287726,0.03635339024567817,0.014959189736273582,0.23467699011760126,0.007904533504739974,0.20565392650467143,True,26.20504285714286,2.6905714285714284,70.4756,0.0,0.0,0.0,0.15,15.0,100.0,-0.8229838658936564,-0.5680647467311559,0,0,0,0,1,0,0
2021,35,2021-09-03,7,0.4464458525345622,0.6301819436029662,0.08010184006538519,0.035761134277578044,0.28134211506371365,0.008575942989220488,0.22312212961787167,True,27.07185714285714,1.1890285714285713,66.24815714285714,0.0,0.0,0.0,0.15,20.0,75.0,-0.8854560256532096,-0.4647231720437691,0,0,0,0,1,0,0
2021,36,2021-09-10,7,0.44293029953917046,0.5109934944473219,0.2215292937085132,0.09812203641901263,0.22633450155811974,0.008508411435521647,0.22136514684680747,True,26.984671428571428,1.398142857142857,65.59022857142857,0.0,0.0,0.0,0.29000000000000004,25.0,75.0,-0.9350162426854147,-0.3546048870425359,0,0,0,0,1,0,0
2021,37,2021-09-17,7,0.42892626728110594,0.5046040158967191,0.1065841152181807,0.045716726691993566,0.21643791699363557,0.008239402816486332,0.214366292488731,True,26.63737142857143,2.095371428571428,68.28001428571429,0.0,0.0,0.0,0.14,16.0,75.0,-0.970941817426052,-0.23931566428755774,0,0,0,0,1,0,0
2021,38,2021-09-24,7,0.43673732718894004,0.5403573535690247,0.018197138096114576,0.007947369454585117,0.2359942263246249,0.008389448346251412,0.2182700588947002,True,26.831085714285713,1.4019285714285716,65.74104285714286,0.0,0.0,0.0,0.14,12.0,75.0,-0.992708874098054,-0.12053668025532357,0,0,0,0,1,0,0
2021,39,2021-10-01,7,0.4693640552995391,0.6084712251596552,0.049211440281341404,0.023098081177581494,0.28559452177401473,0.009016187196243601,0.23457605662582834,True,27.640228571428572,1.2434857142857145,60.483285714285714,0.0,0.0,0.0,0.14,5.0,26.0,-1.0,-1.8369701987210297e-16,0,0,0,0,1,0,0
2021,40,2021-10-08,7,0.47150345622119805,0.527685263261754,0.08428506324250395,0.03974069862666287,0.2488054254249098,0.009057283737360674,0.23564527406179955,True,27.693285714285715,1.313214285714286,62.263671428571435,0.0,0.0,0.0,1.03,1.0,26.0,-0.992708874098054,0.1205366802553232,0,0,0,0,1,0,0
2021,41,2021-10-15,7,0.46944182027649767,0.5218358630728298,0.030851955005433602,0.014483197916839354,0.24497157744646642,0.00901768101235852,0.23461492155686123,True,27.64215714285714,3.1998714285714285,64.07061428571429,0.0,0.0,0.0,1.03,8.0,26.0,-0.9709418174260521,0.23931566428755738,0,0,0,0,1,0,0
2021,42,2021-10-22,7,0.4197897465437788,0.4800943588990424,0.03495762016182597,0.014674850507506616,0.201538689239327,0.008063896020940318,0.2098000949249346,True,26.410785714285712,6.715985714285714,73.89528571428572,0.0,0.0,0.0,1.03,8.0,26.0,-0.9350162426854148,0.35460488704253557,0,0,0,0,1,0,0
2021,43,2021-10-29,7,0.4342690092165898,0.4658132364868221,0.02448954966876943,0.010635052470816966,0.20228825268910527,0.008342033516233464,0.2170364571948788,True,26.76987142857143,2.0187000000000004,68.83142857142857,0.0,0.0,0.0,1.15,11.0,26.0,-0.8854560256532101,0.464723172043768,0,0,0,0,1,0,0
2021,44,2021-11-05,7,0.4177908986175115,0.43636263477878073,0.03300088586088224,0.013787469758991922,0.18230833730733179,0.008025499414134654,0.2088011222532006,True,26.361214285714283,4.8394571428571425,73.16998571428572,0.0,0.0,0.0,0.12,10.0,179.0,-0.822983865893657,0.5680647467311548,0,0,0,0,1,0,0
2021,45,2021-11-12,7,0.4078721198156681,0.45592838442857087,0.0046484490765660415,0.0018959727787141761,0.18596047664101406,0.007834965935003022,0.20384397227205128,True,26.11522857142857,6.152285714285713,77.79292857142856,0.0,0.0,0.0,0.12,3.0,179.0,-0.7485107481711011,0.6631226582407952,0,0,0,0,1,0,0
2021,46,2021-11-19,7,0.4190328341013824,0.4643478119150785,0.03957635777506098,0.016583793361894084,0.194576979635551,0.008049356210755119,0.2094218095962146,True,26.392014285714286,3.0010571428571424,69.01112857142857,0.0,0.0,0.0,0.12,3.0,179.0,-0.6631226582407955,0.7485107481711007,0,0,0,0,1,0,0
2021,47,2021-11-26,7,0.41511232718894014,0.3982953613892611,0.01931730010025036,0.008018849399622073,0.1653373143748561,0.007974045747954153,0.20746244129540142,True,26.294785714285716,4.001214285714286,71.89878571428572,0.0,0.0,0.0,0.0,0.0,179.0,-0.5680647467311559,0.8229838658936564,0,0,0,0,1,0,0
2021,48,2021-12-03,7,0.39960944700460826,0.4739611422437188,7.611558742507183e-06,3.0416507799363868e-06,0.18939934995368496,0.007676245206466865,0.19971450137771335,False,25.910314285714286,6.636971428571428,76.10711428571427,0.0,0.0,0.0,0.0,0.0,0.0,-0.4647231720437684,0.88545602565321,0,0,0,0,1,0,0
2021,49,2021-12-10,7,0.38986693548387097,1.0,0.0024893937215324704,0.0009705323014266531,0.515012985253312,0.007489097710529048,0.19484544524023859,True,25.668699999999998,7.539142857142857,81.00732857142857,0.0,0.0,0.0,0.0,0.0,0.0,-0.35460488704253595,0.9350162426854147,0,0,0,0,1,0,0
2021,50,2021-12-17,7,0.41497811059907835,0.4289366984241956,0.010084389055235924,0.004184800716687829,0.17799934067867934,0.007971467531992849,0.20739536330332245,True,26.291457142857137,5.294085714285714,75.77791428571429,0.0,0.0,0.0,0.0,0.0,0.0,-0.2393156642875578,0.970941817426052,0,0,0,0,1,0,0
2021,51,2021-12-24,7,0.41398156682027654,0.41258086514718517,0.03136035018413739,0.012982606905261745,0.17080087299369695,0.007952324555112791,0.20689731640934556,True,26.266742857142855,4.153171428571428,74.65561428571428,0.0,0.0,0.0,0.0,0.0,0.0,-0.12053668025532363,0.992708874098054,0,0,0,0,1,0,0
2021,52,2021-12-31,1,0.3907903225806452,0.40069630218078545,0.02016873601265739,0.007881746852430257,0.15658823718610085,0.00750683539373063,0.19530693031020682,True,25.6916,6.4544,75.3048,0.0,0.0,0.0,0.0,0.0,0.0,6.432490598706546e-16,1.0,0,0,0,0,1,0,0
2022,0,2022-01-01,7,0.44077419354838715,0.9468793924476959,0.004326900322159286,0.0019071860000640158,0.41736000059371997,0.00846699400057248,0.22028758064787365,True,26.9312,2.0758428571428573,63.8438,0.0,0.0,0.0,0.0,0.0,16.0,0.0,1.0,0,0,0,0,0,1,0
2022,1,2022-01-08,7,0.39641532258064516,0.2544914066952709,0.004443184898283761,0.001761346574738608,0.10088429307910798,0.007614888092709685,0.19811816032158508,True,25.8311,3.237928571428571,67.34478571428572,0.0,0.0,0.0,0.0,0.0,16.0,0.12053668025532305,0.992708874098054,0,0,0,0,0,1,0
2022,2,2022-01-15,7,0.4016768433179723,0.18609261311614742,0.004998599297147362,0.0020078215866895874,0.07474909340128678,0.00771595858451457,0.2007477327664319,True,25.961585714285714,3.7896857142857145,73.15495714285714,0.0,0.0,0.0,0.0,0.0,16.0,0.23931566428755774,0.970941817426052,0,0,0,0,0,1,0
2022,3,2022-01-22,7,0.38361751152073736,0.2318891115204915,0.004175130169794228,0.0016016530460116155,0.0889567239102457,0.0073690502214124294,0.19172214422708517,True,25.513714285714286,6.018771428571427,78.70804285714287,0.0,0.0,0.0,0.0,0.0,16.0,0.3546048870425356,0.9350162426854148,0,0,0,0,0,1,0
2022,4,2022-01-29,7,0.38213191244239625,0.18278985425638175,0.011123507687683923,0.004250647265762355,0.06984983658205804,0.007340512800965221,0.19097968010016816,True,25.476871428571428,6.2966,76.95562857142856,0.0,0.0,0.0,0.0,0.0,16.0,0.4647231720437685,0.8854560256532099,0,0,0,0,0,1,0
2022,5,2022-02-05,7,0.3845547235023042,0.18006059184786657,0.006328003334779009,0.0024334635727276004,0.06924315111171758,0.00738705347192333,0.1921905386181259,True,25.536957142857144,4.613914285714285,76.20825714285714,0.0,0.0,0.0,0.0,0.0,0.0,0.5680647467311558,0.8229838658936564,0,0,0,0,0,1,0
2022,6,2022-02-12,7,0.35010253456221196,0.34003267025750583,0.0066698118516832616,0.00233511803432739,0.11904629969110966,0.0067252486717965096,0.17497222261704812,True,24.68254285714286,14.498557142857143,82.71379999999999,0.0,0.0,0.0,0.0,0.0,0.0,0.6631226582407952,0.7485107481711011,0,0,0,0,0,1,0
2022,7,2022-02-19,7,0.38829032258064516,0.038428804450027554,0.007130369048200798,0.0027686532978449356,0.014921532876289731,0.007458811971962159,0.1940574947495942,True,25.629600000000003,4.831257142857142,74.06955714285714,0.0,0.0,0.0,0.0,0.0,0.0,0.7485107481711011,0.6631226582407953,0,0,0,0,0,1,0
2022,8,2022-02-26,7,0.37749193548387094,0.3064499879297842,0.007714131796172411,0.002912022542314793,0.11568239907262311,0.007251381772775125,0.18866073921520637,True,25.3618,7.628942857142858,77.30845714285715,0.0,0.0,0.0,0.0,0.0,0.0,0.8229838658936564,0.5680647467311559,0,0,0,0,0,1,0
2022,9,2022-03-05,7,0.36637788018433176,0.2214162785431718,0.008111193693517411,0.002971761951195429,0.08112202677095083,0.00703788778669198,0.18310622084966283,True,25.08617142857143,4.919871428571428,76.14294285714286,0.0,0.0,0.0,0.0,0.0,1.0,0.8854560256532099,0.4647231720437686,0,0,0,0,0,1,0
2022,10,2022-03-12,7,0.3819061059907834,0.3110435569663885,0.00860869523000935,0.0032877132729543022,0.11878943363455584,0.007336175201579681,0.19086682785598377,True,25.47127142857143,4.869042857142858,74.9700142857143,0.0,0.0,0.0,0.0,0.0,1.0,0.9350162426854148,0.35460488704253557,0,0,0,0,0,1,0
2022,11,2022-03-19,7,0.3854763824884792,0.20988626726614143,0.00924258051029025,0.0035627964999652077,0.0809061990397623,0.007404757959211244,0.19265116002296004,True,25.559814285714285,6.695457142857142,75.81805714285714,0.0,0.0,0.0,0.0,0.0,1.0,0.970941817426052,0.23931566428755804,0,0,0,0,0,1,0
2022,12,2022-03-26,7,0.37405817972350236,0.27277718707414206,0.009724608796137365,0.0036375694648063026,0.10203453806705086,0.007185421492323085,0.1869446365938212,True,25.276642857142857,7.8026,76.55788571428572,0.0,0.0,0.0,0.0,0.0,1.0,0.992708874098054,0.120536680255323,0,0,0,0,0,1,0
2022,13,2022-04-02,7,0.37194642857142857,0.35431388319970736,0.010132467343074268,0.0037687350408731057,0.13178578344940545,0.007144856085824651,0.185889237799995,True,25.224271428571427,8.3659,78.04054285714285,0.0,0.0,0.0,0.0,0.0,8.0,1.0,-1.6081226496766366e-16,0,0,0,0,0,1,0
2022,14,2022-04-09,7,0.38728110599078336,0.2500621546199025,0.010594710878333658,0.004103131346613643,0.09684434780763411,0.0074394255583818914,0.19355311431130082,True,25.60457142857143,6.920714285714285,74.72797142857144,0.0,0.0,0.0,0.0,0.0,8.0,0.992708874098054,-0.12053668025532288,0,0,0,0,0,1,0
2022,15,2022-04-16,7,0.37943663594470045,0.3582968806157018,0.011191318162188109,0.004246396115247484,0.13595096305030185,0.0072887382409526245,0.18963265037940635,True,25.41002857142857,6.596871428571428,74.87851428571427,0.0,0.0,0.0,0.0,0.0,8.0,0.9709418174260521,-0.2393156642875575,0,0,0,0,0,1,0
2022,16,2022-04-23,7,0.40841071428571424,0.36273108166748785,0.01180363174205671,0.0048207296709389105,0.14814326015744847,0.0078453119947619,0.20411314790550122,True,26.128585714285716,3.0736142857142856,72.80722857142857,0.0,0.0,0.0,0.1699999999999999,1.0,8.0,0.9350162426854148,-0.35460488704253545,0,0,0,0,0,1,0
2022,17,2022-04-30,7,0.3671774193548387,0.0015363802420124007,0.012472860713538033,0.004579752808769247,0.0005641241324098759,0.007053246429414246,0.1835058099183564,False,25.105999999999998,10.281871428571431,77.31274285714285,0.0,0.0,0.0,0.1699999999999999,1.0,8.0,0.8854560256532099,-0.4647231720437685,0,0,0,0,0,1,0
2022,18,2022-05-07,7,0.3986342165898617,0.3966702805785595,0.0131292527342926,0.00523376937814503,0.15812634654291471,0.007657511645855339,0.19922710635372323,True,25.88612857142857,4.834128571428572,73.28551428571429,0.0,0.0,0.0,0.1699999999999999,1.0,8.0,0.8229838658936565,-0.5680647467311557,0,0,0,0,0,1,0
2022,19,2022-05-14,7,0.3692039170506912,0.38593350587698977,0.01351293517842231,0.004989028598725598,0.14248816209089057,0.00709217417083855,0.18451860123223543,True,25.15625714285714,4.786457142857143,75.54628571428573,0.0,0.0,0.0,0.1699999999999999,1.0,8.0,0.7485107481711013,-0.663122658240795,0,0,0,0,0,1,0
2022,20,2022-05-21,7,0.40664458525345626,0.4034679496867577,0.013931084561467641,0.005665000103628836,0.16406805706343394,0.007811385770996432,0.20323048213848785,True,26.084785714285715,0.769842857142857,68.00744285714286,0.0,0.0,0.0,0.0,0.0,8.0,0.6631226582407952,-0.7485107481711012,0,0,0,0,0,1,0
2022,21,2022-05-28,7,0.3863934331797236,0.31127474324516596,0.01435498941860346,0.005546673644712795,0.12027451670463664,0.007422373924062719,0.19310947832077,True,25.582557142857144,3.6854857142857145,74.54631428571429,0.0,0.0,0.0,0.0,0.0,8.0,0.5680647467311558,-0.8229838658936564,0,0,0,0,0,1,0
2022,22,2022-06-04,7,0.37102822580645156,0.2531044819052835,0.01448607203296753,0.0053747416052963995,0.09390890686497846,0.007127217990364065,0.18543034372542902,True,25.201500000000003,3.424928571428571,74.78175714285715,0.0,0.0,0.0,0.0,0.0,0.6,0.46472317204376906,-0.8854560256532096,0,0,0,0,0,1,0
2022,23,2022-06-11,7,0.35286463133640555,0.48027431391547076,0.00812769047591926,0.0028679745034016647,0.1694718187201277,0.00677830680713748,0.17635264738966042,True,24.751042857142856,4.208714285714286,74.52332857142858,0.0,0.0,0.0,0.0,0.0,0.6,0.35460488704253584,-0.9350162426854147,0,0,0,0,0,1,0
2022,24,2022-06-18,7,0.3943698156682028,0.4794963485538115,0.06815999294786951,0.026880243854797297,0.18909888659274296,0.007575595196235067,0.19709586869123133,True,25.78037142857143,1.3982857142857144,69.2659,0.0,0.0,0.0,0.0,0.0,0.6,0.23931566428755768,-0.970941817426052,0,0,0,0,0,1,0
2022,25,2022-06-25,7,0.40471313364055295,0.5144154863006206,0.06352682762126638,0.02571014147684595,0.2081907034539531,0.007774283804823696,0.20226519240698235,True,26.036885714285713,1.6317857142857142,65.80727142857144,0.0,0.0,0.0,0.0,0.0,0.6,0.12053668025532308,-0.992708874098054,0,0,0,0,0,1,0
2022,26,2022-07-02,7,0.40333640552995387,0.5665304154604408,0.047890160317000205,0.0193158451225121,0.22850234139520562,0.007747837726937372,0.20157713918351136,True,26.002742857142856,2.2809999999999997,71.1547,0.0,0.0,0.0,0.0,0.0,15.0,-3.216245299353273e-16,-1.0,0,0,0,0,0,1,0
2022,27,2022-07-09,7,0.4102534562211982,0.5745752560667784,0.05054549904878454,0.020736465681189142,0.23572148466057583,0.007880709904033173,0.2050341028267915,True,26.174285714285713,1.4125285714285714,70.78231428571429,0.0,0.0,0.0,0.0,0.0,15.0,-0.12053668025532283,-0.992708874098054,0,0,0,0,0,1,0
2022,28,2022-07-16,7,0.43079953917050684,0.5678996521843519,0.10620227647267795,0.04575189176328842,0.2446509084561099,0.008275387186899017,0.21530250549405627,True,26.68382857142857,1.0453857142857144,67.4008,0.0,0.0,0.0,0.0,1.0,15.0,-0.23931566428755743,-0.9709418174260521,0,0,0,0,0,1,0
2022,29,2022-07-23,7,0.43996313364055295,0.6101202085437553,0.04291351296804498,0.018880363640945575,0.26843039884833825,0.008451414051759113,0.21988223381161967,True,26.91108571428572,0.3725285714285715,62.6041,0.0,0.0,0.0,0.2,3.0,15.0,-0.3546048870425356,-0.9350162426854148,0,0,0,0,0,1,0
2022,30,2022-07-30,7,0.4271451612903226,0.6106081880403322,0.07223311831964922,0.030854026975149523,0.26081833296567936,0.008205188894802437,0.213476141623889,True,26.5932,0.8279714285714285,66.6184,0.0,0.0,0.0,0.2,3.0,15.0,-0.46472317204376806,-0.8854560256532101,0,0,0,0,0,1,0
2022,31,2022-08-06,7,0.48836866359447006,0.5899231100419117,0.09325207253914185,0.045541390043355286,0.2880999608746619,0.00938125372412041,0.24407406999350803,True,28.111542857142858,0.12049999999999998,51.49704285714286,0.0,0.14,0.0,0.5900000000000001,6.0,37.0,-0.5680647467311556,-0.8229838658936566,0,0,0,0,0,1,0
2022,32,2022-08-13,7,0.4839516129032258,0.6285325436934659,0.11314231169488878,0.05475540423234093,0.30417933828262006,0.009296404968793078,0.2418665419108405,True,28.002000000000002,0.19254285714285715,51.5446,0.0,0.14,0.0,0.5900000000000001,7.0,37.0,-0.663122658240795,-0.7485107481711013,0,0,0,0,0,1,0
2022,33,2022-08-20,7,0.4435639400921659,0.700839376152378,0.12878839351116075,0.0571258872639508,0.3108670750578843,0.008520583270532086,0.22168182406263096,True,27.000385714285716,1.0665142857142857,59.59289999999999,0.0,0.14,0.0,0.39,7.0,37.0,-0.7485107481711011,-0.6631226582407952,0,0,0,0,0,1,0
2022,34,2022-08-27,7,0.4581722350230414,0.6724567303302124,0.12510704193031605,0.05732057301833426,0.30810100309168004,0.00880119939404554,0.2289826733292519,True,27.362671428571428,0.7668999999999999,57.974114285714286,0.0,0.14,0.0,0.39,11.0,37.0,-0.8229838658936564,-0.5680647467311559,0,0,0,0,0,1,0
2022,35,2022-09-03,7,0.4777989631336405,0.6511136032483958,0.12891687390797918,0.061596348683662726,0.31110140451429213,0.00917821645084169,0.23879160614519465,True,27.84941428571429,0.6172142857142856,57.72218571428571,0.0,0.0,0.0,0.0,9.0,138.0,-0.8854560256532096,-0.4647231720437691,0,0,0,0,0,1,0
2022,36,2022-09-10,7,0.49076152073732715,0.5984393064271429,0.13860433139614448,0.06802167245675232,0.293690984091176,0.009427218999241661,0.24526995831580867,True,28.17088571428571,1.044842857142857,54.217385714285726,0.0,0.0,0.0,0.11,10.0,138.0,-0.9350162426854147,-0.3546048870425359,0,0,0,0,0,1,0
2022,37,2022-09-17,7,0.517538594470046,0.6117910596719378,0.1399867582325027,0.0724485501000676,0.31662548513195476,0.009941589681478366,0.2586524495681302,True,28.834957142857142,0.44305714285714287,48.693528571428565,0.0,0.0,0.0,0.11,21.0,138.0,-0.970941817426052,-0.23931566428755774,0,0,0,0,0,1,0
2022,38,2022-09-24,7,0.5645887096774194,0.5937350712318206,0.13654102644032295,0.07708952193597234,0.3352161177570043,0.010845392692221872,0.2821668843965344,True,30.001800000000003,0.08105714285714284,41.04704285714286,0.0,0.0,0.0,0.19,26.0,138.0,-0.992708874098054,-0.12053668025532357,0,0,0,0,0,1,0
2022,39,2022-10-01,7,0.5068001152073733,0.5905415303025133,0.16103093674989977,0.08161049729680045,0.2992865155920523,0.009735310273965047,0.2532856344250566,True,28.56864285714286,1.2273714285714286,50.78995714285714,0.0,4.5756,0.0,8.635599999999998,25.0,83.0,-1.0,-1.8369701987210297e-16,0,0,0,0,0,1,0
2022,40,2022-10-08,7,0.513822004608295,0.5804109317414342,0.16074062873337375,0.0825920720777798,0.298227908443952,0.00987019633648985,0.2567949937531365,True,28.742785714285713,0.9387,51.157357142857144,0.0,4.5756,0.0,8.525599999999999,26.0,83.0,-0.992708874098054,0.1205366802553232,0,0,0,0,0,1,0
2022,41,2022-10-15,7,0.4263450460829493,0.5422506664784786,0.16936491687729083,0.07220789329088344,0.23118588538827695,0.008189819186775615,0.21307626466681734,True,26.573357142857137,4.169671428571428,70.49981428571428,0.0,4.5756,0.0,8.525599999999999,13.0,83.0,-0.9709418174260521,0.23931566428755738,0,0,0,0,0,1,0
2022,42,2022-10-22,7,0.469846198156682,0.5778620627423837,0.1252464117494845,0.058846550393261685,0.271506293238487,0.009025448856156094,0.23481701919823214,True,27.65218571428571,1.2800714285714285,66.40517142857142,0.0,4.5756,0.0,8.445599999999999,9.0,83.0,-0.9350162426854148,0.35460488704253557,0,0,0,0,0,1,0
2022,43,2022-10-29,7,0.43633006912442396,0.5135285959849123,0.10901066816175893,0.04756463237431992,0.2240679677834652,0.008381625175931065,0.21806652181143912,True,26.82098571428571,1.1843857142857142,62.82185714285714,0.0,0.0,0.0,0.0,9.0,83.0,-0.8854560256532101,0.464723172043768,0,0,0,0,0,1,0
2022,44,2022-11-05,7,0.4433369815668202,0.558698257683886,0.09534456309456674,0.04226977081115246,0.24769159916821556,0.00851622354053744,0.22156839604169054,True,26.994757142857143,2.164357142857143,61.4986,0.0,0.0,0.0,0.0,6.0,17.0,-0.822983865893657,0.5680647467311548,0,0,0,0,0,1,0
2022,45,2022-11-12,7,0.4880063364055299,0.5400792001088806,0.08418067853397723,0.04108070452749786,0.26356207181396385,0.00937429364755535,0.24389298820373262,True,28.10255714285714,1.2248428571428571,58.34112857142858,0.0,0.0,0.0,0.0,6.0,17.0,-0.7485107481711011,0.6631226582407952,0,0,0,0,0,1,0
2022,46,2022-11-19,7,0.466705069124424,0.6123387417375105,0.08343656405605042,0.03894026739528344,0.2857815947901676,0.008965109750417968,0.23324716387288189,True,27.57428571428571,1.8060571428571428,60.69471428571429,0.0,0.0,0.0,0.0,1.0,17.0,-0.6631226582407955,0.7485107481711007,0,0,0,0,0,1,0
2022,47,2022-11-26,7,0.42225230414746545,0.6943670967712231,0.08904989176463775,0.0376015219817007,0.29319810653583506,0.008111200197912716,0.21103081774097582,True,26.471857142857143,4.6688,69.80888571428571,0.0,0.0,0.0,0.0,1.0,17.0,-0.5680647467311559,0.8229838658936564,0,0,0,0,0,1,0
2022,48,2022-12-03,7,0.4348294930875576,0.5683634846625804,0.10301085130485943,0.0447921562554098,0.2471412059253076,0.008352800057565427,0.2173165725866935,True,26.78377142857143,2.857014285714286,64.53455714285714,0.0,0.0,0.0,0.0,1.0,40.0,-0.4647231720437684,0.88545602565321,0,0,0,0,0,1,0
2022,49,2022-12-10,7,0.43501382488479257,0.5701084052436655,0.1353026013298217,0.05885850212134795,0.24800503796401624,0.00835634095502301,0.21740869686766034,True,26.788342857142858,3.479614285714286,65.54444285714285,0.0,0.0,0.0,0.0,1.0,40.0,-0.35460488704253595,0.9350162426854147,0,0,0,0,0,1,0
2022,50,2022-12-17,7,0.39405126728110595,0.5489634329407764,0.15438991116502954,0.06083754014999726,0.21631973644129937,0.007569476082816182,0.19693666641818555,True,25.77247142857143,5.908085714285716,74.45084285714286,0.0,0.0,0.0,0.0,1.0,40.0,-0.2393156642875578,0.970941817426052,0,0,0,0,0,1,0
2022,51,2022-12-24,7,0.3908813364055299,1.0,0.10570227553921627,0.04131704672387441,0.4533859956601136,0.007508583711850309,0.1953524166739342,True,25.693857142857144,6.217128571428572,70.78197142857142,0.0,0.0,0.0,0.0,1.0,40.0,-0.12053668025532363,0.992708874098054,0,0,0,0,0,1,0
2022,52,2022-12-31,1,0.3909193548387097,0.3921589835924403,0.004550770554929415,0.001778984289352004,0.1533025368601609,0.007509314021950937,0.1953714173068836,True,25.6948,3.5095,70.4097,0.0,0.0,0.0,0.0,1.0,40.0,6.432490598706546e-16,1.0,0,0,0,0,0,1,0
2023,0,2023-01-01,7,0.3775679723502304,0.4967120639231705,0.010902728264165563,0.0041165210037865385,0.1875425668173695,0.003794457741753624,0.1831871096264364,True,25.36368571428571,6.114328571428572,73.69815714285714,0.0,0.0,0.0,0.09,1.0,23.0,0.0,1.0,0,0,0,0,0,0,1
2023,1,2023-01-08,7,0.3891733870967742,0.49268195336376164,0.010726669571777035,0.004174534329516373,0.19173870455203004,0.003911089074536365,0.18881778420458456,True,25.651500000000002,3.9809142857142854,73.8134857142857,0.0,0.0,0.0,0.09,2.0,23.0,0.12053668025532305,0.992708874098054,0,0,0,0,0,0,1
2023,2,2023-01-15,7,0.35353052995391704,0.48349793835489796,0.010512131544348737,0.0037163594358188977,0.17093128237823338,0.003552887836274345,0.17152470730988587,True,24.767557142857147,15.290614285714286,75.55958571428572,0.0,0.0,0.0,0.09,2.0,23.0,0.23931566428755774,0.970941817426052,0,0,0,0,0,0,1
2023,3,2023-01-22,7,0.3605944700460829,0.47470472717087886,0.01027604411014304,0.003705484680067201,0.17117589952255344,0.0036238785561787863,0.17495196508284616,True,24.942742857142857,7.154442857142858,74.36555714285714,0.0,0.0,0.0,0.09,2.0,23.0,0.3546048870425356,0.9350162426854148,0,0,0,0,0,0,1
2023,4,2023-01-29,7,0.38459389400921656,0.4671410328138055,0.010047366555813158,0.0038641558282381527,0.17965958886134867,0.0038650663865122024,0.18659592174882048,True,25.537928571428573,6.548757142857142,70.41834285714286,0.0,0.0,0.0,0.0,1.0,23.0,0.4647231720437685,0.8854560256532099,0,0,0,0,0,0,1
2023,5,2023-02-05,7,0.36676728110599083,0.28943529825750947,0.009859704077548456,0.0036162168570320983,0.10615539739800826,0.0036859136662249397,0.17794686798548356,True,25.095828571428573,5.548928571428571,78.03137142857143,0.0,0.0,0.0,0.0,1.0,0.0,0.5680647467311558,0.8229838658936564,0,0,0,0,0,0,1
2023,6,2023-02-12,7,0.3901566820276498,0.4636480730023261,0.009704297735497575,0.003786196605890169,0.1808953937911011,0.003920970927172497,0.18929485580357688,True,25.67588571428572,6.244,73.71424285714285,0.0,0.0,0.0,0.0,2.0,0.0,0.6631226582407952,0.7485107481711011,0,0,0,0,0,0,1
2023,7,2023-02-19,7,0.3539032258064516,0.447510427047079,0.009562258123060358,0.0033841139957450058,0.158375383713984,0.003556633330507255,0.17170553058144303,True,24.776800000000005,9.268185714285712,78.58484285714285,0.0,0.0,0.0,0.0,2.0,0.0,0.7485107481711011,0.6631226582407953,0,0,0,0,0,0,1
2023,8,2023-02-26,7,0.40121601382488475,0.44372204685100236,0.009425175751554238,0.003781531444637554,0.17802839088377792,0.004032114271496508,0.19466058376435844,True,25.950157142857144,5.781742857142857,73.6507,0.0,0.0,0.0,0.0,2.0,0.0,0.8229838658936564,0.5680647467311559,0,0,0,0,0,0,1
2023,9,2023-03-05,7,0.37813076036866355,0.4375950607085682,0.009299850150608864,0.0035165594087643603,0.16546815303930237,0.0038001136117158385,0.18346016115087432,True,25.377642857142856,8.065357142857144,78.10604285714285,0.0,0.0,0.0,0.0,3.0,1.0,0.8854560256532099,0.4647231720437686,0,0,0,0,0,0,1
2023,10,2023-03-12,7,0.38494527649769583,0.4193943087982177,0.009189924488685223,0.003537618023289879,0.16144385816188994,0.0038685976871027363,0.18676640427687285,True,25.54664285714286,6.038314285714286,73.69692857142857,0.0,0.0,0.0,0.0,4.0,1.0,0.9350162426854148,0.35460488704253557,0,0,0,0,0,0,1
2023,11,2023-03-19,7,0.4474844470046083,0.4450221633183957,0.009090885686069809,0.004068029954013058,0.1991404966573268,0.004497099724009308,0.21710894051553797,True,27.097614285714286,1.9218714285714285,60.22952857142857,0.0,0.0,0.0,0.0,10.0,1.0,0.970941817426052,0.23931566428755804,0,0,0,0,0,0,1
2023,12,2023-03-26,7,0.3988721198156683,0.42868538549846746,0.008996128920601146,0.003588305012695219,0.17099064844777065,0.004008558759852444,0.19352338145838313,True,25.892028571428572,7.102742857142857,73.27794285714286,0.0,0.0,0.0,0.0,12.0,1.0,0.992708874098054,0.120536680255323,0,0,0,0,0,0,1
2023,13,2023-04-02,7,0.3966192396313364,0.42710340268832353,0.008908108785662033,0.0035331273331225027,0.16939742681819936,0.003985917912951499,0.19243033692196887,True,25.83615714285714,4.561057142857142,72.76222857142857,0.0,0.0,0.0,0.0,10.0,1.0,1.0,-1.6081226496766366e-16,0,0,0,0,0,0,1
2023,14,2023-04-09,7,0.4191082949308756,0.4310101298687955,0.008850854069112827,0.003709466357587879,0.18063992062724613,0.0042119269397629866,0.20334149819687242,True,26.393885714285716,2.6046857142857145,72.72205714285715,0.0,0.0,0.0,0.11,8.0,1.0,0.992708874098054,-0.12053668025532288,0,0,0,0,0,0,1
2023,15,2023-04-16,7,0.4027085253456221,0.43399572330607356,0.008841904541442588,0.0035607103391311038,0.17477377773889552,0.0040471136154802325,0.19538471528924958,True,25.987171428571425,9.050485714285715,74.64971428571428,0.0,0.0,0.0,0.11,4.0,1.0,0.9709418174260521,-0.2393156642875575,0,0,0,0,0,0,1
2023,16,2023-04-23,7,0.42174481566820277,0.4326909945796606,0.008869295803244411,0.0037405795236460783,0.18248518375029027,0.004238423272226709,0.20462067611637327,True,26.459271428571423,5.300342857142857,67.6354857142857,0.18,0.0,0.0,0.29,3.0,1.0,0.9350162426854148,-0.35460488704253545,0,0,0,0,0,0,1
2023,17,2023-04-30,7,0.4097269585253455,0.43512949220616887,0.008914480826791927,0.003652503115993964,0.1782842834063116,0.004117647003013112,0.1987898941774293,True,26.161228571428573,6.1880428571428565,72.92257142857143,0.18,0.0,0.0,0.29,3.0,1.0,0.8854560256532099,-0.4647231720437685,0,0,0,0,0,0,1
2023,18,2023-05-07,7,0.42263133640552997,0.434373512798233,0.008978819382662297,0.003794730435038442,0.1835798582130818,0.004247332569946103,0.20505079515026267,True,26.481257142857146,2.4838571428571425,71.63545714285713,0.18,0.0,0.0,0.18,3.0,2.0,0.8229838658936565,-0.5680647467311557,0,0,0,0,0,0,1
2023,19,2023-05-14,7,0.4186895161290322,0.43064608161536616,0.009069105297061461,0.0037971393085499063,0.18030699953440138,0.004207718324141153,0.20313831656098053,True,26.383499999999998,5.6711857142857145,73.57007142857142,0.18,0.0,0.0,0.18,3.0,2.0,0.7485107481711013,-0.663122658240795,0,0,0,0,0,0,1
2023,20,2023-05-21,7,0.43124366359447,0.3900065496710256,0.0091896344948237,0.0039629716466418885,0.16818785330597172,0.004333884168518336,0.20922929396486997,True,26.694842857142856,2.8457285714285705,74.58615714285715,0.0,0.0,0.0,0.13,5.0,2.0,0.6631226582407952,-0.7485107481711012,0,0,0,0,0,0,1
2023,21,2023-05-28,7,0.4566296082949308,0.47982222513851375,0.009344133284641096,0.004266807921621289,0.21910103471620165,0.0045890061636409555,0.22154595791776557,True,27.324414285714283,0.6948000000000001,64.49894285714285,0.0,0.0,0.0,0.29999999999999993,6.0,2.0,0.5680647467311558,-0.8229838658936564,0,0,0,0,0,0,1
2023,22,2023-06-04,7,0.4118790322580645,0.5087548669536569,0.008655018713334921,0.0035648207318238257,0.20954546225745255,0.004139274771875787,0.1998340297918613,True,26.214599999999997,4.454642857142857,74.92601428571429,0.0,0.0,0.0,0.29999999999999993,8.0,6.0,0.46472317204376906,-0.8854560256532096,0,0,0,0,0,0,1
2023,23,2023-06-11,7,0.3747857142857143,0.4364383946759407,0.01658527709295157,0.0062159249219083485,0.16357087549033292,0.003766496787897435,0.18183722337972694,True,25.294685714285716,2.772585714285714,72.46002857142857,0.0,0.0,0.0,0.29999999999999993,10.0,6.0,0.35460488704253584,-0.9350162426854147,0,0,0,0,0,0,1
2023,24,2023-06-18,7,0.4024049539170507,0.48833831562719443,2.4482331394335463e-05,9.851811436519527e-06,0.19650975739589135,0.004044062803330706,0.19523742956419451,False,25.97964285714286,1.4805142857142857,70.9315,0.0,0.0,0.0,0.1699999999999999,17.0,6.0,0.23931566428755768,-0.970941817426052,0,0,0,0,0,0,1
2023,25,2023-06-25,7,0.4535564516129031,0.4811849700801623,0.014585127796113427,0.006615178809525927,0.21824454759901935,0.004558121756017193,0.22005493449619312,True,27.248200000000004,0.14437142857142857,59.74294285714286,0.0,0.0,0.0,0.41000000000000003,37.0,6.0,0.12053668025532308,-0.992708874098054,0,0,0,0,0,0,1
2023,26,2023-07-02,7,0.4213001152073733,0.5083513630290324,0.014312721415514994,0.006029951181287506,0.21416848780995662,0.004233954150823608,0.20440491790054313,True,26.448242857142855,2.190642857142857,69.6477,0.0,0.0,0.0,0.41000000000000003,44.0,2.0,-3.216245299353273e-16,-1.0,0,0,0,0,0,0,1
2023,27,2023-07-09,7,0.455293202764977,0.4937509941976422,0.019041858958775814,0.00866962895194001,0.22480147151663607,0.004575575643362207,0.22089756535205834,True,27.29127142857143,0.39035714285714285,62.53082857142858,0.0,0.0,0.0,0.48,56.0,2.0,-0.12053668025532283,-0.992708874098054,0,0,0,0,0,0,1
2023,28,2023-07-16,7,0.47372580645161294,0.49533288481535187,0.023937141758204026,0.011339641783551782,0.23465197032115648,0.004760818409913799,0.22984063160639703,True,27.7484,0.1508142857142857,56.55142857142857,0.0,0.0,0.0,0.48,65.0,2.0,-0.23931566428755743,-0.9709418174260521,0,0,0,0,0,0,1
2023,29,2023-07-23,7,0.5167557603686637,0.46658182814395377,0.01118524256882074,0.005780038528558906,0.24110884737673,0.005193258006820078,0.2507177543039532,True,28.81554285714285,0.01924285714285714,44.15075714285714,0.0,0.0,0.0,0.14000000000000007,130.0,2.0,-0.3546048870425356,-0.9350162426854148,0,0,0,0,0,0,1
2023,30,2023-07-30,7,0.4816607142857142,0.5045533310676035,0.010347923362228853,0.004984188158024979,0.24302351783725834,0.004840562124068873,0.23369046246528374,True,27.945185714285714,2.0340142857142856,59.54654285714285,0.0,0.0,0.0,0.14000000000000007,125.0,2.0,-0.46472317204376806,-0.8854560256532101,0,0,0,0,0,0,1
2023,31,2023-08-06,7,0.51401267281106,0.490843586919886,0.012198483013655744,0.006270174858089503,0.25229982404485846,0.005165690706144474,0.24938687266692824,True,28.747514285714285,0.1684142857142857,50.881571428571434,0.0,0.0,0.0,0.07000000000000006,151.0,151.0,-0.5680647467311556,-0.8229838658936566,0,0,0,0,0,0,1
2023,32,2023-08-13,7,0.49628513824884796,0.5040290125432157,0.029669016691935075,0.014724292050664375,0.25014210817144017,0.004987533696843393,0.240785889386911,True,28.307871428571435,1.5056142857142858,56.65324285714285,0.0,0.0,0.0,0.16000000000000006,165.0,151.0,-0.663122658240795,-0.7485107481711013,0,0,0,0,0,0,1
2023,33,2023-08-20,7,0.5726180875576038,0.49939077887534006,0.028331164967611476,0.016222937502032665,0.28596019274349943,0.005754659543489158,0.2778208430300698,True,30.20092857142857,0.026071428571428572,38.35354285714285,0.0,2.14,0.0,2.23,208.0,151.0,-0.7485107481711011,-0.6631226582407952,0,0,0,0,0,0,1
2023,34,2023-08-27,7,0.5875771889400923,0.4917253915296208,0.026152692266649426,0.01536672540525316,0.28892662328544083,0.005904994535350727,0.28507864757267815,True,30.571914285714286,0.028371428571428575,37.227585714285716,0.0,2.14,0.0,2.85,309.0,151.0,-0.8229838658936564,-0.5680647467311559,0,0,0,0,0,0,1
2023,35,2023-09-03,7,0.6019614055299538,0.4965169257450975,0.027447734759999984,0.01652247699474296,0.2988840264909306,0.006049552087885486,0.2920575315202106,True,30.928642857142854,0.02514285714285715,35.434471428571435,0.0,2.14,0.0,2.85,657.0,345.0,-0.8854560256532096,-0.4647231720437691,0,0,0,0,0,0,1
2023,36,2023-09-10,7,0.5576566820276498,0.5040807767765081,0.030245815832576125,0.01686678130241376,0.2811040134511079,0.0056043013955581426,0.27056192056924483,True,29.829885714285716,1.5056999999999998,46.491728571428574,0.0,2.66,0.0,3.5,715.0,345.0,-0.9350162426854147,-0.3546048870425359,0,0,0,0,0,0,1
2023,37,2023-09-17,7,0.515455069124424,0.4994987333062602,0.030662219051132884,0.01580499624050993,0.25746915410394056,0.005180186405617744,0.2500866894706054,True,28.78328571428571,0.5249,48.50292857142857,0.0,0.52,0.0,1.3599999999999999,601.0,345.0,-0.970941817426052,-0.23931566428755774,0,0,0,0,0,0,1
2023,38,2023-09-24,7,0.5917200460829494,0.4922197580178114,0.02777355992177739,0.016434172156801673,0.29125629789723756,0.005946629148214848,0.2870886645263705,True,30.674657142857143,0.11224285714285713,41.92748571428571,0.0,0.52,0.0,0.74,569.0,345.0,-0.992708874098054,-0.12053668025532357,0,0,0,0,0,0,1
2023,39,2023-10-01,7,0.6421872119815667,0.4964123947064719,0.03684562586197894,0.023661789746020165,0.3187896917496422,0.006453810748275839,0.31157414774799824,True,31.926242857142856,0.01992857142857143,35.09017142857142,0.0,0.52,0.0,0.81,234.0,334.0,-1.0,-1.8369701987210297e-16,0,0,0,0,0,0,1
2023,40,2023-10-08,7,0.6503744239631336,0.5003693228060381,0.04197174157504976,0.02729734724960249,0.3254274100888003,0.006536090052035262,0.31554639065161766,True,32.129285714285714,0.03557142857142857,33.67497142857143,0.0,0.0,0.87,1.53,280.0,334.0,-0.992708874098054,0.1205366802553232,0,0,0,0,0,0,1
2023,41,2023-10-15,7,0.5100944700460829,0.5029042136438873,0.037771853792598405,0.01926721374299361,0.25652865834262073,0.005126313810051347,0.2474858527393677,True,28.650342857142853,1.0684142857142858,56.4454,0.0,0.61,1.8399999999999999,3.87,268.0,334.0,-0.9709418174260521,0.23931566428755738,0,0,0,0,0,0,1
2023,42,2023-10-22,7,0.5304625576036865,0.4873225625851227,0.024382303765462937,0.012933899215697467,0.2585063729268868,0.005331007674937682,0.25736797029576514,True,29.155471428571428,1.252114285714286,54.87031428571429,0.0,0.61,1.8399999999999999,3.87,212.0,334.0,-0.9350162426854148,0.35460488704253557,0,0,0,0,0,0,1
2023,43,2023-10-29,7,0.5922269585253456,0.482854326695262,0.01197391885237152,0.007091277543569282,0.2859593493095386,0.0059517234834929955,0.2873346065340526,True,30.68722857142857,0.15375714285714287,41.7496,0.0,0.7,1.8399999999999999,4.47,174.0,334.0,-0.8854560256532101,0.464723172043768,0,0,0,0,0,0,1
2023,44,2023-11-05,7,0.495434331797235,0.4730111617083037,0.0016450323739692267,0.000815005514982263,0.23434596883358733,0.004978983318200412,0.24037309808538104,True,28.286771428571427,6.359928571428571,61.734257142857146,0.0,0.7,0.97,3.01,45.0,35.0,-0.822983865893657,0.5680647467311548,0,0,0,0,0,0,1
2023,45,2023-11-12,7,0.5714331797235024,0.4820128324023183,0.0013696785593474362,0.0007826797743670114,0.2754381254871884,0.005742751534776491,0.27724595358711296,True,30.17154285714285,0.09074285714285714,48.05215714285714,0.0,0.09,0.0,0.6700000000000002,72.0,35.0,-0.7485107481711011,0.6631226582407952,0,0,0,0,0,0,1
2023,46,2023-11-19,7,0.5138473502304147,0.5069675081670608,0.004795449639048873,0.0024641290901886623,0.26050391072456036,0.005164029258161715,0.24930666203487745,True,28.743414285714287,0.9811571428571428,57.3347,0.0,0.09,0.0,0.6700000000000002,63.0,35.0,-0.6631226582407955,0.7485107481711007,0,0,0,0,0,0,1
2023,47,2023-11-26,7,0.4668162442396313,0.4849770789641651,0.010807613794819607,0.005045169680890118,0.22639517854435864,0.004691379146662249,0.22648827435395816,True,27.577042857142857,1.9254571428571425,63.615628571428566,0.0,0.0,0.0,0.0,59.0,35.0,-0.5680647467311559,0.8229838658936564,0,0,0,0,0,0,1
2023,48,2023-12-03,7,0.4386434331797235,0.4817259543328991,0.00998685102058796,0.004380666618325128,0.21130592646036156,0.004408249885544548,0.21281948831791958,True,26.87835714285714,3.081957142857143,69.84414285714286,0.0,0.0,0.0,0.0,53.0,85.0,-0.4647231720437684,0.88545602565321,0,0,0,0,0,0,1
2023,49,2023-12-10,7,0.47045391705069123,0.47701964365272076,0.009726287466594985,0.004575770037020655,0.22441575986654738,0.00472793679130031,0.22825318773863099,True,27.667257142857146,2.185642857142857,69.35311428571428,0.0,0.0,0.0,0.0,24.0,85.0,-0.35460488704253595,0.9350162426854147,0,0,0,0,0,0,1
2023,50,2023-12-17,7,0.44950057603686633,0.46090919587371487,0.00034927438325753975,0.00015699903646918534,0.20717894904592368,0.004517361284774662,0.21808711895518249,True,27.147614285714287,3.743928571428572,71.99337142857142,0.0,0.0,0.0,0.0,17.0,85.0,-0.2393156642875578,0.970941817426052,0,0,0,0,0,0,1
2023,51,2023-12-24,7,0.44194930875576033,0.45713204696653126,0.0011195657264860817,0.0004947912989271644,0.20202919216696424,0.004441473056182367,0.21442342147938245,True,26.960342857142855,3.450957142857143,73.64354285714286,0.0,0.0,0.0,0.0,4.0,85.0,-0.12053668025532363,0.992708874098054,0,0,0,0,0,0,1
2023,52,2023-12-31,1,0.4260564516129032,0.49043723052443394,0.01449029081700858,0.006173681888333712,0.20895394617609972,0.0042817540671777595,0.20671258057944164,True,26.5662,2.661,72.5982,0.0,0.0,0.0,0.0,4.0,85.0,6.432490598706546e-16,1.0,0,0,0,0,0,0,1
